feature,target,n,pearson_r,pearson_p,granger_p_min,pearson_p_bh,granger_p_bh,treatment
emo_excitement_euphoria,^IXIC__fwd_1w,443,-0.14389187125031067,0.002398746860615031,0.00020655329334335893,0.5768019874377361,0.018360069800717152,baseline
emo_excitement_euphoria,^GSPC__fwd_1w,443,-0.13932427507961934,0.0032980902684916855,0.0004147180044669834,0.5768019874377361,0.018395705769571193,baseline
emo_excitement_euphoria,SPY__fwd_1w,443,-0.13630050079426728,0.004051644339198968,0.0004094092501706757,0.5768019874377361,0.018395705769571193,baseline
emo_excitement_euphoria,QQQ__fwd_1w,443,-0.13442186646018855,0.004595025949182071,0.0002891610889408318,0.5768019874377361,0.018360069800717152,baseline
cell_fear_anxiety__monetary_policy,GC=F__fwd_1w,443,0.12654363847591552,0.007661412291542115,0.1176824745137966,0.5768019874377361,0.30966447742825287,baseline
emo_surprise,BTC-USD__fwd_1w,443,-0.12400553872964429,0.0089821693553145,0.1085907272465223,0.5768019874377361,0.2970697868726447,baseline
share_fear_anxiety,QQQ__fwd_1w,443,0.12381802853598685,0.009087344627770283,0.009911755040497763,0.5768019874377361,0.10798596280963352,baseline
share_fear_anxiety,^IXIC__fwd_1w,443,0.12322532333853832,0.009427037784289936,0.008577344626040206,0.5768019874377361,0.0968460184140176,baseline
cell_fear_anxiety__monetary_policy,^IXIC__fwd_1w,443,0.1215577955125846,0.010444060445682512,0.21869768860720992,0.5768019874377361,0.40062319948400404,baseline
share_fear_anxiety,^GSPC__fwd_1w,443,0.12146455454392177,0.010503697566767783,0.01330595016370327,0.5768019874377361,0.1188212113099807,baseline
share_fear_anxiety,SPY__fwd_1w,443,0.120832304432188,0.010916110841239304,0.011431496850071771,0.5768019874377361,0.11637638596548475,baseline
emo_optimism_confidence,BTC-USD__fwd_1w,443,-0.11966742912991357,0.011713642530535594,0.012637855459686534,0.5768019874377361,0.1188212113099807,baseline
cell_fear_anxiety__monetary_policy,QQQ__fwd_1w,443,0.11916290717187764,0.012074759801434088,0.2510535685954261,0.5768019874377361,0.42624038927967184,baseline
cell_optimism_confidence__corporate_earnings,^IXIC__fwd_1w,443,-0.1134722063784612,0.016881087095410075,0.07754249466646408,0.7067089872087636,0.24694302147627792,baseline
cell_anger_disgust__fiscal_taxes,^IXIC__fwd_1w,443,-0.11084897384466555,0.01961116015855644,0.01825926293238033,0.7067089872087636,0.13899600168351187,baseline
cell_fear_anxiety__monetary_policy,^GSPC__fwd_1w,443,0.110761251252995,0.01970874208802352,0.23917199616373475,0.7067089872087636,0.4167217055055011,baseline
cell_fear_anxiety__monetary_policy,SPY__fwd_1w,443,0.11023278326039163,0.020305593816848242,0.24544469547888997,0.7067089872087636,0.42105291682980844,baseline
cell_fear_anxiety__monetary_policy,GLD__fwd_1w,443,0.10945077214945072,0.021217613324588342,0.22673943681472883,0.7067089872087636,0.4066139262396993,baseline
emo_pessimism_despair,BTC-USD__fwd_1w,443,-0.10751698460971179,0.02362700322672844,0.027364396897969486,0.7067089872087636,0.1723105816840924,baseline
emo_anger_disgust,ETH-USD__fwd_1w,443,-0.10668699182550276,0.024731596325281907,0.23956465195726875,0.7067089872087636,0.4167217055055011,baseline
cell_anger_disgust__fiscal_taxes,QQQ__fwd_1w,443,-0.10659206088900129,0.02486073171427109,0.019176944262556346,0.7067089872087636,0.14010449867114697,baseline
net_valence,ETH-USD__fwd_1w,443,0.10646361112743145,0.025036389240890175,0.2549110586553915,0.7067089872087636,0.4289966596883418,baseline
emo_fear_anxiety,GC=F__fwd_1w,443,0.10538264919539297,0.02655752169521175,0.16936102515189433,0.7170530857707172,0.37241731343582263,baseline
cell_optimism_confidence__corporate_earnings,QQQ__fwd_1w,443,-0.10160569264211808,0.032512993890882524,0.11956202252387048,0.8153360165420634,0.3109132787170007,baseline
emo_pessimism_despair,ETH-USD__fwd_1w,443,-0.10142553197777471,0.03282351113293331,0.24740588040491407,0.8153360165420634,0.42312739045810216,baseline
emo_confusion_uncertainty,BTC-USD__fwd_1w,443,-0.09897588846192815,0.037303090444788155,0.01049271631560359,0.8712111028423056,0.1104402852879632,baseline
emo_surprise,ETH-USD__fwd_1w,443,-0.09867948815095622,0.037878743601839376,0.43817576476534115,0.8712111028423056,0.5695980044597824,baseline
emo_anger_disgust,BTC-USD__fwd_1w,443,-0.09752434324531156,0.04019458768801851,0.06272984453215757,0.8714321394261016,0.2291484320851168,baseline
cell_optimism_confidence__corporate_earnings,^GSPC__fwd_1w,443,-0.09728221012352152,0.04069489862054259,0.0740484483143393,0.8714321394261016,0.24504112397944408,baseline
cell_optimism_confidence__corporate_earnings,SPY__fwd_1w,443,-0.09574582032142032,0.043993570812259825,0.07268712893695833,0.9106669158137783,0.24268122080565122,baseline
net_valence,BTC-USD__fwd_1w,443,0.09330013133642519,0.04970722522009513,0.06775364633454717,0.9907257415882487,0.23815430866399515,baseline
cell_fear_anxiety__inflation,BTC-USD__fwd_1w,443,-0.09275900562851697,0.05105189006573906,0.6261301012036533,0.9907257415882487,0.7095379431523151,baseline
cell_anger_disgust__fiscal_taxes,^GSPC__fwd_1w,443,-0.09050861526665756,0.056973751158086984,0.012669811768686756,0.9990316897999976,0.1188212113099807,baseline
net_valence_mean,ETH-USD__fwd_1w,443,0.09018701760109302,0.057864799735074086,0.25354132109055816,0.9990316897999976,0.4289966596883418,baseline
cell_anger_disgust__fiscal_taxes,ETH-USD__fwd_1w,443,-0.08945578385109779,0.059933838973522564,0.10098829259640872,0.9990316897999976,0.2850624077380446,baseline
share_surprise,^VIX__fwd_1w,443,-0.08795354005305837,0.06437651219424778,0.025566179437160906,0.9990316897999976,0.170424463048907,baseline
emo_fear_anxiety,GLD__fwd_1w,443,0.0878258707124898,0.06476625075102309,0.313199274269533,0.9990316897999976,0.48216390847475055,baseline
cell_anger_disgust__fiscal_taxes,SPY__fwd_1w,443,-0.08766563738413835,0.06525814153483735,0.0126057334639525,0.9990316897999976,0.1188212113099807,baseline
share_surprise,^GSPC__fwd_1w,443,0.08763317209490115,0.06535817794155183,0.007018458670648174,0.9990316897999976,0.08546005557789246,baseline
share_confusion_uncertainty,ETH-USD__fwd_1w,443,0.08742472952295433,0.06600346519768822,0.4296570736517504,0.9990316897999976,0.5629051534551414,baseline
emo_anger_disgust,^GSPC__fwd_1w,443,-0.08644373000905321,0.06911102365026903,0.018363958779506733,0.9990316897999976,0.13899600168351187,baseline
share_anger_disgust,^GSPC__fwd_1w,443,-0.086082764854911,0.0702841970387212,0.08339355078977188,0.9990316897999976,0.258004072427946,baseline
share_surprise,SPY__fwd_1w,443,0.08524913997106555,0.07305585693008175,0.007965172387950286,0.9990316897999976,0.0915994824614283,baseline
share_anger_disgust,SPY__fwd_1w,443,-0.08507222872964057,0.07365537371620974,0.08089592915416452,0.9990316897999976,0.2544305872619749,baseline
emo_anger_disgust,^IXIC__fwd_1w,443,-0.08428111536503743,0.07638553346071099,0.02857969390251452,0.9990316897999976,0.1723105816840924,baseline
emo_anger_disgust,SPY__fwd_1w,443,-0.08421890474249975,0.07660366739063726,0.01758695482790315,0.9990316897999976,0.13899600168351187,baseline
share_excitement_euphoria,QQQ__fwd_1w,443,-0.08409095508928306,0.0770538982754494,0.0066171469489347216,0.9990316897999976,0.08218496510576924,baseline
cell_anger_disgust__fiscal_taxes,^VIX__fwd_1w,443,0.08158613377330513,0.08630890561538322,0.002258127187084946,0.9990316897999976,0.05793800460073154,baseline
share_excitement_euphoria,^IXIC__fwd_1w,443,-0.07971151896953062,0.0938047245278652,0.007207939876375669,0.9990316897999976,0.08607943583133251,baseline
net_valence,^GSPC__fwd_1w,443,0.07812545901827522,0.1005453224012026,0.02815436275108358,0.9990316897999976,0.1723105816840924,baseline
cell_anger_disgust__fiscal_taxes,BTC-USD__fwd_1w,443,-0.07730401866285887,0.10418458601561825,0.03450624055028203,0.9990316897999976,0.18633369897152297,baseline
share_excitement_euphoria,ETH-USD__fwd_1w,443,0.07655606629232106,0.10758825383776528,0.7641748125168383,0.9990316897999976,0.8167858150997531,baseline
emo_pessimism_despair,GLD__fwd_1w,443,0.07642088729884461,0.10821266640954753,0.10827318232814062,0.9990316897999976,0.2970697868726447,baseline
net_valence,^IXIC__fwd_1w,443,0.0762085773492958,0.10919912485504872,0.04533899038163432,0.9990316897999976,0.210115768858171,baseline
net_valence,SPY__fwd_1w,443,0.07572234675767116,0.11148500165029146,0.027154257401968085,0.9990316897999976,0.1723105816840924,baseline
emo_confusion_uncertainty,GC=F__fwd_1w,443,0.07565607410763232,0.11179945690801345,0.16694025143605626,0.9990316897999976,0.37049302385946664,baseline
emo_anger_disgust,QQQ__fwd_1w,443,-0.07535172913527,0.11325249801725291,0.02775489074897923,0.9990316897999976,0.1723105816840924,baseline
emo_fear_anxiety,ETH-USD__fwd_1w,443,-0.07499102645375849,0.11499376371238866,0.7152470563396358,0.9990316897999976,0.7861387999768387,baseline
cell_fear_anxiety__monetary_policy,^GSPC__fwd_1m,440,0.07405121364157348,0.12089620293939643,0.1285433196542108,0.9990316897999976,0.324508855656033,baseline
cell_fear_anxiety__monetary_policy,SPY__fwd_1m,440,0.07400037781369681,0.12115227611602286,0.12873244005449788,0.9990316897999976,0.324508855656033,baseline
emo_optimism_confidence,ETH-USD__fwd_1w,443,-0.07353732228513528,0.1222249603346963,0.5188084386724905,0.9990316897999976,0.6292578914367511,baseline
emo_confusion_uncertainty,ETH-USD__fwd_1w,443,-0.07339400894227417,0.12295661111348144,0.4134470220340203,0.9990316897999976,0.5509669542556365,baseline
share_anger_disgust,^IXIC__fwd_1w,443,-0.07336277250682499,0.12311653258913426,0.09776565870937985,0.9990316897999976,0.2784975874244261,baseline
share_optimism_confidence,ETH-USD__fwd_1w,443,0.07194971804702213,0.13052165455159923,0.3615956101667008,0.9990316897999976,0.5110292621567638,baseline
emo_pessimism_despair,GC=F__fwd_1w,443,0.07143086833963595,0.1333255245357735,0.08397811049514525,0.9990316897999976,0.2581703297895307,baseline
emo_optimism_confidence,^IXIC__fwd_1w,443,-0.07106704553371879,0.1353191765729775,0.06408119547242098,0.9990316897999976,0.2313629208626362,baseline
emo_optimism_confidence,^GSPC__fwd_1w,443,-0.06998185844361034,0.14140213680313463,0.06663029189026919,0.9990316897999976,0.23814730115402438,baseline
emo_excitement_euphoria,BTC-USD__fwd_1w,443,-0.06997944543705187,0.14141589233925184,0.09900620478679428,0.9990316897999976,0.28074362179269063,baseline
share_anger_disgust,QQQ__fwd_1w,443,-0.06900214104246442,0.14707179790689642,0.12207383193394158,0.9990316897999976,0.3145553926596586,baseline
cell_fear_anxiety__monetary_policy,QQQ__fwd_1m,440,0.06880095847125951,0.14964586719308906,0.08808275515128952,0.9990316897999976,0.263619973692868,baseline
net_valence,QQQ__fwd_1w,443,0.06806799764602271,0.1526375004614768,0.041179953983087186,0.9990316897999976,0.2003444910042714,baseline
emo_optimism_confidence,SPY__fwd_1w,443,-0.06783903148628347,0.15402576704277324,0.06235054052234356,0.9990316897999976,0.2291484320851168,baseline
share_anger_disgust,ETH-USD__fwd_1w,443,-0.06762330014863503,0.15534251914502376,0.5612048191045039,0.9990316897999976,0.6663636571011414,baseline
share_excitement_euphoria,^GSPC__fwd_1w,443,-0.06750409392573083,0.15607375803382906,0.004056616084314241,0.9990316897999976,0.06421238799005387,baseline
emo_excitement_euphoria,GC=F__fwd_1m,440,0.06736336907053855,0.1583599021623159,0.049533187512175204,0.9990316897999976,0.21361187114625557,baseline
cell_fear_anxiety__monetary_policy,^IXIC__fwd_1m,440,0.06735903045816029,0.15838676836398166,0.07717533141136891,0.9990316897999976,0.24694302147627792,baseline
share_excitement_euphoria,SPY__fwd_1w,443,-0.0665728323528949,0.16187617261493673,0.004259423928244927,0.9990316897999976,0.0643441561282889,baseline
emo_excitement_euphoria,GLD__fwd_1m,440,0.06656801137751037,0.16334272448779594,0.027389079978082355,0.9990316897999976,0.1723105816840924,baseline
share_fear_anxiety,^VIX__fwd_1w,443,-0.06571154540552546,0.16738568613570107,0.17366295489012462,0.9990316897999976,0.37390636070199307,baseline
emo_confusion_uncertainty,GLD__fwd_1w,443,0.06521740314196099,0.17060937467008355,0.11132171787745393,0.9990316897999976,0.3018811650737943,baseline
emo_excitement_euphoria,^VIX__fwd_1w,443,0.06491549297732169,0.17260166040687291,0.004351778675343211,0.9990316897999976,0.0643441561282889,baseline
cell_fear_anxiety__markets_themselves,GC=F__fwd_1w,443,0.06447554122028863,0.17553584472523687,0.5668288739765288,0.9990316897999976,0.669202910150997,baseline
emo_excitement_euphoria,^IXIC__fwd_1m,440,-0.06391697204104059,0.1808023858092307,0.012106857319590367,0.9990316897999976,0.1188212113099807,baseline
net_valence,ETH-USD__fwd_1m,441,0.0634904823588584,0.1832354043844269,0.020871203043619512,0.9990316897999976,0.15070950104753159,baseline
mean_intensity,^GSPC__fwd_1w,443,-0.06323600008811205,0.18400197632466436,0.12109925931393081,0.9990316897999976,0.31334433347479596,baseline
emo_anger_disgust,ETH-USD__fwd_1m,441,-0.06278008772215328,0.18819470922067172,0.02328154522492237,0.9990316897999976,0.15887735807337133,baseline
mean_intensity,SPY__fwd_1w,443,-0.06242267510866827,0.18971844891677042,0.11927623628958532,0.9990316897999976,0.3109132787170007,baseline
cell_anger_disgust__fiscal_taxes,GC=F__fwd_1w,443,-0.062392164189570505,0.18993540526158312,0.05223883237174402,0.9990316897999976,0.21700736216767758,baseline
share_pessimism_despair,^VIX__fwd_1m,440,0.0625504026621819,0.19032487159245828,0.05316696558420334,0.9990316897999976,0.21700736216767758,baseline
emo_pessimism_despair,ETH-USD__fwd_1m,441,-0.06193798135851566,0.19420049199633024,0.026071375184615404,0.9990316897999976,0.170424463048907,baseline
share_surprise,^IXIC__fwd_1w,443,0.061294729641043225,0.1978605659762488,0.01796225733907993,0.9990316897999976,0.13899600168351187,baseline
emo_optimism_confidence,QQQ__fwd_1w,443,-0.06098422204763163,0.20014606010334665,0.0755806700681476,0.9990316897999976,0.24573610530010295,baseline
net_valence,GLD__fwd_1w,443,-0.06077632476725341,0.20168698930672785,0.07957372660512411,0.9990316897999976,0.2521187970499085,baseline
net_valence,GC=F__fwd_1w,443,-0.059870926268152304,0.20849832980087926,0.10757470822145662,0.9990316897999976,0.2970697868726447,baseline
share_surprise,QQQ__fwd_1w,443,0.05966393358315756,0.2100786113990842,0.022262095403255876,0.9990316897999976,0.15446529756883007,baseline
share_fear_anxiety,GC=F__fwd_1w,443,0.05963966835414416,0.21026442808622758,0.02129453972058855,0.9990316897999976,0.1519989559366148,baseline
emo_confusion_uncertainty,ETH-USD__fwd_1m,441,-0.05930738797342835,0.21386241732519823,0.05615685912936192,0.9990316897999976,0.21700736216767758,baseline
emo_optimism_confidence,BTC-USD__fwd_1m,441,-0.05912459550684136,0.21528001165267158,0.09744557147751916,0.9990316897999976,0.2784975874244261,baseline
emo_excitement_euphoria,QQQ__fwd_1m,440,-0.05801263541929984,0.22457794868895656,0.013398750171646902,0.9990316897999976,0.1188212113099807,baseline
cell_fear_anxiety__markets_themselves,^GSPC__fwd_1w,443,-0.057294296727382725,0.22878786600991696,0.3161355039905578,0.9990316897999976,0.4823662818793388,baseline
cell_fear_anxiety__markets_themselves,GLD__fwd_1w,443,0.05729037136205621,0.22881980888703732,0.651948713244893,0.9990316897999976,0.732116005289473,baseline
emo_fear_anxiety,BTC-USD__fwd_1w,443,-0.05682512530637002,0.2326282121328374,0.21821189633156723,0.9990316897999976,0.40062319948400404,baseline
share_excitement_euphoria,BTC-USD__fwd_1w,443,0.056721997550290906,0.23347842740868693,0.7944099196766544,0.9990316897999976,0.8319200002010159,baseline
net_valence,^IXIC__fwd_1m,440,0.056275227171157384,0.23879065988906498,0.0021208796276421123,0.9990316897999976,0.05793800460073154,baseline
share_pessimism_despair,SPY__fwd_1w,443,0.055503854090789485,0.24368754463223932,0.11649203722825463,0.9990316897999976,0.30953835774513305,baseline
share_pessimism_despair,^GSPC__fwd_1w,443,0.05545344998906233,0.24411660605379507,0.11663764204889071,0.9990316897999976,0.30953835774513305,baseline
emo_confusion_uncertainty,^GSPC__fwd_1w,443,-0.05543100555953858,0.2443078327340687,0.22720617134488832,0.9990316897999976,0.4066139262396993,baseline
cell_fear_anxiety__markets_themselves,SPY__fwd_1w,443,-0.05474599970721517,0.25019456006593344,0.31367829150370247,0.9990316897999976,0.48216390847475055,baseline
cell_fear_anxiety__monetary_policy,SPY__fwd_3m,431,0.055420466221000476,0.2509272978014657,0.046802276471270894,0.9990316897999976,0.21361187114625557,baseline
share_anger_disgust,^VIX__fwd_1w,443,0.05461944151040191,0.251292877175091,0.03171225747486951,0.9990316897999976,0.18067258616416484,baseline
emo_anger_disgust,^IXIC__fwd_1m,440,-0.054770413066565465,0.2516021953929333,0.002332447850270996,0.9990316897999976,0.05793800460073154,baseline
emo_pessimism_despair,GLD__fwd_3m,431,0.055298017223039765,0.25197750477260905,0.15632270764871087,0.9990316897999976,0.36087881579869685,baseline
cell_fear_anxiety__monetary_policy,^GSPC__fwd_3m,431,0.05522071720718657,0.25264205338457585,0.04434539429461282,0.9990316897999976,0.20862492315874667,baseline
emo_pessimism_despair,GC=F__fwd_3m,431,0.05452091399846741,0.25871366407136237,0.1479330752485829,0.9990316897999976,0.3506352661426335,baseline
net_valence,GLD__fwd_3m,431,-0.05447896244813317,0.25908081725765786,0.1811225158379708,0.9990316897999976,0.3776625676565104,baseline
emo_confusion_uncertainty,BTC-USD__fwd_1m,441,-0.053062008949455224,0.26617122600775084,0.03412798226862984,0.9990316897999976,0.18633369897152297,baseline
net_valence,GC=F__fwd_3m,431,-0.05362232234861086,0.2666567237730902,0.23461807455270667,0.9990316897999976,0.4137981240386942,baseline
emo_confusion_uncertainty,^IXIC__fwd_1w,443,-0.052707149279582546,0.2682971991315134,0.17315459773835917,0.9990316897999976,0.37390636070199307,baseline
emo_confusion_uncertainty,SPY__fwd_1w,443,-0.05197740763697506,0.27498917305329923,0.22003007121850798,0.9990316897999976,0.40187845360792196,baseline
emo_pessimism_despair,^IXIC__fwd_1w,443,-0.05167289989768865,0.27781491019213245,0.14117662900665634,0.9990316897999976,0.34510543745818595,baseline
emo_anger_disgust,GLD__fwd_1w,443,0.05163523704503128,0.27816577409985455,0.05965358978881758,0.9990316897999976,0.2245144197506407,baseline
emo_pessimism_despair,BTC-USD__fwd_1m,441,-0.05158137134469179,0.27976201815340207,0.047597937435612414,0.9990316897999976,0.21361187114625557,baseline
share_pessimism_despair,^IXIC__fwd_1w,443,0.05131353985184939,0.28117492543299005,0.09257264579898808,0.9990316897999976,0.2698948969069089,baseline
emo_excitement_euphoria,GLD__fwd_1w,443,0.05104747422840264,0.2836802785711667,0.08705950302998192,0.9990316897999976,0.2624463659301882,baseline
emo_anger_disgust,GC=F__fwd_1w,443,0.05062005383050721,0.2877364502892517,0.08320245481317459,0.9990316897999976,0.258004072427946,baseline
emo_confusion_uncertainty,^VIX__fwd_1w,443,0.05037133122423746,0.2901146603866255,0.00269498072177223,0.9990316897999976,0.05949330756944528,baseline
emo_pessimism_despair,^GSPC__fwd_1w,443,-0.050166657822632986,0.29208154765800903,0.10571121814988735,0.9990316897999976,0.2957057048246849,baseline
emo_excitement_euphoria,^GSPC__fwd_1m,440,-0.050225534495035196,0.2931638375597086,0.0041360636386508125,0.9990316897999976,0.06421238799005387,baseline
share_fear_anxiety,GC=F__fwd_1m,440,-0.05021998460350217,0.29321724574917424,0.007814179265491852,0.9990316897999976,0.09155859101642339,baseline
emo_anger_disgust,GLD__fwd_3m,431,0.050393346744366525,0.2965695480624942,0.18202935710037413,0.9990316897999976,0.3780609724392386,baseline
cell_fear_anxiety__monetary_policy,^VIX__fwd_1w,443,-0.04950011864648015,0.2985486724460977,0.41508429848869943,0.9990316897999976,0.5519643455277995,baseline
emo_optimism_confidence,ETH-USD__fwd_1m,441,-0.049520084400567634,0.29945306343565925,0.19695480045245795,0.9990316897999976,0.3816154102388882,baseline
emo_excitement_euphoria,SPY__fwd_1m,440,-0.04952250262887699,0.2999811301529161,0.004527163672055573,0.9990316897999976,0.06538066605457002,baseline
cell_fear_anxiety__markets_themselves,BTC-USD__fwd_1w,443,-0.04931591198020824,0.3003526235551283,0.387622733283726,0.9990316897999976,0.5293345097767382,baseline
emo_fear_anxiety,GC=F__fwd_3m,431,0.04971282867907487,0.30314865381638967,0.11040650851306519,0.9990316897999976,0.3007124639763749,baseline
emo_anger_disgust,GC=F__fwd_3m,431,0.04958815914554088,0.30436433148837333,0.23861518010584687,0.9990316897999976,0.4167217055055011,baseline
share_confusion_uncertainty,BTC-USD__fwd_1w,443,0.048847975055843706,0.30496766583606255,0.7896887532694079,0.9990316897999976,0.8311808742039022,baseline
emo_fear_anxiety,GLD__fwd_3m,431,0.04889902508539266,0.31114234182437456,0.24801669907689083,0.9990316897999976,0.42312739045810216,baseline
share_confusion_uncertainty,^GSPC__fwd_1w,443,0.048032745608238746,0.31311934385261925,0.04913905588924654,0.9990316897999976,0.21361187114625557,baseline
emo_pessimism_despair,^IXIC__fwd_1m,440,-0.047900453556132996,0.31610905526302996,0.006590100035441383,0.9990316897999976,0.08218496510576924,baseline
net_valence,QQQ__fwd_1m,440,0.0478538182723283,0.31658098360715153,0.003254673811903981,0.9990316897999976,0.05978670725951308,baseline
emo_pessimism_despair,QQQ__fwd_1w,443,-0.047506597972980874,0.3184556422213744,0.1068644856098719,0.9990316897999976,0.2970697868726447,baseline
share_confusion_uncertainty,SPY__fwd_1w,443,0.04741835794147493,0.3193563693804698,0.047433680767642566,0.9990316897999976,0.21361187114625557,baseline
emo_surprise,GLD__fwd_1w,443,0.047292894907129755,0.3206399151885313,0.3053527038815211,0.9990316897999976,0.47644228419704676,baseline
emo_pessimism_despair,SPY__fwd_1w,443,-0.047233468626406504,0.321249044978173,0.10155076463390375,0.9990316897999976,0.2853530535640463,baseline
emo_fear_anxiety,ETH-USD__fwd_1m,441,-0.04685814351623985,0.32621437582400153,0.0887957208879165,0.9990316897999976,0.26383800321242173,baseline
share_optimism_confidence,^VIX__fwd_1w,443,-0.04665672603488525,0.3271998562971787,0.4249884647687587,0.9990316897999976,0.5601934432198947,baseline
cell_anger_disgust__fiscal_taxes,GLD__fwd_1w,443,-0.046613884640308446,0.3276447205432145,0.06120730845651988,0.9990316897999976,0.22760322485927453,baseline
cell_optimism_confidence__growth_gdp,GLD__fwd_1m,440,-0.0466619712407044,0.3287981870118808,0.07186974022077988,0.9990316897999976,0.24216321943326158,baseline
share_confusion_uncertainty,GLD__fwd_1m,440,-0.04646654574818349,0.33083011248121713,0.1893119306498047,0.9990316897999976,0.3796085440675657,baseline
emo_anger_disgust,QQQ__fwd_1m,440,-0.04636502807378248,0.33188882502108924,0.0032095845314792874,0.9990316897999976,0.05978670725951308,baseline
net_valence,ETH-USD__fwd_3m,432,0.046624295996408154,0.33365108505895685,0.013776372325794864,0.9990316897999976,0.1188212113099807,baseline
share_fear_anxiety,GLD__fwd_1m,440,-0.04610925863528441,0.33456586866919924,0.017693621504786934,0.9990316897999976,0.13899600168351187,baseline
mean_intensity,^IXIC__fwd_1w,443,-0.04557514519656974,0.33855059921526126,0.14985520701170083,0.9990316897999976,0.3525003164934326,baseline
emo_fear_anxiety,BTC-USD__fwd_1m,441,-0.045583115498655964,0.3395650106568843,0.18578623292684912,0.9990316897999976,0.3796085440675657,baseline
cell_optimism_confidence__corporate_earnings,GLD__fwd_1m,440,0.045458338338453246,0.3414411799130066,0.5124294395295081,0.9990316897999976,0.6251840509780443,baseline
cell_fear_anxiety__markets_themselves,ETH-USD__fwd_1w,443,-0.04519595460607872,0.34258898331756155,0.5463532453142651,0.9990316897999976,0.654991052780229,baseline
emo_confusion_uncertainty,^IXIC__fwd_1m,440,-0.045310214515469356,0.3430182295900321,0.055604659728158874,0.9990316897999976,0.21700736216767758,baseline
emo_anger_disgust,ETH-USD__fwd_3m,432,-0.045529211243579185,0.3451416958243468,0.014759662001803816,0.9990316897999976,0.12555822059068725,baseline
emo_excitement_euphoria,GC=F__fwd_1w,443,0.044952113391403474,0.3452020412966982,0.13998001852122302,0.9990316897999976,0.3435873181884565,baseline
net_valence_mean,^VIX__fwd_1w,443,-0.044838111770182584,0.3464280417760808,0.30416236486126985,0.9990316897999976,0.47644228419704676,baseline
cell_fear_anxiety__monetary_policy,GC=F__fwd_3m,431,0.04539326133767602,0.34714755939332637,0.05265436101152551,0.9990316897999976,0.21700736216767758,baseline
emo_confusion_uncertainty,GC=F__fwd_3m,431,0.045138798198860054,0.3498599808121594,0.12497591432599495,0.9990316897999976,0.3180739458870609,baseline
share_fear_anxiety,BTC-USD__fwd_1w,443,0.04412208460716851,0.35419143429964167,0.37190294457371664,0.9990316897999976,0.5213357304295215,baseline
share_pessimism_despair,QQQ__fwd_1w,443,0.04405343066037811,0.3549415134998161,0.14170996224128407,0.9990316897999976,0.34510543745818595,baseline
emo_optimism_confidence,^IXIC__fwd_1m,440,-0.04399815793117909,0.3571894590274792,0.06787973048877156,0.9990316897999976,0.23815430866399515,baseline
emo_pessimism_despair,ETH-USD__fwd_3m,432,-0.043936328925209836,0.3622987764643921,0.028103967552332586,0.9990316897999976,0.1723105816840924,baseline
emo_confusion_uncertainty,QQQ__fwd_1w,443,-0.04334191202594105,0.3627739688486241,0.17483378870728392,0.9990316897999976,0.37390636070199307,baseline
cell_fear_anxiety__inflation,^VIX__fwd_1w,443,-0.043290638962319355,0.3633425221542323,0.016769718663646148,0.9990316897999976,0.13702625381742445,baseline
emo_fear_anxiety,ETH-USD__fwd_3m,432,-0.043534997286419755,0.36670412424893933,0.028473593346104536,0.9990316897999976,0.1723105816840924,baseline
emo_fear_anxiety,^IXIC__fwd_1m,440,-0.0431068743751013,0.36702254031003856,0.02953915588423206,0.9990316897999976,0.1730548660764916,baseline
emo_surprise,BTC-USD__fwd_1m,441,-0.042722060670430786,0.3707733709130664,0.05842841887876507,0.9990316897999976,0.22260152223136875,baseline
cell_fear_anxiety__markets_themselves,^IXIC__fwd_1w,443,-0.04259194998559502,0.3711453887435451,0.3554573719574295,0.9990316897999976,0.5110292621567638,baseline
cell_fear_anxiety__monetary_policy,GLD__fwd_3m,431,0.042930452527179294,0.3739595552957989,0.07214202189235651,0.9990316897999976,0.24216321943326158,baseline
net_valence,BTC-USD__fwd_1m,441,0.0423838118290645,0.3745768148690877,0.11717944210568561,0.9990316897999976,0.3096529087133224,baseline
cell_fear_anxiety__monetary_policy,^IXIC__fwd_3m,431,0.042649224631303065,0.3771004059033627,0.03709844977216859,0.9990316897999976,0.19690715648304868,baseline
emo_anger_disgust,^VIX__fwd_1w,443,0.04203982140864434,0.3773842154169534,0.00013342704388051273,0.9990316897999976,0.018360069800717152,baseline
cell_optimism_confidence__corporate_earnings,GC=F__fwd_1m,440,0.0420312809492233,0.37911054335936806,0.8404629891409462,0.9990316897999976,0.8641184043982245,baseline
emo_anger_disgust,BTC-USD__fwd_1m,441,-0.04185787432423904,0.38053827484902,0.12907196030119186,0.9990316897999976,0.324508855656033,baseline
cell_fear_anxiety__monetary_policy,^VIX__fwd_1m,440,-0.041807138815372166,0.38165995154205773,0.44392147321769126,0.9990316897999976,0.571940321303291,baseline
share_confusion_uncertainty,GC=F__fwd_1m,440,-0.04180628991168024,0.38166962691446804,0.2675873348757852,0.9990316897999976,0.4455006299138407,baseline
emo_excitement_euphoria,^IXIC__fwd_3m,431,-0.04218852936614046,0.38228051101212673,0.0009107104134611034,0.9990316897999976,0.03326771569172619,baseline
emo_confusion_uncertainty,GLD__fwd_3m,431,0.04217295281376218,0.3824564118423531,0.1489954855023487,0.9990316897999976,0.3518106330682834,baseline
share_confusion_uncertainty,^IXIC__fwd_1w,443,0.04128934138896091,0.3859669287622603,0.05626116796939789,0.9990316897999976,0.21700736216767758,baseline
share_fear_anxiety,^VIX__fwd_1m,440,-0.04138737814306203,0.38646245285571157,0.05947914951368738,0.9990316897999976,0.2245144197506407,baseline
cell_fear_anxiety__monetary_policy,QQQ__fwd_3m,431,0.0417032208928089,0.3877841413614656,0.05473279414221623,0.9990316897999976,0.21700736216767758,baseline
net_valence_mean,^GSPC__fwd_1w,443,0.04072949828763857,0.3924461747153867,0.17762057392445726,0.9990316897999976,0.37390636070199307,baseline
mean_intensity,ETH-USD__fwd_1w,443,-0.040659394132793666,0.3932621177822126,0.04833214252577607,0.9990316897999976,0.21361187114625557,baseline
emo_surprise,ETH-USD__fwd_1m,441,-0.04057527575578751,0.39531812039364655,0.028894031540883217,0.9990316897999976,0.17253070756623537,baseline
share_confusion_uncertainty,QQQ__fwd_1w,443,0.039751031345737584,0.4039269164822239,0.03139172419561309,0.9990316897999976,0.18050241412477527,baseline
share_fear_anxiety,QQQ__fwd_1m,440,0.039841718531773124,0.4044609598554648,0.04482722194900038,0.9990316897999976,0.2093060513558589,baseline
cell_anger_disgust__fiscal_taxes,^IXIC__fwd_3m,431,-0.04019098551905168,0.4052397875839441,0.06690458741002617,0.9990316897999976,0.23814730115402438,baseline
cell_anger_disgust__fiscal_taxes,ETH-USD__fwd_1m,441,-0.039555898524161574,0.4073077951398996,0.0527064525117887,0.9990316897999976,0.21700736216767758,baseline
emo_pessimism_despair,QQQ__fwd_1m,440,-0.03937082442178438,0.41004207357992345,0.009237164164328028,0.9990316897999976,0.10243355260799474,baseline
cell_anger_disgust__fiscal_taxes,QQQ__fwd_3m,431,-0.039696855491352746,0.41104340551699187,0.07046426924511998,0.9990316897999976,0.24043028132538188,baseline
net_valence_mean,SPY__fwd_1w,443,0.03914172483316158,0.41117630057699667,0.16971674670263737,0.9990316897999976,0.37241731343582263,baseline
cell_fear_anxiety__markets_themselves,GC=F__fwd_1m,440,0.03875800804843175,0.417373182226206,0.08954901749411373,0.9990316897999976,0.2643559230372944,baseline
emo_excitement_euphoria,QQQ__fwd_3m,431,-0.03890649161622629,0.4204278835711964,0.002443521334140792,0.9990316897999976,0.05836256725005507,baseline
net_valence,^VIX__fwd_1w,443,-0.03793199062844728,0.4257955053661697,0.00015306045969458226,0.9990316897999976,0.018360069800717152,baseline
emo_confusion_uncertainty,ETH-USD__fwd_3m,432,-0.0381956388799938,0.42843632610221877,0.03905157082998208,0.9990316897999976,0.2003444910042714,baseline
emo_pessimism_despair,^VIX__fwd_1w,443,0.037558265944842045,0.4303722312500112,0.004045537652242298,0.9990316897999976,0.06421238799005387,baseline
emo_optimism_confidence,GC=F__fwd_1w,443,0.037370156115499695,0.43268659604591925,0.13299605303862377,0.9990316897999976,0.33168895155415806,baseline
emo_surprise,GC=F__fwd_1w,443,0.03735167764610339,0.4329143281441408,0.3705449792424434,0.9990316897999976,0.5206073124650619,baseline
emo_optimism_confidence,^VIX__fwd_1w,443,0.0371323064912425,0.4356231756862302,0.018391312358107394,0.9990316897999976,0.13899600168351187,baseline
share_fear_anxiety,GLD__fwd_1w,443,0.036442755166767225,0.4442010920372954,0.0412948387255181,0.9990316897999976,0.2003444910042714,baseline
cell_optimism_confidence__growth_gdp,BTC-USD__fwd_1m,441,-0.036163635410034846,0.44873314812451237,0.3167266215500487,0.9990316897999976,0.4823662818793388,baseline
share_fear_anxiety,^IXIC__fwd_1m,440,0.03614323478905372,0.44950689869751065,0.033713988777527605,0.9990316897999976,0.18633369897152297,baseline
mean_intensity,GLD__fwd_3m,431,0.036270936552400684,0.4526137984023364,0.9796700635034968,0.9990316897999976,0.9812501765091477,baseline
emo_surprise,ETH-USD__fwd_3m,432,-0.03600484516553717,0.45541346743407507,0.08494535723053395,0.9990316897999976,0.2598574721190226,baseline
emo_excitement_euphoria,BTC-USD__fwd_1m,441,-0.03548012813950425,0.4573593673469699,0.5968114052294341,0.9990316897999976,0.6901673792318037,baseline
share_anger_disgust,GC=F__fwd_1m,440,0.03545502796034925,0.4581911787884641,0.5358360236348556,0.9990316897999976,0.6466368345427118,baseline
emo_excitement_euphoria,^VIX__fwd_1m,440,0.034884723365703155,0.4654581850125462,0.029456114846519336,0.9990316897999976,0.1730548660764916,baseline
cell_optimism_confidence__growth_gdp,GC=F__fwd_1m,440,-0.03483152434316951,0.4661393039244729,0.1554729908480166,0.9990316897999976,0.3602564452112624,baseline
mean_intensity,GC=F__fwd_3m,431,0.03506866497350418,0.4677446965097992,0.9695347901151821,0.9990316897999976,0.9726673742512569,baseline
emo_confusion_uncertainty,QQQ__fwd_1m,440,-0.03456404229052164,0.4695722805156489,0.056079728080033635,0.9990316897999976,0.21700736216767758,baseline
cell_fear_anxiety__markets_themselves,^IXIC__fwd_1m,440,-0.034427782652416083,0.4713264342990939,0.38954246532684283,0.9990316897999976,0.5293345097767382,baseline
emo_optimism_confidence,ETH-USD__fwd_3m,432,-0.03472009960812346,0.47166669288656715,0.047245543879372465,0.9990316897999976,0.21361187114625557,baseline
emo_pessimism_despair,^VIX__fwd_1m,440,0.034360963667379285,0.4721879504331009,0.026015167244973363,0.9990316897999976,0.170424463048907,baseline
cell_anger_disgust__fiscal_taxes,BTC-USD__fwd_1m,441,-0.03411307887344301,0.4748874880167836,0.0811227959386007,0.9990316897999976,0.2544305872619749,baseline
net_valence,^GSPC__fwd_1m,440,0.03402544006595258,0.47652699450387226,0.0003545416034047262,0.9990316897999976,0.018360069800717152,baseline
net_valence_mean,ETH-USD__fwd_1m,441,0.0339338132942429,0.477212954611607,0.037896428106349085,0.9990316897999976,0.19943798181392186,baseline
net_valence,SPY__fwd_1m,440,0.033954061884180695,0.4774528682085275,0.00035478395750178067,0.9990316897999976,0.018360069800717152,baseline
cell_fear_anxiety__inflation,BTC-USD__fwd_1m,441,-0.033806761496724236,0.4788648477946612,0.14629243932337194,0.9990316897999976,0.3480751142521608,baseline
emo_fear_anxiety,QQQ__fwd_1m,440,-0.03381552235836323,0.47925271345028236,0.04333696340618621,0.9990316897999976,0.2054370555361957,baseline
mean_intensity,QQQ__fwd_1w,443,-0.03362475852183427,0.48023827228757837,0.19054374327515836,0.9990316897999976,0.3796085440675657,baseline
emo_anger_disgust,SPY__fwd_1m,440,-0.0336820629041806,0.48099004480597196,0.00048421323735529774,0.9990316897999976,0.018793526274852493,baseline
emo_anger_disgust,^GSPC__fwd_1m,440,-0.033644294378432436,0.48148232282958386,0.00047869133959658686,0.9990316897999976,0.018793526274852493,baseline
share_anger_disgust,GLD__fwd_1m,440,0.0335391969213631,0.4828536085224046,0.5855301673855441,0.9990316897999976,0.6834854021549301,baseline
cell_fear_anxiety__inflation,^VIX__fwd_1m,440,-0.03340047603342459,0.4846668366709365,0.09304527510807145,0.9990316897999976,0.2700052142154784,baseline
share_anger_disgust,^VIX__fwd_1m,440,-0.03335063068279397,0.4853192647884062,0.21537784660914944,0.9990316897999976,0.39806441292941014,baseline
emo_excitement_euphoria,ETH-USD__fwd_3m,432,-0.033311683137329205,0.48984464159031627,0.1545945724407005,0.9990316897999976,0.3595626572497191,baseline
emo_optimism_confidence,QQQ__fwd_1m,440,-0.03289149111647522,0.4913511884993372,0.054171744179364614,0.9990316897999976,0.21700736216767758,baseline
emo_optimism_confidence,GLD__fwd_1w,443,0.032609489537621064,0.49360061577893016,0.19726013959208227,0.9990316897999976,0.3816154102388882,baseline
cell_optimism_confidence__growth_gdp,SPY__fwd_1w,443,-0.032524421888123246,0.49472916052251703,0.16376564944966154,0.9990316897999976,0.3686671746859489,baseline
share_confusion_uncertainty,ETH-USD__fwd_1m,441,0.03231868371644643,0.4984421414645615,0.3319148182631678,0.9990316897999976,0.4924528922618396,baseline
emo_excitement_euphoria,^GSPC__fwd_3m,431,-0.032309488479835946,0.5035024180571992,0.0018074149803368968,0.9990316897999976,0.05793800460073154,baseline
share_confusion_uncertainty,GLD__fwd_1w,443,-0.031786139006956295,0.5045810023122826,0.31165243807624443,0.9990316897999976,0.48143324389389996,baseline
emo_confusion_uncertainty,^VIX__fwd_1m,440,0.03156616883384072,0.508985239150547,0.03046973685492303,0.9990316897999976,0.17683837931688975,baseline
share_confusion_uncertainty,BTC-USD__fwd_1m,441,0.031529122795276344,0.5089993573610619,0.2352185793649904,0.9990316897999976,0.4137981240386942,baseline
net_valence_mean,GLD__fwd_3m,431,-0.03183723331628114,0.509763642031175,0.7295800816792951,0.9990316897999976,0.7948582995137584,baseline
net_valence_mean,GC=F__fwd_3m,431,-0.03182770881099425,0.5098903356569604,0.8894828598241667,0.9990316897999976,0.8996235438938234,baseline
share_fear_anxiety,ETH-USD__fwd_1w,443,0.03131981540331101,0.5108564545005526,0.2879700573171226,0.9990316897999976,0.4641191594230062,baseline
cell_optimism_confidence__growth_gdp,^GSPC__fwd_1w,443,-0.031098377301132258,0.5138505812641917,0.16306834619044272,0.9990316897999976,0.3686671746859489,baseline
cell_fear_anxiety__inflation,^IXIC__fwd_1w,443,0.030872182035532863,0.51691839925183,0.004923163586992959,0.9990316897999976,0.06948374062551427,baseline
emo_anger_disgust,^IXIC__fwd_3m,431,-0.03128997126051149,0.5170697888630704,0.19501440518883698,0.9990316897999976,0.3816154102388882,baseline
emo_excitement_euphoria,SPY__fwd_3m,431,-0.031030544660366723,0.5205520128362444,0.0022764847122640707,0.9990316897999976,0.05793800460073154,baseline
share_fear_anxiety,^GSPC__fwd_1m,440,0.030690567460300924,0.5208142597544011,0.04302142812762787,0.9990316897999976,0.2054370555361957,baseline
share_pessimism_despair,BTC-USD__fwd_1m,441,-0.03056051453493508,0.5221083216311323,0.4606645363386449,0.9990316897999976,0.5838217899312215,baseline
cell_fear_anxiety__markets_themselves,GC=F__fwd_3m,431,0.03090355490382611,0.5222609464082074,0.20591762663812227,0.9990316897999976,0.38986233579961566,baseline
share_fear_anxiety,SPY__fwd_1m,440,0.03057190636033056,0.5224281119108573,0.04044117906077547,0.9990316897999976,0.2003444910042714,baseline
cell_fear_anxiety__markets_themselves,QQQ__fwd_1w,443,-0.03044260418447666,0.5227705554273654,0.3978223532934915,0.9990316897999976,0.5370601769462136,baseline
share_optimism_confidence,GLD__fwd_1m,440,-0.030256235333206708,0.5267338339041048,0.3327969980325899,0.9990316897999976,0.4924528922618396,baseline
share_excitement_euphoria,QQQ__fwd_1m,440,-0.029875016349797272,0.5319575861716319,0.09219696049295106,0.9990316897999976,0.2698948969069089,baseline
cell_optimism_confidence__corporate_earnings,ETH-USD__fwd_1w,443,-0.029730195276808674,0.5325499331249374,0.984306696629832,0.9990316897999976,0.984306696629832,baseline
cell_fear_anxiety__inflation,QQQ__fwd_1w,443,0.029603790327481224,0.5342947082310846,0.003598777499493769,0.9990316897999976,0.06207891186626751,baseline
share_fear_anxiety,ETH-USD__fwd_1m,441,0.029618130957482405,0.5350263490596817,0.0013356027893082494,0.9990316897999976,0.0460782962311346,baseline
cell_fear_anxiety__markets_themselves,^GSPC__fwd_1m,440,-0.029240691736988542,0.54070716655763,0.19718747216309382,0.9990316897999976,0.3816154102388882,baseline
cell_fear_anxiety__inflation,^GSPC__fwd_3m,431,0.02939993554064796,0.5427116588496823,0.051125229441110524,0.9990316897999976,0.21700736216767758,baseline
emo_optimism_confidence,^IXIC__fwd_3m,431,-0.02936853408272592,0.5431429511444288,0.2071073096808515,0.9990316897999976,0.3899866767809549,baseline
cell_fear_anxiety__inflation,SPY__fwd_3m,431,0.029359570566924325,0.5432660943101323,0.05581632179259827,0.9990316897999976,0.21700736216767758,baseline
share_confusion_uncertainty,GC=F__fwd_1w,443,-0.028744148950436626,0.5462361543961239,0.3273142568979634,0.9990316897999976,0.4909713853469451,baseline
cell_fear_anxiety__markets_themselves,ETH-USD__fwd_3m,432,-0.028733206795939617,0.5514417188158157,0.04168418501565981,0.9990316897999976,0.20066572786608328,baseline
cell_optimism_confidence__corporate_earnings,BTC-USD__fwd_1w,443,-0.02784058382867926,0.5589282130639481,0.5687844857596432,0.9990316897999976,0.6702375059900161,baseline
share_fear_anxiety,^GSPC__fwd_3m,431,0.028169002446405376,0.5597444701372658,0.053561077520165555,0.9990316897999976,0.21700736216767758,baseline
share_excitement_euphoria,GC=F__fwd_1m,440,0.027833282861015315,0.5603727811906193,0.10835290998659022,0.9990316897999976,0.2970697868726447,baseline
cell_fear_anxiety__markets_themselves,^VIX__fwd_1w,443,-0.027700549092360544,0.5609079312775761,0.16764660177859925,0.9990316897999976,0.37049302385946664,baseline
cell_fear_anxiety__markets_themselves,ETH-USD__fwd_1m,441,-0.027753906229175587,0.5610451277279684,0.751142015589067,0.9990316897999976,0.8098249855569629,baseline
share_optimism_confidence,GC=F__fwd_1m,440,-0.027687417292782398,0.5624305320740314,0.29994234652997825,0.9990316897999976,0.4727517695307525,baseline
net_valence,^IXIC__fwd_3m,431,0.027894504388977698,0.5635777184315169,0.24298964681653853,0.9990316897999976,0.41958394075338434,baseline
emo_excitement_euphoria,ETH-USD__fwd_1m,441,-0.02746232379323071,0.5651692341676378,0.8073119032264595,0.9990316897999976,0.8411756575564284,baseline
cell_fear_anxiety__markets_themselves,SPY__fwd_1m,440,-0.02745717819464083,0.5656859355060219,0.18780625204058138,0.9990316897999976,0.3796085440675657,baseline
emo_anger_disgust,QQQ__fwd_3m,431,-0.027731580724956937,0.5658588244497569,0.25486654154809946,0.9990316897999976,0.4289966596883418,baseline
cell_fear_anxiety__markets_themselves,QQQ__fwd_1m,440,-0.027379137166639044,0.5667914185243662,0.4584985497915256,0.9990316897999976,0.5838217899312215,baseline
cell_fear_anxiety__markets_themselves,GLD__fwd_3m,431,0.02766175253637649,0.5668378446095172,0.2359441839881302,0.9990316897999976,0.41390208547070295,baseline
share_fear_anxiety,SPY__fwd_3m,431,0.027575876494092436,0.5680429706543242,0.056965042097575705,0.9990316897999976,0.21836599470737353,baseline
emo_optimism_confidence,GC=F__fwd_3m,431,0.02732995328372758,0.5715008312181982,0.5627535227576534,0.9990316897999976,0.6669273618940893,baseline
emo_confusion_uncertainty,^GSPC__fwd_1m,440,-0.027031567444242517,0.5717273801049969,0.013100790753676258,0.9990316897999976,0.1188212113099807,baseline
share_excitement_euphoria,GLD__fwd_1m,440,0.02649338479461696,0.5794102434580941,0.09360810799100347,0.9990316897999976,0.27037504680192165,baseline
cell_fear_anxiety__inflation,QQQ__fwd_3m,431,0.02663405320535008,0.5813393829396838,0.2117384016383481,0.9990316897999976,0.39486350575800044,baseline
emo_optimism_confidence,GLD__fwd_3m,431,0.026549588378189645,0.5825388887100534,0.7114590288714187,0.9990316897999976,0.7833618030658706,baseline
cell_anger_disgust__fiscal_taxes,SPY__fwd_1m,440,0.02623526684867221,0.5831120768869543,0.00017938282384772594,0.9990316897999976,0.018360069800717152,baseline
emo_optimism_confidence,QQQ__fwd_3m,431,-0.026506205344710133,0.5831554289950008,0.2696425627748685,0.9990316897999976,0.44596160849027594,baseline
share_excitement_euphoria,^IXIC__fwd_1m,440,-0.026180235642586435,0.5839027335139059,0.16286444834972189,0.9990316897999976,0.3686671746859489,baseline
emo_confusion_uncertainty,SPY__fwd_1m,440,-0.026163916146731452,0.5841372982261727,0.012744201569591697,0.9990316897999976,0.1188212113099807,baseline
share_optimism_confidence,GC=F__fwd_3m,431,-0.02642635899201707,0.5842909615016568,0.8876719165523944,0.9990316897999976,0.8992565418907617,baseline
share_excitement_euphoria,^GSPC__fwd_1m,440,-0.026120162847658526,0.5847663923152583,0.22330110561260827,0.9990316897999976,0.40428567517617997,baseline
share_excitement_euphoria,SPY__fwd_1m,440,-0.025836939787824184,0.5888462054001952,0.24323706710341123,0.9990316897999976,0.41958394075338434,baseline
share_optimism_confidence,GLD__fwd_3m,431,-0.026019679341993278,0.5900903918138634,0.8329333629458221,0.9990316897999976,0.8635252393812279,baseline
share_optimism_confidence,ETH-USD__fwd_1m,441,0.025676740598437376,0.5907359501523453,0.04808189130644607,0.9990316897999976,0.21361187114625557,baseline
share_confusion_uncertainty,^VIX__fwd_1w,443,-0.025542765043672387,0.5918330760663758,0.022386275009975372,0.9990316897999976,0.15446529756883007,baseline
cell_fear_anxiety__markets_themselves,GLD__fwd_1m,440,0.025613749969427686,0.592070439072939,0.11488808889134308,0.9990316897999976,0.30885499221438983,baseline
cell_anger_disgust__fiscal_taxes,^GSPC__fwd_1m,440,0.025529234063061505,0.5932934730312848,0.0001529501192593938,0.9990316897999976,0.018360069800717152,baseline
emo_pessimism_despair,^GSPC__fwd_1m,440,-0.024903992893648138,0.602376967233826,0.00032023396844484695,0.9990316897999976,0.018360069800717152,baseline
cell_optimism_confidence__corporate_earnings,GC=F__fwd_1w,443,-0.02479277866776649,0.6027616135293759,0.17371253225490463,0.9990316897999976,0.37390636070199307,baseline
emo_surprise,GLD__fwd_3m,431,0.024947349004853743,0.6055075296602668,0.3330599271336113,0.9990316897999976,0.4924528922618396,baseline
mean_intensity,ETH-USD__fwd_1m,441,-0.024534303315715558,0.6073670493874797,0.1650394115341285,0.9990316897999976,0.3686671746859489,baseline
emo_surprise,GC=F__fwd_3m,431,0.024768887139935736,0.6080906693951603,0.3083851685362928,0.9990316897999976,0.47876797415259453,baseline
share_anger_disgust,ETH-USD__fwd_1m,441,-0.024419151010080454,0.609054880379361,0.034413490790940145,0.9990316897999976,0.18633369897152297,baseline
emo_pessimism_despair,SPY__fwd_1m,440,-0.024409388036800664,0.6096064972289743,0.00030929830444790434,0.9990316897999976,0.018360069800717152,baseline
emo_excitement_euphoria,GLD__fwd_3m,431,0.024541448358777262,0.6113897975522926,0.6803705068466425,0.9990316897999976,0.7544822941995804,baseline
share_optimism_confidence,^VIX__fwd_1m,440,0.024059413677535602,0.6147450933889427,0.5909719806265856,0.9990316897999976,0.6872539325264225,baseline
net_valence,^VIX__fwd_1m,440,-0.023663762950091306,0.6205771082337402,0.013646238102277228,0.9990316897999976,0.1188212113099807,baseline
net_valence_mean,^IXIC__fwd_1w,443,0.023518105156853288,0.6215402468619536,0.6491480472787621,0.9990316897999976,0.7302915531886074,baseline
net_valence,QQQ__fwd_3m,431,0.023826000263972955,0.6218188846910343,0.31691697746661873,0.9990316897999976,0.4823662818793388,baseline
share_optimism_confidence,^GSPC__fwd_1m,440,-0.023569353989730823,0.6219722642840708,0.2946312433306798,0.9990316897999976,0.46794373940755024,baseline
share_fear_anxiety,QQQ__fwd_3m,431,0.023674258479399437,0.6240406819028511,0.15290386097063,0.9990316897999976,0.35696728444647075,baseline
emo_optimism_confidence,^GSPC__fwd_1m,440,-0.02342650182611482,0.6240858788088512,0.006027208177843508,0.9990316897999976,0.07851883927214721,baseline
share_surprise,^VIX__fwd_1m,440,-0.023272616904963073,0.6263661864096023,0.06979381333893254,0.9990316897999976,0.2394583319529122,baseline
cell_anger_disgust__fiscal_taxes,^VIX__fwd_3m,431,0.023501474780595725,0.6265747283436147,0.14417317520392559,0.9990316897999976,0.3469105981309974,baseline
emo_excitement_euphoria,ETH-USD__fwd_1w,443,-0.023145513932284804,0.6270767682787035,0.48348192007637353,0.9990316897999976,0.604420554037985,baseline
net_valence_mean,GLD__fwd_1m,440,-0.023175725743543978,0.627803775621958,0.3771501217082559,0.9990316897999976,0.5232832476124584,baseline
share_optimism_confidence,^GSPC__fwd_1w,443,0.023014780918059766,0.6290243891173346,0.08982141668416926,0.9990316897999976,0.2643559230372944,baseline
share_optimism_confidence,SPY__fwd_1m,440,-0.023016781856297883,0.6301651000126915,0.28766146171220885,0.9990316897999976,0.4641191594230062,baseline
cell_anger_disgust__fiscal_taxes,^GSPC__fwd_3m,431,-0.023208355547947476,0.6308836668164047,0.20532718486286267,0.9990316897999976,0.38986233579961566,baseline
emo_optimism_confidence,SPY__fwd_1m,440,-0.022855929211423955,0.6325586211196191,0.006069089025866451,0.9990316897999976,0.07851883927214721,baseline
cell_optimism_confidence__growth_gdp,GLD__fwd_1w,443,0.022741917621050017,0.6330977086184236,0.14605388241626946,0.9990316897999976,0.3480751142521608,baseline
cell_fear_anxiety__inflation,^IXIC__fwd_3m,431,0.022969294559109028,0.6344072242385331,0.1576748396966091,0.9990316897999976,0.3613139315556983,baseline
cell_optimism_confidence__corporate_earnings,^VIX__fwd_3m,431,0.022472341713469506,0.6417582953792872,0.43663566590340197,0.9990316897999976,0.5695980044597824,baseline
net_valence_mean,GC=F__fwd_1w,443,-0.022020542204876134,0.6439197161798196,0.325026588884138,0.9990316897999976,0.4890555712199822,baseline
emo_surprise,^VIX__fwd_1w,443,-0.02192582381631092,0.6453463421428476,0.1908544922559548,0.9990316897999976,0.3796085440675657,baseline
cell_anger_disgust__fiscal_taxes,^VIX__fwd_1m,440,-0.021993644482904612,0.6454545741912439,0.005132413374254766,0.9990316897999976,0.07082730456471577,baseline
cell_optimism_confidence__growth_gdp,^VIX__fwd_3m,431,0.022070686677213916,0.6477254117850796,0.06269147755797311,0.9990316897999976,0.2291484320851168,baseline
cell_anger_disgust__fiscal_taxes,SPY__fwd_3m,431,-0.02202810377276163,0.6483593702375723,0.21429404012197656,0.9990316897999976,0.39806441292941014,baseline
share_fear_anxiety,^IXIC__fwd_3m,431,0.021858858667078422,0.6508815365061322,0.11232623102615277,0.9990316897999976,0.3032808237706125,baseline
share_optimism_confidence,^IXIC__fwd_1m,440,-0.021617132053015936,0.6511193248167914,0.6155509304972788,0.9990316897999976,0.7013892253923122,baseline
cell_fear_anxiety__monetary_policy,ETH-USD__fwd_1w,443,-0.02154272710728363,0.6511296893382539,0.07462501529601497,0.9990316897999976,0.24504112397944408,baseline
share_optimism_confidence,SPY__fwd_1w,443,0.02137677080380934,0.6536415541451381,0.0864729888295541,0.9990316897999976,0.2624463659301882,baseline
mean_intensity,^IXIC__fwd_1m,440,-0.021398424303990866,0.65441912182852,0.28497103675320157,0.9990316897999976,0.4641191594230062,baseline
share_excitement_euphoria,ETH-USD__fwd_1m,441,0.02129249292673067,0.6556522585035485,0.11647685366826858,0.9990316897999976,0.30953835774513305,baseline
mean_intensity,BTC-USD__fwd_3m,432,0.02142037795294202,0.657060524901765,0.2174734842428428,0.9990316897999976,0.40062319948400404,baseline
share_pessimism_despair,BTC-USD__fwd_1w,443,-0.021138322603911318,0.6572574851927676,0.07189911212364113,0.9990316897999976,0.24216321943326158,baseline
cell_optimism_confidence__corporate_earnings,^VIX__fwd_1m,440,-0.021060882249021022,0.6595250698638793,0.23109022173830304,0.9990316897999976,0.40885193076776694,baseline
share_excitement_euphoria,GLD__fwd_1w,443,0.020938150970215185,0.6602991641649298,0.3384156372487002,0.9990316897999976,0.49800026239678397,baseline
emo_pessimism_despair,GLD__fwd_1m,440,0.020971254875276183,0.6608835224722007,0.4688515457254959,0.9990316897999976,0.5927044735454042,baseline
cell_optimism_confidence__corporate_earnings,ETH-USD__fwd_1m,441,-0.020729157682494753,0.6641987827022645,0.3996969545964989,0.9990316897999976,0.5372549974121771,baseline
emo_anger_disgust,^VIX__fwd_1m,440,0.020630555263570386,0.6660575291769679,0.011244344790789326,0.9990316897999976,0.11637638596548475,baseline
emo_surprise,^IXIC__fwd_1m,440,-0.020499420553787524,0.6680532416632263,0.19203925341113848,0.9990316897999976,0.3797973769691624,baseline
share_optimism_confidence,GC=F__fwd_1w,443,-0.02039657575228162,0.6685565600713628,0.17824257821318956,0.9990316897999976,0.373948111724293,baseline
mean_intensity,QQQ__fwd_1m,440,-0.020426524550000033,0.6691636444537953,0.28888308369953214,0.9990316897999976,0.4641191594230062,baseline
cell_fear_anxiety__monetary_policy,BTC-USD__fwd_1w,443,0.02021658627784006,0.6713097926973189,0.5050778940153589,0.9990316897999976,0.619868324473395,baseline
emo_excitement_euphoria,GC=F__fwd_3m,431,0.02049185658936041,0.671397300124336,0.860918778481489,0.9990316897999976,0.8778826952988582,baseline
share_anger_disgust,QQQ__fwd_3m,431,-0.020223408413885965,0.6754555672782301,0.25121414247400947,0.9990316897999976,0.42624038927967184,baseline
cell_optimism_confidence__corporate_earnings,QQQ__fwd_3m,431,-0.020104681425869637,0.6772534346483794,0.1436125353712152,0.9990316897999976,0.3469105981309974,baseline
net_valence_mean,GC=F__fwd_1m,440,-0.019827376885887173,0.6783174192581125,0.3607210545139944,0.9990316897999976,0.5110292621567638,baseline
emo_pessimism_despair,GC=F__fwd_1m,440,0.01979466832667536,0.6788185201224953,0.31863338838865657,0.9990316897999976,0.4837929931280091,baseline
net_valence_mean,QQQ__fwd_1w,443,0.019631404384838458,0.6802913673258504,0.8002619796484945,0.9990316897999976,0.8352314106919582,baseline
emo_surprise,SPY__fwd_1w,443,0.019243883543000044,0.6862642439115272,0.868208350879663,0.9990316897999976,0.8838645670430667,baseline
cell_optimism_confidence__growth_gdp,GC=F__fwd_1w,443,0.019214406611909825,0.6867193792426769,0.37514624043382205,0.9990316897999976,0.5232832476124584,baseline
net_valence_mean,BTC-USD__fwd_1w,443,0.01913262035382591,0.6879827834446183,0.8397073928444212,0.9990316897999976,0.8641184043982245,baseline
emo_optimism_confidence,^VIX__fwd_1m,440,0.01913518071248128,0.6889519153494119,0.015663710884960554,0.9990316897999976,0.1296955261274734,baseline
mean_intensity,^VIX__fwd_1w,443,0.018998281633554277,0.6900598822973805,0.025717265621964143,0.9990316897999976,0.170424463048907,baseline
emo_fear_anxiety,^GSPC__fwd_1w,443,-0.018858378904686994,0.6922254857999279,0.3620567744692907,0.9990316897999976,0.5110292621567638,baseline
emo_fear_anxiety,^GSPC__fwd_1m,440,-0.018886549121709992,0.6927868832885312,0.003008404921066066,0.9990316897999976,0.05978670725951308,baseline
cell_fear_anxiety__inflation,^GSPC__fwd_1w,443,0.018805124234006963,0.6930504941453277,0.0032733462911810705,0.9990316897999976,0.05978670725951308,baseline
emo_surprise,^GSPC__fwd_1w,443,0.018790858541672152,0.693271556430589,0.8710057438466412,0.9990316897999976,0.8852611570028873,baseline
cell_optimism_confidence__corporate_earnings,^IXIC__fwd_3m,431,-0.018740440884516988,0.6980412992202827,0.09483653757388975,0.9990316897999976,0.272655045524933,baseline
share_confusion_uncertainty,QQQ__fwd_3m,431,0.01869972355229022,0.6986653151011363,0.49100836806778064,0.9990316897999976,0.6103142223228839,baseline
cell_fear_anxiety__inflation,SPY__fwd_1w,443,0.018275863743374643,0.7012692530349766,0.0038394962485099973,0.9990316897999976,0.06421238799005387,baseline
emo_fear_anxiety,SPY__fwd_1m,440,-0.018314752190727025,0.7016361385452232,0.003012755585879839,0.9990316897999976,0.05978670725951308,baseline
share_optimism_confidence,QQQ__fwd_1m,440,-0.018183116227387445,0.7036791415806366,0.6043919151961074,0.9990316897999976,0.6963402214040495,baseline
share_optimism_confidence,GLD__fwd_1w,443,-0.018082740913364908,0.7042769686153164,0.2556173438485646,0.9990316897999976,0.42902262305394223,baseline
cell_fear_anxiety__markets_themselves,^VIX__fwd_3m,431,-0.01829285996294583,0.7049118128491837,0.9513234871849053,0.9990316897999976,0.9559415623654146,baseline
cell_fear_anxiety__inflation,QQQ__fwd_1m,440,0.017873081872382807,0.7084993128065232,0.07450431094779826,0.9990316897999976,0.24504112397944408,baseline
emo_anger_disgust,GLD__fwd_1m,440,0.017455011226647697,0.7150175832622242,0.16452951404984462,0.9990316897999976,0.3686671746859489,baseline
share_surprise,^VIX__fwd_3m,431,-0.017382322739707676,0.7189626071906629,0.051737310354253135,0.9990316897999976,0.21700736216767758,baseline
emo_anger_disgust,^GSPC__fwd_3m,431,-0.017240328640538493,0.7211624646582613,0.167113186547009,0.9990316897999976,0.37049302385946664,baseline
net_valence,GLD__fwd_1m,440,-0.017052951237932986,0.7213058316717166,0.1856168109384716,0.9990316897999976,0.3796085440675657,baseline
share_pessimism_despair,QQQ__fwd_3m,431,0.017192984847729804,0.7218964554089016,0.6560522902232819,0.9990316897999976,0.735394354203354,baseline
share_anger_disgust,BTC-USD__fwd_1w,443,-0.01687625257105071,0.723169758489145,0.3838334297150708,0.9990316897999976,0.5285156537761839,baseline
cell_fear_anxiety__inflation,GLD__fwd_1w,443,-0.016820713042113158,0.7240436362735012,0.2268464771589937,0.9990316897999976,0.4066139262396993,baseline
net_valence_mean,^VIX__fwd_1m,440,0.016841870505428336,0.7246147131563737,0.8400780567881563,0.9990316897999976,0.8641184043982245,baseline
share_surprise,^GSPC__fwd_3m,431,0.0169892793915868,0.7250574907941858,0.013501010745897272,0.9990316897999976,0.1188212113099807,baseline
cell_optimism_confidence__growth_gdp,ETH-USD__fwd_1w,443,0.016667652467306896,0.7264537958622451,0.5743625205609466,0.9990316897999976,0.674251654571546,baseline
cell_optimism_confidence__growth_gdp,^VIX__fwd_1w,443,0.016563088386861637,0.7281018626913109,0.3164320655190128,0.9990316897999976,0.4823662818793388,baseline
emo_anger_disgust,GC=F__fwd_1m,440,0.01655584972634645,0.7291065288480371,0.18471809918188203,0.9990316897999976,0.3796085440675657,baseline
share_surprise,SPY__fwd_3m,431,0.016555151472014414,0.7318096870452441,0.01507503891054243,0.9990316897999976,0.1265080968033358,baseline
share_confusion_uncertainty,ETH-USD__fwd_3m,432,0.016473734396669465,0.7327789546461729,0.2439301981703843,0.9990316897999976,0.41961399740667216,baseline
share_excitement_euphoria,^VIX__fwd_3m,431,-0.016428565438001638,0.7337824697515268,0.07630639545950134,0.9990316897999976,0.2460216611019618,baseline
share_confusion_uncertainty,GLD__fwd_3m,431,-0.01623482553107738,0.7368052040848863,0.7571783599065101,0.9990316897999976,0.813484465123271,baseline
emo_anger_disgust,SPY__fwd_3m,431,-0.016233567830943964,0.7368248400720229,0.16467690512267302,0.9990316897999976,0.3686671746859489,baseline
net_valence_mean,GLD__fwd_1w,443,-0.016004923605281038,0.7369203100551627,0.45908515795931015,0.9990316897999976,0.5838217899312215,baseline
share_surprise,ETH-USD__fwd_1m,441,0.01595568634526716,0.7382741429126061,0.7597761510008006,0.9990316897999976,0.813484465123271,baseline
cell_anger_disgust__fiscal_taxes,ETH-USD__fwd_3m,432,-0.01604188478138898,0.7395271010499807,0.06711075314324358,0.9990316897999976,0.23814730115402438,baseline
emo_fear_anxiety,SPY__fwd_1w,443,-0.015806488323039294,0.7400637968537986,0.3611974410280219,0.9990316897999976,0.5110292621567638,baseline
share_anger_disgust,^GSPC__fwd_3m,431,-0.015834934476260186,0.7430571144266941,0.06973905166569377,0.9990316897999976,0.2394583319529122,baseline
emo_fear_anxiety,^IXIC__fwd_1w,443,-0.015611213333636029,0.7431614500736354,0.3418583501534442,0.9990316897999976,0.5012496868356329,baseline
share_anger_disgust,^IXIC__fwd_3m,431,-0.01579271699464256,0.7437181387159493,0.20457662228653667,0.9990316897999976,0.38986233579961566,baseline
net_valence,GC=F__fwd_1m,440,-0.015530038245720168,0.7452917593450736,0.19089582126905458,0.9990316897999976,0.3796085440675657,baseline
emo_surprise,BTC-USD__fwd_3m,432,-0.01552973360552512,0.7475559932282515,0.05424502827828284,0.9990316897999976,0.21700736216767758,baseline
share_anger_disgust,SPY__fwd_3m,431,-0.015493933190014457,0.7484017298554746,0.06953477749971404,0.9990316897999976,0.2394583319529122,baseline
share_surprise,^GSPC__fwd_1m,440,0.015081010472434125,0.7524124095148887,0.018801391532069237,0.9990316897999976,0.13899600168351187,baseline
emo_optimism_confidence,^VIX__fwd_3m,431,0.015227671954771958,0.7525833287295306,0.25909767420245855,0.9990316897999976,0.4336917942849778,baseline
emo_pessimism_despair,^IXIC__fwd_3m,431,-0.015157250979021734,0.7536904977839616,0.3771782224001622,0.9990316897999976,0.5232832476124584,baseline
share_excitement_euphoria,GC=F__fwd_1w,443,0.01493954422664853,0.753847550044736,0.2932241268558402,0.9990316897999976,0.4669030327627609,baseline
emo_fear_anxiety,^VIX__fwd_1m,440,0.014912054815301425,0.7550971794430118,0.040745135886429265,0.9990316897999976,0.2003444910042714,baseline
cell_fear_anxiety__inflation,SPY__fwd_1m,440,0.014786890317080146,0.7570879959457211,0.03932756868990999,0.9990316897999976,0.2003444910042714,baseline
emo_surprise,QQQ__fwd_1m,440,-0.014528615411448748,0.7612010803943589,0.14234930601571566,0.9990316897999976,0.34530827748343523,baseline
share_surprise,SPY__fwd_1m,440,0.014507375974586146,0.7615396243099933,0.02231910560081435,0.9990316897999976,0.15446529756883007,baseline
cell_anger_disgust__fiscal_taxes,QQQ__fwd_1m,440,0.014490899965841653,0.7618022733681116,0.00033282506944127497,0.9990316897999976,0.018360069800717152,baseline
cell_fear_anxiety__inflation,^GSPC__fwd_1m,440,0.014322529735374095,0.7644878770617834,0.039689772836050935,0.9990316897999976,0.2003444910042714,baseline
cell_fear_anxiety__inflation,^IXIC__fwd_1m,440,0.014273673568726636,0.7652676917818135,0.08350856450566367,0.9990316897999976,0.258004072427946,baseline
cell_fear_anxiety__inflation,^VIX__fwd_3m,431,-0.014353355589825248,0.7663647142161026,0.18611740859218645,0.9990316897999976,0.3796085440675657,baseline
share_pessimism_despair,ETH-USD__fwd_1w,443,0.014065496737375503,0.7678238097482041,0.5014285757766014,0.9990316897999976,0.616608209024296,baseline
emo_confusion_uncertainty,^IXIC__fwd_3m,431,-0.01422951263215451,0.7683228685061427,0.3449313608920282,0.9990316897999976,0.5016449065900457,baseline
share_pessimism_despair,BTC-USD__fwd_3m,432,-0.014209953468969515,0.7683701552545232,0.32524951837979493,0.9990316897999976,0.4890555712199822,baseline
mean_intensity,SPY__fwd_1m,440,-0.013974257996596668,0.7700519484480881,0.3081149374918893,0.9990316897999976,0.47876797415259453,baseline
emo_optimism_confidence,BTC-USD__fwd_3m,432,-0.014055760381172008,0.7708131428103708,0.03441999943621832,0.9990316897999976,0.18633369897152297,baseline
share_confusion_uncertainty,^IXIC__fwd_3m,431,0.014070242477937377,0.7708433487705157,0.5558616361154862,0.9990316897999976,0.6612836705511819,baseline
share_surprise,QQQ__fwd_3m,431,0.014025575492771844,0.7715506466586566,0.05484316566006583,0.9990316897999976,0.21700736216767758,baseline
mean_intensity,GC=F__fwd_1w,443,0.013831577268394873,0.7715772561517976,0.44227625109812896,0.9990316897999976,0.5710053054718047,baseline
share_surprise,GC=F__fwd_1w,443,-0.013786786753051922,0.772296571135773,0.8454417308386446,0.9990316897999976,0.8678005204145427,baseline
share_excitement_euphoria,^VIX__fwd_1m,440,0.013697788814538755,0.7744773153389568,0.1575155431516003,0.9990316897999976,0.3613139315556983,baseline
share_confusion_uncertainty,GC=F__fwd_3m,431,-0.013784135842168404,0.7753770853408987,0.7943459949629051,0.9990316897999976,0.8319200002010159,baseline
mean_intensity,^GSPC__fwd_1m,440,-0.013614036447946211,0.7758193663736417,0.3225875576162125,0.9990316897999976,0.48741331698216045,baseline
cell_fear_anxiety__monetary_policy,^VIX__fwd_3m,431,-0.013713843326259875,0.7764921379692032,0.9034122793667321,0.9990316897999976,0.9107451712447088,baseline
emo_optimism_confidence,^GSPC__fwd_3m,431,-0.013664294019592758,0.7772784163802815,0.29793420544930405,0.9990316897999976,0.4707815307481369,baseline
share_pessimism_despair,^IXIC__fwd_3m,431,0.013635124539422002,0.7777414017434183,0.5180484173231972,0.9990316897999976,0.6292578914367511,baseline
net_valence_mean,^GSPC__fwd_1m,440,-0.013488232346466632,0.7778365090773305,0.4993328528791539,0.9990316897999976,0.6152494080118146,baseline
emo_fear_anxiety,^IXIC__fwd_3m,431,-0.013560509903890345,0.7789260616396417,0.7395150700517326,0.9990316897999976,0.8028651372414789,baseline
emo_fear_anxiety,^VIX__fwd_1w,443,0.013319330938049432,0.7798152272790174,0.0027315959101450833,0.9990316897999976,0.05949330756944528,baseline
net_valence,^GSPC__fwd_3m,431,0.013479902821827773,0.7802064391627933,0.22666436835960793,0.9990316897999976,0.4066139262396993,baseline
net_valence_mean,SPY__fwd_1m,440,-0.013147269864928035,0.7833109715448148,0.4950544759615497,0.9990316897999976,0.6124080270361003,baseline
cell_optimism_confidence__growth_gdp,^VIX__fwd_1m,440,-0.013093152616919417,0.7841808647851852,0.5699896139382467,0.9990316897999976,0.6703855118478241,baseline
share_confusion_uncertainty,^GSPC__fwd_3m,431,0.013069975406745413,0.7867269275416193,0.5814264618071878,0.9990316897999976,0.681256288268422,baseline
share_fear_anxiety,BTC-USD__fwd_1m,441,0.012789519996951559,0.7888312558842656,0.19620524929451708,0.9990316897999976,0.3816154102388882,baseline
share_excitement_euphoria,BTC-USD__fwd_1m,441,0.012758241437006126,0.7893355530664384,0.22852201092295527,0.9990316897999976,0.40779358845734254,baseline
share_confusion_uncertainty,^VIX__fwd_1m,440,0.012769842959181267,0.7893833843619491,0.03526723753285886,0.9990316897999976,0.1888013319647013,baseline
cell_optimism_confidence__corporate_earnings,^GSPC__fwd_3m,431,-0.012811204789098092,0.7908507665642271,0.19080227754816753,0.9990316897999976,0.3796085440675657,baseline
share_confusion_uncertainty,SPY__fwd_3m,431,0.012727344032417246,0.7921884532657113,0.607741253445159,0.9990316897999976,0.6989024414619328,baseline
share_surprise,BTC-USD__fwd_1w,443,-0.012547883350041937,0.7922680450076155,0.549293754728105,0.9990316897999976,0.6559835032426024,baseline
share_fear_anxiety,^VIX__fwd_3m,431,-0.012622590278886478,0.7938602663781427,0.8485170663013567,0.9990316897999976,0.8695199639820833,baseline
cell_optimism_confidence__growth_gdp,^GSPC__fwd_3m,431,-0.01256860620043234,0.7947221921876761,0.2773556100630389,0.9990316897999976,0.4556556451035638,baseline
cell_optimism_confidence__growth_gdp,^IXIC__fwd_3m,431,-0.012509584177989187,0.7956648411186621,0.29242787438247253,0.9990316897999976,0.4668321593612222,baseline
net_valence,SPY__fwd_3m,431,0.01243643250915297,0.7968335690081362,0.2229400324289528,0.9990316897999976,0.40428567517617997,baseline
emo_optimism_confidence,SPY__fwd_3m,431,-0.01234266397751819,0.7983323517731821,0.3046724032879595,0.9990316897999976,0.47644228419704676,baseline
cell_optimism_confidence__corporate_earnings,BTC-USD__fwd_1m,441,-0.012185449686440215,0.7985858957177594,0.8250200768012004,0.9990316897999976,0.8567516182166313,baseline
cell_optimism_confidence__growth_gdp,SPY__fwd_3m,431,-0.012311151328450386,0.7988362120528929,0.28328519691229265,0.9990316897999976,0.4641191594230062,baseline
cell_optimism_confidence__corporate_earnings,SPY__fwd_3m,431,-0.012258066962888552,0.7996851742833255,0.20118923309484094,0.9990316897999976,0.3868065441235177,baseline
cell_optimism_confidence__growth_gdp,QQQ__fwd_3m,431,-0.011780962865565571,0.8073258318817169,0.31103150381856975,0.9990316897999976,0.48143324389389996,baseline
share_surprise,^IXIC__fwd_1m,440,0.01150734777368589,0.8097864793167538,0.03830025154572795,0.9990316897999976,0.19986937991510131,baseline
share_surprise,GLD__fwd_3m,431,-0.011377426512262942,0.813802689162196,0.35164274573746573,0.9990316897999976,0.5078375467510843,baseline
share_optimism_confidence,QQQ__fwd_1w,443,0.011119911651157178,0.8154562335955788,0.5417416960244806,0.9990316897999976,0.6507187489965232,baseline
share_surprise,GC=F__fwd_3m,431,-0.011170098249041282,0.8171353286089498,0.33795703662551524,0.9990316897999976,0.49800026239678397,baseline
share_pessimism_despair,GC=F__fwd_1m,440,-0.010956811182734099,0.8187250503362702,0.26940606974787645,0.9990316897999976,0.44596160849027594,baseline
share_excitement_euphoria,^GSPC__fwd_3m,431,-0.01104752242730462,0.8191071937760543,0.002778270401793741,0.9990316897999976,0.05949330756944528,baseline
emo_excitement_euphoria,^VIX__fwd_3m,431,0.010893638902459792,0.8215843162988832,0.1518578085399048,0.9990316897999976,0.3558630154840788,baseline
share_excitement_euphoria,SPY__fwd_3m,431,-0.010887050488737072,0.8216904123098464,0.003595503054412702,0.9990316897999976,0.06207891186626751,baseline
share_pessimism_despair,SPY__fwd_3m,431,0.01082888131742156,0.8226272758667665,0.1956136715042047,0.9990316897999976,0.3816154102388882,baseline
share_pessimism_despair,^GSPC__fwd_3m,431,0.010819823271719714,0.8227731860444036,0.2042738244839837,0.9990316897999976,0.38986233579961566,baseline
cell_fear_anxiety__markets_themselves,SPY__fwd_3m,431,0.01061993939832241,0.8259945311966066,0.668073095402309,0.9990316897999976,0.7448355336532027,baseline
share_confusion_uncertainty,^VIX__fwd_3m,431,-0.010596280832518077,0.8263760089948685,0.6782438735847711,0.9990316897999976,0.7544822941995804,baseline
share_surprise,^IXIC__fwd_3m,431,0.010567209671260472,0.8268448170207252,0.03239416222043632,0.9990316897999976,0.18287977035355413,baseline
mean_intensity,GLD__fwd_1w,443,0.010279464901336898,0.829180968935285,0.6028541218740167,0.9990316897999976,0.6958594975534653,baseline
share_anger_disgust,GLD__fwd_3m,431,0.010400227347639129,0.8295387975267848,0.6822279065606137,0.9990316897999976,0.7551934580644226,baseline
share_anger_disgust,GC=F__fwd_3m,431,0.010327321343245415,0.8307156425952587,0.704686988347415,0.9990316897999976,0.7772835164542535,baseline
cell_optimism_confidence__growth_gdp,BTC-USD__fwd_1w,443,-0.010028638643877479,0.8332873234230757,0.4243354886107278,0.9990316897999976,0.5601934432198947,baseline
cell_fear_anxiety__markets_themselves,BTC-USD__fwd_3m,432,-0.010129361732356644,0.8337221379807966,0.1396332944930468,0.9990316897999976,0.3435873181884565,baseline
emo_fear_anxiety,QQQ__fwd_1w,443,-0.009997579401166187,0.8337961218506402,0.39694513248183017,0.9990316897999976,0.5370434145342409,baseline
share_surprise,QQQ__fwd_1m,440,0.009954957115731381,0.8350508725911239,0.04055110620869175,0.9990316897999976,0.2003444910042714,baseline
cell_optimism_confidence__corporate_earnings,GLD__fwd_1w,443,-0.0098896155130829,0.8355652756390309,0.1765568834272691,0.9990316897999976,0.37390636070199307,baseline
share_confusion_uncertainty,BTC-USD__fwd_3m,432,0.010012038994905503,0.8356204937979557,0.6584769939075779,0.9990316897999976,0.7367823661560466,baseline
share_pessimism_despair,ETH-USD__fwd_3m,432,-0.009984521961694685,0.8360658753503667,0.36208192487757823,0.9990316897999976,0.5110292621567638,baseline
emo_fear_anxiety,QQQ__fwd_3m,431,-0.00997536305282312,0.8364022133699307,0.7746874093741933,0.9990316897999976,0.8216761144617152,baseline
emo_surprise,QQQ__fwd_1w,443,0.009794527881098825,0.837124119550091,0.7753658664646781,0.9990316897999976,0.8216761144617152,baseline
emo_pessimism_despair,QQQ__fwd_3m,431,-0.009752712855267059,0.8400039846684061,0.3987763800224535,0.9990316897999976,0.537180329704867,baseline
share_pessimism_despair,^GSPC__fwd_1m,440,-0.009572638947742055,0.8413001094386074,0.3685201675464065,0.9990316897999976,0.5189365624633071,baseline
cell_anger_disgust__fiscal_taxes,GC=F__fwd_1m,440,-0.009524738584202285,0.8420837831809938,0.04038379214755384,0.9990316897999976,0.2003444910042714,baseline
share_pessimism_despair,^VIX__fwd_3m,431,0.009556874814367624,0.8431747851649855,0.5244979552602766,0.9990316897999976,0.6349185774203349,baseline
emo_confusion_uncertainty,QQQ__fwd_3m,431,-0.00946662925421609,0.8446368012875127,0.441535280386081,0.9990316897999976,0.5710053054718047,baseline
cell_fear_anxiety__markets_themselves,^GSPC__fwd_3m,431,0.009400531846394973,0.8457079458927148,0.6436394446667572,0.9990316897999976,0.7254085211216991,baseline
emo_pessimism_despair,^VIX__fwd_3m,431,0.009391246982492971,0.8458584349986209,0.6188337721518237,0.9990316897999976,0.7038384111836675,baseline
share_surprise,BTC-USD__fwd_3m,432,-0.009379394052365937,0.8458732713723603,0.06320486383154417,0.9990316897999976,0.22953345286192356,baseline
share_pessimism_despair,SPY__fwd_1m,440,-0.009270871655736911,0.8462397571593722,0.3868396741976099,0.9990316897999976,0.5293345097767382,baseline
cell_fear_anxiety__markets_themselves,BTC-USD__fwd_1m,441,-0.00921536012838086,0.8469766594437782,0.8535988475351326,0.9990316897999976,0.8718501386830877,baseline
share_pessimism_despair,^VIX__fwd_1w,443,-0.009112324758930533,0.8483263307392226,0.005296811934610989,0.9990316897999976,0.07150696111724836,baseline
share_confusion_uncertainty,QQQ__fwd_1m,440,0.009100729881908465,0.8490274887361868,0.13565944157290666,0.9990316897999976,0.33697805286710014,baseline
share_optimism_confidence,^IXIC__fwd_1w,443,0.009019777956466055,0.8498484157053957,0.425783100160693,0.9990316897999976,0.5601934432198947,baseline
share_optimism_confidence,BTC-USD__fwd_1m,441,-0.008864273110837496,0.8527388019345015,0.4355983768284605,0.9990316897999976,0.5694875621273137,baseline
cell_optimism_confidence__growth_gdp,^IXIC__fwd_1w,443,-0.00864087246423666,0.8560859009028298,0.2876160808913242,0.9990316897999976,0.4641191594230062,baseline
emo_fear_anxiety,SPY__fwd_3m,431,0.008726413780461788,0.8566482931154633,0.4398066210076865,0.9990316897999976,0.5701877069849131,baseline
cell_fear_anxiety__monetary_policy,BTC-USD__fwd_1m,441,-0.008531760997154303,0.8582033236035946,0.7233221190159081,0.9990316897999976,0.7922099398745661,baseline
mean_intensity,^VIX__fwd_3m,431,-0.008618217935425884,0.8584068334373687,0.35993971218799853,0.9990316897999976,0.5110292621567638,baseline
cell_optimism_confidence__corporate_earnings,^IXIC__fwd_1m,440,-0.008501200243503286,0.8588654142979353,0.7374390768571101,0.9990316897999976,0.8020134268445979,baseline
emo_anger_disgust,^VIX__fwd_3m,431,0.008565042897314927,0.8592713608933237,0.37767637821021227,0.9990316897999976,0.5232832476124584,baseline
cell_anger_disgust__fiscal_taxes,^IXIC__fwd_1m,440,0.008421359712512151,0.860177234092138,0.000218595894380151,0.9990316897999976,0.018360069800717152,baseline
emo_confusion_uncertainty,BTC-USD__fwd_3m,432,-0.00848647917422573,0.860388012771634,0.06032332837822761,0.9990316897999976,0.2256673911016828,baseline
cell_optimism_confidence__corporate_earnings,SPY__fwd_1m,440,0.00839854103950934,0.8605522271151954,0.6144362830532507,0.9990316897999976,0.7013892253923122,baseline
emo_surprise,GC=F__fwd_1m,440,-0.00835716460908013,0.8612322708349897,0.5534817583421286,0.9990316897999976,0.659716260902998,baseline
cell_fear_anxiety__inflation,ETH-USD__fwd_1m,441,-0.008237434055942343,0.8630459724440122,0.34385244217710087,0.9990316897999976,0.5012496868356329,baseline
cell_fear_anxiety__inflation,BTC-USD__fwd_3m,432,-0.008307694716366512,0.863300056242426,0.8774865421720398,0.9990316897999976,0.8903907560275109,baseline
cell_optimism_confidence__growth_gdp,^IXIC__fwd_1m,440,-0.008180854142246388,0.8641311708699746,0.47601982661951026,0.9990316897999976,0.5996111811982067,baseline
share_pessimism_despair,GLD__fwd_1w,443,0.008056169430741587,0.8657286643511306,0.7424998048246502,0.9990316897999976,0.8032968271709194,baseline
share_excitement_euphoria,^IXIC__fwd_3m,431,-0.00805961048110752,0.8674970062332488,0.002180150227770683,0.9990316897999976,0.05793800460073154,baseline
emo_pessimism_despair,BTC-USD__fwd_3m,432,-0.008001265122264001,0.8682954710394487,0.08829783337860957,0.9990316897999976,0.263619973692868,baseline
share_anger_disgust,BTC-USD__fwd_3m,432,0.007980563498032604,0.868633140222341,0.818679430242888,0.9990316897999976,0.8515911661320493,baseline
mean_intensity,GLD__fwd_1m,440,0.007885133441802925,0.8689974916223722,0.342274265721205,0.9990316897999976,0.5012496868356329,baseline
emo_surprise,SPY__fwd_3m,431,0.007787487061056889,0.871931657575761,0.1756261745524097,0.9990316897999976,0.37390636070199307,baseline
share_anger_disgust,BTC-USD__fwd_1m,441,0.007670812499424864,0.8723830661159537,0.27521471460425473,0.9990316897999976,0.4533377659661596,baseline
emo_surprise,^IXIC__fwd_3m,431,-0.0077378576364950805,0.872740878940613,0.4579725501085501,0.9990316897999976,0.5838217899312215,baseline
cell_anger_disgust__fiscal_taxes,GLD__fwd_3m,431,0.0077156218579874595,0.8731034825014146,0.18122938029249613,0.9990316897999976,0.3776625676565104,baseline
share_pessimism_despair,QQQ__fwd_1m,440,-0.007623559277101914,0.8733060354306601,0.3213290185044838,0.9990316897999976,0.4866959036372791,baseline
cell_anger_disgust__fiscal_taxes,GLD__fwd_1m,440,-0.007527574578271569,0.8748880031567758,0.05563297598416267,0.9990316897999976,0.21700736216767758,baseline
emo_fear_anxiety,BTC-USD__fwd_3m,432,-0.007592900861732411,0.8749607435072574,0.18800383268117046,0.9990316897999976,0.3796085440675657,baseline
emo_fear_anxiety,^GSPC__fwd_3m,431,0.007590456730959062,0.8751450703000954,0.458804969106348,0.9990316897999976,0.5838217899312215,baseline
net_valence_mean,BTC-USD__fwd_3m,432,-0.007549389573824509,0.8756714595051015,0.5874837673943394,0.9990316897999976,0.6844792111667631,baseline
cell_optimism_confidence__growth_gdp,^GSPC__fwd_1m,440,0.007382936241512331,0.8772727932659239,0.423831493699042,0.9990316897999976,0.5601934432198947,baseline
share_optimism_confidence,^VIX__fwd_3m,431,-0.007437456304141722,0.8776418079250786,0.2875232094618077,0.9990316897999976,0.4641191594230062,baseline
cell_fear_anxiety__inflation,ETH-USD__fwd_1w,443,-0.0072891385141087605,0.8784083768497241,0.1828019973575881,0.9990316897999976,0.3784001345302074,baseline
cell_optimism_confidence__growth_gdp,ETH-USD__fwd_3m,432,0.007331086709261428,0.8792387287189568,0.33056355113986174,0.9990316897999976,0.4924528922618396,baseline
net_valence_mean,^VIX__fwd_3m,431,-0.007325442634164301,0.8794704739309637,0.24280557492204827,0.9990316897999976,0.41958394075338434,baseline
share_excitement_euphoria,GC=F__fwd_3m,431,-0.007302520219953867,0.8798447704153011,0.4889996153275024,0.9990316897999976,0.6097766287517651,baseline
net_valence_mean,^IXIC__fwd_1m,440,-0.007141665049536412,0.8812533223639262,0.7886888504267123,0.9990316897999976,0.8311808742039022,baseline
emo_surprise,^GSPC__fwd_3m,431,0.0071535523466352184,0.8822778915849802,0.17637850663431467,0.9990316897999976,0.37390636070199307,baseline
cell_optimism_confidence__growth_gdp,QQQ__fwd_1m,440,-0.007029485785892091,0.8831050979161722,0.4812254691666113,0.9990316897999976,0.604196473813066,baseline
cell_optimism_confidence__growth_gdp,SPY__fwd_1m,440,0.0069625051186601936,0.8842110714290797,0.4010255158243432,0.9990316897999976,0.5378765557816785,baseline
mean_intensity,BTC-USD__fwd_1m,441,-0.006901315309032115,0.8850914333065613,0.1710949973074638,0.9990316897999976,0.37390636070199307,baseline
share_surprise,GC=F__fwd_1m,440,-0.006839831907556904,0.8862372125059759,0.7849359537371516,0.9990316897999976,0.8289884817530122,baseline
emo_optimism_confidence,GC=F__fwd_1m,440,0.006831610074246431,0.8863730356731718,0.5089173387536854,0.9990316897999976,0.6221213924528319,baseline
cell_fear_anxiety__monetary_policy,GC=F__fwd_1m,440,0.006815775622132747,0.8866346272652652,0.010303501434851817,0.9990316897999976,0.11031852398349963,baseline
cell_optimism_confidence__corporate_earnings,^GSPC__fwd_1m,440,0.00672166891813479,0.8881895613377818,0.5844875048466152,0.9990316897999976,0.6834854021549301,baseline
net_valence,^VIX__fwd_3m,431,-0.006714244384178286,0.8894595568586897,0.45495326393710717,0.9990316897999976,0.5838217899312215,baseline
share_anger_disgust,^VIX__fwd_3m,431,0.006685255475174653,0.8899337829226132,0.2920241869657247,0.9990316897999976,0.4668321593612222,baseline
share_pessimism_despair,GLD__fwd_1m,440,-0.006600916002044723,0.8901854007927545,0.39214446342309733,0.9990316897999976,0.5317067942920163,baseline
share_anger_disgust,^GSPC__fwd_1m,440,0.006514559627402729,0.8916131503703786,0.38861342447900676,0.9990316897999976,0.5293345097767382,baseline
share_confusion_uncertainty,^IXIC__fwd_1m,440,0.0064549307349824085,0.8925992131078018,0.19041626397816896,0.9990316897999976,0.3796085440675657,baseline
emo_surprise,^VIX__fwd_1m,440,0.006417403959867158,0.8932198655863057,0.27001862285401573,0.9990316897999976,0.44596160849027594,baseline
share_excitement_euphoria,QQQ__fwd_3m,431,-0.006481264043234022,0.8932719544183229,0.002330761803873804,0.9990316897999976,0.05793800460073154,baseline
emo_confusion_uncertainty,^VIX__fwd_3m,431,0.006477863483388823,0.8933276182449312,0.17504243982233172,0.9990316897999976,0.37390636070199307,baseline
emo_surprise,GLD__fwd_1m,440,-0.006359952864144718,0.894170171024543,0.5485546932855798,0.9990316897999976,0.6559835032426024,baseline
emo_confusion_uncertainty,GLD__fwd_1m,440,-0.006227737067741488,0.8963577412722717,0.20520506398315136,0.9990316897999976,0.38986233579961566,baseline
cell_anger_disgust__fiscal_taxes,GC=F__fwd_3m,431,0.0062815722005514765,0.8965415926363345,0.11965905573810494,0.9990316897999976,0.3109132787170007,baseline
share_anger_disgust,SPY__fwd_1m,440,0.006102139452277256,0.8984365384948637,0.38886283966588975,0.9990316897999976,0.5293345097767382,baseline
net_valence_mean,QQQ__fwd_1m,440,-0.006069095668575129,0.8989835703545525,0.796527031506484,0.9990316897999976,0.8327328056658696,baseline
share_pessimism_despair,GLD__fwd_3m,431,0.006102085027185866,0.8994819078275256,0.8381241906060681,0.9990316897999976,0.8641184043982245,baseline
share_pessimism_despair,^IXIC__fwd_1m,440,-0.0059260562421031065,0.9013521019490119,0.36044265641522816,0.9990316897999976,0.5110292621567638,baseline
cell_fear_anxiety__inflation,GC=F__fwd_1m,440,0.005916489526084225,0.9015105447708902,0.296760453840252,0.9990316897999976,0.4701230659050931,baseline
cell_optimism_confidence__growth_gdp,BTC-USD__fwd_3m,432,-0.005932024097708561,0.9021556751274654,0.8507784880371876,0.9990316897999976,0.8704010561303023,baseline
share_pessimism_despair,ETH-USD__fwd_1m,441,-0.005838261874608662,0.9026958247641411,0.4816058849234584,0.9990316897999976,0.604196473813066,baseline
emo_excitement_euphoria,BTC-USD__fwd_3m,432,-0.005893477589096696,0.9027883164654408,0.04928043370862585,0.9990316897999976,0.21361187114625557,baseline
share_optimism_confidence,BTC-USD__fwd_1w,443,0.0058115208452350926,0.902919765725025,0.7541870635510348,0.9990316897999976,0.8116987287091726,baseline
cell_fear_anxiety__markets_themselves,QQQ__fwd_3m,431,0.005710820861770004,0.9058962151241047,0.659915006424016,0.9990316897999976,0.7370633435059604,baseline
share_optimism_confidence,SPY__fwd_3m,431,-0.005661079690143291,0.9067121093597343,0.40645596826889013,0.9990316897999976,0.5439852506357344,baseline
cell_optimism_confidence__growth_gdp,ETH-USD__fwd_1m,441,-0.00556780741485598,0.9071825777435929,0.20849529257854596,0.9990316897999976,0.3899866767809549,baseline
share_pessimism_despair,GC=F__fwd_3m,431,0.005628138444012752,0.9072524919178238,0.78343006239435,0.9990316897999976,0.8288076128567143,baseline
share_optimism_confidence,^GSPC__fwd_3m,431,-0.005434977494192163,0.9104220412122654,0.4074540440808809,0.9990316897999976,0.5441483040305958,baseline
share_optimism_confidence,ETH-USD__fwd_3m,432,0.005336263684399715,0.911940216169236,0.3030091156448172,0.9990316897999976,0.4763763564947632,baseline
share_surprise,ETH-USD__fwd_1w,443,0.005096660551427242,0.9148128518160282,0.7264029238325542,0.9990316897999976,0.7927877253075856,baseline
share_surprise,GLD__fwd_1w,443,0.005086223704169853,0.9149866364185089,0.9019222678690838,0.9990316897999976,0.910721509506831,baseline
share_optimism_confidence,BTC-USD__fwd_3m,432,-0.0051434970786117425,0.9151090648978839,0.6221632433506598,0.9990316897999976,0.7063315797454474,baseline
share_excitement_euphoria,GLD__fwd_3m,431,-0.005104315807030905,0.915851090934713,0.4256667487135364,0.9990316897999976,0.5601934432198947,baseline
cell_fear_anxiety__inflation,GC=F__fwd_1w,443,0.004967620616300489,0.9169617864437032,0.38253621532009036,0.9990316897999976,0.5278999771417247,baseline
emo_surprise,^IXIC__fwd_1w,443,0.004864530691420927,0.9186790043571035,0.7594115334632772,0.9990316897999976,0.813484465123271,baseline
cell_optimism_confidence__growth_gdp,GC=F__fwd_3m,431,-0.004914301270978489,0.9189726780321622,0.8391049324821278,0.9990316897999976,0.8641184043982245,baseline
cell_optimism_confidence__corporate_earnings,BTC-USD__fwd_3m,432,0.00486117728627403,0.9197524727413402,0.722628303568906,0.9990316897999976,0.7922099398745661,baseline
emo_anger_disgust,BTC-USD__fwd_3m,432,-0.0048544489780735275,0.9198631693805923,0.13268569145402834,0.9990316897999976,0.33168895155415806,baseline
cell_optimism_confidence__corporate_earnings,GLD__fwd_3m,431,0.0048517325832815004,0.9200008405457432,0.34899912712185793,0.9990316897999976,0.5051945406589132,baseline
net_valence_mean,ETH-USD__fwd_3m,432,0.004685248432039529,0.9226474231176016,0.13689743429147602,0.9990316897999976,0.3386984330478351,baseline
cell_fear_anxiety__monetary_policy,GLD__fwd_1m,440,0.004632463198238868,0.9228094053935908,0.018667338429961107,0.9990316897999976,0.13899600168351187,baseline
share_excitement_euphoria,BTC-USD__fwd_3m,432,0.004627387137383133,0.9235997693185959,0.7943134958584361,0.9990316897999976,0.8319200002010159,baseline
emo_surprise,SPY__fwd_1m,440,-0.004415061891314637,0.9264214532769688,0.07497232456697968,0.9990316897999976,0.24504112397944408,baseline
share_confusion_uncertainty,^GSPC__fwd_1m,440,-0.004361383766643976,0.9273135324380501,0.22943634540984895,0.9990316897999976,0.4080826431202635,baseline
emo_surprise,^GSPC__fwd_1m,440,-0.004306858613761388,0.9282197816227451,0.07646083831349215,0.9990316897999976,0.2460216611019618,baseline
cell_fear_anxiety__inflation,GC=F__fwd_3m,431,-0.004348154984281288,0.9282806075510707,0.15990426162807653,0.9990316897999976,0.36507553849645413,baseline
share_optimism_confidence,^IXIC__fwd_3m,431,-0.004347061563976003,0.9282985941951004,0.5658179286537894,0.9990316897999976,0.669202910150997,baseline
cell_optimism_confidence__growth_gdp,GLD__fwd_3m,431,-0.004312693928490347,0.928863956586869,0.5944330614463226,0.9990316897999976,0.6886994984294148,baseline
net_valence,BTC-USD__fwd_3m,432,0.00425365886585926,0.9297535789889617,0.14468574060535963,0.9990316897999976,0.3469105981309974,baseline
share_excitement_euphoria,ETH-USD__fwd_3m,432,-0.004228683208447433,0.930164981518742,0.4384345348337777,0.9990316897999976,0.5695980044597824,baseline
cell_optimism_confidence__corporate_earnings,QQQ__fwd_1m,440,-0.00418170036622728,0.9303003552019796,0.741227446532441,0.9990316897999976,0.8032968271709194,baseline
share_anger_disgust,GLD__fwd_1w,443,-0.004165817716456068,0.9303273614770571,0.5937612149048787,0.9990316897999976,0.6886994984294148,baseline
cell_optimism_confidence__growth_gdp,QQQ__fwd_1w,443,-0.0041158229637881585,0.9311614324802796,0.2600511072842853,0.9990316897999976,0.4341175742568311,baseline
emo_confusion_uncertainty,SPY__fwd_3m,431,0.004127064593602517,0.9319182504418317,0.6123891690881722,0.9990316897999976,0.7006813580744565,baseline
share_surprise,GLD__fwd_1m,440,-0.0040321099909482625,0.9327876990321777,0.9054896168225349,0.9990316897999976,0.9113598898651446,baseline
share_surprise,BTC-USD__fwd_1m,441,0.003930736335476705,0.9343990074968894,0.7466918338555469,0.9990316897999976,0.8064271805639907,baseline
share_pessimism_despair,GC=F__fwd_1w,443,-0.003917643248213139,0.9344684310446635,0.5362608209170637,0.9990316897999976,0.6466368345427118,baseline
emo_fear_anxiety,GC=F__fwd_1m,440,-0.003808764803241888,0.936502625930943,0.048842450966138,0.9990316897999976,0.21361187114625557,baseline
share_confusion_uncertainty,SPY__fwd_1m,440,-0.0037291223485637,0.9378276657832622,0.22999826906939164,0.9990316897999976,0.4080826431202635,baseline
share_surprise,ETH-USD__fwd_3m,432,-0.0037478898817762986,0.9380881721633206,0.37750918707623665,0.9990316897999976,0.5232832476124584,baseline
mean_intensity,^VIX__fwd_1m,440,0.0036869586556851548,0.9385292278420228,0.19133248678445744,0.9990316897999976,0.3796085440675657,baseline
cell_fear_anxiety__monetary_policy,BTC-USD__fwd_3m,432,-0.0035192017253103808,0.9418590113664407,0.7671685705667807,0.9990316897999976,0.8185767737490907,baseline
share_optimism_confidence,QQQ__fwd_3m,431,-0.0034791888767214457,0.9425857585998834,0.5064479525424969,0.9990316897999976,0.6203238235283838,baseline
cell_anger_disgust__fiscal_taxes,BTC-USD__fwd_3m,432,-0.0034653782365709485,0.942746698888957,0.06964315014197331,0.9990316897999976,0.2394583319529122,baseline
emo_fear_anxiety,GLD__fwd_1m,440,-0.0034284499130711014,0.9428315764189448,0.08676188854144724,0.9990316897999976,0.2624463659301882,baseline
mean_intensity,GC=F__fwd_1m,440,0.0033880415683480323,0.943504244005951,0.33118401940480197,0.9990316897999976,0.4924528922618396,baseline
cell_fear_anxiety__inflation,ETH-USD__fwd_3m,432,-0.0032798168020635628,0.9458076198517222,0.4945222803832602,0.9990316897999976,0.6124080270361003,baseline
mean_intensity,ETH-USD__fwd_3m,432,0.0032783018579497485,0.9458326128924947,0.19395191207341192,0.9990316897999976,0.3816154102388882,baseline
cell_fear_anxiety__inflation,GLD__fwd_3m,431,-0.003270439448582193,0.9460251732120653,0.12466991517964479,0.9990316897999976,0.3180739458870609,baseline
cell_optimism_confidence__corporate_earnings,ETH-USD__fwd_3m,432,-0.003226907597412801,0.9466805295094523,0.7735202602391898,0.9990316897999976,0.8216761144617152,baseline
mean_intensity,QQQ__fwd_3m,431,-0.0031914754552054823,0.9473264711489321,0.42756730242256447,0.9990316897999976,0.5613515746393499,baseline
mean_intensity,BTC-USD__fwd_1w,443,0.0029111297188600077,0.9512802006036696,0.34362782118145935,0.9990316897999976,0.5012496868356329,baseline
net_valence_mean,BTC-USD__fwd_1m,441,0.0028521758205576875,0.9523740074731517,0.37834811300804155,0.9990316897999976,0.5232832476124584,baseline
emo_surprise,QQQ__fwd_3m,431,-0.0028521851460837507,0.9529194026712807,0.45513704830021146,0.9990316897999976,0.5838217899312215,baseline
cell_fear_anxiety__markets_themselves,^VIX__fwd_1m,440,-0.0027433953549442385,0.9542406165288555,0.3457565966700248,0.9990316897999976,0.5016702021777696,baseline
net_valence_mean,SPY__fwd_3m,431,-0.002699563603811006,0.9554360178505712,0.3580569616142372,0.9990316897999976,0.5110292621567638,baseline
emo_confusion_uncertainty,^GSPC__fwd_3m,431,0.002678344602749602,0.9557859389481927,0.6314300132577911,0.9990316897999976,0.7142405067997964,baseline
emo_optimism_confidence,GLD__fwd_1m,440,0.002494471468905034,0.9583886853036898,0.6126730715530272,0.9990316897999976,0.7006813580744565,baseline
cell_fear_anxiety__monetary_policy,ETH-USD__fwd_3m,432,0.002365500786354651,0.9609004672780653,0.6800362156037612,0.9990316897999976,0.7544822941995804,baseline
emo_surprise,^VIX__fwd_3m,431,0.002315613647421448,0.9617689680370262,0.774234351597396,0.9990316897999976,0.8216761144617152,baseline
net_valence_mean,^GSPC__fwd_3m,431,-0.002299759982394855,0.9620305161037013,0.3558049475280773,0.9990316897999976,0.5110292621567638,baseline
net_valence_mean,QQQ__fwd_3m,431,0.001961386312200869,0.96761380890922,0.46056154354034906,0.9998914681809234,0.5838217899312215,baseline
cell_fear_anxiety__markets_themselves,^IXIC__fwd_3m,431,0.001817768577868877,0.9699840497125195,0.6105551956095892,0.9998914681809234,0.7006813580744565,baseline
cell_fear_anxiety__inflation,GLD__fwd_1m,440,0.0017438727839379116,0.9709030098396553,0.2233002015307283,0.9998914681809234,0.40428567517617997,baseline
share_excitement_euphoria,^VIX__fwd_1w,443,0.001528631066190327,0.9744057980083661,0.17647679852269252,0.9998914681809234,0.37390636070199307,baseline
mean_intensity,SPY__fwd_3m,431,0.0014645440230232059,0.975814684092619,0.20813322274918125,0.9998914681809234,0.3899866767809549,baseline
emo_fear_anxiety,^VIX__fwd_3m,431,-0.0013721076117058275,0.9773407458489878,0.7013170339705879,0.9998914681809234,0.7749428435867172,baseline
share_anger_disgust,ETH-USD__fwd_3m,432,0.0011868799237769977,0.9803761173729442,0.3309330161315313,0.9998914681809234,0.4924528922618396,baseline
emo_confusion_uncertainty,GC=F__fwd_1m,440,0.0010980946073416821,0.9816755504300385,0.200247332207833,0.9998914681809234,0.38619128354367793,baseline
emo_pessimism_despair,^GSPC__fwd_3m,431,-0.0010857841732124173,0.9820682492680893,0.4978257352574747,0.9998914681809234,0.6146118918387511,baseline
cell_optimism_confidence__corporate_earnings,GC=F__fwd_3m,431,-0.0009997221247743495,0.9834893551088995,0.38484460639346724,0.9998914681809234,0.5287356207308477,baseline
mean_intensity,^IXIC__fwd_3m,431,-0.000994350908533855,0.9835780494856057,0.28781167786035516,0.9998914681809234,0.4641191594230062,baseline
mean_intensity,^GSPC__fwd_3m,431,0.0008787903810299133,0.9854863365331364,0.2148996510618867,0.9998914681809234,0.39806441292941014,baseline
share_fear_anxiety,BTC-USD__fwd_3m,432,0.0006884120772710361,0.9886170299771694,0.6418565760247602,0.9998914681809234,0.7247144249297747,baseline
cell_fear_anxiety__monetary_policy,ETH-USD__fwd_1m,441,-0.000605522466394696,0.9898831883396347,0.289233679060714,0.9998914681809234,0.4641191594230062,baseline
share_fear_anxiety,GC=F__fwd_3m,431,0.0006092176431429527,0.9899381781509189,0.12405725548691929,0.9998914681809234,0.3180739458870609,baseline
share_anger_disgust,QQQ__fwd_1m,440,-0.0005845098024706373,0.9902453824007472,0.537924383661423,0.9998914681809234,0.6473857408018289,baseline
net_valence_mean,^IXIC__fwd_3m,431,-0.000508267078492193,0.9916054075085795,0.4695822882195473,0.9998914681809234,0.5927044735454042,baseline
share_anger_disgust,^IXIC__fwd_1m,440,0.00047923149335141484,0.9920022590191904,0.4913963142696328,0.9998914681809234,0.6103142223228839,baseline
emo_pessimism_despair,SPY__fwd_3m,431,0.00024807948139772394,0.9959026358272544,0.48373110363426497,0.9998914681809234,0.604420554037985,baseline
share_anger_disgust,GC=F__fwd_1w,443,-0.0002380236959556606,0.9960140527039361,0.5181559905922373,0.9998914681809234,0.6292578914367511,baseline
share_fear_anxiety,GLD__fwd_3m,431,0.00019050042055452943,0.9968536253121165,0.17755766212154134,0.9998914681809234,0.37390636070199307,baseline
cell_optimism_confidence__corporate_earnings,^VIX__fwd_1w,443,8.290074644904374e-05,0.9986117381783199,0.7259249204854479,0.9998914681809234,0.7927877253075856,baseline
share_fear_anxiety,ETH-USD__fwd_3m,432,6.563496995957638e-06,0.9998914681809234,0.20849007815101137,0.9998914681809234,0.3899866767809549,baseline
emo_excitement_euphoria,^IXIC__fwd_1w,443,-0.1466225889237501,0.001974327522482036,0.00023885411552454104,0.5698395874923017,0.020717185753080215,drop
emo_excitement_euphoria,^GSPC__fwd_1w,443,-0.140777386474956,0.0029833260928687315,0.0005517067744284897,0.5698395874923017,0.021859298537499336,drop
emo_excitement_euphoria,SPY__fwd_1w,443,-0.13781160808684886,0.0036575104106163978,0.0005478749676744239,0.5698395874923017,0.021859298537499336,drop
emo_excitement_euphoria,QQQ__fwd_1w,443,-0.13689835423580768,0.003891331793465847,0.00032416819532599133,0.5698395874923017,0.020717185753080215,drop
emo_surprise,BTC-USD__fwd_1w,443,-0.12659410938349425,0.0076370076773453486,0.10232764212491666,0.5698395874923017,0.28495724555862445,drop
cell_fear_anxiety__monetary_policy,GC=F__fwd_1w,443,0.12598781998032715,0.007934815721284117,0.11534696066610946,0.5698395874923017,0.29846026072355825,drop
share_fear_anxiety,QQQ__fwd_1w,443,0.1228316739662804,0.009658840463389802,0.012117670215113981,0.5698395874923017,0.11432062604038291,drop
share_fear_anxiety,^IXIC__fwd_1w,443,0.12235230697642777,0.00994794670626747,0.010533742570318833,0.5698395874923017,0.11278369200289647,drop
cell_fear_anxiety__monetary_policy,^IXIC__fwd_1w,443,0.1221440197747405,0.010075940947326122,0.2297104800653366,0.5698395874923017,0.40991439115107475,drop
share_fear_anxiety,^GSPC__fwd_1w,443,0.12038047088616242,0.01121956317888724,0.018295308197190226,0.5698395874923017,0.1379695955841772,drop
emo_optimism_confidence,BTC-USD__fwd_1w,443,-0.1200467850678484,0.011448436307285578,0.012471410482161303,0.5698395874923017,0.11432062604038291,drop
cell_fear_anxiety__monetary_policy,QQQ__fwd_1w,443,0.11992249550510803,0.011534735656597912,0.2600086821243001,0.5698395874923017,0.4340467516107268,drop
share_fear_anxiety,SPY__fwd_1w,443,0.11936491138709499,0.011929009077938682,0.015612467751355517,0.5698395874923017,0.12998576686537558,drop
cell_optimism_confidence__corporate_earnings,^IXIC__fwd_1w,443,-0.1134722063784612,0.016881087095410075,0.07754249466646408,0.6294919377440206,0.24821592364883605,drop
emo_anger_disgust,ETH-USD__fwd_1w,443,-0.11306943599148711,0.017277349260632693,0.20747650147906554,0.6294919377440206,0.3940150073960236,drop
cell_anger_disgust__fiscal_taxes,^IXIC__fwd_1w,443,-0.11215622221782755,0.01820604607319859,0.01590808096903147,0.6294919377440206,0.12998576686537558,drop
cell_fear_anxiety__monetary_policy,^GSPC__fwd_1w,443,0.11162871737218669,0.01876210487900072,0.24799316285732678,0.6294919377440206,0.42311556854210886,drop
net_valence,ETH-USD__fwd_1w,443,0.11143275205438843,0.018972418042280365,0.2293875922786027,0.6294919377440206,0.40991439115107475,drop
cell_fear_anxiety__monetary_policy,SPY__fwd_1w,443,0.11116799768738553,0.01925981774096037,0.25405157740783063,0.6294919377440206,0.4287120368757142,drop
cell_fear_anxiety__monetary_policy,GLD__fwd_1w,443,0.109099360829223,0.021638893566518075,0.22517442730846646,0.6577342001037882,0.40872066123012074,drop
emo_pessimism_despair,BTC-USD__fwd_1w,443,-0.10787700936608247,0.02316129233195787,0.026855418404612752,0.6577342001037882,0.1671015359811112,drop
cell_anger_disgust__fiscal_taxes,QQQ__fwd_1w,443,-0.10776806458202712,0.02330137262847559,0.016351418544481407,0.6577342001037882,0.13014562321348885,drop
emo_fear_anxiety,GC=F__fwd_1w,443,0.10533247540950877,0.02663001802508469,0.16650667978607545,0.7190104866772866,0.3626368752286521,drop
emo_anger_disgust,BTC-USD__fwd_1w,443,-0.10170045876372397,0.03235066788992745,0.0543413658260061,0.8069532792068504,0.20876914221913534,drop
cell_optimism_confidence__corporate_earnings,QQQ__fwd_1w,443,-0.10160569264211808,0.032512993890882524,0.11956202252387048,0.8069532792068504,0.30361084203686906,drop
emo_pessimism_despair,ETH-USD__fwd_1w,443,-0.1008326755643444,0.033863259246035705,0.2476912158485804,0.8069532792068504,0.42311556854210886,drop
emo_surprise,ETH-USD__fwd_1w,443,-0.09874443960461071,0.03775195810879539,0.41586712274954235,0.8069532792068504,0.5597731570232559,drop
emo_confusion_uncertainty,BTC-USD__fwd_1w,443,-0.09847091868400866,0.03828831514253931,0.010469791574823677,0.8069532792068504,0.11278369200289647,drop
cell_optimism_confidence__corporate_earnings,^GSPC__fwd_1w,443,-0.09728221012352152,0.04069489862054259,0.0740484483143393,0.8069532792068504,0.2452853531675483,drop
net_valence_mean,ETH-USD__fwd_1w,443,0.09726978085160289,0.040720722096907136,0.2332571206122241,0.8069532792068504,0.41151327244372493,drop
net_valence,BTC-USD__fwd_1w,443,0.09650307010211712,0.0423406457467467,0.05962984545901727,0.8069532792068504,0.21655049140379956,drop
cell_anger_disgust__fiscal_taxes,ETH-USD__fwd_1w,443,-0.09619495808313867,0.04300676494077231,0.08019975611218122,0.8069532792068504,0.2515355987154775,drop
cell_optimism_confidence__corporate_earnings,SPY__fwd_1w,443,-0.09574582032142032,0.043993570812259825,0.07268712893695833,0.8069532792068504,0.24423655389746346,drop
cell_fear_anxiety__inflation,BTC-USD__fwd_1w,443,-0.09566146550705562,0.04418101689699342,0.6714955588191649,0.8069532792068504,0.7536078439831854,drop
cell_anger_disgust__fiscal_taxes,^GSPC__fwd_1w,443,-0.09144858176034834,0.05443439421901653,0.012120918820906216,0.9584603175147762,0.11432062604038291,drop
share_confusion_uncertainty,ETH-USD__fwd_1w,443,0.09102644910093274,0.05556291695737833,0.36834833298311653,0.9584603175147762,0.5268845005771166,drop
share_surprise,^GSPC__fwd_1w,443,0.08967519062565504,0.0593066992374115,0.006338289617999965,0.9895807158535823,0.08526348196296557,drop
share_surprise,^VIX__fwd_1w,443,-0.08859682446838249,0.06244199117210082,0.028678192888942203,0.9895807158535823,0.1671015359811112,drop
cell_anger_disgust__fiscal_taxes,SPY__fwd_1w,443,-0.08857564010215328,0.06250492617867315,0.012187298162567549,0.9895807158535823,0.11432062604038291,drop
share_excitement_euphoria,QQQ__fwd_1w,443,-0.08805289562052301,0.06407454435500208,0.006297027366313919,0.9895807158535823,0.08526348196296557,drop
emo_fear_anxiety,GLD__fwd_1w,443,0.08764080839059815,0.06533463663445552,0.3086588735572341,0.9895807158535823,0.4852586341241579,drop
share_surprise,SPY__fwd_1w,443,0.08689498753565379,0.06766698941709613,0.007166106404769284,0.9955817789873233,0.09054578626432568,drop
cell_anger_disgust__fiscal_taxes,^VIX__fwd_1w,443,0.0860975619675523,0.07023578687078909,0.00202158716191744,0.9955817789873233,0.052185434469446366,drop
cell_anger_disgust__fiscal_taxes,BTC-USD__fwd_1w,443,-0.08457533605779391,0.07536071457278685,0.025214367669690957,0.9955817789873233,0.16657576939232005,drop
share_excitement_euphoria,^IXIC__fwd_1w,443,-0.08426309086091902,0.07644868217064564,0.005370442298968022,0.9955817789873233,0.0804152463553105,drop
emo_anger_disgust,^GSPC__fwd_1w,443,-0.08379803016288988,0.07809274102536602,0.019469104734329817,0.9955817789873233,0.14068053806764935,drop
emo_anger_disgust,SPY__fwd_1w,443,-0.08141176852604484,0.08698512511633802,0.018662553992062614,0.9955817789873233,0.1379695955841772,drop
emo_anger_disgust,^IXIC__fwd_1w,443,-0.08111789517723063,0.08813445738164284,0.028418502524830306,0.9955817789873233,0.1671015359811112,drop
share_anger_disgust,^GSPC__fwd_1w,443,-0.08055621856868304,0.09036509579453374,0.0727596819179239,0.9955817789873233,0.24423655389746346,drop
share_anger_disgust,SPY__fwd_1w,443,-0.07886434500137417,0.09735874370770475,0.06714366990722544,0.9955817789873233,0.23424842141790447,drop
share_excitement_euphoria,ETH-USD__fwd_1w,443,0.07855474681410472,0.0986840090975455,0.8119665146802546,0.9955817789873233,0.8446083846171493,drop
share_anger_disgust,ETH-USD__fwd_1w,443,-0.07834455326751284,0.09959191524827997,0.44350968534566865,0.9955817789873233,0.5789936783258142,drop
emo_pessimism_despair,GLD__fwd_1w,443,0.07662859301622497,0.10725441574603327,0.10071375959961462,0.9955817789873233,0.28172632752865173,drop
share_optimism_confidence,ETH-USD__fwd_1w,443,0.07634313597985352,0.10857310447707538,0.31418952930700805,0.9955817789873233,0.49083053251432607,drop
emo_confusion_uncertainty,GC=F__fwd_1w,443,0.07619645717768272,0.10925565208549635,0.16701150775425846,0.9955817789873233,0.3626368752286521,drop
cell_fear_anxiety__monetary_policy,^GSPC__fwd_1m,440,0.07555636424849631,0.11350395393958262,0.12646414191545258,0.9955817789873233,0.3143447953240641,drop
cell_fear_anxiety__monetary_policy,SPY__fwd_1m,440,0.07551446683461374,0.11370481008761205,0.12654782420453467,0.9955817789873233,0.3143447953240641,drop
emo_optimism_confidence,ETH-USD__fwd_1w,443,-0.07436402421108734,0.11807044253617151,0.5163945733672795,0.9955817789873233,0.635011940715011,drop
emo_fear_anxiety,ETH-USD__fwd_1w,443,-0.07431531167267216,0.11831214190276955,0.715374299176968,0.9955817789873233,0.7783412050607317,drop
net_valence,^GSPC__fwd_1w,443,0.07382567756129144,0.12076311379688773,0.03311308768918833,0.9955817789873233,0.18360024513380316,drop
emo_confusion_uncertainty,ETH-USD__fwd_1w,443,-0.07315938807200348,0.12416176337477126,0.4175511637337127,0.9955817789873233,0.5597731570232559,drop
emo_anger_disgust,QQQ__fwd_1w,443,-0.07227179050640309,0.12880424243383107,0.027584440862429924,0.9955817789873233,0.1671015359811112,drop
share_excitement_euphoria,^GSPC__fwd_1w,443,-0.07210059188922717,0.12971494659770472,0.0024056386363527586,0.9955817789873233,0.052185434469446366,drop
net_valence,^IXIC__fwd_1w,443,0.0716147811779965,0.1323263897798812,0.05114177462284699,0.9955817789873233,0.20876914221913534,drop
emo_optimism_confidence,^IXIC__fwd_1w,443,-0.07147633833729064,0.13307796198879002,0.06415433446952264,0.9955817789873233,0.2250838514439184,drop
share_excitement_euphoria,SPY__fwd_1w,443,-0.07145077941276616,0.13321707451649448,0.0025511703511460287,0.9955817789873233,0.052185434469446366,drop
emo_pessimism_despair,GC=F__fwd_1w,443,0.07131050619001707,0.1339825538791607,0.07832159408977007,0.9955817789873233,0.24942415348588315,drop
net_valence,SPY__fwd_1w,443,0.0712528821640416,0.1342979923780478,0.03201255194860476,0.9955817789873233,0.17909725009084285,drop
emo_excitement_euphoria,GC=F__fwd_1m,440,0.07095685231890302,0.1372677066943472,0.05225084880685524,0.9955817789873233,0.20876914221913534,drop
emo_optimism_confidence,^GSPC__fwd_1w,443,-0.07036794481170167,0.13921439154602616,0.06752776639445254,0.9955817789873233,0.23427230687684372,drop
emo_excitement_euphoria,GLD__fwd_1m,440,0.0701299140100621,0.1419191615549668,0.02755346847489659,0.9955817789873233,0.1671015359811112,drop
cell_fear_anxiety__monetary_policy,QQQ__fwd_1m,440,0.06991145906070258,0.143167873559999,0.09018242286129895,0.9955817789873233,0.26485335462485576,drop
emo_excitement_euphoria,^VIX__fwd_1w,443,0.06906875763146007,0.1466808776633437,0.0054387123138857334,0.9955817789873233,0.0804152463553105,drop
share_anger_disgust,^IXIC__fwd_1w,443,-0.06863443947196496,0.14924384756119377,0.10718793848593842,0.9955817789873233,0.2919460956130165,drop
cell_fear_anxiety__monetary_policy,^IXIC__fwd_1m,440,0.06859124701551175,0.15089383270470497,0.07948824698266045,0.9955817789873233,0.25056955013315807,drop
emo_excitement_euphoria,^IXIC__fwd_1m,440,-0.06854287175284556,0.15118282638240116,0.01104419264126857,0.9955817789873233,0.11432062604038291,drop
emo_optimism_confidence,SPY__fwd_1w,443,-0.06822381681361492,0.15169817845200348,0.06318923761310072,0.9955817789873233,0.22295748044167926,drop
emo_excitement_euphoria,BTC-USD__fwd_1w,443,-0.06783639500629726,0.15404180804757808,0.11978205523193707,0.9955817789873233,0.30361084203686906,drop
cell_fear_anxiety__markets_themselves,GC=F__fwd_1w,443,0.06569534677828394,0.1674906347182477,0.5456006737305324,0.9955817789873233,0.6591790240985616,drop
emo_confusion_uncertainty,GLD__fwd_1w,443,0.065608764017975,0.16805242747652444,0.11265027706593084,0.9955817789873233,0.2964229748217926,drop
share_excitement_euphoria,BTC-USD__fwd_1w,443,0.06469335382336863,0.1740785784227187,0.6645557185049815,0.9955817789873233,0.7530823014445137,drop
share_fear_anxiety,GC=F__fwd_1w,443,0.06457276874977992,0.1748842312171621,0.01383836706369881,0.9955817789873233,0.11772090337749262,drop
share_fear_anxiety,^VIX__fwd_1w,443,-0.06444520680643086,0.17573951323811227,0.2144997292855873,0.9955817789873233,0.40364949056469607,drop
share_anger_disgust,QQQ__fwd_1w,443,-0.06433214721223424,0.17650015488486961,0.12998674473823502,0.9955817789873233,0.31905837344839505,drop
net_valence,QQQ__fwd_1w,443,0.06367508075365556,0.1809692238564508,0.046020084491734205,0.9955817789873233,0.20876914221913534,drop
net_valence,ETH-USD__fwd_1m,441,0.06342905665114801,0.1836603708213387,0.01837033636754335,0.9955817789873233,0.1379695955841772,drop
emo_anger_disgust,ETH-USD__fwd_1m,441,-0.062935653352005,0.1871003449352479,0.020649791993298517,0.9955817789873233,0.1440845036835773,drop
share_surprise,^IXIC__fwd_1w,443,0.06234902746104556,0.19024245165390527,0.015815457264142806,0.9955817789873233,0.12998576686537558,drop
emo_excitement_euphoria,QQQ__fwd_1m,440,-0.06245952811523569,0.1909709116355208,0.012784677936910363,0.9955817789873233,0.11432062604038291,drop
share_pessimism_despair,^VIX__fwd_1m,440,0.06221678831333893,0.19270446720601977,0.03584605263351553,0.9955817789873233,0.18841899704241558,drop
emo_optimism_confidence,QQQ__fwd_1w,443,-0.061376145640640714,0.19726446384781482,0.07539890199366484,0.9955817789873233,0.24586492527588383,drop
emo_pessimism_despair,ETH-USD__fwd_1m,441,-0.06119251359272683,0.19963300891241478,0.026736736380941425,0.9955817789873233,0.1671015359811112,drop
net_valence,GLD__fwd_1w,443,-0.06084681956942539,0.20116352060554737,0.07562029102688214,0.9955817789873233,0.24586492527588383,drop
share_surprise,QQQ__fwd_1w,443,0.060615161453033355,0.20288744610492046,0.020383335196158026,0.9955817789873233,0.14384149041834243,drop
net_valence,GC=F__fwd_1w,443,-0.0599590474370166,0.20782818285500368,0.10518559115106402,0.9955817789873233,0.2886438565114292,drop
emo_optimism_confidence,BTC-USD__fwd_1m,441,-0.05947091442588712,0.21259993326721588,0.09462576794415463,0.9955817789873233,0.2711582076406995,drop
emo_confusion_uncertainty,ETH-USD__fwd_1m,441,-0.059188258439239604,0.21478552836612727,0.05561133018696525,0.9955817789873233,0.20876914221913534,drop
cell_fear_anxiety__markets_themselves,GLD__fwd_1w,443,0.058426035850406316,0.21970984664210094,0.6612604192530005,0.9955817789873233,0.7507179531190371,drop
cell_anger_disgust__fiscal_taxes,GC=F__fwd_1w,443,-0.05746698674146926,0.22738572155326714,0.04912862648460426,0.9955817789873233,0.20876914221913534,drop
cell_fear_anxiety__markets_themselves,^GSPC__fwd_1w,443,-0.05617578965613798,0.23801813309153633,0.32231495412631767,0.9955817789873233,0.49373588830792037,drop
share_confusion_uncertainty,BTC-USD__fwd_1w,443,0.05563940994869771,0.24253625504306597,0.7722611079953323,0.9955817789873233,0.8127852480685903,drop
emo_excitement_euphoria,^GSPC__fwd_1m,440,-0.05574437721825491,0.24325673969137215,0.008364039577658128,0.9955817789873233,0.09988593418703265,drop
emo_fear_anxiety,BTC-USD__fwd_1w,443,-0.0552598944752201,0.24576914612653206,0.22198688867402497,0.9955817789873233,0.40872066123012074,drop
cell_fear_anxiety__monetary_policy,SPY__fwd_3m,431,0.05589185995556826,0.24691273588228452,0.048926057771107305,0.9955817789873233,0.20876914221913534,drop
cell_fear_anxiety__monetary_policy,^GSPC__fwd_3m,431,0.05569245800707397,0.24860541089610466,0.04637937253592845,0.9955817789873233,0.20876914221913534,drop
emo_pessimism_despair,GLD__fwd_3m,431,0.0556731550185906,0.24876969761089016,0.1479333465047753,0.9955817789873233,0.34278585141591594,drop
emo_excitement_euphoria,SPY__fwd_1m,440,-0.05502884595663202,0.24936864815405685,0.009014505729739084,0.9955817789873233,0.1025918987482409,drop
emo_pessimism_despair,GC=F__fwd_3m,431,0.05480759013903346,0.25621433830211177,0.14185067641055726,0.9955817789873233,0.33621858798074833,drop
emo_confusion_uncertainty,^GSPC__fwd_1w,443,-0.05395382643171661,0.25712448524329495,0.22582581813260816,0.9955817789873233,0.40872066123012074,drop
net_valence,^IXIC__fwd_1m,440,0.054003700701664575,0.2583103087387914,0.002283309434058438,0.9955817789873233,0.052185434469446366,drop
net_valence,GLD__fwd_3m,431,-0.054424230864293655,0.2595603597701918,0.1852978391379847,0.9955817789873233,0.37818610735448155,drop
cell_fear_anxiety__markets_themselves,SPY__fwd_1w,443,-0.05359824681555099,0.26027786678033316,0.3194359326900475,0.9955817789873233,0.49223254144049505,drop
mean_intensity,^GSPC__fwd_1w,443,-0.05296350915751041,0.2659729791455,0.1839340692116757,0.9955817789873233,0.37697378541402843,drop
emo_confusion_uncertainty,BTC-USD__fwd_1m,441,-0.052794231634389795,0.26859500482125487,0.03457889234734087,0.9955817789873233,0.1866007865634407,drop
net_valence,GC=F__fwd_3m,431,-0.05336062598867791,0.2690010849929819,0.2429529394663753,0.9955817789873233,0.42143512683971807,drop
mean_intensity,SPY__fwd_1w,443,-0.05215645817526589,0.2733368005290957,0.1814041407776767,0.9955817789873233,0.37347432240441847,drop
emo_anger_disgust,^IXIC__fwd_1m,440,-0.05211498164175651,0.27535879211446795,0.0026050699976696255,0.9955817789873233,0.052185434469446366,drop
emo_confusion_uncertainty,^IXIC__fwd_1w,443,-0.051769325996307694,0.27691798209106655,0.17141371178853748,0.9955817789873233,0.368331885884712,drop
emo_excitement_euphoria,GLD__fwd_1w,443,0.05099706190814658,0.2841566684313583,0.08229753236467768,0.9955817789873233,0.2568179276304766,drop
emo_pessimism_despair,BTC-USD__fwd_1m,441,-0.051007900076410255,0.2851500526009425,0.05027496044702407,0.9955817789873233,0.20876914221913534,drop
emo_pessimism_despair,^IXIC__fwd_1w,443,-0.05073433317446619,0.2866481527118134,0.14663507211609259,0.9955817789873233,0.34233225482741914,drop
cell_fear_anxiety__monetary_policy,^VIX__fwd_1w,443,-0.050575916025058607,0.28815752321685695,0.40478108459473094,0.9955817789873233,0.5524594583150064,drop
emo_confusion_uncertainty,SPY__fwd_1w,443,-0.05045719350409798,0.28929218550972324,0.21881644364453842,0.9955817789873233,0.4056269000097265,drop
share_fear_anxiety,BTC-USD__fwd_1w,443,0.050364853085924345,0.29017677805373787,0.4086169829524988,0.9955817789873233,0.5540418043962921,drop
share_pessimism_despair,^GSPC__fwd_1w,443,0.05026543864069104,0.29113116367297354,0.12592650140534845,0.9955817789873233,0.3143447953240641,drop
share_anger_disgust,^VIX__fwd_1w,443,0.05007957102461774,0.2929211429129601,0.049248299011360276,0.9955817789873233,0.20876914221913534,drop
share_pessimism_despair,SPY__fwd_1w,443,0.05003161678811093,0.2933841536459763,0.12530652521126917,0.9955817789873233,0.3143447953240641,drop
emo_optimism_confidence,ETH-USD__fwd_1m,441,-0.04992580222355505,0.29550624519770124,0.1897877793910754,0.9955817789873233,0.3814181585820642,drop
emo_confusion_uncertainty,^VIX__fwd_1w,443,0.049786790023221825,0.29575564487055744,0.002526871401255485,0.9955817789873233,0.052185434469446366,drop
emo_fear_anxiety,GC=F__fwd_3m,431,0.05004111322671047,0.29996289137832133,0.11510589382438645,0.9955817789873233,0.29846026072355825,drop
emo_pessimism_despair,^GSPC__fwd_1w,443,-0.04928405656758654,0.3006653190670079,0.10966537994948226,0.9955817789873233,0.2932485616273607,drop
emo_anger_disgust,GLD__fwd_1w,443,0.04888070389499699,0.30464335943204857,0.051219870582880495,0.9955817789873233,0.20876914221913534,drop
emo_anger_disgust,GLD__fwd_3m,431,0.049295667699859054,0.3072291192772217,0.18711523009169825,0.9955817789873233,0.37973384930374054,drop
emo_fear_anxiety,GLD__fwd_3m,431,0.04926718565137295,0.30750903232037585,0.2572997476679185,0.9955817789873233,0.43156008309472915,drop
share_pessimism_despair,^IXIC__fwd_1w,443,0.0479401661754987,0.3140540252565317,0.08753138214382099,0.9955817789873233,0.26316404908818186,drop
emo_anger_disgust,GC=F__fwd_1w,443,0.04793971620050091,0.3140585726632742,0.07547286702280608,0.9955817789873233,0.24586492527588383,drop
share_fear_anxiety,GC=F__fwd_1m,440,-0.047961353070714516,0.3154934725193397,0.00908623901957045,0.9955817789873233,0.1025918987482409,drop
cell_fear_anxiety__markets_themselves,BTC-USD__fwd_1w,443,-0.047611122943090264,0.31739083096809984,0.3899341856940667,0.9955817789873233,0.5415940913303573,drop
emo_anger_disgust,GC=F__fwd_3m,431,0.04822052489103988,0.3179119643229264,0.25088455085321876,0.9955817789873233,0.4256811641525925,drop
cell_optimism_confidence__growth_gdp,GLD__fwd_1m,440,-0.04761446160958888,0.3190104133018631,0.07192468504522355,0.9955817789873233,0.24407229187477503,drop
mean_intensity,ETH-USD__fwd_1w,443,-0.047323155055170985,0.32033003261131426,0.05614242632946151,0.9955817789873233,0.20876914221913534,drop
emo_pessimism_despair,^IXIC__fwd_1m,440,-0.047332337481454524,0.32188949944249906,0.006457475374283159,0.9955817789873233,0.08526348196296557,drop
emo_surprise,GLD__fwd_1w,443,0.046624865702480534,0.3275306561280989,0.3387381084910375,0.9955817789873233,0.5068828081275526,drop
emo_pessimism_despair,QQQ__fwd_1w,443,-0.046359290549030284,0.33029648683286855,0.11224375204569549,0.9955817789873233,0.2964229748217926,drop
emo_pessimism_despair,SPY__fwd_1w,443,-0.046310883113901184,0.3308022444912553,0.10551071727551438,0.9955817789873233,0.2886438565114292,drop
emo_fear_anxiety,ETH-USD__fwd_1m,441,-0.046393201821409775,0.3310427969393406,0.08795928199417605,0.9955817789873233,0.26316404908818186,drop
net_valence,ETH-USD__fwd_3m,432,0.04615827562590734,0.33851059160920505,0.011610764613486521,0.9955817789873233,0.11432062604038291,drop
net_valence,QQQ__fwd_1m,440,0.04555738028190889,0.34038928112658895,0.0034993622698489333,0.9955817789873233,0.0609063437031136,drop
cell_optimism_confidence__corporate_earnings,GLD__fwd_1m,440,0.045458338338453246,0.3414411799130066,0.5124294395295081,0.9955817789873233,0.6349397437595659,drop
emo_confusion_uncertainty,GC=F__fwd_3m,431,0.045594446584957586,0.34501251333160904,0.12521310090421547,0.9955817789873233,0.3143447953240641,drop
emo_fear_anxiety,BTC-USD__fwd_1m,441,-0.04504422444100342,0.3453111769997846,0.18937110098360443,0.9955817789873233,0.3814181585820642,drop
cell_fear_anxiety__monetary_policy,GC=F__fwd_3m,431,0.044873288924811794,0.3527043931072815,0.05508103521601846,0.9955817789873233,0.20876914221913534,drop
emo_optimism_confidence,^IXIC__fwd_1m,440,-0.044380127580672626,0.3530264741613965,0.07078002777120951,0.9955817789873233,0.24150767717539068,drop
share_fear_anxiety,GLD__fwd_1m,440,-0.04426230266601258,0.35430734209353243,0.019482328943345967,0.9955817789873233,0.14068053806764935,drop
emo_anger_disgust,ETH-USD__fwd_3m,432,-0.04459171588230849,0.35517607642196636,0.012210801783852872,0.9955817789873233,0.11432062604038291,drop
emo_confusion_uncertainty,^IXIC__fwd_1m,440,-0.04417129798837468,0.35529864849429654,0.05553102597656756,0.9955817789873233,0.20876914221913534,drop
cell_fear_anxiety__inflation,^VIX__fwd_1w,443,-0.04398607615013961,0.35567836603118,0.020061857257675255,0.9955817789873233,0.14320015352892337,drop
emo_excitement_euphoria,GC=F__fwd_1w,443,0.04386641063937937,0.35698986623099344,0.12741545856186393,0.9955817789873233,0.3152390428960856,drop
cell_fear_anxiety__markets_themselves,ETH-USD__fwd_1w,443,-0.043770302207965094,0.3580453827069153,0.5426661108687354,0.9955817789873233,0.6569116078937323,drop
emo_anger_disgust,QQQ__fwd_1m,440,-0.043721109573862015,0.3602281308036486,0.0035308025335138316,0.9955817789873233,0.0609063437031136,drop
emo_surprise,BTC-USD__fwd_1m,441,-0.043290590691917936,0.36443458650829696,0.049434563509348065,0.9955817789873233,0.20876914221913534,drop
emo_pessimism_despair,ETH-USD__fwd_3m,432,-0.043624359699918756,0.3657203393733787,0.02877203849455073,0.9955817789873233,0.1671015359811112,drop
share_fear_anxiety,^VIX__fwd_1m,440,-0.04312348383730996,0.3668377727734556,0.053173803170919125,0.9955817789873233,0.20876914221913534,drop
share_confusion_uncertainty,GLD__fwd_1m,440,-0.043117539904983376,0.3669038878239673,0.22640886870074323,0.9955817789873233,0.40872066123012074,drop
emo_excitement_euphoria,^IXIC__fwd_3m,431,-0.04336075729827298,0.3691850887110609,0.0008507628796308012,0.9955817789873233,0.03107786754416044,drop
emo_fear_anxiety,ETH-USD__fwd_3m,432,-0.04320267603858953,0.3703770337242411,0.030026471351840462,0.9955817789873233,0.1710682450412195,drop
cell_fear_anxiety__monetary_policy,^VIX__fwd_1m,440,-0.042729426147301776,0.37123693397554053,0.4557294627356777,0.9955817789873233,0.5883742128042742,drop
emo_confusion_uncertainty,QQQ__fwd_1w,443,-0.04252794493900881,0.37186533347886913,0.1728184134165109,0.9955817789873233,0.3700147630628954,drop
net_valence,BTC-USD__fwd_1m,441,0.04258765663049982,0.3722818093159667,0.09486061684162762,0.9955817789873233,0.2711582076406995,drop
cell_fear_anxiety__monetary_policy,^IXIC__fwd_3m,431,0.04306592415710248,0.3724523341259186,0.03940222952104888,0.9955817789873233,0.19893320758188096,drop
emo_confusion_uncertainty,GLD__fwd_3m,431,0.04253930611526143,0.3783324068111734,0.15134787620874104,0.9955817789873233,0.3481001152801044,drop
cell_fear_anxiety__monetary_policy,GLD__fwd_3m,431,0.042476233404671514,0.3790404592781342,0.07638450390927363,0.9955817789873233,0.24688385326103907,drop
cell_optimism_confidence__corporate_earnings,GC=F__fwd_1m,440,0.0420312809492233,0.37911054335936806,0.8404629891409462,0.9955817789873233,0.8620953814878599,drop
emo_anger_disgust,BTC-USD__fwd_1m,441,-0.04196987474169889,0.37926391534572473,0.10369884635242335,0.9955817789873233,0.2874865338609594,drop
cell_anger_disgust__fiscal_taxes,GLD__fwd_1w,443,-0.04168721229048578,0.38140205931204996,0.06003906892133108,0.9955817789873233,0.2167689639543407,drop
emo_fear_anxiety,^IXIC__fwd_1m,440,-0.04174343861771286,0.38238639054450707,0.028421939849966125,0.9955817789873233,0.1671015359811112,drop
cell_fear_anxiety__monetary_policy,QQQ__fwd_3m,431,0.04208378712449101,0.38346428165018365,0.05747127161434112,0.9955817789873233,0.2111814181805079,drop
cell_anger_disgust__fiscal_taxes,ETH-USD__fwd_1m,441,-0.04134356814795716,0.3864237243377863,0.05260252797794333,0.9955817789873233,0.20876914221913534,drop
share_confusion_uncertainty,^GSPC__fwd_1w,443,0.04104799369933611,0.38875210183664144,0.02997311575566685,0.9955817789873233,0.1710682450412195,drop
cell_fear_anxiety__markets_themselves,^IXIC__fwd_1w,443,-0.040974411155683864,0.3896036703935709,0.3690736839791396,0.9955817789873233,0.5268845005771166,drop
share_pessimism_despair,QQQ__fwd_1w,443,0.04089133318574697,0.390566487064689,0.13170692814455703,0.9955817789873233,0.3207451073638036,drop
cell_anger_disgust__fiscal_taxes,^IXIC__fwd_3m,431,-0.04144231481489603,0.3907627283593458,0.05353214749552262,0.9955817789873233,0.20876914221913534,drop
share_optimism_confidence,^VIX__fwd_1w,443,-0.040682464055419386,0.3929934936930423,0.3658063258500379,0.9955817789873233,0.5268845005771166,drop
share_fear_anxiety,GLD__fwd_1w,443,0.04033616921083009,0.3970373648895699,0.02790752525953908,0.9955817789873233,0.1671015359811112,drop
emo_anger_disgust,^VIX__fwd_1w,443,0.040191952708253445,0.3987288103786068,0.00021462555863920307,0.9955817789873233,0.020717185753080215,drop
emo_surprise,ETH-USD__fwd_1m,441,-0.04027849679658491,0.3987866363829498,0.025181101762551502,0.9955817789873233,0.16657576939232005,drop
cell_anger_disgust__fiscal_taxes,QQQ__fwd_3m,431,-0.0406823215484839,0.3995176549684559,0.05540439103693959,0.9955817789873233,0.20876914221913534,drop
share_confusion_uncertainty,SPY__fwd_1w,443,0.03999936177847871,0.40099434644570425,0.02879205209336376,0.9955817789873233,0.1671015359811112,drop
emo_excitement_euphoria,QQQ__fwd_3m,431,-0.040030270896472646,0.4071220235976399,0.0021783984009664985,0.9955817789873233,0.052185434469446366,drop
cell_fear_anxiety__markets_themselves,GC=F__fwd_1m,440,0.039358683923355835,0.4101865653976062,0.08823531249709377,0.9955817789873233,0.26316404908818186,drop
emo_pessimism_despair,QQQ__fwd_1m,440,-0.038707951018931645,0.4179753954371785,0.009042823106932718,0.9955817789873233,0.1025918987482409,drop
share_confusion_uncertainty,GC=F__fwd_1m,440,-0.03796125529075724,0.42701893304147237,0.31582009914259357,0.9955817789873233,0.49083053251432607,drop
emo_pessimism_despair,^VIX__fwd_1w,443,0.0376729018300546,0.42896535450439177,0.003934730075804686,0.9955817789873233,0.06603965883985703,drop
emo_confusion_uncertainty,ETH-USD__fwd_3m,432,-0.03803560526912848,0.43037503623212,0.039104044639258595,0.9955817789873233,0.19893320758188096,drop
emo_optimism_confidence,^VIX__fwd_1w,443,0.037370582084104015,0.4326813471445389,0.01823729093866924,0.9955817789873233,0.1379695955841772,drop
emo_excitement_euphoria,^VIX__fwd_1m,440,0.036844773112356184,0.4407509334489182,0.03840034911826828,0.9955817789873233,0.19872180668703834,drop
mean_intensity,^IXIC__fwd_1w,443,-0.03668147814394469,0.44122059248468803,0.22535792775558658,0.9955817789873233,0.40872066123012074,drop
cell_anger_disgust__fiscal_taxes,BTC-USD__fwd_1m,441,-0.03666646167024674,0.44244641918500244,0.06280166536161891,0.9955817789873233,0.22285619536894483,drop
share_fear_anxiety,QQQ__fwd_1m,440,0.036648177283026495,0.44319478837442383,0.046128898663966696,0.9955817789873233,0.20876914221913534,drop
emo_surprise,GC=F__fwd_1w,443,0.03643219413733125,0.44433321241466617,0.3561402361895625,0.9955817789873233,0.5179463388143286,drop
emo_optimism_confidence,GC=F__fwd_1w,443,0.03629789474965785,0.4460152700167318,0.13106683423862323,0.9955817789873233,0.3204429293786812,drop
cell_optimism_confidence__growth_gdp,BTC-USD__fwd_1m,441,-0.03635205413192025,0.4463714896049799,0.3048645944136611,0.9955817789873233,0.48173260338647206,drop
share_excitement_euphoria,QQQ__fwd_1m,440,-0.03591511660634507,0.4523751011669536,0.08718226492950439,0.9955817789873233,0.26316404908818186,drop
cell_optimism_confidence__growth_gdp,GC=F__fwd_1m,440,-0.035803101178093134,0.45378727081197606,0.16838259530629607,0.9955817789873233,0.3630749711292009,drop
net_valence_mean,^VIX__fwd_1w,443,-0.03531515803529951,0.45843317364922276,0.40846227263885393,0.9955817789873233,0.5540418043962921,drop
emo_surprise,ETH-USD__fwd_3m,432,-0.03575398739608312,0.45856214820136754,0.08854333331110532,0.9955817789873233,0.26316404908818186,drop
share_confusion_uncertainty,^IXIC__fwd_1w,443,0.03505932146964668,0.4616973474047329,0.04296156444144471,0.9955817789873233,0.20876914221913534,drop
net_valence,^VIX__fwd_1w,443,-0.03505876967639811,0.46170440158858544,0.0002311656249211172,0.9955817789873233,0.020717185753080215,drop
cell_fear_anxiety__inflation,BTC-USD__fwd_1m,441,-0.034991636017690876,0.46358082310717014,0.15845137468924322,0.9955817789873233,0.35522853314808683,drop
mean_intensity,GLD__fwd_3m,431,0.03501957468275443,0.4683683888409831,0.9900554249274283,0.9955817789873233,0.9900554249274283,drop
emo_optimism_confidence,ETH-USD__fwd_3m,432,-0.03472745956013453,0.4715726840259149,0.045996839148224285,0.9955817789873233,0.20876914221913534,drop
cell_optimism_confidence__growth_gdp,SPY__fwd_1w,443,-0.034142688508207855,0.4734980538241014,0.17960173727852022,0.9955817789873233,0.37347432240441847,drop
cell_fear_anxiety__markets_themselves,^IXIC__fwd_1m,440,-0.034117982305889506,0.4753280543229487,0.40663874609389933,0.9955817789873233,0.5537777660620865,drop
emo_pessimism_despair,^VIX__fwd_1m,440,0.03410329405047594,0.47551823928793896,0.02477930881010538,0.9955817789873233,0.16657576939232005,drop
net_valence_mean,ETH-USD__fwd_1m,441,0.033940369157952725,0.4771278014483831,0.03523400368421827,0.9955817789873233,0.18701125032392774,drop
share_confusion_uncertainty,BTC-USD__fwd_1m,441,0.03392167592114345,0.47737062706735284,0.24642531613260954,0.9955817789873233,0.42311556854210886,drop
cell_fear_anxiety__inflation,^VIX__fwd_1m,440,-0.03370257099299022,0.48072285518492547,0.0878421990825557,0.9955817789873233,0.26316404908818186,drop
emo_confusion_uncertainty,QQQ__fwd_1m,440,-0.0335164138483023,0.483151155029584,0.056023364122375845,0.9955817789873233,0.20876914221913534,drop
mean_intensity,GC=F__fwd_3m,431,0.03364672729589004,0.4859950001129738,0.9323685936527694,0.9955817789873233,0.9399365205493017,drop
share_confusion_uncertainty,QQQ__fwd_1w,443,0.033179824455363785,0.4860699073800291,0.02486766908822793,0.9955817789873233,0.16657576939232005,drop
share_fear_anxiety,^IXIC__fwd_1m,440,0.033293176312957105,0.4860718752211564,0.033721924233103995,0.9955817789873233,0.18369574516454018,drop
emo_optimism_confidence,QQQ__fwd_1m,440,-0.0332498556803705,0.4866397597020463,0.056483864909101844,0.9955817789873233,0.20878857207471577,drop
share_excitement_euphoria,^GSPC__fwd_1m,440,-0.03317753893428952,0.4875885460342675,0.22344792280484538,0.9955817789873233,0.40872066123012074,drop
emo_excitement_euphoria,BTC-USD__fwd_1m,441,-0.03303829588611922,0.48892224759121516,0.6303119729162737,0.9955817789873233,0.7262035903172653,drop
share_fear_anxiety,ETH-USD__fwd_1w,443,0.03292764348910949,0.4893920487870629,0.2700415648574863,0.9955817789873233,0.44481647686074005,drop
emo_excitement_euphoria,^GSPC__fwd_3m,431,-0.03327321047865086,0.4908518925145059,0.002025642662159005,0.9955817789873233,0.052185434469446366,drop
share_excitement_euphoria,SPY__fwd_1m,440,-0.03289763522218853,0.4912702066201178,0.23905711640000935,0.9955817789873233,0.4162847424418622,drop
cell_optimism_confidence__growth_gdp,^GSPC__fwd_1w,443,-0.03264454398651923,0.4931359680111847,0.1799568807148434,0.9955817789873233,0.37347432240441847,drop
emo_excitement_euphoria,ETH-USD__fwd_3m,432,-0.03305170406525897,0.4932407016774933,0.1675961955807449,0.9955817789873233,0.36263845803359784,drop
emo_fear_anxiety,QQQ__fwd_1m,440,-0.03239446026435915,0.497925862298282,0.04163100710340095,0.9955817789873233,0.20817930396503914,drop
share_excitement_euphoria,GC=F__fwd_1m,440,0.03235437346388714,0.49845815215172223,0.10909517027719456,0.9955817789873233,0.2932485616273607,drop
share_excitement_euphoria,^IXIC__fwd_1m,440,-0.032205100161220364,0.5004429167651598,0.15247818314949477,0.9955817789873233,0.3494057259624954,drop
share_anger_disgust,^VIX__fwd_1m,440,-0.03213208999347265,0.5014151918280205,0.1428946568598444,0.9955817789873233,0.3374052544105071,drop
share_confusion_uncertainty,ETH-USD__fwd_1m,441,0.03180363011374799,0.5053157302616931,0.32533700520719516,0.9955817789873233,0.49518205939624554,drop
net_valence,^GSPC__fwd_1m,440,0.03175623872668497,0.5064361303790896,0.000372525460421701,0.9955817789873233,0.020717185753080215,drop
emo_excitement_euphoria,SPY__fwd_3m,431,-0.032018669209413035,0.5073533462021058,0.002545655015984218,0.9955817789873233,0.052185434469446366,drop
net_valence,SPY__fwd_1m,440,0.03167715210086851,0.5074959816191125,0.0003712393535387832,0.9955817789873233,0.020717185753080215,drop
emo_optimism_confidence,GLD__fwd_1w,443,0.03154867501459278,0.5077715540978887,0.19538236873106077,0.9955817789873233,0.38640907956047366,drop
emo_anger_disgust,SPY__fwd_1m,440,-0.0314727404787282,0.5102406983707778,0.0005632025388083565,0.9955817789873233,0.021859298537499336,drop
emo_anger_disgust,^GSPC__fwd_1m,440,-0.03141953905193914,0.5109563220503184,0.0005592923901384878,0.9955817789873233,0.021859298537499336,drop
cell_fear_anxiety__markets_themselves,GC=F__fwd_3m,431,0.03167715671728089,0.5118951372465517,0.19476712085634904,0.9955817789873233,0.38640907956047366,drop
share_excitement_euphoria,GLD__fwd_1m,440,0.03069146062952206,0.5208021219030761,0.09142237913676089,0.9955817789873233,0.26529578244826413,drop
net_valence_mean,^GSPC__fwd_1w,443,0.03042378835196918,0.5230276572670396,0.10913738347918853,0.9955817789873233,0.2932485616273607,drop
emo_confusion_uncertainty,^VIX__fwd_1m,440,0.030525016845124122,0.5230665386679006,0.030390693819975702,0.9955817789873233,0.1715692805654992,drop
net_valence_mean,BTC-USD__fwd_1w,443,0.030278000655242634,0.5250219084197691,0.8267156460883575,0.9955817789873233,0.8499841328160099,drop
share_anger_disgust,GC=F__fwd_1m,440,0.030135200078610206,0.5283895187716271,0.6513762190919982,0.9955817789873233,0.7422103340479466,drop
net_valence_mean,GLD__fwd_3m,431,-0.03037325825385764,0.529428206945196,0.7403076163830644,0.9955817789873233,0.788188774480558,drop
share_fear_anxiety,ETH-USD__fwd_1m,441,0.02994676850430095,0.5305032671868254,0.0010897415420801425,0.9955817789873233,0.03759608320176491,drop
cell_fear_anxiety__inflation,^IXIC__fwd_1w,443,0.029841490340191134,0.5310161035113917,0.006590414064770286,0.9955817789873233,0.08526348196296557,drop
cell_optimism_confidence__corporate_earnings,ETH-USD__fwd_1w,443,-0.029730195276808674,0.5325499331249374,0.984306696629832,0.9955817789873233,0.9858942880760091,drop
net_valence_mean,GC=F__fwd_3m,431,-0.030082257809119717,0.5333823152606779,0.8689168929224101,0.9955817789873233,0.883138118665821,drop
cell_fear_anxiety__inflation,QQQ__fwd_1w,443,0.029356012929772808,0.5377231173869111,0.0046081906133755455,0.9955817789873233,0.07337657361297983,drop
emo_anger_disgust,^IXIC__fwd_3m,431,-0.029673155652116902,0.5389662316581044,0.18162519382630335,0.9955817789873233,0.37347432240441847,drop
emo_optimism_confidence,^IXIC__fwd_3m,431,-0.02956826424303171,0.5404026034384256,0.2051367248491806,0.9955817789873233,0.3936155170723613,drop
cell_fear_anxiety__markets_themselves,^GSPC__fwd_1m,440,-0.02895037431643162,0.5447354481819403,0.19535113445046268,0.9955817789873233,0.38640907956047366,drop
share_optimism_confidence,GLD__fwd_1m,440,-0.028894934421911753,0.5455063870493935,0.301064081219459,0.9955817789873233,0.4781605995838466,drop
cell_fear_anxiety__markets_themselves,QQQ__fwd_1w,443,-0.02877484671203933,0.5458074668016336,0.4108585136066109,0.9955817789873233,0.5558674007618853,drop
share_anger_disgust,GLD__fwd_1m,440,0.028571065488463734,0.5500208119585235,0.719228798860914,0.9955817789873233,0.7808410561059923,drop
net_valence_mean,SPY__fwd_1w,443,0.028373570407215182,0.5514242858544968,0.10465184705431618,0.9955817789873233,0.2886438565114292,drop
share_optimism_confidence,^GSPC__fwd_1m,440,-0.02833422814794351,0.5533336688037942,0.3378355901325591,0.9955817789873233,0.5068828081275526,drop
share_fear_anxiety,^GSPC__fwd_1m,440,0.028234835691050446,0.554726857492561,0.05022929960416237,0.9955817789873233,0.20876914221913534,drop
cell_fear_anxiety__markets_themselves,GLD__fwd_3m,431,0.028474440000326763,0.5554940322137055,0.22490759919046738,0.9955817789873233,0.40872066123012074,drop
cell_fear_anxiety__markets_themselves,ETH-USD__fwd_3m,432,-0.028431589689903024,0.5556288774476985,0.04313656001518703,0.9955817789873233,0.20876914221913534,drop
share_fear_anxiety,SPY__fwd_1m,440,0.028027968960345595,0.5576319873373906,0.04741620293401658,0.9955817789873233,0.20876914221913534,drop
cell_optimism_confidence__corporate_earnings,BTC-USD__fwd_1w,443,-0.02784058382867926,0.5589282130639481,0.5687844857596432,0.9955817789873233,0.6715117217808716,drop
share_optimism_confidence,SPY__fwd_1m,440,-0.0278430044425495,0.5602357664691786,0.3134887619801979,0.9955817789873233,0.49083053251432607,drop
cell_fear_anxiety__markets_themselves,^VIX__fwd_1w,443,-0.027503637940707322,0.5636974403926879,0.16096989130564332,0.9955817789873233,0.35883530223533133,drop
cell_fear_anxiety__inflation,^GSPC__fwd_3m,431,0.027828920413735348,0.5644954331831192,0.06829412825521561,0.9955817789873233,0.23561474248049383,drop
cell_fear_anxiety__inflation,SPY__fwd_3m,431,0.027796689835272604,0.5649466972571404,0.07425707954186647,0.9955817789873233,0.2452853531675483,drop
share_pessimism_despair,BTC-USD__fwd_1m,441,-0.027472392052024015,0.5650265881928122,0.5274302616914956,0.9955817789873233,0.6447523474614544,drop
share_confusion_uncertainty,GLD__fwd_1w,443,-0.02723299559812023,0.5675422867827438,0.3751814752864305,0.9955817789873233,0.5307236814416249,drop
share_fear_anxiety,^GSPC__fwd_3m,431,0.027594979159797126,0.5677747912089764,0.05486732105792917,0.9955817789873233,0.20876914221913534,drop
cell_fear_anxiety__markets_themselves,ETH-USD__fwd_1m,441,-0.027167050324445028,0.5693602891646685,0.7642326758954621,0.9955817789873233,0.8071232852569421,drop
cell_fear_anxiety__markets_themselves,SPY__fwd_1m,440,-0.027166904449326942,0.569802990829,0.1857435792964845,0.9955817789873233,0.37818610735448155,drop
emo_optimism_confidence,GC=F__fwd_3m,431,0.02740252578209333,0.5704793715634829,0.5605533386031758,0.9955817789873233,0.6668651786830885,drop
share_anger_disgust,ETH-USD__fwd_1m,441,-0.027033247927267356,0.5712643104869105,0.03485618557384722,0.9955817789873233,0.1866007865634407,drop
cell_fear_anxiety__markets_themselves,QQQ__fwd_1m,440,-0.027006568758400292,0.5720831790848664,0.46265719172189024,0.9955817789873233,0.593212676500651,drop
emo_surprise,^VIX__fwd_1w,443,-0.0267076205385133,0.5750414843359862,0.21521953952468248,0.9955817789873233,0.40378046539222906,drop
emo_excitement_euphoria,ETH-USD__fwd_1m,441,-0.026678436909387464,0.576327873289503,0.7932295927179547,0.9955817789873233,0.8292854832960435,drop
share_anger_disgust,BTC-USD__fwd_1w,443,-0.02661709137155659,0.5763383975338496,0.4642533990005095,0.9955817789873233,0.593212676500651,drop
share_fear_anxiety,SPY__fwd_3m,431,0.02682908290089486,0.5785741254050356,0.05956936075601776,0.9955817789873233,0.21655049140379956,drop
emo_optimism_confidence,QQQ__fwd_3m,431,-0.02674176253435863,0.5798114485206906,0.26690045640241994,0.9955817789873233,0.44435706012306375,drop
emo_optimism_confidence,GLD__fwd_3m,431,0.026619103947213285,0.5815515971628905,0.7118789138593615,0.9955817789873233,0.7783412050607317,drop
cell_fear_anxiety__markets_themselves,GLD__fwd_1m,440,0.02613797108882257,0.5845103038134323,0.1152694727069475,0.9955817789873233,0.29846026072355825,drop
share_optimism_confidence,^IXIC__fwd_1m,440,-0.026111110498126974,0.5848965880758645,0.6735142566999482,0.9955817789873233,0.7536078439831854,drop
share_optimism_confidence,GC=F__fwd_1m,440,-0.026088215782567672,0.5852259321078045,0.2751316100034658,0.9955817789873233,0.4502706403992467,drop
mean_intensity,QQQ__fwd_1w,443,-0.025895269965820544,0.5867280189209505,0.2708775986795651,0.9955817789873233,0.4450131978307141,drop
emo_anger_disgust,QQQ__fwd_3m,431,-0.026112837008345692,0.5887595914700844,0.26923197130715026,0.9955817789873233,0.44481647686074005,drop
net_valence,^IXIC__fwd_3m,431,0.026025648600265027,0.590005076810047,0.24682411348759592,0.9955817789873233,0.42311556854210886,drop
share_optimism_confidence,ETH-USD__fwd_1m,441,0.025683883195942534,0.590632631098105,0.04850657602676241,0.9955817789873233,0.20876914221913534,drop
share_optimism_confidence,GC=F__fwd_3m,431,-0.025962142201309234,0.5909130256054865,0.8584993701002115,0.9955817789873233,0.8754156138460284,drop
emo_surprise,GLD__fwd_3m,431,0.025857318193186256,0.5924130900566648,0.34178667326940354,0.9955817789873233,0.5089916645091117,drop
emo_confusion_uncertainty,^GSPC__fwd_1m,440,-0.025525174297441056,0.593352251120152,0.012886382967514983,0.9955817789873233,0.11432062604038291,drop
share_optimism_confidence,GLD__fwd_3m,431,-0.025753096397045785,0.5939062600204058,0.8198153909163337,0.9955817789873233,0.8485089295984054,drop
cell_anger_disgust__fiscal_taxes,SPY__fwd_1m,440,0.02539985926436504,0.5951678924750179,0.00021548227125551614,0.9955817789873233,0.020717185753080215,drop
emo_surprise,GC=F__fwd_3m,431,0.025517437502844815,0.5972888189524497,0.3165472275100538,0.9955817789873233,0.49083053251432607,drop
cell_fear_anxiety__inflation,QQQ__fwd_3m,431,0.025335809723423714,0.5999017768469577,0.2566038700767251,0.9955817789873233,0.43156008309472915,drop
cell_anger_disgust__fiscal_taxes,^GSPC__fwd_3m,431,-0.025289029400083336,0.6005756081194465,0.18911300359329442,0.9955817789873233,0.3814181585820642,drop
cell_optimism_confidence__corporate_earnings,GC=F__fwd_1w,443,-0.02479277866776649,0.6027616135293759,0.17371253225490463,0.9955817789873233,0.3700147630628954,drop
cell_anger_disgust__fiscal_taxes,^GSPC__fwd_1m,440,0.02474192509988736,0.6047416359586422,0.00018410409654279848,0.9955817789873233,0.020717185753080215,drop
emo_confusion_uncertainty,SPY__fwd_1m,440,-0.02464976712378093,0.6060881253042416,0.012530896520660693,0.9955817789873233,0.11432062604038291,drop
emo_pessimism_despair,^GSPC__fwd_1m,440,-0.024480489638021626,0.6085648577405622,0.0003145390980498095,0.9955817789873233,0.020717185753080215,drop
net_valence,^VIX__fwd_1m,440,-0.024322053659140988,0.6108870266761712,0.016288765672131406,0.9955817789873233,0.13014562321348885,drop
emo_surprise,SPY__fwd_1w,443,0.024032477407586305,0.6139319308524118,0.8234372585634697,0.9955817789873233,0.8494261421393932,drop
cell_anger_disgust__fiscal_taxes,^VIX__fwd_3m,431,0.024333519367734622,0.6144128191275173,0.11899819900869003,0.9955817789873233,0.30361084203686906,drop
emo_excitement_euphoria,GLD__fwd_3m,431,0.02426457838965462,0.6154165789643324,0.6815776118192641,0.9955817789873233,0.7585299228311165,drop
emo_pessimism_despair,SPY__fwd_1m,440,-0.023986829178451477,0.6158132100711222,0.00030393476208841023,0.9955817789873233,0.020717185753080215,drop
share_confusion_uncertainty,GC=F__fwd_1w,443,-0.023854278171597288,0.6165631268358719,0.3877061950988091,0.9955817789873233,0.5415940913303573,drop
share_optimism_confidence,^VIX__fwd_1m,440,0.023932259666401393,0.6166167618797914,0.6377752532353698,0.9955817789873233,0.7320858267267368,drop
cell_anger_disgust__fiscal_taxes,SPY__fwd_3m,431,-0.02414662690678848,0.6171355804105991,0.1996125938557383,0.9955817789873233,0.391039182285216,drop
emo_optimism_confidence,^GSPC__fwd_1m,440,-0.023805811299763,0.618480509228564,0.006410941709074616,0.9955817789873233,0.08526348196296557,drop
mean_intensity,ETH-USD__fwd_1m,441,-0.023720633544539804,0.619337554471533,0.15667541868774967,0.9955817789873233,0.3545881204076102,drop
emo_surprise,^GSPC__fwd_1w,443,0.02357910270210392,0.6206358726876905,0.7999396589181424,0.9955817789873233,0.8348950053582629,drop
emo_optimism_confidence,SPY__fwd_1m,440,-0.023234939865368728,0.6269250387977665,0.006455276479061748,0.9955817789873233,0.08526348196296557,drop
share_surprise,^VIX__fwd_1m,440,-0.023059704470254832,0.6295270545226984,0.08676382462304642,0.9955817789873233,0.26316404908818186,drop
share_optimism_confidence,QQQ__fwd_1m,440,-0.022984779435769563,0.6306409956152718,0.6668758606433346,0.9955817789873233,0.7536078439831854,drop
emo_excitement_euphoria,ETH-USD__fwd_1w,443,-0.022892914019283086,0.6308422449935143,0.5186749660721494,0.9955817789873233,0.6365556401794561,drop
cell_optimism_confidence__corporate_earnings,^VIX__fwd_3m,431,0.022472341713469506,0.6417582953792872,0.43663566590340197,0.9955817789873233,0.5725397437204076,drop
share_fear_anxiety,QQQ__fwd_3m,431,0.022383990098559743,0.6430689164109701,0.14994705389237506,0.9955817789873233,0.3461602991344421,drop
cell_optimism_confidence__growth_gdp,^VIX__fwd_3m,431,0.022312812405062967,0.6441255828121571,0.06140410660683145,0.9955817789873233,0.219149139096795,drop
share_excitement_euphoria,ETH-USD__fwd_1m,441,0.021856893859148144,0.6471343950529221,0.11084775158520761,0.9955817789873233,0.2941728792068971,drop
emo_pessimism_despair,GLD__fwd_1m,440,0.021863547358635146,0.6474096318188233,0.4509298153977561,0.9955817789873233,0.5851830772052926,drop
share_excitement_euphoria,GLD__fwd_1w,443,0.021652145867580855,0.6494757141456172,0.2978243884646486,0.9955817789873233,0.4754471599911228,drop
emo_surprise,^IXIC__fwd_1m,440,-0.021699641146012954,0.6498762154710666,0.21755471520194772,0.9955817789873233,0.4049077371269973,drop
net_valence,QQQ__fwd_3m,431,0.02184319097873859,0.6511152255286202,0.3492242044977271,0.9955817789873233,0.5139057606471292,drop
share_pessimism_despair,ETH-USD__fwd_1w,443,0.021406938411419628,0.6531846542904878,0.5509397164375388,0.9955817789873233,0.6610309791703293,drop
emo_anger_disgust,^VIX__fwd_1m,440,0.021256655590209714,0.6565616913201079,0.013716829638380562,0.9955817789873233,0.11772090337749262,drop
cell_fear_anxiety__inflation,^IXIC__fwd_3m,431,0.021393122355157144,0.6578426665787376,0.20536461760297112,0.9955817789873233,0.3936155170723613,drop
share_confusion_uncertainty,^VIX__fwd_1w,443,-0.021075960795192944,0.6582044913872442,0.013818105427581885,0.9955817789873233,0.11772090337749262,drop
cell_anger_disgust__fiscal_taxes,^VIX__fwd_1m,440,-0.021138677454248862,0.6583468597979587,0.007290320955259715,0.9955817789873233,0.09054578626432568,drop
share_optimism_confidence,GC=F__fwd_1w,443,-0.02104696160004945,0.6586450500960168,0.15702372481818486,0.9955817789873233,0.3545881204076102,drop
cell_optimism_confidence__corporate_earnings,^VIX__fwd_1m,440,-0.021060882249021022,0.6595250698638793,0.23109022173830304,0.9955817789873233,0.41002007914138916,drop
cell_fear_anxiety__monetary_policy,BTC-USD__fwd_1w,443,0.020938943226952413,0.6602871144678698,0.4715614527175901,0.9955817789873233,0.5984680275972116,drop
cell_optimism_confidence__corporate_earnings,ETH-USD__fwd_1m,441,-0.020729157682494753,0.6641987827022645,0.3996969545964989,0.9955817789873233,0.5500498510619651,drop
cell_fear_anxiety__monetary_policy,ETH-USD__fwd_1w,443,-0.020592934844451186,0.6655579874782462,0.07334660348726577,0.9955817789873233,0.24488301486877442,drop
emo_pessimism_despair,GC=F__fwd_1m,440,0.020575191674015815,0.6668998100147896,0.30307538440189324,0.9955817789873233,0.480127075799938,drop
share_fear_anxiety,^IXIC__fwd_3m,431,0.020663859778148056,0.6688020411353917,0.10872771838515666,0.9955817789873233,0.2932485616273607,drop
net_valence_mean,GC=F__fwd_1w,443,-0.020204188243269007,0.671499603332096,0.29067022463884207,0.9955817789873233,0.46924244758345557,drop
net_valence_mean,^GSPC__fwd_1m,440,-0.02008539682042689,0.6743694928002374,0.6728068377915559,0.9955817789873233,0.7536078439831854,drop
net_valence_mean,GLD__fwd_1m,440,-0.02007126607904856,0.6745854754069706,0.32922661082189314,0.9955817789873233,0.4986578666351113,drop
emo_excitement_euphoria,GC=F__fwd_3m,431,0.02026872259774797,0.6747698659495173,0.8628987621484424,0.9955817789873233,0.8784592316298078,drop
cell_optimism_confidence__growth_gdp,GLD__fwd_1w,443,0.01993438681078791,0.6756353457665853,0.13945248039154856,0.9955817789873233,0.3330768858582756,drop
cell_optimism_confidence__corporate_earnings,QQQ__fwd_3m,431,-0.020104681425869637,0.6772534346483794,0.1436125353712152,0.9955817789873233,0.33781585024819943,drop
net_valence_mean,SPY__fwd_1m,440,-0.01975739164750752,0.6793897779362502,0.6701268160429293,0.9955817789873233,0.7536078439831854,drop
emo_optimism_confidence,^VIX__fwd_1m,440,0.019358357642301302,0.6855163356286709,0.016556367526353654,0.9955817789873233,0.13014562321348885,drop
mean_intensity,^IXIC__fwd_1m,440,-0.01896301087174078,0.6916066731824777,0.37649312376052774,0.9955817789873233,0.5308535082789172,drop
share_optimism_confidence,GLD__fwd_1w,443,-0.01877879980613602,0.6934584398386902,0.22712951505499032,0.9955817789873233,0.40883312709898256,drop
cell_optimism_confidence__corporate_earnings,^IXIC__fwd_3m,431,-0.018740440884516988,0.6980412992202827,0.09483653757388975,0.9955817789873233,0.2711582076406995,drop
mean_intensity,BTC-USD__fwd_3m,432,0.018692732831753094,0.6984384036601479,0.23931345096899326,0.9955817789873233,0.4162847424418622,drop
cell_fear_anxiety__inflation,^GSPC__fwd_1w,443,0.018194954343111084,0.7025287801177394,0.004221843326185379,0.9955817789873233,0.06899380804108211,drop
cell_fear_anxiety__markets_themselves,^VIX__fwd_3m,431,-0.018384280257824577,0.7035065088494284,0.9559878549892474,0.9955817789873233,0.9590766687371933,drop
cell_fear_anxiety__inflation,GLD__fwd_1w,443,-0.018073246868486697,0.7044249492724566,0.1913786700620169,0.9955817789873233,0.3821419746254421,drop
mean_intensity,QQQ__fwd_1m,440,-0.018132950855573336,0.7044582753324357,0.3483652239606737,0.9955817789873233,0.5139057606471292,drop
cell_optimism_confidence__growth_gdp,^VIX__fwd_1w,443,0.01793305870539906,0.7066113128560114,0.3314645809129511,0.9955817789873233,0.500826045612999,drop
cell_fear_anxiety__inflation,SPY__fwd_1w,443,0.017743857324466584,0.7095659089797819,0.00493481247690593,0.9955817789873233,0.07661296370396457,drop
cell_fear_anxiety__inflation,QQQ__fwd_1m,440,0.017783986109515516,0.7098866690361709,0.08369881180804031,0.9955817789873233,0.2598848106639652,drop
net_valence_mean,^VIX__fwd_1m,440,0.01763614616804009,0.7121908753095725,0.7496396069456223,0.9955817789873233,0.795771275065353,drop
share_pessimism_despair,GLD__fwd_1w,443,0.017568396398038397,0.7123098287341352,0.8104999735856229,0.9955817789873233,0.8444974556991137,drop
share_excitement_euphoria,BTC-USD__fwd_1m,441,0.017294643692634445,0.7172146702507588,0.17555325825746312,0.9955817789873233,0.37207704224533994,drop
emo_fear_anxiety,^GSPC__fwd_1m,440,-0.017304174163153368,0.7173744545022941,0.002825153673609904,0.9955817789873233,0.05224068670446719,drop
share_anger_disgust,QQQ__fwd_3m,431,-0.016943475510039007,0.7257689062882574,0.2524050479651659,0.9955817789873233,0.42709410023533523,drop
emo_fear_anxiety,SPY__fwd_1m,440,-0.01673592688117868,0.7262774139778683,0.0028337013615060383,0.9955817789873233,0.05224068670446719,drop
cell_anger_disgust__fiscal_taxes,ETH-USD__fwd_3m,432,-0.016870001228213832,0.7266048733705212,0.04938824152611779,0.9955817789873233,0.20876914221913534,drop
share_confusion_uncertainty,ETH-USD__fwd_3m,432,0.016835156077450814,0.7271470800053434,0.19955805006013855,0.9955817789873233,0.391039182285216,drop
share_pessimism_despair,BTC-USD__fwd_1w,443,-0.016537791815247303,0.7285007584102297,0.08992769174951114,0.9955817789873233,0.26485335462485576,drop
emo_surprise,BTC-USD__fwd_3m,432,-0.016571753540770066,0.7312501333722602,0.049626219969634115,0.9955817789873233,0.20876914221913534,drop
cell_optimism_confidence__growth_gdp,GC=F__fwd_1w,443,0.016360714091386147,0.7312951021212031,0.3708036964690177,0.9955817789873233,0.5281401273102293,drop
net_valence_mean,GC=F__fwd_1m,440,-0.016380724404924416,0.7318613783149609,0.31694531970731843,0.9955817789873233,0.49083053251432607,drop
emo_anger_disgust,^GSPC__fwd_3m,431,-0.016289551007111398,0.7359509623314087,0.15684669037636714,0.9955817789873233,0.3545881204076102,drop
emo_fear_anxiety,^GSPC__fwd_1w,443,-0.015997768296257285,0.7370335841095639,0.36895213708896163,0.9955817789873233,0.5268845005771166,drop
share_confusion_uncertainty,QQQ__fwd_3m,431,0.016079142032323124,0.7392371281392628,0.5524247753229362,0.9955817789873233,0.6610309791703293,drop
share_pessimism_despair,QQQ__fwd_3m,431,0.01589811898137145,0.742068149654449,0.6391242305499107,0.9955817789873233,0.7322807143385509,drop
net_valence,GLD__fwd_1m,440,-0.01568709194993289,0.7428062882032426,0.16414840765301597,0.9955817789873233,0.35946426449020874,drop
emo_anger_disgust,GLD__fwd_1m,440,0.015595630650784904,0.7442533962775959,0.14078814571446183,0.9955817789873233,0.33497869152751264,drop
emo_surprise,QQQ__fwd_1m,440,-0.015530347810329392,0.7452868576857415,0.16379612749522982,0.9955817789873233,0.35946426449020874,drop
share_excitement_euphoria,GC=F__fwd_1w,443,0.015336627235337958,0.7475242266613298,0.24800976964464996,0.9955817789873233,0.42311556854210886,drop
share_fear_anxiety,BTC-USD__fwd_1m,441,0.015193176929698265,0.7503563339970041,0.16121586042456915,0.9955817789873233,0.35883530223533133,drop
emo_optimism_confidence,^VIX__fwd_3m,431,0.015282119156042348,0.7517276491373487,0.25782413981987845,0.9955817789873233,0.43156008309472915,drop
emo_anger_disgust,SPY__fwd_3m,431,-0.015247560535239216,0.7522707292261772,0.15409040076975442,0.9955817789873233,0.35180198116918193,drop
share_excitement_euphoria,^VIX__fwd_1m,440,0.015012236207588384,0.7535049007327418,0.16439267490373474,0.9955817789873233,0.35946426449020874,drop
share_surprise,^VIX__fwd_3m,431,-0.015167537666262849,0.753528737420133,0.05133017085007229,0.9955817789873233,0.20876914221913534,drop
cell_anger_disgust__fiscal_taxes,QQQ__fwd_1m,440,0.01475331752918911,0.7576222652212535,0.0004003320918469607,0.9955817789873233,0.020717185753080215,drop
share_confusion_uncertainty,GLD__fwd_3m,431,-0.014779812304707686,0.7596331965685068,0.7249712395088916,0.9955817789873233,0.7839989141242837,drop
net_valence_mean,GLD__fwd_1w,443,-0.014558450509808259,0.7599317677600766,0.42249089270354556,0.9955817789873233,0.5618133712396184,drop
share_surprise,^GSPC__fwd_3m,431,0.014696910741630625,0.7609403757584459,0.011229359891328356,0.9955817789873233,0.11432062604038291,drop
emo_pessimism_despair,^IXIC__fwd_3m,431,-0.014661534428616865,0.7614983913825186,0.40035834570049633,0.9955817789873233,0.5500498510619651,drop
share_excitement_euphoria,^GSPC__fwd_3m,431,-0.01466131402521736,0.7615018683491277,0.0018531412002683646,0.9955817789873233,0.052185434469446366,drop
share_excitement_euphoria,SPY__fwd_3m,431,-0.014609770474874162,0.7623151235789655,0.0023296423664427913,0.9955817789873233,0.052185434469446366,drop
share_surprise,ETH-USD__fwd_1m,441,0.014437991759662287,0.762382933612855,0.6847503360368626,0.9955817789873233,0.7606976004989118,drop
emo_anger_disgust,GC=F__fwd_1m,440,0.014434145402005173,0.7627072242813658,0.15834556499138333,0.9955817789873233,0.35522853314808683,drop
net_valence_mean,^IXIC__fwd_1w,443,0.014072672483109946,0.7677087537511833,0.5072071282181023,0.9955817789873233,0.6320064449983428,drop
cell_fear_anxiety__monetary_policy,^VIX__fwd_3m,431,-0.01421275528439764,0.7685879423492847,0.8982596066427075,0.9955817789873233,0.908500351343846,drop
share_surprise,SPY__fwd_3m,431,0.014209273246500691,0.7686430258802172,0.012524712025693921,0.9955817789873233,0.11432062604038291,drop
emo_optimism_confidence,BTC-USD__fwd_3m,432,-0.014171357815599448,0.7689814388301174,0.03366456326114613,0.9955817789873233,0.18369574516454018,drop
cell_optimism_confidence__growth_gdp,ETH-USD__fwd_1w,443,0.013967686365257668,0.7693926099273942,0.6051821145122319,0.9955817789873233,0.7050996118425816,drop
cell_fear_anxiety__inflation,^IXIC__fwd_1m,440,0.01393872410118055,0.7706203154709589,0.09518919366452896,0.9955817789873233,0.2711582076406995,drop
net_valence,GC=F__fwd_1m,440,-0.013892149921414108,0.7713654584528452,0.1641374771940376,0.9955817789873233,0.35946426449020874,drop
emo_fear_anxiety,^VIX__fwd_1m,440,0.013862938542389056,0.7718329203286495,0.03610605579395725,0.9955817789873233,0.18841899704241558,drop
share_excitement_euphoria,^VIX__fwd_3m,431,-0.01395543290156352,0.7726617303540992,0.09719544649817576,0.9955817789873233,0.27560900582359427,drop
cell_fear_anxiety__inflation,SPY__fwd_1m,440,0.01377024987660151,0.7733167380461028,0.04410342079220579,0.9955817789873233,0.20876914221913534,drop
emo_optimism_confidence,^GSPC__fwd_3m,431,-0.013764391092983198,0.7756902504863947,0.2992922380898825,0.9955817789873233,0.4765653329585052,drop
emo_confusion_uncertainty,^IXIC__fwd_3m,431,-0.013600372598328527,0.7782930959934692,0.35427944962622027,0.9955817789873233,0.5164496202297718,drop
share_fear_anxiety,^VIX__fwd_3m,431,-0.013593430335957352,0.7784033191988994,0.8489634454474547,0.9955817789873233,0.8671156243797193,drop
share_optimism_confidence,^GSPC__fwd_1w,443,0.013389126825514944,0.7786912924115978,0.05497540018087104,0.9955817789873233,0.20876914221913534,drop
cell_optimism_confidence__growth_gdp,^VIX__fwd_1m,440,-0.013367054008868973,0.7797808942760219,0.5658400270942313,0.9955817789873233,0.6693079177628908,drop
cell_fear_anxiety__inflation,^GSPC__fwd_1m,440,0.013242691496181881,0.7817778000728905,0.04451815613195801,0.9955817789873233,0.20876914221913534,drop
share_surprise,BTC-USD__fwd_1w,443,-0.013191714943750696,0.78187143393989,0.5469687417266588,0.9955817789873233,0.6595453975231922,drop
emo_surprise,QQQ__fwd_1w,443,0.013134648707291445,0.782791403750073,0.7628814815907348,0.9955817789873233,0.8070688246470976,drop
mean_intensity,BTC-USD__fwd_1w,443,-0.013097233221021427,0.7833947465250606,0.345564052059969,0.9955817789873233,0.5121605640316008,drop
emo_fear_anxiety,SPY__fwd_1w,443,-0.012909165561602182,0.7864293877449905,0.3685897564184022,0.9955817789873233,0.5268845005771166,drop
net_valence_mean,^IXIC__fwd_1m,440,-0.012821280769876327,0.7885550428506313,0.7762848915232959,0.9955817789873233,0.8143123608715654,drop
share_surprise,^GSPC__fwd_1m,440,0.012751254805166793,0.7896827817167642,0.02340855678165019,0.9955817789873233,0.1615190417933863,drop
share_anger_disgust,^GSPC__fwd_3m,431,-0.012877599031491263,0.789792128224917,0.0767287981954598,0.9955817789873233,0.24688385326103907,drop
emo_fear_anxiety,^IXIC__fwd_1w,443,-0.012685927601490848,0.790035731019852,0.3411933469873396,0.9955817789873233,0.5089916645091117,drop
emo_fear_anxiety,^IXIC__fwd_3m,431,-0.012822803108778091,0.790665806697053,0.7325001563375129,0.9955817789873233,0.7869941126048364,drop
cell_optimism_confidence__corporate_earnings,^GSPC__fwd_3m,431,-0.012811204789098092,0.7908507665642271,0.19080227754816753,0.9955817789873233,0.3821419746254421,drop
cell_fear_anxiety__inflation,^VIX__fwd_3m,431,-0.012692984150809501,0.7927367138246773,0.22193515122858407,0.9955817789873233,0.40872066123012074,drop
share_anger_disgust,^IXIC__fwd_3m,431,-0.012679873203721772,0.7929459444819654,0.2045268301457135,0.9955817789873233,0.3936155170723613,drop
share_confusion_uncertainty,BTC-USD__fwd_3m,432,0.012648404495436125,0.7932127849470098,0.5301084853677692,0.9955817789873233,0.6454850380654602,drop
cell_optimism_confidence__growth_gdp,^GSPC__fwd_3m,431,-0.012652362764959268,0.7933850172680609,0.2966760778604547,0.9955817789873233,0.4754471599911228,drop
cell_optimism_confidence__growth_gdp,^IXIC__fwd_3m,431,-0.012650923814975788,0.7934079850307464,0.32279673213046,0.9955817789873233,0.49373588830792037,drop
emo_optimism_confidence,SPY__fwd_3m,431,-0.01244176744046208,0.7967483186176685,0.305982319953645,0.9955817789873233,0.4822716261198313,drop
share_pessimism_despair,^IXIC__fwd_3m,431,0.012420635149346935,0.7970860196156276,0.5066015066741809,0.9955817789873233,0.6320064449983428,drop
cell_optimism_confidence__growth_gdp,SPY__fwd_3m,431,-0.012379981732742898,0.7977357810643623,0.2978179485219632,0.9955817789873233,0.4754471599911228,drop
cell_optimism_confidence__corporate_earnings,BTC-USD__fwd_1m,441,-0.012185449686440215,0.7985858957177594,0.8250200768012004,0.9955817789873233,0.8496475417803407,drop
share_anger_disgust,SPY__fwd_3m,431,-0.012315711078683681,0.7987633003794867,0.07876493785166451,0.9955817789873233,0.2495562571728758,drop
cell_optimism_confidence__corporate_earnings,SPY__fwd_3m,431,-0.012258066962888552,0.7996851742833255,0.20118923309484094,0.9955817789873233,0.3928884080248308,drop
cell_fear_anxiety__inflation,ETH-USD__fwd_1w,443,-0.012084268642783037,0.7997774897999912,0.2477079585934323,0.9955817789873233,0.42311556854210886,drop
share_surprise,SPY__fwd_1m,440,0.012089550546905211,0.8003606228422506,0.027589366788099985,0.9955817789873233,0.1671015359811112,drop
share_pessimism_despair,^GSPC__fwd_1m,440,-0.012027307871907953,0.8013669750211936,0.5010449598919804,0.9955817789873233,0.6285836769553936,drop
share_anger_disgust,GLD__fwd_1w,443,-0.011960844103371377,0.8017798155354423,0.5587096934870396,0.9955817789873233,0.6668651786830885,drop
share_anger_disgust,^GSPC__fwd_1m,440,0.011916752270025002,0.8031552694760067,0.4858561979548236,0.9955817789873233,0.6132453230283444,drop
net_valence_mean,QQQ__fwd_1m,440,-0.011891173977294249,0.8035691583976307,0.7542666904062112,0.9955817789873233,0.7993167487069235,drop
share_confusion_uncertainty,GC=F__fwd_3m,431,-0.011970625594029461,0.8042862107782078,0.7394610578039977,0.9955817789873233,0.788188774480558,drop
cell_optimism_confidence__growth_gdp,QQQ__fwd_3m,431,-0.011969600680107741,0.8043026286378486,0.3381139993746741,0.9955817789873233,0.5068828081275526,drop
net_valence,^GSPC__fwd_3m,431,0.011935483151726703,0.8048491984992687,0.23570477132162704,0.9955817789873233,0.41348209884387116,drop
share_excitement_euphoria,^IXIC__fwd_3m,431,-0.011898604654995194,0.8054401065456405,0.0018692741801974485,0.9955817789873233,0.052185434469446366,drop
share_pessimism_despair,SPY__fwd_1m,440,-0.011747555143375719,0.8058941079555563,0.5226922268935,0.9955817789873233,0.6402206566091982,drop
emo_excitement_euphoria,^VIX__fwd_3m,431,0.011867524585235312,0.8059381917917994,0.19748789214505127,0.9955817789873233,0.3893332730859582,drop
share_confusion_uncertainty,^IXIC__fwd_3m,431,0.011857327821144818,0.8061016209400317,0.6159559519982887,0.9955817789873233,0.7136355339383158,drop
mean_intensity,GC=F__fwd_1w,443,0.01168724229183698,0.8062230892743764,0.35328288429203847,0.9955817789873233,0.5162086379890727,drop
cell_optimism_confidence__growth_gdp,BTC-USD__fwd_1w,443,-0.011667470993189839,0.8065444172404911,0.42606104394044386,0.9955817789873233,0.5642375047868735,drop
share_surprise,QQQ__fwd_3m,431,0.011774129155102096,0.807435406457697,0.046615444801510295,0.9955817789873233,0.20876914221913534,drop
share_anger_disgust,SPY__fwd_1m,440,0.011575353184419122,0.8086840247678078,0.48708953225441,0.9955817789873233,0.6135549686206666,drop
emo_fear_anxiety,^VIX__fwd_1w,443,0.011531395121210021,0.8087568355761411,0.0028601986279418426,0.9955817789873233,0.05224068670446719,drop
share_pessimism_despair,BTC-USD__fwd_3m,432,-0.011461284575480046,0.8122410561489671,0.35186571754424056,0.9955817789873233,0.5160114719056772,drop
share_optimism_confidence,SPY__fwd_1w,443,0.011241582169105492,0.8134738813093547,0.053181234506747596,0.9955817789873233,0.20876914221913534,drop
share_pessimism_despair,^VIX__fwd_3m,431,0.01118614295577599,0.8168773040484325,0.5418431730456436,0.9955817789873233,0.6569116078937323,drop
cell_fear_anxiety__markets_themselves,SPY__fwd_3m,431,0.01117119642302434,0.8171176675839947,0.6946664891136498,0.9955817789873233,0.7678218514923906,drop
share_confusion_uncertainty,^GSPC__fwd_3m,431,0.011122073314351453,0.817907764331019,0.6793694319801201,0.9955817789873233,0.7585299228311165,drop
net_valence_mean,QQQ__fwd_1w,443,0.010889349087748195,0.8192159621734962,0.6905453881466392,0.9955817789873233,0.765765510784041,drop
net_valence,SPY__fwd_3m,431,0.010857717941823091,0.822162806129081,0.2177654709630919,0.9955817789873233,0.4049077371269973,drop
share_pessimism_despair,QQQ__fwd_1m,440,-0.01053370635001646,0.825610683406538,0.42660187765060054,0.9955817789873233,0.5642375047868735,drop
share_confusion_uncertainty,SPY__fwd_3m,431,0.010615807515516456,0.8260611519646097,0.7149497267310347,0.9955817789873233,0.7783412050607317,drop
cell_anger_disgust__fiscal_taxes,GC=F__fwd_1m,440,-0.010458063900503696,0.8268431192692229,0.05064677425556914,0.9955817789873233,0.20876914221913534,drop
share_surprise,GC=F__fwd_1w,443,-0.010416993540840386,0.8269314100100122,0.8912273155963546,0.9955817789873233,0.9043335996492421,drop
share_excitement_euphoria,QQQ__fwd_3m,431,-0.010432907871265221,0.829011393672279,0.002062873251274171,0.9955817789873233,0.052185434469446366,drop
share_surprise,BTC-USD__fwd_3m,432,-0.010242776335673782,0.8318879358475186,0.05363428135098645,0.9955817789873233,0.20876914221913534,drop
share_confusion_uncertainty,^VIX__fwd_1m,440,0.01003607926883354,0.8337261984959431,0.026436797980417807,0.9955817789873233,0.1671015359811112,drop
cell_optimism_confidence__corporate_earnings,GLD__fwd_1w,443,-0.0098896155130829,0.8355652756390309,0.1765568834272691,0.9955817789873233,0.37213794634712377,drop
cell_fear_anxiety__inflation,ETH-USD__fwd_1m,441,-0.009880728935074894,0.8360790129663892,0.4126904846706865,0.9955817789873233,0.5571321543054267,drop
cell_fear_anxiety__markets_themselves,BTC-USD__fwd_3m,432,-0.009980980192234503,0.8361232050613393,0.14566811806170546,0.9955817789873233,0.341358118174789,drop
cell_fear_anxiety__markets_themselves,^GSPC__fwd_3m,431,0.009947493157895065,0.836852874078895,0.6700693453322255,0.9955817789873233,0.7536078439831854,drop
share_optimism_confidence,BTC-USD__fwd_1w,443,0.009804596735860496,0.8369590228681124,0.8138353097166395,0.9955817789873233,0.8451366677826642,drop
share_pessimism_despair,GLD__fwd_3m,431,0.009907802724242798,0.8374947668787182,0.7156728310622831,0.9955817789873233,0.7783412050607317,drop
share_surprise,GLD__fwd_3m,431,-0.009765565805210846,0.8397959732805964,0.38485561797160767,0.9955817789873233,0.5394928640188903,drop
mean_intensity,SPY__fwd_1m,440,-0.009597134302367671,0.8408994137662014,0.49246339274715767,0.9955817789873233,0.6190683540404553,drop
share_confusion_uncertainty,^VIX__fwd_3m,431,-0.009682100299879872,0.8411469723777231,0.7137539141030204,0.9955817789873233,0.7783412050607317,drop
cell_optimism_confidence__growth_gdp,^IXIC__fwd_1w,443,-0.009547523917880186,0.8411764077355279,0.3284415368449083,0.9955817789873233,0.4986578666351113,drop
share_pessimism_despair,ETH-USD__fwd_3m,432,-0.009655810306943229,0.8413903041603398,0.2787165659353484,0.9955817789873233,0.4542860562883238,drop
emo_fear_anxiety,SPY__fwd_3m,431,0.00966512694447219,0.841421765663968,0.42233895253508064,0.9955817789873233,0.5618133712396184,drop
share_surprise,GC=F__fwd_3m,431,-0.009651270789391122,0.841646106731489,0.3728032278892923,0.9955817789873233,0.5285634806375583,drop
share_pessimism_despair,GC=F__fwd_3m,431,0.009565303165709724,0.8430382697325014,0.708740348390627,0.9955817789873233,0.7776108769444865,drop
share_optimism_confidence,SPY__fwd_3m,431,-0.009515405209699903,0.8438465436844678,0.41915381322997425,0.9955817789873233,0.5597731570232559,drop
mean_intensity,GLD__fwd_1w,443,0.00924776279621969,0.846099845784033,0.5143001646020726,0.9955817789873233,0.6349510978486821,drop
emo_pessimism_despair,^VIX__fwd_3m,431,0.009315526854714389,0.8470859158096741,0.6180588598699676,0.9955817789873233,0.7147384580619178,drop
share_pessimism_despair,^GSPC__fwd_3m,431,0.009241469153316164,0.8482868051549762,0.2137881291008697,0.9955817789873233,0.4035332163271735,drop
emo_pessimism_despair,QQQ__fwd_3m,431,-0.009225338040289572,0.8485484273262843,0.42703965740713457,0.9955817789873233,0.5642375047868735,drop
emo_fear_anxiety,QQQ__fwd_3m,431,-0.009214083459560088,0.8487309693932362,0.76727786938256,0.9955817789873233,0.8089635940349232,drop
mean_intensity,^GSPC__fwd_1m,440,-0.009105411044347776,0.8489507636842795,0.507938911965338,0.9955817789873233,0.6320064449983428,drop
share_pessimism_despair,SPY__fwd_3m,431,0.00917842974090976,0.8493093031207991,0.2068330736432122,0.9955817789873233,0.3939979715718858,drop
share_optimism_confidence,^GSPC__fwd_3m,431,-0.00912189243381396,0.8502265520476356,0.40475092641458776,0.9955817789873233,0.5524594583150064,drop
cell_fear_anxiety__inflation,BTC-USD__fwd_3m,432,-0.008957707718001754,0.8527217955496111,0.8946891789522654,0.9955817789873233,0.9063653835715445,drop
mean_intensity,BTC-USD__fwd_1m,441,-0.008803385797565956,0.8537389086567071,0.2049961371604611,0.9955817789873233,0.3936155170723613,drop
emo_confusion_uncertainty,QQQ__fwd_3m,431,-0.008903318869377534,0.8537745312849436,0.4508209066871741,0.9955817789873233,0.5851830772052926,drop
share_pessimism_despair,^IXIC__fwd_1m,440,-0.008664576055986252,0.8561822818102662,0.47125277177146707,0.9955817789873233,0.5984680275972116,drop
cell_fear_anxiety__markets_themselves,BTC-USD__fwd_1m,441,-0.008636866591991199,0.8564752678073063,0.8440071980661091,0.9955817789873233,0.8634735914317195,drop
share_surprise,^IXIC__fwd_1m,440,0.008612355815508375,0.8570397199239078,0.041904046691835575,0.9955817789873233,0.20817930396503914,drop
cell_optimism_confidence__growth_gdp,^IXIC__fwd_1m,440,-0.00859958446121294,0.8572494467319908,0.4572975363699116,0.9955817789873233,0.58917379685833,drop
cell_fear_anxiety__monetary_policy,BTC-USD__fwd_1m,441,-0.008523137305789083,0.8583451370981097,0.707396262181648,0.9955817789873233,0.7775098740085016,drop
cell_optimism_confidence__corporate_earnings,^IXIC__fwd_1m,440,-0.008501200243503286,0.8588654142979353,0.7374390768571101,0.9955817789873233,0.788188774480558,drop
emo_anger_disgust,^VIX__fwd_3m,431,0.00858409123311686,0.858961650914182,0.3622623339181132,0.9955817789873233,0.5246406524169388,drop
share_surprise,GLD__fwd_1w,443,0.008444772903473006,0.8593176098093642,0.9377429083480787,0.9955817789873233,0.9422950583886034,drop
share_surprise,^IXIC__fwd_3m,431,0.008541855053419813,0.8596484049226955,0.026043880628151838,0.9955817789873233,0.1671015359811112,drop
emo_fear_anxiety,^GSPC__fwd_3m,431,0.008540271370649381,0.8596741574306033,0.4331058023443523,0.9955817789873233,0.5698277611352601,drop
cell_optimism_confidence__corporate_earnings,SPY__fwd_1m,440,0.00839854103950934,0.8605522271151954,0.6144362830532507,0.9955817789873233,0.7132054799552685,drop
cell_anger_disgust__fiscal_taxes,^IXIC__fwd_1m,440,0.00833096515679121,0.8616629258698849,0.00026994879901721605,0.9955817789873233,0.020717185753080215,drop
emo_surprise,^IXIC__fwd_1w,443,0.00826903151921633,0.8622158158432832,0.7289618904410797,0.9955817789873233,0.7859120381317891,drop
emo_confusion_uncertainty,BTC-USD__fwd_3m,432,-0.008329439509083275,0.8629457770936425,0.06048964196813308,0.9955817789873233,0.21713333908792276,drop
share_excitement_euphoria,^VIX__fwd_1w,443,0.008178329952182942,0.8637123297636349,0.13876423694829385,0.9955817789873233,0.3330768858582756,drop
share_optimism_confidence,^IXIC__fwd_3m,431,-0.008235156730936107,0.8646384161811638,0.6506829949394551,0.9955817789873233,0.7422103340479466,drop
mean_intensity,^VIX__fwd_3m,431,-0.008213274585961316,0.8649946488966685,0.391587354279115,0.9955817789873233,0.5415940913303573,drop
cell_anger_disgust__fiscal_taxes,GLD__fwd_1m,440,-0.007957984701128804,0.867798199356411,0.07056832471257292,0.9955817789873233,0.24150767717539068,drop
share_anger_disgust,GC=F__fwd_1w,443,-0.007915968493920967,0.8680438402270965,0.564604317948276,0.9955817789873233,0.6691207661180905,drop
emo_pessimism_despair,BTC-USD__fwd_3m,432,-0.008008363805360946,0.8681796882171782,0.08680945735260914,0.9955817789873233,0.26316404908818186,drop
emo_surprise,SPY__fwd_3m,431,0.007850524622835127,0.870904005502771,0.13757549710339242,0.9955817789873233,0.3324295085650066,drop
share_anger_disgust,GLD__fwd_3m,431,0.007796472202336161,0.8717851666385099,0.5804630650452566,0.9955817789873233,0.6814131633139968,drop
emo_surprise,^IXIC__fwd_3m,431,-0.007758783051197657,0.8723996680911261,0.3908413300560714,0.9955817789873233,0.5415940913303573,drop
share_optimism_confidence,QQQ__fwd_3m,431,-0.007641167747180179,0.8743178144692777,0.5962981258710883,0.9955817789873233,0.6960547672292215,drop
cell_optimism_confidence__growth_gdp,QQQ__fwd_1m,440,-0.007412939319284658,0.8767780119268431,0.4633775060402047,0.9955817789873233,0.593212676500651,drop
share_anger_disgust,GC=F__fwd_3m,431,0.007357515535330243,0.8789468056537265,0.5877660897439124,0.9955817789873233,0.6873874608869484,drop
emo_fear_anxiety,BTC-USD__fwd_3m,432,-0.007301209150400962,0.8797271472213333,0.2025493577166078,0.9955817789873233,0.3936155170723613,drop
share_surprise,QQQ__fwd_1m,440,0.007168462233329534,0.8808110688263725,0.045152148769250146,0.9955817789873233,0.20876914221913534,drop
emo_surprise,^GSPC__fwd_3m,431,0.007178708999859195,0.8818669247530114,0.13907097414202035,0.9955817789873233,0.3330768858582756,drop
emo_surprise,GC=F__fwd_1m,440,-0.0071036417742898076,0.8818809116073459,0.5625223060601314,0.9955817789873233,0.6679280154174793,drop
emo_fear_anxiety,QQQ__fwd_1w,443,-0.007070557762029288,0.8820275587831949,0.3893744841206815,0.9955817789873233,0.5415940913303573,drop
cell_fear_anxiety__inflation,GC=F__fwd_1m,440,0.007026046129866913,0.8831618874261167,0.2695860200545131,0.9955817789873233,0.44481647686074005,drop
share_surprise,ETH-USD__fwd_1w,443,0.006977551886570363,0.8835682661065023,0.7411088172343715,0.9955817789873233,0.788188774480558,drop
share_optimism_confidence,BTC-USD__fwd_1m,441,-0.006989125338019055,0.8836396838622541,0.4187964096608764,0.9955817789873233,0.5597731570232559,drop
cell_optimism_confidence__growth_gdp,ETH-USD__fwd_3m,432,0.006863257282876747,0.8868916320395321,0.3632777464400703,0.9955817789873233,0.5246406524169388,drop
cell_optimism_confidence__corporate_earnings,^GSPC__fwd_1m,440,0.00672166891813479,0.8881895613377818,0.5844875048466152,0.9955817789873233,0.6848429066221661,drop
cell_optimism_confidence__growth_gdp,^GSPC__fwd_1m,440,0.0066323350035002665,0.8896660310879444,0.39451603091507187,0.9955817789873233,0.5444321226627992,drop
share_excitement_euphoria,BTC-USD__fwd_3m,432,0.006692312721937231,0.8896906603611321,0.9068325038130528,0.9955817789873233,0.9156796501917168,drop
share_confusion_uncertainty,^GSPC__fwd_1m,440,-0.006623004041151466,0.8898202710216994,0.17797901781818964,0.9955817789873233,0.37213794634712377,drop
cell_fear_anxiety__monetary_policy,GC=F__fwd_1m,440,0.006502052638025903,0.8918199604147649,0.010129409232076333,0.9955817789873233,0.1123279130914179,drop
emo_surprise,^VIX__fwd_1m,440,0.0063654786187463215,0.8940787622550563,0.24942023499948657,0.9955817789873233,0.42435607105392104,drop
net_valence,^VIX__fwd_3m,431,-0.0063844480898938415,0.8948569403629312,0.4548742201354323,0.9955817789873233,0.5883742128042742,drop
emo_optimism_confidence,GC=F__fwd_1m,440,0.006231160486385347,0.8963010892829583,0.5132685207202932,0.9955817789873233,0.6349397437595659,drop
cell_optimism_confidence__growth_gdp,SPY__fwd_1m,440,0.006225308085934642,0.8963979372749034,0.3718135587843176,0.9955817789873233,0.5283666361671882,drop
cell_optimism_confidence__growth_gdp,BTC-USD__fwd_3m,432,-0.006282069655860985,0.896413464619638,0.8412718215485396,0.9955817789873233,0.8620953814878599,drop
emo_confusion_uncertainty,^VIX__fwd_3m,431,0.006254823586512373,0.8969796931466878,0.17398439744664324,0.9955817789873233,0.3700147630628954,drop
net_valence_mean,ETH-USD__fwd_3m,432,0.006246384407512882,0.8969986095647737,0.11838494349530287,0.9955817789873233,0.30361084203686906,drop
cell_anger_disgust__fiscal_taxes,GLD__fwd_3m,431,0.006253553649003733,0.897000493518474,0.1811108532268461,0.9955817789873233,0.37347432240441847,drop
share_confusion_uncertainty,SPY__fwd_1m,440,-0.0060535035747253255,0.8992417103298259,0.1770505755971524,0.9955817789873233,0.37213794634712377,drop
cell_fear_anxiety__markets_themselves,QQQ__fwd_3m,431,0.0061123552037062,0.8993136268166524,0.6720002431358529,0.9955817789873233,0.7536078439831854,drop
share_excitement_euphoria,GC=F__fwd_3m,431,-0.0060511210266274585,0.9003170401380542,0.46146106087846506,0.9955817789873233,0.593212676500651,drop
emo_excitement_euphoria,BTC-USD__fwd_3m,432,-0.00603185264408497,0.900517536266462,0.048861666631051195,0.9955817789873233,0.20876914221913534,drop
net_valence_mean,BTC-USD__fwd_1m,441,0.005929161826190599,0.9011885115440617,0.362606789906142,0.9955817789873233,0.5246406524169388,drop
share_anger_disgust,^IXIC__fwd_1m,440,0.005917019220513748,0.9015017719319315,0.41886376142120296,0.9955817789873233,0.5597731570232559,drop
mean_intensity,QQQ__fwd_3m,431,-0.005976529817245146,0.9015395427057222,0.4722211489897483,0.9955817789873233,0.5984680275972116,drop
emo_confusion_uncertainty,GLD__fwd_1m,440,-0.0058737075094204535,0.902219143237607,0.21777646409084875,0.9955817789873233,0.4049077371269973,drop
share_optimism_confidence,ETH-USD__fwd_3m,432,0.005924212911406157,0.9022838705780816,0.28240612565984563,0.9955817789873233,0.4590947749601156,drop
net_valence_mean,^VIX__fwd_3m,431,-0.005921096282584464,0.9024482140580464,0.26882541975686136,0.9955817789873233,0.44481647686074005,drop
emo_anger_disgust,BTC-USD__fwd_3m,432,-0.005852147374205762,0.9034667134796325,0.11391757956721915,0.9955817789873233,0.29846026072355825,drop
cell_optimism_confidence__growth_gdp,ETH-USD__fwd_1m,441,-0.005727937613784786,0.9045257032195559,0.2061244223955064,0.9955817789873233,0.3938562040234138,drop
share_optimism_confidence,^VIX__fwd_3m,431,-0.005783563099278227,0.9047032175413923,0.31505396247005524,0.9955817789873233,0.49083053251432607,drop
share_confusion_uncertainty,QQQ__fwd_1m,440,0.005530329512843399,0.9079092775602517,0.11002723809851053,0.9955817789873233,0.2932485616273607,drop
mean_intensity,GLD__fwd_1m,440,0.005428079067222163,0.909604598705309,0.2909152050235594,0.9955817789873233,0.46924244758345557,drop
net_valence_mean,SPY__fwd_3m,431,-0.005452096347683937,0.9101410823656472,0.43701101211509374,0.9955817789873233,0.5725397437204076,drop
cell_optimism_confidence__growth_gdp,GC=F__fwd_3m,431,-0.005337378509667367,0.9120240720202717,0.822008188824344,0.9955817789873233,0.8493628706487815,drop
share_anger_disgust,^VIX__fwd_3m,431,0.005303927715223017,0.9125732297708529,0.3217458425255155,0.9955817789873233,0.49373588830792037,drop
share_anger_disgust,QQQ__fwd_1m,440,0.0052276071398732644,0.9129296241736214,0.4513730981986073,0.9955817789873233,0.5851830772052926,drop
cell_optimism_confidence__growth_gdp,QQQ__fwd_1w,443,-0.005122342148354148,0.9143852432205901,0.29524186957535736,0.9955817789873233,0.47498756737382625,drop
emo_surprise,SPY__fwd_1m,440,-0.0051168394018336625,0.9147674723091453,0.08856889896848633,0.9955817789873233,0.26316404908818186,drop
cell_anger_disgust__fiscal_taxes,BTC-USD__fwd_3m,432,-0.005090937302708062,0.9159733192030702,0.05514652710060692,0.9955817789873233,0.20876914221913534,drop
emo_surprise,^GSPC__fwd_1m,440,-0.005027487215730171,0.9162503270206283,0.09068044536450176,0.9955817789873233,0.26485335462485576,drop
net_valence,BTC-USD__fwd_3m,432,0.005030843189158592,0.9169615838438291,0.12885909835382434,0.9955817789873233,0.3175456352290671,drop
emo_surprise,GLD__fwd_1m,440,-0.004900482314875367,0.9183585504100537,0.57893602387046,0.9955817789873233,0.6809077098930978,drop
net_valence_mean,^GSPC__fwd_3m,431,-0.004929743599241968,0.9187189420461435,0.42942665716712924,0.9955817789873233,0.5661867390674888,drop
share_surprise,ETH-USD__fwd_3m,432,-0.004916149695218714,0.9188481043828073,0.37698292616908613,0.9955817789873233,0.5308535082789172,drop
emo_confusion_uncertainty,SPY__fwd_3m,431,0.004901440231360411,0.9191840066246443,0.607236012736368,0.9955817789873233,0.7061677226765627,drop
cell_optimism_confidence__corporate_earnings,BTC-USD__fwd_3m,432,0.00486117728627403,0.9197524727413402,0.722628303568906,0.9955817789873233,0.783162611721275,drop
cell_optimism_confidence__corporate_earnings,GLD__fwd_3m,431,0.0048517325832815004,0.9200008405457432,0.34899912712185793,0.9955817789873233,0.5139057606471292,drop
cell_anger_disgust__fiscal_taxes,GC=F__fwd_3m,431,0.004815728907105369,0.9205925329470439,0.11813008359139264,0.9955817789873233,0.30361084203686906,drop
cell_optimism_confidence__growth_gdp,GLD__fwd_3m,431,-0.0046996403817239525,0.92250065424198,0.5729894998275131,0.9955817789873233,0.6751925605178096,drop
share_pessimism_despair,GC=F__fwd_1w,443,0.004573834609404147,0.9235232776473411,0.5602472522163116,0.9955817789873233,0.6668651786830885,drop
cell_fear_anxiety__monetary_policy,GLD__fwd_1m,440,0.004387107565334025,0.9268860160424378,0.018652606595713106,0.9955817789873233,0.1379695955841772,drop
share_pessimism_despair,GC=F__fwd_1m,440,-0.00438216710391415,0.926968122359584,0.3523170114138601,0.9955817789873233,0.5160114719056772,drop
share_anger_disgust,BTC-USD__fwd_3m,432,0.004394360138583254,0.927436280577022,0.6961090215623444,0.9955817789873233,0.7678218514923906,drop
net_valence_mean,BTC-USD__fwd_3m,432,-0.004307699118994972,0.9288634845350575,0.5524558424950096,0.9955817789873233,0.6610309791703293,drop
cell_optimism_confidence__corporate_earnings,QQQ__fwd_1m,440,-0.00418170036622728,0.9303003552019796,0.741227446532441,0.9955817789873233,0.788188774480558,drop
share_excitement_euphoria,GLD__fwd_3m,431,-0.0041912890489265,0.9308614036483774,0.404409822579263,0.9955817789873233,0.5524594583150064,drop
cell_fear_anxiety__inflation,ETH-USD__fwd_3m,432,-0.0040462128800449245,0.9331712156577872,0.548028059777725,0.9955817789873233,0.6595453975231922,drop
mean_intensity,^IXIC__fwd_3m,431,-0.004035481497203935,0.9334255043524367,0.3246021244605034,0.9955817789873233,0.49518205939624554,drop
share_pessimism_despair,^VIX__fwd_1w,443,-0.003882634748396777,0.9350527320063267,0.008349103086901608,0.9955817789873233,0.09988593418703265,drop
cell_fear_anxiety__inflation,GC=F__fwd_3m,431,-0.0038786980860933645,0.9360063595618532,0.13667022019737837,0.9955817789873233,0.3315320575881718,drop
share_confusion_uncertainty,^IXIC__fwd_1m,440,0.003681343477447215,0.9386226624423426,0.16187899010406653,0.9955817789873233,0.3590244744808047,drop
share_pessimism_despair,ETH-USD__fwd_1m,441,-0.0035173330647078204,0.941285237675239,0.46982050084410604,0.9955817789873233,0.5984680275972116,drop
share_excitement_euphoria,ETH-USD__fwd_3m,432,-0.0034850393219520194,0.9424224288374581,0.5031582251695099,0.9955817789873233,0.629962213367471,drop
mean_intensity,^VIX__fwd_1w,443,0.0034383568650566453,0.9424707685339602,0.039265449734931464,0.9955817789873233,0.19893320758188096,drop
emo_fear_anxiety,GC=F__fwd_1m,440,-0.0034155091951540402,0.9430469929072104,0.05219978278869604,0.9955817789873233,0.20876914221913534,drop
emo_confusion_uncertainty,^GSPC__fwd_3m,431,0.0034463551583185682,0.9431266671771248,0.6366424942573378,0.9955817789873233,0.7320858267267368,drop
share_surprise,GC=F__fwd_1m,440,-0.0032381641000043607,0.9459995635662994,0.8184828805909062,0.9955817789873233,0.8485089295984054,drop
share_surprise,BTC-USD__fwd_1m,441,0.0032017793568080146,0.94654451987621,0.7386022222585044,0.9955817789873233,0.788188774480558,drop
cell_optimism_confidence__corporate_earnings,ETH-USD__fwd_3m,432,-0.003226907597412801,0.9466805295094523,0.7735202602391898,0.9955817789873233,0.8127852480685903,drop
cell_fear_anxiety__monetary_policy,BTC-USD__fwd_3m,432,-0.003087973976665735,0.9489729930849108,0.7829171915432357,0.9955817789873233,0.8198846137408927,drop
emo_fear_anxiety,GLD__fwd_1m,440,-0.0030478970537530753,0.9491680893602055,0.09084342115152058,0.9955817789873233,0.26485335462485576,drop
share_anger_disgust,BTC-USD__fwd_1m,441,0.003028916683575824,0.9494265930918964,0.23701344942968952,0.9955817789873233,0.4146066256220766,drop
net_valence_mean,^IXIC__fwd_3m,431,-0.0030242389393761965,0.950082926321373,0.5379336642550646,0.9955817789873233,0.6537315176172116,drop
cell_fear_anxiety__inflation,GC=F__fwd_1w,443,0.002956010446163273,0.950530042766866,0.3334772649325582,0.9955817789873233,0.5026441299104821,drop
cell_fear_anxiety__inflation,GLD__fwd_1m,440,0.002954017177578552,0.9507317735223596,0.204698785140454,0.9955817789873233,0.3936155170723613,drop
emo_surprise,QQQ__fwd_3m,431,-0.0029841617129886615,0.950743583911513,0.39151614482028774,0.9955817789873233,0.5415940913303573,drop
share_optimism_confidence,BTC-USD__fwd_3m,432,-0.002859187113214586,0.9527489817847786,0.7308275381584156,0.9955817789873233,0.7865578876886934,drop
cell_fear_anxiety__inflation,GLD__fwd_3m,431,-0.0026391761267566477,0.956431885866567,0.09945834608531373,0.9955817789873233,0.2807437859953628,drop
cell_fear_anxiety__markets_themselves,^VIX__fwd_1m,440,-0.0025762700770006843,0.9570254635664371,0.34389531703169085,0.9955817789873233,0.5109066791308134,drop
cell_fear_anxiety__monetary_policy,ETH-USD__fwd_3m,432,0.002593006020686666,0.957143464499507,0.6804501392986796,0.9955817789873233,0.7585299228311165,drop
emo_surprise,^VIX__fwd_3m,431,0.002469803811635285,0.9592254122295409,0.7064328384594685,0.9955817789873233,0.7775098740085016,drop
share_fear_anxiety,BTC-USD__fwd_3m,432,0.0024334514103814507,0.9597782418373495,0.6579512599279034,0.9955817789873233,0.7483291802476703,drop
share_fear_anxiety,GC=F__fwd_3m,431,0.002362983098940045,0.9609875083907482,0.10022230484821587,0.9955817789873233,0.2816201416775658,drop
share_optimism_confidence,QQQ__fwd_1w,443,0.0022266117531706117,0.9627265030947109,0.4438019176861313,0.9955817789873233,0.5789936783258142,drop
cell_fear_anxiety__markets_themselves,^IXIC__fwd_3m,431,0.0022096040062299,0.9635179535771035,0.6418514075854379,0.9955817789873233,0.7340510572938433,drop
emo_fear_anxiety,^VIX__fwd_3m,431,-0.0019713777735960794,0.967448922024835,0.6952073010454526,0.9970344197254777,0.7678218514923906,drop
emo_optimism_confidence,GLD__fwd_1m,440,0.0019098600528812497,0.9681348713276378,0.6288657687720876,0.9970344197254777,0.7258840936941754,drop
mean_intensity,^VIX__fwd_1m,440,0.0016863950110657445,0.9718616389876009,0.2289642725472707,0.9983312930679981,0.40991439115107475,drop
share_fear_anxiety,GLD__fwd_3m,431,0.0016218884407916375,0.9732172415336879,0.1472372714984995,0.9983312930679981,0.3424507325863977,drop
emo_confusion_uncertainty,GC=F__fwd_1m,440,0.0015451810793900868,0.974217010626742,0.21142488571608642,0.9983312930679981,0.4002891891149075,drop
mean_intensity,^GSPC__fwd_3m,431,-0.001312472762745615,0.9783253205165817,0.23309104086161772,0.9999873023214697,0.41151327244372493,drop
cell_optimism_confidence__corporate_earnings,GC=F__fwd_3m,431,-0.0009997221247743495,0.9834893551088995,0.38484460639346724,0.9999873023214697,0.5394928640188903,drop
net_valence_mean,QQQ__fwd_3m,431,-0.0008705350727516979,0.9856226623103054,0.5296024430929054,0.9999873023214697,0.6454850380654602,drop
mean_intensity,SPY__fwd_3m,431,-0.0007822376460356614,0.9870808058835986,0.2254190267598353,0.9999873023214697,0.40872066123012074,drop
emo_pessimism_despair,^GSPC__fwd_3m,431,-0.0006764151545915266,0.9888284145823926,0.5088618719793421,0.9999873023214697,0.6320064449983428,drop
emo_pessimism_despair,SPY__fwd_3m,431,0.0006676401551973435,0.9889733320852314,0.4855204572355811,0.9999873023214697,0.6132453230283444,drop
share_anger_disgust,ETH-USD__fwd_3m,432,0.0006299665217832824,0.9895833764639624,0.23447357409199032,0.9999873023214697,0.4124875056972408,drop
mean_intensity,GC=F__fwd_1m,440,0.0005742785123462617,0.9904161194802774,0.27552792810259863,0.9999873023214697,0.4502706403992467,drop
share_fear_anxiety,ETH-USD__fwd_3m,432,-0.00036920540074391293,0.9938950007479357,0.23060768301473364,0.9999873023214697,0.41002007914138916,drop
share_surprise,GLD__fwd_1m,440,-0.00024468356597110943,0.9959165039131197,0.9365736330198215,0.9999873023214697,0.9422950583886034,drop
mean_intensity,ETH-USD__fwd_3m,432,0.00023263341798344592,0.996153265453379,0.17759489189462252,0.9999873023214697,0.37213794634712377,drop
cell_fear_anxiety__monetary_policy,ETH-USD__fwd_1m,441,-0.00016234563302805222,0.9972875310293664,0.288682902657323,0.9999873023214697,0.4680733225853723,drop
cell_optimism_confidence__corporate_earnings,^VIX__fwd_1w,443,8.290074644904374e-05,0.9986117381783199,0.7259249204854479,0.9999873023214697,0.7839989141242837,drop
share_optimism_confidence,^IXIC__fwd_1w,443,3.156573248120166e-05,0.9994713977618475,0.319275191969116,0.9999873023214697,0.49223254144049505,drop
share_pessimism_despair,GLD__fwd_1m,440,7.608430814582349e-07,0.9999873023214697,0.5156459806082992,0.9999873023214697,0.635011940715011,drop
emo_excitement_euphoria,^IXIC__fwd_1w,443,-0.14389187125031067,0.002398746860615031,0.00020655329334335893,0.5645297864749639,0.018793526274852493,flip
emo_excitement_euphoria,^GSPC__fwd_1w,443,-0.13932427507961934,0.0032980902684916855,0.0004147180044669834,0.5645297864749639,0.018793526274852493,flip
emo_excitement_euphoria,SPY__fwd_1w,443,-0.13630050079426728,0.004051644339198968,0.0004094092501706757,0.5645297864749639,0.018793526274852493,flip
emo_excitement_euphoria,QQQ__fwd_1w,443,-0.13442186646018855,0.004595025949182071,0.0002891610889408318,0.5645297864749639,0.018793526274852493,flip
cell_fear_anxiety__monetary_policy,GC=F__fwd_1w,443,0.12654363847591552,0.007661412291542115,0.1176824745137966,0.5645297864749639,0.29716510136492846,flip
emo_surprise,BTC-USD__fwd_1w,443,-0.12400553872964429,0.0089821693553145,0.1085907272465223,0.5645297864749639,0.2857408543224167,flip
share_fear_anxiety,QQQ__fwd_1w,443,0.12381802853598685,0.009087344627770283,0.009911755040497763,0.5645297864749639,0.10258666466915184,flip
share_fear_anxiety,^IXIC__fwd_1w,443,0.12322532333853832,0.009427037784289936,0.008577344626040206,0.5645297864749639,0.09344791250475382,flip
cell_fear_anxiety__monetary_policy,^IXIC__fwd_1w,443,0.1215577955125846,0.010444060445682512,0.21869768860720992,0.5645297864749639,0.38473446069427014,flip
share_fear_anxiety,^GSPC__fwd_1w,443,0.12146455454392177,0.010503697566767783,0.01330595016370327,0.5645297864749639,0.11485106401646858,flip
share_fear_anxiety,SPY__fwd_1w,443,0.120832304432188,0.010916110841239304,0.011431496850071771,0.5645297864749639,0.11092124287335266,flip
emo_optimism_confidence,BTC-USD__fwd_1w,443,-0.11966742912991357,0.011713642530535594,0.012637855459686534,0.5645297864749639,0.11469781412632528,flip
cell_fear_anxiety__monetary_policy,QQQ__fwd_1w,443,0.11916290717187764,0.012074759801434088,0.2510535685954261,0.5645297864749639,0.41380366704604743,flip
net_valence,ETH-USD__fwd_1w,443,0.11828460799523742,0.012726919501851036,0.19668593497990006,0.5645297864749639,0.36786350356361286,flip
cell_optimism_confidence__corporate_earnings,^IXIC__fwd_1w,443,-0.1134722063784612,0.016881087095410075,0.07754249466646408,0.6845216314259933,0.2395715879993741,flip
cell_anger_disgust__fiscal_taxes,^IXIC__fwd_1w,443,-0.11084897384466555,0.01961116015855644,0.01825926293238033,0.6845216314259933,0.13576353652808135,flip
cell_fear_anxiety__monetary_policy,^GSPC__fwd_1w,443,0.110761251252995,0.01970874208802352,0.23917199616373475,0.6845216314259933,0.40208013206882137,flip
cell_fear_anxiety__monetary_policy,SPY__fwd_1w,443,0.11023278326039163,0.020305593816848242,0.24544469547888997,0.6845216314259933,0.40863580668201255,flip
cell_fear_anxiety__monetary_policy,GLD__fwd_1w,443,0.10945077214945072,0.021217613324588342,0.22673943681472883,0.6845216314259933,0.39193064556993235,flip
emo_pessimism_despair,BTC-USD__fwd_1w,443,-0.10751698460971179,0.02362700322672844,0.027364396897969486,0.6845216314259933,0.1718042289534257,flip
emo_anger_disgust,ETH-USD__fwd_1w,443,-0.10668699182550276,0.024731596325281907,0.23956465195726875,0.6845216314259933,0.40208013206882137,flip
cell_anger_disgust__fiscal_taxes,QQQ__fwd_1w,443,-0.10659206088900129,0.02486073171427109,0.019176944262556346,0.6845216314259933,0.136883705598247,flip
net_valence_mean,ETH-USD__fwd_1w,443,0.1062342905059311,0.025352653015777528,0.17214437889253217,0.6845216314259933,0.3583066163671049,flip
emo_fear_anxiety,GC=F__fwd_1w,443,0.10538264919539297,0.02655752169521175,0.16936102515189433,0.687175873863604,0.3565193105739877,flip
cell_optimism_confidence__corporate_earnings,QQQ__fwd_1w,443,-0.10160569264211808,0.032512993890882524,0.11956202252387048,0.78294676115348,0.29842680166009306,flip
emo_pessimism_despair,ETH-USD__fwd_1w,443,-0.10142553197777471,0.03282351113293331,0.24740588040491407,0.78294676115348,0.4107156536713312,flip
net_valence,BTC-USD__fwd_1w,443,0.10073279477944878,0.034041163528412174,0.05032783508567442,0.78294676115348,0.21476930486382798,flip
emo_confusion_uncertainty,BTC-USD__fwd_1w,443,-0.09897588846192815,0.037303090444788155,0.01049271631560359,0.8111275785083536,0.10509640051596499,flip
emo_surprise,ETH-USD__fwd_1w,443,-0.09867948815095622,0.037878743601839376,0.43817576476534115,0.8111275785083536,0.5613770023335587,flip
emo_anger_disgust,BTC-USD__fwd_1w,443,-0.09752434324531156,0.04019458768801851,0.06272984453215757,0.8152107110760306,0.22630814602003552,flip
cell_optimism_confidence__corporate_earnings,^GSPC__fwd_1w,443,-0.09728221012352152,0.04069489862054259,0.0740484483143393,0.8152107110760306,0.23753986508211417,flip
cell_optimism_confidence__corporate_earnings,SPY__fwd_1w,443,-0.09574582032142032,0.043993570812259825,0.07268712893695833,0.8537502335754172,0.23509743265547461,flip
cell_fear_anxiety__inflation,BTC-USD__fwd_1w,443,-0.09275900562851697,0.05105189006573906,0.6261301012036533,0.9607037494189078,0.7056747601587453,flip
cell_anger_disgust__fiscal_taxes,^GSPC__fwd_1w,443,-0.09050861526665756,0.056973751158086984,0.012669811768686756,0.9937326665261602,0.11469781412632528,flip
cell_anger_disgust__fiscal_taxes,ETH-USD__fwd_1w,443,-0.08945578385109779,0.059933838973522564,0.10098829259640872,0.9937326665261602,0.2750602179928501,flip
share_surprise,^VIX__fwd_1w,443,-0.08795354005305837,0.06437651219424778,0.025566179437160906,0.9937326665261602,0.16691055659429035,flip
emo_fear_anxiety,GLD__fwd_1w,443,0.0878258707124898,0.06476625075102309,0.313199274269533,0.9937326665261602,0.4682553341918251,flip
cell_anger_disgust__fiscal_taxes,SPY__fwd_1w,443,-0.08766563738413835,0.06525814153483735,0.0126057334639525,0.9937326665261602,0.11469781412632528,flip
share_surprise,^GSPC__fwd_1w,443,0.08763317209490115,0.06535817794155183,0.007018458670648174,0.9937326665261602,0.08546005557789246,flip
share_confusion_uncertainty,ETH-USD__fwd_1w,443,0.08742472952295433,0.06600346519768822,0.4296570736517504,0.9937326665261602,0.5547131865649417,flip
emo_anger_disgust,^GSPC__fwd_1w,443,-0.08644373000905321,0.06911102365026903,0.018363958779506733,0.9937326665261602,0.13576353652808135,flip
share_anger_disgust,^GSPC__fwd_1w,443,-0.086082764854911,0.0702841970387212,0.08339355078977188,0.9937326665261602,0.25052569351699105,flip
share_surprise,SPY__fwd_1w,443,0.08524913997106555,0.07305585693008175,0.007965172387950286,0.9937326665261602,0.0895678454570328,flip
share_anger_disgust,SPY__fwd_1w,443,-0.08507222872964057,0.07365537371620974,0.08089592915416452,0.9937326665261602,0.24694733469544622,flip
emo_anger_disgust,^IXIC__fwd_1w,443,-0.08428111536503743,0.07638553346071099,0.02857969390251452,0.9937326665261602,0.1723105816840924,flip
emo_anger_disgust,SPY__fwd_1w,443,-0.08421890474249975,0.07660366739063726,0.01758695482790315,0.9937326665261602,0.13576353652808135,flip
share_excitement_euphoria,QQQ__fwd_1w,443,-0.08409095508928306,0.0770538982754494,0.0066171469489347216,0.9937326665261602,0.08218496510576924,flip
cell_anger_disgust__fiscal_taxes,^VIX__fwd_1w,443,0.08158613377330513,0.08630890561538322,0.002258127187084946,0.9937326665261602,0.05949330756944528,flip
share_excitement_euphoria,^IXIC__fwd_1w,443,-0.07971151896953062,0.0938047245278652,0.007207939876375669,0.9937326665261602,0.08607943583133251,flip
cell_anger_disgust__fiscal_taxes,BTC-USD__fwd_1w,443,-0.07730401866285887,0.10418458601561825,0.03450624055028203,0.9937326665261602,0.18633369897152297,flip
share_excitement_euphoria,ETH-USD__fwd_1w,443,0.07655606629232106,0.10758825383776528,0.7641748125168383,0.9937326665261602,0.8112009548255669,flip
emo_pessimism_despair,GLD__fwd_1w,443,0.07642088729884461,0.10821266640954753,0.10827318232814062,0.9937326665261602,0.2857408543224167,flip
emo_confusion_uncertainty,GC=F__fwd_1w,443,0.07565607410763232,0.11179945690801345,0.16694025143605626,0.9937326665261602,0.35411067926704126,flip
emo_anger_disgust,QQQ__fwd_1w,443,-0.07535172913527,0.11325249801725291,0.02775489074897923,0.9937326665261602,0.1723105816840924,flip
emo_fear_anxiety,ETH-USD__fwd_1w,443,-0.07499102645375849,0.11499376371238866,0.7152470563396358,0.9937326665261602,0.7806123409260349,flip
cell_fear_anxiety__monetary_policy,^GSPC__fwd_1m,440,0.07405121364157348,0.12089620293939643,0.1285433196542108,0.9937326665261602,0.3106732067714734,flip
cell_fear_anxiety__monetary_policy,SPY__fwd_1m,440,0.07400037781369681,0.12115227611602286,0.12873244005449788,0.9937326665261602,0.3106732067714734,flip
emo_optimism_confidence,ETH-USD__fwd_1w,443,-0.07353732228513528,0.1222249603346963,0.5188084386724905,0.9937326665261602,0.6243799232860786,flip
emo_confusion_uncertainty,ETH-USD__fwd_1w,443,-0.07339400894227417,0.12295661111348144,0.4134470220340203,0.9937326665261602,0.5428131092666524,flip
share_anger_disgust,^IXIC__fwd_1w,443,-0.07336277250682499,0.12311653258913426,0.09776565870937985,0.9937326665261602,0.26863926574568536,flip
share_optimism_confidence,ETH-USD__fwd_1w,443,0.07194971804702213,0.13052165455159923,0.3615956101667008,0.9937326665261602,0.5030265667762328,flip
emo_pessimism_despair,GC=F__fwd_1w,443,0.07143086833963595,0.1333255245357735,0.08397811049514525,0.9937326665261602,0.25072310873790965,flip
emo_optimism_confidence,^IXIC__fwd_1w,443,-0.07106704553371879,0.1353191765729775,0.06408119547242098,0.9937326665261602,0.22739669936213391,flip
emo_optimism_confidence,^GSPC__fwd_1w,443,-0.06998185844361034,0.14140213680313463,0.06663029189026919,0.9937326665261602,0.23282557375393442,flip
emo_excitement_euphoria,BTC-USD__fwd_1w,443,-0.06997944543705187,0.14141589233925184,0.09900620478679428,0.9937326665261602,0.27084957344757377,flip
share_anger_disgust,QQQ__fwd_1w,443,-0.06900214104246442,0.14707179790689642,0.12207383193394158,0.9937326665261602,0.3020233053027001,flip
cell_fear_anxiety__monetary_policy,QQQ__fwd_1m,440,0.06880095847125951,0.14964586719308906,0.08808275515128952,0.9937326665261602,0.255041162659986,flip
emo_optimism_confidence,SPY__fwd_1w,443,-0.06783903148628347,0.15402576704277324,0.06235054052234356,0.9937326665261602,0.22630814602003552,flip
share_anger_disgust,ETH-USD__fwd_1w,443,-0.06762330014863503,0.15534251914502376,0.5612048191045039,0.9937326665261602,0.661305868432442,flip
share_excitement_euphoria,^GSPC__fwd_1w,443,-0.06750409392573083,0.15607375803382906,0.004056616084314241,0.9937326665261602,0.06421238799005387,flip
emo_excitement_euphoria,GC=F__fwd_1m,440,0.06736336907053855,0.1583599021623159,0.049533187512175204,0.9937326665261602,0.21476930486382798,flip
cell_fear_anxiety__monetary_policy,^IXIC__fwd_1m,440,0.06735903045816029,0.15838676836398166,0.07717533141136891,0.9937326665261602,0.2395715879993741,flip
net_valence,^GSPC__fwd_1w,443,0.06660842030271075,0.16165149298945064,0.043912785859197744,0.9937326665261602,0.20816671769894504,flip
share_excitement_euphoria,SPY__fwd_1w,443,-0.0665728323528949,0.16187617261493673,0.004259423928244927,0.9937326665261602,0.0643441561282889,flip
emo_excitement_euphoria,GLD__fwd_1m,440,0.06656801137751037,0.16334272448779594,0.027389079978082355,0.9937326665261602,0.1718042289534257,flip
share_fear_anxiety,^VIX__fwd_1w,443,-0.06571154540552546,0.16738568613570107,0.17366295489012462,0.9937326665261602,0.3583066163671049,flip
emo_confusion_uncertainty,GLD__fwd_1w,443,0.06521740314196099,0.17060937467008355,0.11132171787745393,0.9937326665261602,0.2904654907642811,flip
emo_excitement_euphoria,^VIX__fwd_1w,443,0.06491549297732169,0.17260166040687291,0.004351778675343211,0.9937326665261602,0.0643441561282889,flip
cell_fear_anxiety__markets_themselves,GC=F__fwd_1w,443,0.06447554122028863,0.17553584472523687,0.5668288739765288,0.9937326665261602,0.6641523221498573,flip
net_valence,^IXIC__fwd_1w,443,0.06395894849830862,0.1790283175383134,0.06341001192831913,0.9937326665261602,0.22630814602003552,flip
net_valence,SPY__fwd_1w,443,0.06379232612787766,0.18016569597604426,0.04261973953112132,0.9937326665261602,0.20677233006895576,flip
emo_excitement_euphoria,^IXIC__fwd_1m,440,-0.06391697204104059,0.1808023858092307,0.012106857319590367,0.9937326665261602,0.11469781412632528,flip
mean_intensity,^GSPC__fwd_1w,443,-0.06323600008811205,0.18400197632466436,0.12109925931393081,0.9937326665261602,0.30081056013580415,flip
net_valence,ETH-USD__fwd_1m,441,0.0628486047036772,0.18771213127048628,0.015796026799072736,0.9937326665261602,0.1273939304184957,flip
emo_anger_disgust,ETH-USD__fwd_1m,441,-0.06278008772215328,0.18819470922067172,0.02328154522492237,0.9937326665261602,0.15546064069544938,flip
mean_intensity,SPY__fwd_1w,443,-0.06242267510866827,0.18971844891677042,0.11927623628958532,0.9937326665261602,0.29842680166009306,flip
cell_anger_disgust__fiscal_taxes,GC=F__fwd_1w,443,-0.062392164189570505,0.18993540526158312,0.05223883237174402,0.9937326665261602,0.21476930486382798,flip
share_pessimism_despair,^VIX__fwd_1m,440,0.0625504026621819,0.19032487159245828,0.05316696558420334,0.9937326665261602,0.21476930486382798,flip
emo_pessimism_despair,ETH-USD__fwd_1m,441,-0.06193798135851566,0.19420049199633024,0.026071375184615404,0.9937326665261602,0.16691055659429035,flip
share_surprise,^IXIC__fwd_1w,443,0.061294729641043225,0.1978605659762488,0.01796225733907993,0.9937326665261602,0.13576353652808135,flip
emo_optimism_confidence,QQQ__fwd_1w,443,-0.06098422204763163,0.20014606010334665,0.0755806700681476,0.9937326665261602,0.2382517569153282,flip
net_valence,GLD__fwd_1w,443,-0.06049552257625928,0.2037819483571606,0.07194078918996509,0.9937326665261602,0.23455599788038425,flip
net_valence_mean,BTC-USD__fwd_1w,443,0.05983459831517785,0.2087750517935387,0.372856963152511,0.9937326665261602,0.5134017164472491,flip
share_surprise,QQQ__fwd_1w,443,0.05966393358315756,0.2100786113990842,0.022262095403255876,0.9937326665261602,0.15110735631733377,flip
net_valence,GC=F__fwd_1w,443,-0.05964176466057784,0.21024837045114483,0.1041843607162913,0.9937326665261602,0.280080034652887,flip
share_fear_anxiety,GC=F__fwd_1w,443,0.05963966835414416,0.21026442808622758,0.02129453972058855,0.9937326665261602,0.15027169507369875,flip
emo_confusion_uncertainty,ETH-USD__fwd_1m,441,-0.05930738797342835,0.21386241732519823,0.05615685912936192,0.9937326665261602,0.21476930486382798,flip
emo_optimism_confidence,BTC-USD__fwd_1m,441,-0.05912459550684136,0.21528001165267158,0.09744557147751916,0.9937326665261602,0.26863926574568536,flip
emo_excitement_euphoria,QQQ__fwd_1m,440,-0.05801263541929984,0.22457794868895656,0.013398750171646902,0.9937326665261602,0.11485106401646858,flip
cell_fear_anxiety__markets_themselves,^GSPC__fwd_1w,443,-0.057294296727382725,0.22878786600991696,0.3161355039905578,0.9937326665261602,0.4694206013904063,flip
cell_fear_anxiety__markets_themselves,GLD__fwd_1w,443,0.05729037136205621,0.22881980888703732,0.651948713244893,0.9937326665261602,0.729477749414556,flip
emo_fear_anxiety,BTC-USD__fwd_1w,443,-0.05682512530637002,0.2326282121328374,0.21821189633156723,0.9937326665261602,0.38473446069427014,flip
share_excitement_euphoria,BTC-USD__fwd_1w,443,0.056721997550290906,0.23347842740868693,0.7944099196766544,0.9937326665261602,0.8277324834214805,flip
net_valence,QQQ__fwd_1w,443,0.05639041103017569,0.23622699418812138,0.05637261947311427,0.9937326665261602,0.21476930486382798,flip
share_pessimism_despair,SPY__fwd_1w,443,0.055503854090789485,0.24368754463223932,0.11649203722825463,0.9937326665261602,0.29685235947688987,flip
share_pessimism_despair,^GSPC__fwd_1w,443,0.05545344998906233,0.24411660605379507,0.11663764204889071,0.9937326665261602,0.29685235947688987,flip
emo_confusion_uncertainty,^GSPC__fwd_1w,443,-0.05543100555953858,0.2443078327340687,0.22720617134488832,0.9937326665261602,0.39193064556993235,flip
cell_fear_anxiety__markets_themselves,SPY__fwd_1w,443,-0.05474599970721517,0.25019456006593344,0.31367829150370247,0.9937326665261602,0.4682553341918251,flip
cell_fear_anxiety__monetary_policy,SPY__fwd_3m,431,0.055420466221000476,0.2509272978014657,0.046802276471270894,0.9937326665261602,0.21476930486382798,flip
share_anger_disgust,^VIX__fwd_1w,443,0.05461944151040191,0.251292877175091,0.03171225747486951,0.9937326665261602,0.18067258616416484,flip
emo_anger_disgust,^IXIC__fwd_1m,440,-0.054770413066565465,0.2516021953929333,0.002332447850270996,0.9937326665261602,0.05949330756944528,flip
emo_pessimism_despair,GLD__fwd_3m,431,0.055298017223039765,0.25197750477260905,0.15632270764871087,0.9937326665261602,0.34670143374946233,flip
cell_fear_anxiety__monetary_policy,^GSPC__fwd_3m,431,0.05522071720718657,0.25264205338457585,0.04434539429461282,0.9937326665261602,0.20862492315874667,flip
emo_pessimism_despair,GC=F__fwd_3m,431,0.05452091399846741,0.25871366407136237,0.1479330752485829,0.9937326665261602,0.3365071052357875,flip
net_valence,GLD__fwd_3m,431,-0.053917188479255994,0.26403204500109795,0.19609842126075747,0.9937326665261602,0.36786350356361286,flip
emo_confusion_uncertainty,BTC-USD__fwd_1m,441,-0.053062008949455224,0.26617122600775084,0.03412798226862984,0.9937326665261602,0.18633369897152297,flip
emo_confusion_uncertainty,^IXIC__fwd_1w,443,-0.052707149279582546,0.2682971991315134,0.17315459773835917,0.9937326665261602,0.3583066163671049,flip
emo_confusion_uncertainty,SPY__fwd_1w,443,-0.05197740763697506,0.27498917305329923,0.22003007121850798,0.9937326665261602,0.38489767387800977,flip
net_valence,GC=F__fwd_3m,431,-0.05254226238542883,0.27642305271014606,0.2609542941611893,0.9937326665261602,0.4220120225887984,flip
emo_pessimism_despair,^IXIC__fwd_1w,443,-0.05167289989768865,0.27781491019213245,0.14117662900665634,0.9937326665261602,0.32958904741779543,flip
emo_anger_disgust,GLD__fwd_1w,443,0.05163523704503128,0.27816577409985455,0.05965358978881758,0.9937326665261602,0.22182562430452527,flip
emo_pessimism_despair,BTC-USD__fwd_1m,441,-0.05158137134469179,0.27976201815340207,0.047597937435612414,0.9937326665261602,0.21476930486382798,flip
share_pessimism_despair,^IXIC__fwd_1w,443,0.05131353985184939,0.28117492543299005,0.09257264579898808,0.9937326665261602,0.2613073320053254,flip
emo_excitement_euphoria,GLD__fwd_1w,443,0.05104747422840264,0.2836802785711667,0.08705950302998192,0.9937326665261602,0.25501863859254137,flip
emo_anger_disgust,GC=F__fwd_1w,443,0.05062005383050721,0.2877364502892517,0.08320245481317459,0.9937326665261602,0.25052569351699105,flip
emo_confusion_uncertainty,^VIX__fwd_1w,443,0.05037133122423746,0.2901146603866255,0.00269498072177223,0.9937326665261602,0.05949330756944528,flip
emo_pessimism_despair,^GSPC__fwd_1w,443,-0.050166657822632986,0.29208154765800903,0.10571121814988735,0.9937326665261602,0.28295976927189675,flip
emo_excitement_euphoria,^GSPC__fwd_1m,440,-0.050225534495035196,0.2931638375597086,0.0041360636386508125,0.9937326665261602,0.06421238799005387,flip
share_fear_anxiety,GC=F__fwd_1m,440,-0.05021998460350217,0.29321724574917424,0.007814179265491852,0.9937326665261602,0.0895678454570328,flip
net_valence,^IXIC__fwd_1m,440,0.05007841110877968,0.29458184817079486,0.0025539438983369404,0.9937326665261602,0.05949330756944528,flip
emo_anger_disgust,GLD__fwd_3m,431,0.050393346744366525,0.2965695480624942,0.18202935710037413,0.9937326665261602,0.3646459056752656,flip
cell_fear_anxiety__monetary_policy,^VIX__fwd_1w,443,-0.04950011864648015,0.2985486724460977,0.41508429848869943,0.9937326665261602,0.5438129733364607,flip
emo_optimism_confidence,ETH-USD__fwd_1m,441,-0.049520084400567634,0.29945306343565925,0.19695480045245795,0.9937326665261602,0.36786350356361286,flip
emo_excitement_euphoria,SPY__fwd_1m,440,-0.04952250262887699,0.2999811301529161,0.004527163672055573,0.9937326665261602,0.06538066605457002,flip
cell_fear_anxiety__markets_themselves,BTC-USD__fwd_1w,443,-0.04931591198020824,0.3003526235551283,0.387622733283726,0.9937326665261602,0.5213488598447616,flip
emo_fear_anxiety,GC=F__fwd_3m,431,0.04971282867907487,0.30314865381638967,0.11040650851306519,0.9937326665261602,0.28929300331904423,flip
emo_anger_disgust,GC=F__fwd_3m,431,0.04958815914554088,0.30436433148837333,0.23861518010584687,0.9937326665261602,0.40208013206882137,flip
share_confusion_uncertainty,BTC-USD__fwd_1w,443,0.048847975055843706,0.30496766583606255,0.7896887532694079,0.9937326665261602,0.8269759119398015,flip
emo_fear_anxiety,GLD__fwd_3m,431,0.04889902508539266,0.31114234182437456,0.24801669907689083,0.9937326665261602,0.4107156536713312,flip
share_confusion_uncertainty,^GSPC__fwd_1w,443,0.048032745608238746,0.31311934385261925,0.04913905588924654,0.9937326665261602,0.21476930486382798,flip
emo_pessimism_despair,^IXIC__fwd_1m,440,-0.047900453556132996,0.31610905526302996,0.006590100035441383,0.9937326665261602,0.08218496510576924,flip
emo_pessimism_despair,QQQ__fwd_1w,443,-0.047506597972980874,0.3184556422213744,0.1068644856098719,0.9937326665261602,0.28481907967266284,flip
share_confusion_uncertainty,SPY__fwd_1w,443,0.04741835794147493,0.3193563693804698,0.047433680767642566,0.9937326665261602,0.21476930486382798,flip
emo_surprise,GLD__fwd_1w,443,0.047292894907129755,0.3206399151885313,0.3053527038815211,0.9937326665261602,0.46249763197664534,flip
emo_pessimism_despair,SPY__fwd_1w,443,-0.047233468626406504,0.321249044978173,0.10155076463390375,0.9937326665261602,0.27538438793735476,flip
emo_fear_anxiety,ETH-USD__fwd_1m,441,-0.04685814351623985,0.32621437582400153,0.0887957208879165,0.9937326665261602,0.25528769755275993,flip
share_optimism_confidence,^VIX__fwd_1w,443,-0.04665672603488525,0.3271998562971787,0.4249884647687587,0.9937326665261602,0.5520069002083305,flip
cell_anger_disgust__fiscal_taxes,GLD__fwd_1w,443,-0.046613884640308446,0.3276447205432145,0.06120730845651988,0.9937326665261602,0.2249096955709991,flip
cell_optimism_confidence__growth_gdp,GLD__fwd_1m,440,-0.0466619712407044,0.3287981870118808,0.07186974022077988,0.9937326665261602,0.23455599788038425,flip
share_confusion_uncertainty,GLD__fwd_1m,440,-0.04646654574818349,0.33083011248121713,0.1893119306498047,0.9937326665261602,0.36786350356361286,flip
emo_anger_disgust,QQQ__fwd_1m,440,-0.04636502807378248,0.33188882502108924,0.0032095845314792874,0.9937326665261602,0.06159842566131651,flip
share_fear_anxiety,GLD__fwd_1m,440,-0.04610925863528441,0.33456586866919924,0.017693621504786934,0.9937326665261602,0.13576353652808135,flip
mean_intensity,^IXIC__fwd_1w,443,-0.04557514519656974,0.33855059921526126,0.14985520701170083,0.9937326665261602,0.3384003038336953,flip
emo_fear_anxiety,BTC-USD__fwd_1m,441,-0.045583115498655964,0.3395650106568843,0.18578623292684912,0.9937326665261602,0.36786350356361286,flip
cell_optimism_confidence__corporate_earnings,GLD__fwd_1m,440,0.045458338338453246,0.3414411799130066,0.5124294395295081,0.9937326665261602,0.6215653476912657,flip
cell_fear_anxiety__markets_themselves,ETH-USD__fwd_1w,443,-0.04519595460607872,0.34258898331756155,0.5463532453142651,0.9937326665261602,0.6499719642531775,flip
emo_confusion_uncertainty,^IXIC__fwd_1m,440,-0.045310214515469356,0.3430182295900321,0.055604659728158874,0.9937326665261602,0.21476930486382798,flip
emo_anger_disgust,ETH-USD__fwd_3m,432,-0.045529211243579185,0.3451416958243468,0.014759662001803816,0.9937326665261602,0.12386148788000229,flip
emo_excitement_euphoria,GC=F__fwd_1w,443,0.044952113391403474,0.3452020412966982,0.13998001852122302,0.9937326665261602,0.32802864717614905,flip
cell_fear_anxiety__monetary_policy,GC=F__fwd_3m,431,0.04539326133767602,0.34714755939332637,0.05265436101152551,0.9937326665261602,0.21476930486382798,flip
emo_confusion_uncertainty,GC=F__fwd_3m,431,0.045138798198860054,0.3498599808121594,0.12497591432599495,0.9937326665261602,0.30435310900565826,flip
net_valence,ETH-USD__fwd_3m,432,0.04507937724106392,0.3499337581435883,0.009383002178224959,0.9937326665261602,0.09876007377419829,flip
share_fear_anxiety,BTC-USD__fwd_1w,443,0.04412208460716851,0.35419143429964167,0.37190294457371664,0.9937326665261602,0.513226063511729,flip
share_pessimism_despair,QQQ__fwd_1w,443,0.04405343066037811,0.3549415134998161,0.14170996224128407,0.9937326665261602,0.32959508071849214,flip
emo_optimism_confidence,^IXIC__fwd_1m,440,-0.04399815793117909,0.3571894590274792,0.06787973048877156,0.9937326665261602,0.2332979974598624,flip
emo_pessimism_despair,ETH-USD__fwd_3m,432,-0.043936328925209836,0.3622987764643921,0.028103967552332586,0.9937326665261602,0.1723105816840924,flip
emo_confusion_uncertainty,QQQ__fwd_1w,443,-0.04334191202594105,0.3627739688486241,0.17483378870728392,0.9937326665261602,0.3583066163671049,flip
cell_fear_anxiety__inflation,^VIX__fwd_1w,443,-0.043290638962319355,0.3633425221542323,0.016769718663646148,0.9937326665261602,0.13351276012979818,flip
emo_fear_anxiety,ETH-USD__fwd_3m,432,-0.043534997286419755,0.36670412424893933,0.028473593346104536,0.9937326665261602,0.1723105816840924,flip
emo_fear_anxiety,^IXIC__fwd_1m,440,-0.0431068743751013,0.36702254031003856,0.02953915588423206,0.9937326665261602,0.1730548660764916,flip
emo_surprise,BTC-USD__fwd_1m,441,-0.042722060670430786,0.3707733709130664,0.05842841887876507,0.9937326665261602,0.21990332196189763,flip
cell_fear_anxiety__markets_themselves,^IXIC__fwd_1w,443,-0.04259194998559502,0.3711453887435451,0.3554573719574295,0.9937326665261602,0.5005420135727068,flip
net_valence,BTC-USD__fwd_1m,441,0.04257688844276351,0.3724028262322016,0.07015099387468937,0.9937326665261602,0.2340016641776444,flip
cell_fear_anxiety__monetary_policy,GLD__fwd_3m,431,0.042930452527179294,0.3739595552957989,0.07214202189235651,0.9937326665261602,0.23455599788038425,flip
cell_fear_anxiety__monetary_policy,^IXIC__fwd_3m,431,0.042649224631303065,0.3771004059033627,0.03709844977216859,0.9937326665261602,0.19690715648304868,flip
emo_anger_disgust,^VIX__fwd_1w,443,0.04203982140864434,0.3773842154169534,0.00013342704388051273,0.9937326665261602,0.018793526274852493,flip
cell_optimism_confidence__corporate_earnings,GC=F__fwd_1m,440,0.0420312809492233,0.37911054335936806,0.8404629891409462,0.9937326665261602,0.8655514365779894,flip
emo_anger_disgust,BTC-USD__fwd_1m,441,-0.04185787432423904,0.38053827484902,0.12907196030119186,0.9937326665261602,0.3106732067714734,flip
cell_fear_anxiety__monetary_policy,^VIX__fwd_1m,440,-0.041807138815372166,0.38165995154205773,0.44392147321769126,0.9937326665261602,0.5637530365402582,flip
share_confusion_uncertainty,GC=F__fwd_1m,440,-0.04180628991168024,0.38166962691446804,0.2675873348757852,0.9937326665261602,0.4316148959944483,flip
emo_excitement_euphoria,^IXIC__fwd_3m,431,-0.04218852936614046,0.38228051101212673,0.0009107104134611034,0.9937326665261602,0.03326771569172619,flip
emo_confusion_uncertainty,GLD__fwd_3m,431,0.04217295281376218,0.3824564118423531,0.1489954855023487,0.9937326665261602,0.3376868485290458,flip
net_valence,QQQ__fwd_1m,440,0.04165848942920099,0.38335646714928384,0.003886406282809574,0.9937326665261602,0.06421238799005387,flip
share_confusion_uncertainty,^IXIC__fwd_1w,443,0.04128934138896091,0.3859669287622603,0.05626116796939789,0.9937326665261602,0.21476930486382798,flip
share_fear_anxiety,^VIX__fwd_1m,440,-0.04138737814306203,0.38646245285571157,0.05947914951368738,0.9937326665261602,0.22182562430452527,flip
cell_fear_anxiety__monetary_policy,QQQ__fwd_3m,431,0.0417032208928089,0.3877841413614656,0.05473279414221623,0.9937326665261602,0.21476930486382798,flip
mean_intensity,ETH-USD__fwd_1w,443,-0.040659394132793666,0.3932621177822126,0.04833214252577607,0.9937326665261602,0.21476930486382798,flip
emo_surprise,ETH-USD__fwd_1m,441,-0.04057527575578751,0.39531812039364655,0.028894031540883217,0.9937326665261602,0.17253070756623537,flip
share_confusion_uncertainty,QQQ__fwd_1w,443,0.039751031345737584,0.4039269164822239,0.03139172419561309,0.9937326665261602,0.18050241412477527,flip
share_fear_anxiety,QQQ__fwd_1m,440,0.039841718531773124,0.4044609598554648,0.04482722194900038,0.9937326665261602,0.2093060513558589,flip
cell_anger_disgust__fiscal_taxes,^IXIC__fwd_3m,431,-0.04019098551905168,0.4052397875839441,0.06690458741002617,0.9937326665261602,0.23282557375393442,flip
cell_anger_disgust__fiscal_taxes,ETH-USD__fwd_1m,441,-0.039555898524161574,0.4073077951398996,0.0527064525117887,0.9937326665261602,0.21476930486382798,flip
emo_pessimism_despair,QQQ__fwd_1m,440,-0.03937082442178438,0.41004207357992345,0.009237164164328028,0.9937326665261602,0.09876007377419829,flip
cell_anger_disgust__fiscal_taxes,QQQ__fwd_3m,431,-0.039696855491352746,0.41104340551699187,0.07046426924511998,0.9937326665261602,0.2340016641776444,flip
cell_fear_anxiety__markets_themselves,GC=F__fwd_1m,440,0.03875800804843175,0.417373182226206,0.08954901749411373,0.9937326665261602,0.2558674300957299,flip
emo_excitement_euphoria,QQQ__fwd_3m,431,-0.03890649161622629,0.4204278835711964,0.002443521334140792,0.9937326665261602,0.05949330756944528,flip
emo_confusion_uncertainty,ETH-USD__fwd_3m,432,-0.0381956388799938,0.42843632610221877,0.03905157082998208,0.9937326665261602,0.2024218350837806,flip
emo_pessimism_despair,^VIX__fwd_1w,443,0.037558265944842045,0.4303722312500112,0.004045537652242298,0.9937326665261602,0.06421238799005387,flip
emo_optimism_confidence,GC=F__fwd_1w,443,0.037370156115499695,0.43268659604591925,0.13299605303862377,0.9937326665261602,0.3164388848160359,flip
emo_surprise,GC=F__fwd_1w,443,0.03735167764610339,0.4329143281441408,0.3705449792424434,0.9937326665261602,0.5124909401103728,flip
net_valence_mean,QQQ__fwd_1w,443,-0.0372294327058958,0.4344226378180891,0.11771757638610691,0.9937326665261602,0.29716510136492846,flip
emo_optimism_confidence,^VIX__fwd_1w,443,0.0371323064912425,0.4356231756862302,0.018391312358107394,0.9937326665261602,0.13576353652808135,flip
share_fear_anxiety,GLD__fwd_1w,443,0.036442755166767225,0.4442010920372954,0.0412948387255181,0.9937326665261602,0.20352456229005347,flip
cell_optimism_confidence__growth_gdp,BTC-USD__fwd_1m,441,-0.036163635410034846,0.44873314812451237,0.3167266215500487,0.9937326665261602,0.4694206013904063,flip
share_fear_anxiety,^IXIC__fwd_1m,440,0.03614323478905372,0.44950689869751065,0.033713988777527605,0.9937326665261602,0.18633369897152297,flip
mean_intensity,GLD__fwd_3m,431,0.036270936552400684,0.4526137984023364,0.9796700635034968,0.9937326665261602,0.9812501765091477,flip
emo_surprise,ETH-USD__fwd_3m,432,-0.03600484516553717,0.45541346743407507,0.08494535723053395,0.9937326665261602,0.2523974489959884,flip
emo_excitement_euphoria,BTC-USD__fwd_1m,441,-0.03548012813950425,0.4573593673469699,0.5968114052294341,0.9937326665261602,0.6863331160138493,flip
share_anger_disgust,GC=F__fwd_1m,440,0.03545502796034925,0.4581911787884641,0.5358360236348556,0.9937326665261602,0.6416531209816889,flip
net_valence_mean,^IXIC__fwd_1w,443,-0.0352838147899127,0.45883238206607113,0.05157600792732562,0.9937326665261602,0.21476930486382798,flip
emo_excitement_euphoria,^VIX__fwd_1m,440,0.034884723365703155,0.4654581850125462,0.029456114846519336,0.9937326665261602,0.1730548660764916,flip
cell_optimism_confidence__growth_gdp,GC=F__fwd_1m,440,-0.03483152434316951,0.4661393039244729,0.1554729908480166,0.9937326665261602,0.3460527860810692,flip
mean_intensity,GC=F__fwd_3m,431,0.03506866497350418,0.4677446965097992,0.9695347901151821,0.9937326665261602,0.9726673742512569,flip
emo_confusion_uncertainty,QQQ__fwd_1m,440,-0.03456404229052164,0.4695722805156489,0.056079728080033635,0.9937326665261602,0.21476930486382798,flip
cell_fear_anxiety__markets_themselves,^IXIC__fwd_1m,440,-0.034427782652416083,0.4713264342990939,0.38954246532684283,0.9937326665261602,0.5213488598447616,flip
emo_optimism_confidence,ETH-USD__fwd_3m,432,-0.03472009960812346,0.47166669288656715,0.047245543879372465,0.9937326665261602,0.21476930486382798,flip
emo_pessimism_despair,^VIX__fwd_1m,440,0.034360963667379285,0.4721879504331009,0.026015167244973363,0.9937326665261602,0.16691055659429035,flip
cell_anger_disgust__fiscal_taxes,BTC-USD__fwd_1m,441,-0.03411307887344301,0.4748874880167836,0.0811227959386007,0.9937326665261602,0.24694733469544622,flip
cell_fear_anxiety__inflation,BTC-USD__fwd_1m,441,-0.033806761496724236,0.4788648477946612,0.14629243932337194,0.9937326665261602,0.333998547131669,flip
emo_fear_anxiety,QQQ__fwd_1m,440,-0.03381552235836323,0.47925271345028236,0.04333696340618621,0.9937326665261602,0.2070173405787818,flip
mean_intensity,QQQ__fwd_1w,443,-0.03362475852183427,0.48023827228757837,0.19054374327515836,0.9937326665261602,0.36786350356361286,flip
emo_anger_disgust,SPY__fwd_1m,440,-0.0336820629041806,0.48099004480597196,0.00048421323735529774,0.9937326665261602,0.018793526274852493,flip
emo_anger_disgust,^GSPC__fwd_1m,440,-0.033644294378432436,0.48148232282958386,0.00047869133959658686,0.9937326665261602,0.018793526274852493,flip
share_anger_disgust,GLD__fwd_1m,440,0.0335391969213631,0.4828536085224046,0.5855301673855441,0.9937326665261602,0.6783847648254159,flip
cell_fear_anxiety__inflation,^VIX__fwd_1m,440,-0.03340047603342459,0.4846668366709365,0.09304527510807145,0.9937326665261602,0.261453012860237,flip
share_anger_disgust,^VIX__fwd_1m,440,-0.03335063068279397,0.4853192647884062,0.21537784660914944,0.9937326665261602,0.3832367986942172,flip
emo_excitement_euphoria,ETH-USD__fwd_3m,432,-0.033311683137329205,0.48984464159031627,0.1545945724407005,0.9937326665261602,0.3453353578621403,flip
emo_optimism_confidence,QQQ__fwd_1m,440,-0.03289149111647522,0.4913511884993372,0.054171744179364614,0.9937326665261602,0.21476930486382798,flip
emo_optimism_confidence,GLD__fwd_1w,443,0.032609489537621064,0.49360061577893016,0.19726013959208227,0.9937326665261602,0.36786350356361286,flip
cell_optimism_confidence__growth_gdp,SPY__fwd_1w,443,-0.032524421888123246,0.49472916052251703,0.16376564944966154,0.9937326665261602,0.3521975070882948,flip
share_confusion_uncertainty,ETH-USD__fwd_1m,441,0.03231868371644643,0.4984421414645615,0.3319148182631678,0.9937326665261602,0.481000499418541,flip
net_valence_mean,^GSPC__fwd_1m,440,-0.03211952071505899,0.5015826772092828,0.0882992753170644,0.9937326665261602,0.255041162659986,flip
net_valence_mean,SPY__fwd_1m,440,-0.03211120154369903,0.5016935462319357,0.08024457966550523,0.9937326665261602,0.24669249491227102,flip
emo_excitement_euphoria,^GSPC__fwd_3m,431,-0.032309488479835946,0.5035024180571992,0.0018074149803368968,0.9937326665261602,0.05907393172574805,flip
share_confusion_uncertainty,GLD__fwd_1w,443,-0.031786139006956295,0.5045810023122826,0.31165243807624443,0.9937326665261602,0.46747865711436665,flip
emo_confusion_uncertainty,^VIX__fwd_1m,440,0.03156616883384072,0.508985239150547,0.03046973685492303,0.9937326665261602,0.17683837931688975,flip
share_confusion_uncertainty,BTC-USD__fwd_1m,441,0.031529122795276344,0.5089993573610619,0.2352185793649904,0.9937326665261602,0.39910037646354934,flip
share_fear_anxiety,ETH-USD__fwd_1w,443,0.03131981540331101,0.5108564545005526,0.2879700573171226,0.9937326665261602,0.4501606884629158,flip
cell_optimism_confidence__growth_gdp,^GSPC__fwd_1w,443,-0.031098377301132258,0.5138505812641917,0.16306834619044272,0.9937326665261602,0.3521975070882948,flip
cell_fear_anxiety__inflation,^IXIC__fwd_1w,443,0.030872182035532863,0.51691839925183,0.004923163586992959,0.9937326665261602,0.06948374062551427,flip
emo_anger_disgust,^IXIC__fwd_3m,431,-0.03128997126051149,0.5170697888630704,0.19501440518883698,0.9937326665261602,0.36786350356361286,flip
emo_excitement_euphoria,SPY__fwd_3m,431,-0.031030544660366723,0.5205520128362444,0.0022764847122640707,0.9937326665261602,0.05949330756944528,flip
share_fear_anxiety,^GSPC__fwd_1m,440,0.030690567460300924,0.5208142597544011,0.04302142812762787,0.9937326665261602,0.2070173405787818,flip
share_pessimism_despair,BTC-USD__fwd_1m,441,-0.03056051453493508,0.5221083216311323,0.4606645363386449,0.9937326665261602,0.5779246001339363,flip
cell_fear_anxiety__markets_themselves,GC=F__fwd_3m,431,0.03090355490382611,0.5222609464082074,0.20591762663812227,0.9937326665261602,0.37610248865374685,flip
share_fear_anxiety,SPY__fwd_1m,440,0.03057190636033056,0.5224281119108573,0.04044117906077547,0.9937326665261602,0.2024218350837806,flip
cell_fear_anxiety__markets_themselves,QQQ__fwd_1w,443,-0.03044260418447666,0.5227705554273654,0.3978223532934915,0.9937326665261602,0.5290100244009812,flip
net_valence,^VIX__fwd_1w,443,-0.030344034013404266,0.5241181481327446,0.0004764102415118537,0.9937326665261602,0.018793526274852493,flip
share_optimism_confidence,GLD__fwd_1m,440,-0.030256235333206708,0.5267338339041048,0.3327969980325899,0.9937326665261602,0.481000499418541,flip
share_excitement_euphoria,QQQ__fwd_1m,440,-0.029875016349797272,0.5319575861716319,0.09219696049295106,0.9937326665261602,0.2613073320053254,flip
cell_optimism_confidence__corporate_earnings,ETH-USD__fwd_1w,443,-0.029730195276808674,0.5325499331249374,0.984306696629832,0.9937326665261602,0.984306696629832,flip
cell_fear_anxiety__inflation,QQQ__fwd_1w,443,0.029603790327481224,0.5342947082310846,0.003598777499493769,0.9937326665261602,0.06385259506244659,flip
share_fear_anxiety,ETH-USD__fwd_1m,441,0.029618130957482405,0.5350263490596817,0.0013356027893082494,0.9937326665261602,0.0460782962311346,flip
net_valence_mean,QQQ__fwd_1m,440,-0.029459322878008093,0.5376833905085185,0.21851281053155938,0.9937326665261602,0.38473446069427014,flip
net_valence_mean,SPY__fwd_1w,443,-0.029260045045165266,0.5390539430421634,0.00796796381523038,0.9937326665261602,0.0895678454570328,flip
cell_fear_anxiety__markets_themselves,^GSPC__fwd_1m,440,-0.029240691736988542,0.54070716655763,0.19718747216309382,0.9937326665261602,0.36786350356361286,flip
cell_fear_anxiety__inflation,^GSPC__fwd_3m,431,0.02939993554064796,0.5427116588496823,0.051125229441110524,0.9937326665261602,0.21476930486382798,flip
emo_optimism_confidence,^IXIC__fwd_3m,431,-0.02936853408272592,0.5431429511444288,0.2071073096808515,0.9937326665261602,0.3763824903816193,flip
cell_fear_anxiety__inflation,SPY__fwd_3m,431,0.029359570566924325,0.5432660943101323,0.05581632179259827,0.9937326665261602,0.21476930486382798,flip
share_confusion_uncertainty,GC=F__fwd_1w,443,-0.028744148950436626,0.5462361543961239,0.3273142568979634,0.9937326665261602,0.4793918715415926,flip
cell_fear_anxiety__markets_themselves,ETH-USD__fwd_3m,432,-0.028733206795939617,0.5514417188158157,0.04168418501565981,0.9937326665261602,0.2038258180686988,flip
net_valence,^GSPC__fwd_1m,440,0.028005478219154226,0.5579482799034444,0.00040743659017330135,0.9937326665261602,0.018793526274852493,flip
cell_optimism_confidence__corporate_earnings,BTC-USD__fwd_1w,443,-0.02784058382867926,0.5589282130639481,0.5687844857596432,0.9937326665261602,0.6651886358883963,flip
net_valence,SPY__fwd_1m,440,0.027915086816759773,0.5592203517933361,0.00040222315059379606,0.9937326665261602,0.018793526274852493,flip
share_fear_anxiety,^GSPC__fwd_3m,431,0.028169002446405376,0.5597444701372658,0.053561077520165555,0.9937326665261602,0.21476930486382798,flip
share_excitement_euphoria,GC=F__fwd_1m,440,0.027833282861015315,0.5603727811906193,0.10835290998659022,0.9937326665261602,0.2857408543224167,flip
cell_fear_anxiety__markets_themselves,^VIX__fwd_1w,443,-0.027700549092360544,0.5609079312775761,0.16764660177859925,0.9937326665261602,0.35411067926704126,flip
cell_fear_anxiety__markets_themselves,ETH-USD__fwd_1m,441,-0.027753906229175587,0.5610451277279684,0.751142015589067,0.9937326665261602,0.80423998565657,flip
share_optimism_confidence,GC=F__fwd_1m,440,-0.027687417292782398,0.5624305320740314,0.29994234652997825,0.9937326665261602,0.45765159015999135,flip
net_valence_mean,^IXIC__fwd_1m,440,-0.02763860261937337,0.5631199803002382,0.19279406254524387,0.9937326665261602,0.36786350356361286,flip
emo_excitement_euphoria,ETH-USD__fwd_1m,441,-0.02746232379323071,0.5651692341676378,0.8073119032264595,0.9937326665261602,0.83976665310491,flip
cell_fear_anxiety__markets_themselves,SPY__fwd_1m,440,-0.02745717819464083,0.5656859355060219,0.18780625204058138,0.9937326665261602,0.36786350356361286,flip
emo_anger_disgust,QQQ__fwd_3m,431,-0.027731580724956937,0.5658588244497569,0.25486654154809946,0.9937326665261602,0.41801164719008993,flip
cell_fear_anxiety__markets_themselves,QQQ__fwd_1m,440,-0.027379137166639044,0.5667914185243662,0.4584985497915256,0.9937326665261602,0.5769820185399838,flip
cell_fear_anxiety__markets_themselves,GLD__fwd_3m,431,0.02766175253637649,0.5668378446095172,0.2359441839881302,0.9937326665261602,0.3992407036965364,flip
share_fear_anxiety,SPY__fwd_3m,431,0.027575876494092436,0.5680429706543242,0.056965042097575705,0.9937326665261602,0.21570299477191776,flip
net_valence_mean,ETH-USD__fwd_1m,441,0.027244322996588934,0.5682620684162097,0.09673414863621667,0.9937326665261602,0.2681781531387971,flip
emo_optimism_confidence,GC=F__fwd_3m,431,0.02732995328372758,0.5715008312181982,0.5627535227576534,0.9937326665261602,0.6618748818797401,flip
emo_confusion_uncertainty,^GSPC__fwd_1m,440,-0.027031567444242517,0.5717273801049969,0.013100790753676258,0.9937326665261602,0.11485106401646858,flip
share_excitement_euphoria,GLD__fwd_1m,440,0.02649338479461696,0.5794102434580941,0.09360810799100347,0.9937326665261602,0.26184970748834757,flip
cell_fear_anxiety__inflation,QQQ__fwd_3m,431,0.02663405320535008,0.5813393829396838,0.2117384016383481,0.9937326665261602,0.38002759369194844,flip
emo_optimism_confidence,GLD__fwd_3m,431,0.026549588378189645,0.5825388887100534,0.7114590288714187,0.9937326665261602,0.7792170316210776,flip
cell_anger_disgust__fiscal_taxes,SPY__fwd_1m,440,0.02623526684867221,0.5831120768869543,0.00017938282384772594,0.9937326665261602,0.018793526274852493,flip
emo_optimism_confidence,QQQ__fwd_3m,431,-0.026506205344710133,0.5831554289950008,0.2696425627748685,0.9937326665261602,0.4321689814235664,flip
share_excitement_euphoria,^IXIC__fwd_1m,440,-0.026180235642586435,0.5839027335139059,0.16286444834972189,0.9937326665261602,0.3521975070882948,flip
emo_confusion_uncertainty,SPY__fwd_1m,440,-0.026163916146731452,0.5841372982261727,0.012744201569591697,0.9937326665261602,0.11469781412632528,flip
share_optimism_confidence,GC=F__fwd_3m,431,-0.02642635899201707,0.5842909615016568,0.8876719165523944,0.9937326665261602,0.8992565418907617,flip
share_excitement_euphoria,^GSPC__fwd_1m,440,-0.026120162847658526,0.5847663923152583,0.22330110561260827,0.9937326665261602,0.38843133497319254,flip
share_excitement_euphoria,SPY__fwd_1m,440,-0.025836939787824184,0.5888462054001952,0.24323706710341123,0.9937326665261602,0.40714344655314927,flip
share_optimism_confidence,GLD__fwd_3m,431,-0.026019679341993278,0.5900903918138634,0.8329333629458221,0.9937326665261602,0.8620860306489259,flip
net_valence_mean,^GSPC__fwd_1w,443,-0.02563686442213482,0.5904683194912752,0.008076971571004567,0.9937326665261602,0.0895678454570328,flip
share_optimism_confidence,ETH-USD__fwd_1m,441,0.025676740598437376,0.5907359501523453,0.04808189130644607,0.9937326665261602,0.21476930486382798,flip
share_confusion_uncertainty,^VIX__fwd_1w,443,-0.025542765043672387,0.5918330760663758,0.022386275009975372,0.9937326665261602,0.15110735631733377,flip
cell_fear_anxiety__markets_themselves,GLD__fwd_1m,440,0.025613749969427686,0.592070439072939,0.11488808889134308,0.9937326665261602,0.2960394323714691,flip
cell_anger_disgust__fiscal_taxes,^GSPC__fwd_1m,440,0.025529234063061505,0.5932934730312848,0.0001529501192593938,0.9937326665261602,0.018793526274852493,flip
net_valence,^VIX__fwd_1m,440,-0.025152483293209564,0.5987594256154597,0.02205435666538971,0.9937326665261602,0.15110735631733377,flip
emo_pessimism_despair,^GSPC__fwd_1m,440,-0.024903992893648138,0.602376967233826,0.00032023396844484695,0.9937326665261602,0.018793526274852493,flip
cell_optimism_confidence__corporate_earnings,GC=F__fwd_1w,443,-0.02479277866776649,0.6027616135293759,0.17371253225490463,0.9937326665261602,0.3583066163671049,flip
emo_surprise,GLD__fwd_3m,431,0.024947349004853743,0.6055075296602668,0.3330599271336113,0.9937326665261602,0.481000499418541,flip
mean_intensity,ETH-USD__fwd_1m,441,-0.024534303315715558,0.6073670493874797,0.1650394115341285,0.9937326665261602,0.3521975070882948,flip
emo_surprise,GC=F__fwd_3m,431,0.024768887139935736,0.6080906693951603,0.3083851685362928,0.9937326665261602,0.4648232758763054,flip
share_anger_disgust,ETH-USD__fwd_1m,441,-0.024419151010080454,0.609054880379361,0.034413490790940145,0.9937326665261602,0.18633369897152297,flip
emo_pessimism_despair,SPY__fwd_1m,440,-0.024409388036800664,0.6096064972289743,0.00030929830444790434,0.9937326665261602,0.018793526274852493,flip
emo_excitement_euphoria,GLD__fwd_3m,431,0.024541448358777262,0.6113897975522926,0.6803705068466425,0.9937326665261602,0.7504619622589076,flip
share_optimism_confidence,^VIX__fwd_1m,440,0.024059413677535602,0.6147450933889427,0.5909719806265856,0.9937326665261602,0.683414525082141,flip
share_optimism_confidence,^GSPC__fwd_1m,440,-0.023569353989730823,0.6219722642840708,0.2946312433306798,0.9937326665261602,0.4528861438325548,flip
share_fear_anxiety,QQQ__fwd_3m,431,0.023674258479399437,0.6240406819028511,0.15290386097063,0.9937326665261602,0.34279168831321744,flip
emo_optimism_confidence,^GSPC__fwd_1m,440,-0.02342650182611482,0.6240858788088512,0.006027208177843508,0.9937326665261602,0.07851883927214721,flip
share_surprise,^VIX__fwd_1m,440,-0.023272616904963073,0.6263661864096023,0.06979381333893254,0.9937326665261602,0.2340016641776444,flip
cell_anger_disgust__fiscal_taxes,^VIX__fwd_3m,431,0.023501474780595725,0.6265747283436147,0.14417317520392559,0.9937326665261602,0.33159830296902887,flip
emo_excitement_euphoria,ETH-USD__fwd_1w,443,-0.023145513932284804,0.6270767682787035,0.48348192007637353,0.9937326665261602,0.5995948410316937,flip
share_optimism_confidence,^GSPC__fwd_1w,443,0.023014780918059766,0.6290243891173346,0.08982141668416926,0.9937326665261602,0.2558674300957299,flip
share_optimism_confidence,SPY__fwd_1m,440,-0.023016781856297883,0.6301651000126915,0.28766146171220885,0.9937326665261602,0.4501606884629158,flip
cell_anger_disgust__fiscal_taxes,^GSPC__fwd_3m,431,-0.023208355547947476,0.6308836668164047,0.20532718486286267,0.9937326665261602,0.37610248865374685,flip
emo_optimism_confidence,SPY__fwd_1m,440,-0.022855929211423955,0.6325586211196191,0.006069089025866451,0.9937326665261602,0.07851883927214721,flip
cell_optimism_confidence__growth_gdp,GLD__fwd_1w,443,0.022741917621050017,0.6330977086184236,0.14605388241626946,0.9937326665261602,0.333998547131669,flip
cell_fear_anxiety__inflation,^IXIC__fwd_3m,431,0.022969294559109028,0.6344072242385331,0.1576748396966091,0.9937326665261602,0.3472201257148732,flip
net_valence,^IXIC__fwd_3m,431,0.022937855266535065,0.6348712300826576,0.25578812549474106,0.9937326665261602,0.41801164719008993,flip
cell_optimism_confidence__corporate_earnings,^VIX__fwd_3m,431,0.022472341713469506,0.6417582953792872,0.43663566590340197,0.9937326665261602,0.5613770023335587,flip
emo_surprise,^VIX__fwd_1w,443,-0.02192582381631092,0.6453463421428476,0.1908544922559548,0.9937326665261602,0.36786350356361286,flip
cell_anger_disgust__fiscal_taxes,^VIX__fwd_1m,440,-0.021993644482904612,0.6454545741912439,0.005132413374254766,0.9937326665261602,0.07082730456471577,flip
cell_optimism_confidence__growth_gdp,^VIX__fwd_3m,431,0.022070686677213916,0.6477254117850796,0.06269147755797311,0.9937326665261602,0.22630814602003552,flip
cell_anger_disgust__fiscal_taxes,SPY__fwd_3m,431,-0.02202810377276163,0.6483593702375723,0.21429404012197656,0.9937326665261602,0.3832367986942172,flip
share_fear_anxiety,^IXIC__fwd_3m,431,0.021858858667078422,0.6508815365061322,0.11232623102615277,0.9937326665261602,0.29186020697590326,flip
share_optimism_confidence,^IXIC__fwd_1m,440,-0.021617132053015936,0.6511193248167914,0.6155509304972788,0.9937326665261602,0.6975495033554929,flip
cell_fear_anxiety__monetary_policy,ETH-USD__fwd_1w,443,-0.02154272710728363,0.6511296893382539,0.07462501529601497,0.9937326665261602,0.23753986508211417,flip
share_optimism_confidence,SPY__fwd_1w,443,0.02137677080380934,0.6536415541451381,0.0864729888295541,0.9937326665261602,0.25501863859254137,flip
mean_intensity,^IXIC__fwd_1m,440,-0.021398424303990866,0.65441912182852,0.28497103675320157,0.9937326665261602,0.4501606884629158,flip
share_excitement_euphoria,ETH-USD__fwd_1m,441,0.02129249292673067,0.6556522585035485,0.11647685366826858,0.9937326665261602,0.29685235947688987,flip
mean_intensity,BTC-USD__fwd_3m,432,0.02142037795294202,0.657060524901765,0.2174734842428428,0.9937326665261602,0.38473446069427014,flip
share_pessimism_despair,BTC-USD__fwd_1w,443,-0.021138322603911318,0.6572574851927676,0.07189911212364113,0.9937326665261602,0.23455599788038425,flip
cell_optimism_confidence__corporate_earnings,^VIX__fwd_1m,440,-0.021060882249021022,0.6595250698638793,0.23109022173830304,0.9937326665261602,0.3942500760974895,flip
share_excitement_euphoria,GLD__fwd_1w,443,0.020938150970215185,0.6602991641649298,0.3384156372487002,0.9937326665261602,0.4864724785450066,flip
emo_pessimism_despair,GLD__fwd_1m,440,0.020971254875276183,0.6608835224722007,0.4688515457254959,0.9937326665261602,0.5870096973700262,flip
cell_optimism_confidence__corporate_earnings,ETH-USD__fwd_1m,441,-0.020729157682494753,0.6641987827022645,0.3996969545964989,0.9937326665261602,0.5292362661075177,flip
emo_anger_disgust,^VIX__fwd_1m,440,0.020630555263570386,0.6660575291769679,0.011244344790789326,0.9937326665261602,0.1108371129377805,flip
emo_surprise,^IXIC__fwd_1m,440,-0.020499420553787524,0.6680532416632263,0.19203925341113848,0.9937326665261602,0.36786350356361286,flip
share_optimism_confidence,GC=F__fwd_1w,443,-0.02039657575228162,0.6685565600713628,0.17824257821318956,0.9937326665261602,0.35937870477399586,flip
mean_intensity,QQQ__fwd_1m,440,-0.020426524550000033,0.6691636444537953,0.28888308369953214,0.9937326665261602,0.4501606884629158,flip
cell_fear_anxiety__monetary_policy,BTC-USD__fwd_1w,443,0.02021658627784006,0.6713097926973189,0.5050778940153589,0.9937326665261602,0.6174278979990903,flip
emo_excitement_euphoria,GC=F__fwd_3m,431,0.02049185658936041,0.671397300124336,0.860918778481489,0.9937326665261602,0.8793265813108629,flip
share_anger_disgust,QQQ__fwd_3m,431,-0.020223408413885965,0.6754555672782301,0.25121414247400947,0.9937326665261602,0.41380366704604743,flip
cell_optimism_confidence__corporate_earnings,QQQ__fwd_3m,431,-0.020104681425869637,0.6772534346483794,0.1436125353712152,0.9937326665261602,0.3315367452249987,flip
emo_pessimism_despair,GC=F__fwd_1m,440,0.01979466832667536,0.6788185201224953,0.31863338838865657,0.9937326665261602,0.47112222426037076,flip
net_valence_mean,BTC-USD__fwd_1m,441,0.01938901254817726,0.6847045248200126,0.21997792606749655,0.9937326665261602,0.38489767387800977,flip
emo_surprise,SPY__fwd_1w,443,0.019243883543000044,0.6862642439115272,0.868208350879663,0.9937326665261602,0.8853159045915775,flip
cell_optimism_confidence__growth_gdp,GC=F__fwd_1w,443,0.019214406611909825,0.6867193792426769,0.37514624043382205,0.9937326665261602,0.5142733229788157,flip
emo_optimism_confidence,^VIX__fwd_1m,440,0.01913518071248128,0.6889519153494119,0.015663710884960554,0.9937326665261602,0.1273939304184957,flip
mean_intensity,^VIX__fwd_1w,443,0.018998281633554277,0.6900598822973805,0.025717265621964143,0.9937326665261602,0.16691055659429035,flip
net_valence_mean,SPY__fwd_3m,431,-0.019225927955572233,0.6906167113218467,0.5134670263536543,0.9937326665261602,0.6215653476912657,flip
emo_fear_anxiety,^GSPC__fwd_1w,443,-0.018858378904686994,0.6922254857999279,0.3620567744692907,0.9937326665261602,0.5030265667762328,flip
emo_fear_anxiety,^GSPC__fwd_1m,440,-0.018886549121709992,0.6927868832885312,0.003008404921066066,0.9937326665261602,0.06035229738165743,flip
cell_fear_anxiety__inflation,^GSPC__fwd_1w,443,0.018805124234006963,0.6930504941453277,0.0032733462911810705,0.9937326665261602,0.06159842566131651,flip
emo_surprise,^GSPC__fwd_1w,443,0.018790858541672152,0.693271556430589,0.8710057438466412,0.9937326665261602,0.8867124048012527,flip
cell_optimism_confidence__corporate_earnings,^IXIC__fwd_3m,431,-0.018740440884516988,0.6980412992202827,0.09483653757388975,0.9937326665261602,0.2640963669658544,flip
share_confusion_uncertainty,QQQ__fwd_3m,431,0.01869972355229022,0.6986653151011363,0.49100836806778064,0.9937326665261602,0.6054704586536547,flip
net_valence,QQQ__fwd_3m,431,0.018611910753613646,0.7000117857725991,0.3738206566803142,0.9937326665261602,0.5135898845099007,flip
cell_fear_anxiety__inflation,SPY__fwd_1w,443,0.018275863743374643,0.7012692530349766,0.0038394962485099973,0.9937326665261602,0.06421238799005387,flip
emo_fear_anxiety,SPY__fwd_1m,440,-0.018314752190727025,0.7016361385452232,0.003012755585879839,0.9937326665261602,0.06035229738165743,flip
share_optimism_confidence,QQQ__fwd_1m,440,-0.018183116227387445,0.7036791415806366,0.6043919151961074,0.9937326665261602,0.6924859397357613,flip
share_optimism_confidence,GLD__fwd_1w,443,-0.018082740913364908,0.7042769686153164,0.2556173438485646,0.9937326665261602,0.41801164719008993,flip
cell_fear_anxiety__markets_themselves,^VIX__fwd_3m,431,-0.01829285996294583,0.7049118128491837,0.9513234871849053,0.9937326665261602,0.9559415623654146,flip
net_valence_mean,QQQ__fwd_3m,431,-0.0181712277179469,0.7067830881474523,0.9235576525035593,0.9937326665261602,0.9295450602993685,flip
net_valence_mean,^GSPC__fwd_3m,431,-0.018153405922118396,0.7070574197860422,0.5129612090763715,0.9937326665261602,0.6215653476912657,flip
net_valence_mean,^IXIC__fwd_3m,431,-0.01811277985441432,0.707682920190225,0.87302598233556,0.9937326665261602,0.8873144599515265,flip
cell_fear_anxiety__inflation,QQQ__fwd_1m,440,0.017873081872382807,0.7084993128065232,0.07450431094779826,0.9937326665261602,0.23753986508211417,flip
emo_anger_disgust,GLD__fwd_1m,440,0.017455011226647697,0.7150175832622242,0.16452951404984462,0.9937326665261602,0.3521975070882948,flip
share_surprise,^VIX__fwd_3m,431,-0.017382322739707676,0.7189626071906629,0.051737310354253135,0.9937326665261602,0.21476930486382798,flip
emo_anger_disgust,^GSPC__fwd_3m,431,-0.017240328640538493,0.7211624646582613,0.167113186547009,0.9937326665261602,0.35411067926704126,flip
share_pessimism_despair,QQQ__fwd_3m,431,0.017192984847729804,0.7218964554089016,0.6560522902232819,0.9937326665261602,0.7327490507709677,flip
share_anger_disgust,BTC-USD__fwd_1w,443,-0.01687625257105071,0.723169758489145,0.3838334297150708,0.9937326665261602,0.5204379036092991,flip
cell_fear_anxiety__inflation,GLD__fwd_1w,443,-0.016820713042113158,0.7240436362735012,0.2268464771589937,0.9937326665261602,0.39193064556993235,flip
share_surprise,^GSPC__fwd_3m,431,0.0169892793915868,0.7250574907941858,0.013501010745897272,0.9937326665261602,0.11485106401646858,flip
cell_optimism_confidence__growth_gdp,ETH-USD__fwd_1w,443,0.016667652467306896,0.7264537958622451,0.5743625205609466,0.9937326665261602,0.6691916046310465,flip
cell_optimism_confidence__growth_gdp,^VIX__fwd_1w,443,0.016563088386861637,0.7281018626913109,0.3164320655190128,0.9937326665261602,0.4694206013904063,flip
emo_anger_disgust,GC=F__fwd_1m,440,0.01655584972634645,0.7291065288480371,0.18471809918188203,0.9937326665261602,0.3676600627947075,flip
share_surprise,SPY__fwd_3m,431,0.016555151472014414,0.7318096870452441,0.01507503891054243,0.9937326665261602,0.12482132217929133,flip
share_confusion_uncertainty,ETH-USD__fwd_3m,432,0.016473734396669465,0.7327789546461729,0.2439301981703843,0.9937326665261602,0.4072060566231415,flip
share_excitement_euphoria,^VIX__fwd_3m,431,-0.016428565438001638,0.7337824697515268,0.07630639545950134,0.9937326665261602,0.23860392257627452,flip
share_confusion_uncertainty,GLD__fwd_3m,431,-0.01623482553107738,0.7368052040848863,0.7571783599065101,0.9937326665261602,0.8079126537183171,flip
emo_anger_disgust,SPY__fwd_3m,431,-0.016233567830943964,0.7368248400720229,0.16467690512267302,0.9937326665261602,0.3521975070882948,flip
share_surprise,ETH-USD__fwd_1m,441,0.01595568634526716,0.7382741429126061,0.7597761510008006,0.9937326665261602,0.8079126537183171,flip
cell_anger_disgust__fiscal_taxes,ETH-USD__fwd_3m,432,-0.01604188478138898,0.7395271010499807,0.06711075314324358,0.9937326665261602,0.23282557375393442,flip
emo_fear_anxiety,SPY__fwd_1w,443,-0.015806488323039294,0.7400637968537986,0.3611974410280219,0.9937326665261602,0.5030265667762328,flip
share_anger_disgust,^GSPC__fwd_3m,431,-0.015834934476260186,0.7430571144266941,0.06973905166569377,0.9937326665261602,0.2340016641776444,flip
emo_fear_anxiety,^IXIC__fwd_1w,443,-0.015611213333636029,0.7431614500736354,0.3418583501534442,0.9937326665261602,0.4897518871264247,flip
share_anger_disgust,^IXIC__fwd_3m,431,-0.01579271699464256,0.7437181387159493,0.20457662228653667,0.9937326665261602,0.37610248865374685,flip
emo_surprise,BTC-USD__fwd_3m,432,-0.01552973360552512,0.7475559932282515,0.05424502827828284,0.9937326665261602,0.21476930486382798,flip
share_anger_disgust,SPY__fwd_3m,431,-0.015493933190014457,0.7484017298554746,0.06953477749971404,0.9937326665261602,0.2340016641776444,flip
share_surprise,^GSPC__fwd_1m,440,0.015081010472434125,0.7524124095148887,0.018801391532069237,0.9937326665261602,0.13576353652808135,flip
emo_optimism_confidence,^VIX__fwd_3m,431,0.015227671954771958,0.7525833287295306,0.25909767420245855,0.9937326665261602,0.42120328711970356,flip
emo_pessimism_despair,^IXIC__fwd_3m,431,-0.015157250979021734,0.7536904977839616,0.3771782224001622,0.9937326665261602,0.5143355940099601,flip
share_excitement_euphoria,GC=F__fwd_1w,443,0.01493954422664853,0.753847550044736,0.2932241268558402,0.9937326665261602,0.4518416446091235,flip
emo_fear_anxiety,^VIX__fwd_1m,440,0.014912054815301425,0.7550971794430118,0.040745135886429265,0.9937326665261602,0.2024218350837806,flip
cell_fear_anxiety__inflation,SPY__fwd_1m,440,0.014786890317080146,0.7570879959457211,0.03932756868990999,0.9937326665261602,0.2024218350837806,flip
emo_surprise,QQQ__fwd_1m,440,-0.014528615411448748,0.7612010803943589,0.14234930601571566,0.9937326665261602,0.3298467128199979,flip
share_surprise,SPY__fwd_1m,440,0.014507375974586146,0.7615396243099933,0.02231910560081435,0.9937326665261602,0.15110735631733377,flip
cell_anger_disgust__fiscal_taxes,QQQ__fwd_1m,440,0.014490899965841653,0.7618022733681116,0.00033282506944127497,0.9937326665261602,0.018793526274852493,flip
cell_fear_anxiety__inflation,^GSPC__fwd_1m,440,0.014322529735374095,0.7644878770617834,0.039689772836050935,0.9937326665261602,0.2024218350837806,flip
cell_fear_anxiety__inflation,^IXIC__fwd_1m,440,0.014273673568726636,0.7652676917818135,0.08350856450566367,0.9937326665261602,0.25052569351699105,flip
cell_fear_anxiety__inflation,^VIX__fwd_3m,431,-0.014353355589825248,0.7663647142161026,0.18611740859218645,0.9937326665261602,0.36786350356361286,flip
share_pessimism_despair,ETH-USD__fwd_1w,443,0.014065496737375503,0.7678238097482041,0.5014285757766014,0.9937326665261602,0.6141758295015177,flip
emo_confusion_uncertainty,^IXIC__fwd_3m,431,-0.01422951263215451,0.7683228685061427,0.3449313608920282,0.9937326665261602,0.49016561810972425,flip
share_pessimism_despair,BTC-USD__fwd_3m,432,-0.014209953468969515,0.7683701552545232,0.32524951837979493,0.9937326665261602,0.47749397379161385,flip
mean_intensity,SPY__fwd_1m,440,-0.013974257996596668,0.7700519484480881,0.3081149374918893,0.9937326665261602,0.4648232758763054,flip
emo_optimism_confidence,BTC-USD__fwd_3m,432,-0.014055760381172008,0.7708131428103708,0.03441999943621832,0.9937326665261602,0.18633369897152297,flip
share_confusion_uncertainty,^IXIC__fwd_3m,431,0.014070242477937377,0.7708433487705157,0.5558616361154862,0.9937326665261602,0.6562548973910969,flip
share_surprise,QQQ__fwd_3m,431,0.014025575492771844,0.7715506466586566,0.05484316566006583,0.9937326665261602,0.21476930486382798,flip
mean_intensity,GC=F__fwd_1w,443,0.013831577268394873,0.7715772561517976,0.44227625109812896,0.9937326665261602,0.5628146555982337,flip
share_surprise,GC=F__fwd_1w,443,-0.013786786753051922,0.772296571135773,0.8454417308386446,0.9937326665261602,0.8692372762430436,flip
share_excitement_euphoria,^VIX__fwd_1m,440,0.013697788814538755,0.7744773153389568,0.1575155431516003,0.9937326665261602,0.3472201257148732,flip
share_confusion_uncertainty,GC=F__fwd_3m,431,-0.013784135842168404,0.7753770853408987,0.7943459949629051,0.9937326665261602,0.8277324834214805,flip
mean_intensity,^GSPC__fwd_1m,440,-0.013614036447946211,0.7758193663736417,0.3225875576162125,0.9937326665261602,0.4747082305205402,flip
cell_fear_anxiety__monetary_policy,^VIX__fwd_3m,431,-0.013713843326259875,0.7764921379692032,0.9034122793667321,0.9937326665261602,0.9122260577020173,flip
emo_optimism_confidence,^GSPC__fwd_3m,431,-0.013664294019592758,0.7772784163802815,0.29793420544930405,0.9937326665261602,0.45570724528083206,flip
share_pessimism_despair,^IXIC__fwd_3m,431,0.013635124539422002,0.7777414017434183,0.5180484173231972,0.9937326665261602,0.6243799232860786,flip
net_valence,GLD__fwd_1m,440,-0.013455798353038138,0.77835679828098,0.131501452390704,0.9937326665261602,0.3152988491684447,flip
emo_fear_anxiety,^IXIC__fwd_3m,431,-0.013560509903890345,0.7789260616396417,0.7395150700517326,0.9937326665261602,0.7972896848995241,flip
emo_fear_anxiety,^VIX__fwd_1w,443,0.013319330938049432,0.7798152272790174,0.0027315959101450833,0.9937326665261602,0.05949330756944528,flip
cell_optimism_confidence__growth_gdp,^VIX__fwd_1m,440,-0.013093152616919417,0.7841808647851852,0.5699896139382467,0.9937326665261602,0.6653450192775398,flip
share_confusion_uncertainty,^GSPC__fwd_3m,431,0.013069975406745413,0.7867269275416193,0.5814264618071878,0.9937326665261602,0.676153244910606,flip
share_fear_anxiety,BTC-USD__fwd_1m,441,0.012789519996951559,0.7888312558842656,0.19620524929451708,0.9937326665261602,0.36786350356361286,flip
share_excitement_euphoria,BTC-USD__fwd_1m,441,0.012758241437006126,0.7893355530664384,0.22852201092295527,0.9937326665261602,0.3931085007843635,flip
share_confusion_uncertainty,^VIX__fwd_1m,440,0.012769842959181267,0.7893833843619491,0.03526723753285886,0.9937326665261602,0.1888013319647013,flip
cell_optimism_confidence__corporate_earnings,^GSPC__fwd_3m,431,-0.012811204789098092,0.7908507665642271,0.19080227754816753,0.9937326665261602,0.36786350356361286,flip
share_confusion_uncertainty,SPY__fwd_3m,431,0.012727344032417246,0.7921884532657113,0.607741253445159,0.9937326665261602,0.695041102006342,flip
share_surprise,BTC-USD__fwd_1w,443,-0.012547883350041937,0.7922680450076155,0.549293754728105,0.9937326665261602,0.6509759955842619,flip
net_valence_mean,BTC-USD__fwd_3m,432,0.012659670196081059,0.793032774803507,0.16292548624274825,0.9937326665261602,0.3521975070882948,flip
net_valence_mean,GLD__fwd_3m,431,-0.0126516493893427,0.7933964037720652,0.714242130114597,0.9937326665261602,0.7806123409260349,flip
share_fear_anxiety,^VIX__fwd_3m,431,-0.012622590278886478,0.7938602663781427,0.8485170663013567,0.9937326665261602,0.8709571870630455,flip
cell_optimism_confidence__growth_gdp,^GSPC__fwd_3m,431,-0.01256860620043234,0.7947221921876761,0.2773556100630389,0.9937326665261602,0.4416354714080696,flip
cell_optimism_confidence__growth_gdp,^IXIC__fwd_3m,431,-0.012509584177989187,0.7956648411186621,0.29242787438247253,0.9937326665261602,0.4517355969938195,flip
emo_optimism_confidence,SPY__fwd_3m,431,-0.01234266397751819,0.7983323517731821,0.3046724032879595,0.9937326665261602,0.46249763197664534,flip
cell_optimism_confidence__corporate_earnings,BTC-USD__fwd_1m,441,-0.012185449686440215,0.7985858957177594,0.8250200768012004,0.9937326665261602,0.8553213150142662,flip
cell_optimism_confidence__growth_gdp,SPY__fwd_3m,431,-0.012311151328450386,0.7988362120528929,0.28328519691229265,0.9937326665261602,0.44992354803717066,flip
net_valence_mean,GLD__fwd_1w,443,0.012105143334064053,0.7994389673413221,0.2586597931761031,0.9937326665261602,0.42120328711970356,flip
cell_optimism_confidence__corporate_earnings,SPY__fwd_3m,431,-0.012258066962888552,0.7996851742833255,0.20118923309484094,0.9937326665261602,0.3729507873190932,flip
cell_optimism_confidence__growth_gdp,QQQ__fwd_3m,431,-0.011780962865565571,0.8073258318817169,0.31103150381856975,0.9937326665261602,0.46747865711436665,flip
share_surprise,^IXIC__fwd_1m,440,0.01150734777368589,0.8097864793167538,0.03830025154572795,0.9937326665261602,0.20156318821946656,flip
net_valence_mean,GC=F__fwd_1m,440,0.011429924499324158,0.8110420673822821,0.06657694145027553,0.9937326665261602,0.23282557375393442,flip
share_surprise,GLD__fwd_3m,431,-0.011377426512262942,0.813802689162196,0.35164274573746573,0.9937326665261602,0.4962957843249232,flip
net_valence,GC=F__fwd_1m,440,-0.011254260931967203,0.813892629309809,0.12412142990220865,0.9937326665261602,0.30435310900565826,flip
share_optimism_confidence,QQQ__fwd_1w,443,0.011119911651157178,0.8154562335955788,0.5417416960244806,0.9937326665261602,0.6457228276990451,flip
share_surprise,GC=F__fwd_3m,431,-0.011170098249041282,0.8171353286089498,0.33795703662551524,0.9937326665261602,0.4864724785450066,flip
share_pessimism_despair,GC=F__fwd_1m,440,-0.010956811182734099,0.8187250503362702,0.26940606974787645,0.9937326665261602,0.4321689814235664,flip
share_excitement_euphoria,^GSPC__fwd_3m,431,-0.01104752242730462,0.8191071937760543,0.002778270401793741,0.9937326665261602,0.05949330756944528,flip
emo_excitement_euphoria,^VIX__fwd_3m,431,0.010893638902459792,0.8215843162988832,0.1518578085399048,0.9937326665261602,0.34168006921478583,flip
share_excitement_euphoria,SPY__fwd_3m,431,-0.010887050488737072,0.8216904123098464,0.003595503054412702,0.9937326665261602,0.06385259506244659,flip
net_valence_mean,GC=F__fwd_3m,431,-0.010861522509035626,0.8221015308323939,0.6707255285249626,0.9937326665261602,0.7437867021678602,flip
share_pessimism_despair,SPY__fwd_3m,431,0.01082888131742156,0.8226272758667665,0.1956136715042047,0.9937326665261602,0.36786350356361286,flip
share_pessimism_despair,^GSPC__fwd_3m,431,0.010819823271719714,0.8227731860444036,0.2042738244839837,0.9937326665261602,0.37610248865374685,flip
cell_fear_anxiety__markets_themselves,SPY__fwd_3m,431,0.01061993939832241,0.8259945311966066,0.668073095402309,0.9937326665261602,0.7421706480229586,flip
share_confusion_uncertainty,^VIX__fwd_3m,431,-0.010596280832518077,0.8263760089948685,0.6782438735847711,0.9937326665261602,0.7504619622589076,flip
share_surprise,^IXIC__fwd_3m,431,0.010567209671260472,0.8268448170207252,0.03239416222043632,0.9937326665261602,0.18287977035355413,flip
mean_intensity,GLD__fwd_1w,443,0.010279464901336898,0.829180968935285,0.6028541218740167,0.9937326665261602,0.6920007572712834,flip
share_anger_disgust,GLD__fwd_3m,431,0.010400227347639129,0.8295387975267848,0.6822279065606137,0.9937326665261602,0.7511764715853566,flip
share_anger_disgust,GC=F__fwd_3m,431,0.010327321343245415,0.8307156425952587,0.704686988347415,0.9937326665261602,0.7731636391585596,flip
cell_optimism_confidence__growth_gdp,BTC-USD__fwd_1w,443,-0.010028638643877479,0.8332873234230757,0.4243354886107278,0.9937326665261602,0.5520069002083305,flip
cell_fear_anxiety__markets_themselves,BTC-USD__fwd_3m,432,-0.010129361732356644,0.8337221379807966,0.1396332944930468,0.9937326665261602,0.32802864717614905,flip
emo_fear_anxiety,QQQ__fwd_1w,443,-0.009997579401166187,0.8337961218506402,0.39694513248183017,0.9937326665261602,0.5289762387794347,flip
share_surprise,QQQ__fwd_1m,440,0.009954957115731381,0.8350508725911239,0.04055110620869175,0.9937326665261602,0.2024218350837806,flip
cell_optimism_confidence__corporate_earnings,GLD__fwd_1w,443,-0.0098896155130829,0.8355652756390309,0.1765568834272691,0.9937326665261602,0.3583066163671049,flip
share_confusion_uncertainty,BTC-USD__fwd_3m,432,0.010012038994905503,0.8356204937979557,0.6584769939075779,0.9937326665261602,0.7341368280369943,flip
share_pessimism_despair,ETH-USD__fwd_3m,432,-0.009984521961694685,0.8360658753503667,0.36208192487757823,0.9937326665261602,0.5030265667762328,flip
emo_fear_anxiety,QQQ__fwd_3m,431,-0.00997536305282312,0.8364022133699307,0.7746874093741933,0.9937326665261602,0.8161054289399409,flip
emo_surprise,QQQ__fwd_1w,443,0.009794527881098825,0.837124119550091,0.7753658664646781,0.9937326665261602,0.8161054289399409,flip
emo_pessimism_despair,QQQ__fwd_3m,431,-0.009752712855267059,0.8400039846684061,0.3987763800224535,0.9937326665261602,0.5291455811836402,flip
net_valence_mean,^VIX__fwd_1w,443,0.009548425116942087,0.8411616151850113,0.13745791572733357,0.9937326665261602,0.3245679302915367,flip
share_pessimism_despair,^GSPC__fwd_1m,440,-0.009572638947742055,0.8413001094386074,0.3685201675464065,0.9937326665261602,0.5108281786748179,flip
cell_anger_disgust__fiscal_taxes,GC=F__fwd_1m,440,-0.009524738584202285,0.8420837831809938,0.04038379214755384,0.9937326665261602,0.2024218350837806,flip
share_pessimism_despair,^VIX__fwd_3m,431,0.009556874814367624,0.8431747851649855,0.5244979552602766,0.9937326665261602,0.6300062480012221,flip
emo_confusion_uncertainty,QQQ__fwd_3m,431,-0.00946662925421609,0.8446368012875127,0.441535280386081,0.9937326665261602,0.5628146555982337,flip
net_valence,^GSPC__fwd_3m,431,0.009458049441417175,0.844775825719482,0.23293474429523625,0.9937326665261602,0.39630815399271707,flip
cell_fear_anxiety__markets_themselves,^GSPC__fwd_3m,431,0.009400531846394973,0.8457079458927148,0.6436394446667572,0.9937326665261602,0.7214803161336755,flip
emo_pessimism_despair,^VIX__fwd_3m,431,0.009391246982492971,0.8458584349986209,0.6188337721518237,0.9937326665261602,0.6999922996471448,flip
share_surprise,BTC-USD__fwd_3m,432,-0.009379394052365937,0.8458732713723603,0.06320486383154417,0.9937326665261602,0.22630814602003552,flip
share_pessimism_despair,SPY__fwd_1m,440,-0.009270871655736911,0.8462397571593722,0.3868396741976099,0.9937326665261602,0.5213488598447616,flip
cell_fear_anxiety__markets_themselves,BTC-USD__fwd_1m,441,-0.00921536012838086,0.8469766594437782,0.8535988475351326,0.9937326665261602,0.8732864651059594,flip
share_pessimism_despair,^VIX__fwd_1w,443,-0.009112324758930533,0.8483263307392226,0.005296811934610989,0.9937326665261602,0.07150696111724836,flip
share_confusion_uncertainty,QQQ__fwd_1m,440,0.009100729881908465,0.8490274887361868,0.13565944157290666,0.9937326665261602,0.3215439435754772,flip
share_optimism_confidence,^IXIC__fwd_1w,443,0.009019777956466055,0.8498484157053957,0.425783100160693,0.9937326665261602,0.5520069002083305,flip
share_optimism_confidence,BTC-USD__fwd_1m,441,-0.008864273110837496,0.8527388019345015,0.4355983768284605,0.9937326665261602,0.5612169958723526,flip
cell_optimism_confidence__growth_gdp,^IXIC__fwd_1w,443,-0.00864087246423666,0.8560859009028298,0.2876160808913242,0.9937326665261602,0.4501606884629158,flip
emo_fear_anxiety,SPY__fwd_3m,431,0.008726413780461788,0.8566482931154633,0.4398066210076865,0.9937326665261602,0.561975126843155,flip
cell_fear_anxiety__monetary_policy,BTC-USD__fwd_1m,441,-0.008531760997154303,0.8582033236035946,0.7233221190159081,0.9937326665261602,0.7852850278127255,flip
mean_intensity,^VIX__fwd_3m,431,-0.008618217935425884,0.8584068334373687,0.35993971218799853,0.9937326665261602,0.5030265667762328,flip
cell_optimism_confidence__corporate_earnings,^IXIC__fwd_1m,440,-0.008501200243503286,0.8588654142979353,0.7374390768571101,0.9937326665261602,0.7964342030056789,flip
emo_anger_disgust,^VIX__fwd_3m,431,0.008565042897314927,0.8592713608933237,0.37767637821021227,0.9937326665261602,0.5143355940099601,flip
cell_anger_disgust__fiscal_taxes,^IXIC__fwd_1m,440,0.008421359712512151,0.860177234092138,0.000218595894380151,0.9937326665261602,0.018793526274852493,flip
emo_confusion_uncertainty,BTC-USD__fwd_3m,432,-0.00848647917422573,0.860388012771634,0.06032332837822761,0.9937326665261602,0.2229808745409485,flip
cell_optimism_confidence__corporate_earnings,SPY__fwd_1m,440,0.00839854103950934,0.8605522271151954,0.6144362830532507,0.9937326665261602,0.6975495033554929,flip
emo_surprise,GC=F__fwd_1m,440,-0.00835716460908013,0.8612322708349897,0.5534817583421286,0.9937326665261602,0.6546898512961179,flip
net_valence,SPY__fwd_3m,431,0.008335696141502535,0.8630020275076248,0.21088000769961704,0.9937326665261602,0.3795840138593107,flip
cell_fear_anxiety__inflation,ETH-USD__fwd_1m,441,-0.008237434055942343,0.8630459724440122,0.34385244217710087,0.9937326665261602,0.4897531343852744,flip
cell_fear_anxiety__inflation,BTC-USD__fwd_3m,432,-0.008307694716366512,0.863300056242426,0.8774865421720398,0.9937326665261602,0.8903907560275109,flip
cell_optimism_confidence__growth_gdp,^IXIC__fwd_1m,440,-0.008180854142246388,0.8641311708699746,0.47601982661951026,0.9937326665261602,0.5947853366815209,flip
share_pessimism_despair,GLD__fwd_1w,443,0.008056169430741587,0.8657286643511306,0.7424998048246502,0.9937326665261602,0.7977376795780411,flip
share_excitement_euphoria,^IXIC__fwd_3m,431,-0.00805961048110752,0.8674970062332488,0.002180150227770683,0.9937326665261602,0.05949330756944528,flip
emo_pessimism_despair,BTC-USD__fwd_3m,432,-0.008001265122264001,0.8682954710394487,0.08829783337860957,0.9937326665261602,0.255041162659986,flip
share_anger_disgust,BTC-USD__fwd_3m,432,0.007980563498032604,0.868633140222341,0.818679430242888,0.9937326665261602,0.8501671006368453,flip
mean_intensity,GLD__fwd_1m,440,0.007885133441802925,0.8689974916223722,0.342274265721205,0.9937326665261602,0.4897518871264247,flip
net_valence_mean,GC=F__fwd_1w,443,0.007692292518394583,0.8717397899646921,0.15835634339351515,0.9937326665261602,0.3474886545843565,flip
emo_surprise,SPY__fwd_3m,431,0.007787487061056889,0.871931657575761,0.1756261745524097,0.9937326665261602,0.3583066163671049,flip
share_anger_disgust,BTC-USD__fwd_1m,441,0.007670812499424864,0.8723830661159537,0.27521471460425473,0.9937326665261602,0.4393530533913681,flip
emo_surprise,^IXIC__fwd_3m,431,-0.0077378576364950805,0.872740878940613,0.4579725501085501,0.9937326665261602,0.5769820185399838,flip
cell_anger_disgust__fiscal_taxes,GLD__fwd_3m,431,0.0077156218579874595,0.8731034825014146,0.18122938029249613,0.9937326665261602,0.3642182691315214,flip
share_pessimism_despair,QQQ__fwd_1m,440,-0.007623559277101914,0.8733060354306601,0.3213290185044838,0.9937326665261602,0.4739793835897493,flip
cell_anger_disgust__fiscal_taxes,GLD__fwd_1m,440,-0.007527574578271569,0.8748880031567758,0.05563297598416267,0.9937326665261602,0.21476930486382798,flip
emo_fear_anxiety,BTC-USD__fwd_3m,432,-0.007592900861732411,0.8749607435072574,0.18800383268117046,0.9937326665261602,0.36786350356361286,flip
emo_fear_anxiety,^GSPC__fwd_3m,431,0.007590456730959062,0.8751450703000954,0.458804969106348,0.9937326665261602,0.5769820185399838,flip
net_valence_mean,ETH-USD__fwd_3m,432,0.0074780912418313875,0.8768362665355384,0.0679982891147103,0.9937326665261602,0.2332979974598624,flip
cell_optimism_confidence__growth_gdp,^GSPC__fwd_1m,440,0.007382936241512331,0.8772727932659239,0.423831493699042,0.9937326665261602,0.5520069002083305,flip
share_optimism_confidence,^VIX__fwd_3m,431,-0.007437456304141722,0.8776418079250786,0.2875232094618077,0.9937326665261602,0.4501606884629158,flip
cell_fear_anxiety__inflation,ETH-USD__fwd_1w,443,-0.0072891385141087605,0.8784083768497241,0.1828019973575881,0.9937326665261602,0.3650162069423222,flip
cell_optimism_confidence__growth_gdp,ETH-USD__fwd_3m,432,0.007331086709261428,0.8792387287189568,0.33056355113986174,0.9937326665261602,0.481000499418541,flip
share_excitement_euphoria,GC=F__fwd_3m,431,-0.007302520219953867,0.8798447704153011,0.4889996153275024,0.9937326665261602,0.6049178508334243,flip
emo_surprise,^GSPC__fwd_3m,431,0.0071535523466352184,0.8822778915849802,0.17637850663431467,0.9937326665261602,0.3583066163671049,flip
cell_optimism_confidence__growth_gdp,QQQ__fwd_1m,440,-0.007029485785892091,0.8831050979161722,0.4812254691666113,0.9937326665261602,0.5993532155059472,flip
cell_optimism_confidence__growth_gdp,SPY__fwd_1m,440,0.0069625051186601936,0.8842110714290797,0.4010255158243432,0.9937326665261602,0.5298656283551428,flip
mean_intensity,BTC-USD__fwd_1m,441,-0.006901315309032115,0.8850914333065613,0.1710949973074638,0.9937326665261602,0.3583066163671049,flip
share_surprise,GC=F__fwd_1m,440,-0.006839831907556904,0.8862372125059759,0.7849359537371516,0.9937326665261602,0.823387208227654,flip
emo_optimism_confidence,GC=F__fwd_1m,440,0.006831610074246431,0.8863730356731718,0.5089173387536854,0.9937326665261602,0.6196817007177228,flip
cell_fear_anxiety__monetary_policy,GC=F__fwd_1m,440,0.006815775622132747,0.8866346272652652,0.010303501434851817,0.9937326665261602,0.10489302280398324,flip
cell_optimism_confidence__corporate_earnings,^GSPC__fwd_1m,440,0.00672166891813479,0.8881895613377818,0.5844875048466152,0.9937326665261602,0.6783847648254159,flip
share_anger_disgust,^VIX__fwd_3m,431,0.006685255475174653,0.8899337829226132,0.2920241869657247,0.9937326665261602,0.4517355969938195,flip
share_pessimism_despair,GLD__fwd_1m,440,-0.006600916002044723,0.8901854007927545,0.39214446342309733,0.9937326665261602,0.5237026059908462,flip
share_anger_disgust,^GSPC__fwd_1m,440,0.006514559627402729,0.8916131503703786,0.38861342447900676,0.9937326665261602,0.5213488598447616,flip
share_confusion_uncertainty,^IXIC__fwd_1m,440,0.0064549307349824085,0.8925992131078018,0.19041626397816896,0.9937326665261602,0.36786350356361286,flip
emo_surprise,^VIX__fwd_1m,440,0.006417403959867158,0.8932198655863057,0.27001862285401573,0.9937326665261602,0.4321689814235664,flip
share_excitement_euphoria,QQQ__fwd_3m,431,-0.006481264043234022,0.8932719544183229,0.002330761803873804,0.9937326665261602,0.05949330756944528,flip
emo_confusion_uncertainty,^VIX__fwd_3m,431,0.006477863483388823,0.8933276182449312,0.17504243982233172,0.9937326665261602,0.3583066163671049,flip
emo_surprise,GLD__fwd_1m,440,-0.006359952864144718,0.894170171024543,0.5485546932855798,0.9937326665261602,0.6509759955842619,flip
net_valence_mean,GLD__fwd_1m,440,0.006242276342802992,0.8961171436421472,0.11413858274680164,0.9937326665261602,0.29533358285734923,flip
emo_confusion_uncertainty,GLD__fwd_1m,440,-0.006227737067741488,0.8963577412722717,0.20520506398315136,0.9937326665261602,0.37610248865374685,flip
cell_anger_disgust__fiscal_taxes,GC=F__fwd_3m,431,0.0062815722005514765,0.8965415926363345,0.11965905573810494,0.9937326665261602,0.29842680166009306,flip
net_valence,BTC-USD__fwd_3m,432,0.006191543537408067,0.8978979654330052,0.10327802129880094,0.9937326665261602,0.2788506575067626,flip
share_anger_disgust,SPY__fwd_1m,440,0.006102139452277256,0.8984365384948637,0.38886283966588975,0.9937326665261602,0.5213488598447616,flip
share_pessimism_despair,GLD__fwd_3m,431,0.006102085027185866,0.8994819078275256,0.8381241906060681,0.9937326665261602,0.8655514365779894,flip
share_pessimism_despair,^IXIC__fwd_1m,440,-0.0059260562421031065,0.9013521019490119,0.36044265641522816,0.9937326665261602,0.5030265667762328,flip
cell_fear_anxiety__inflation,GC=F__fwd_1m,440,0.005916489526084225,0.9015105447708902,0.296760453840252,0.9937326665261602,0.4550326958883864,flip
cell_optimism_confidence__growth_gdp,BTC-USD__fwd_3m,432,-0.005932024097708561,0.9021556751274654,0.8507784880371876,0.9937326665261602,0.8718373615034546,flip
share_pessimism_despair,ETH-USD__fwd_1m,441,-0.005838261874608662,0.9026958247641411,0.4816058849234584,0.9937326665261602,0.5993532155059472,flip
emo_excitement_euphoria,BTC-USD__fwd_3m,432,-0.005893477589096696,0.9027883164654408,0.04928043370862585,0.9937326665261602,0.21476930486382798,flip
share_optimism_confidence,BTC-USD__fwd_1w,443,0.0058115208452350926,0.902919765725025,0.7541870635510348,0.9937326665261602,0.8061104414202971,flip
net_valence,^VIX__fwd_3m,431,-0.0058256361303675435,0.9040133030859224,0.45898408560185505,0.9937326665261602,0.5769820185399838,flip
cell_fear_anxiety__markets_themselves,QQQ__fwd_3m,431,0.005710820861770004,0.9058962151241047,0.659915006424016,0.9937326665261602,0.7344215394073726,flip
share_optimism_confidence,SPY__fwd_3m,431,-0.005661079690143291,0.9067121093597343,0.40645596826889013,0.9937326665261602,0.5359005441507022,flip
cell_optimism_confidence__growth_gdp,ETH-USD__fwd_1m,441,-0.00556780741485598,0.9071825777435929,0.20849529257854596,0.9937326665261602,0.3763824903816193,flip
share_pessimism_despair,GC=F__fwd_3m,431,0.005628138444012752,0.9072524919178238,0.78343006239435,0.9937326665261602,0.8231980858661444,flip
share_optimism_confidence,^GSPC__fwd_3m,431,-0.005434977494192163,0.9104220412122654,0.4074540440808809,0.9937326665261602,0.5360783079962437,flip
share_optimism_confidence,ETH-USD__fwd_3m,432,0.005336263684399715,0.911940216169236,0.3030091156448172,0.9937326665261602,0.4611976980770379,flip
share_surprise,ETH-USD__fwd_1w,443,0.005096660551427242,0.9148128518160282,0.7264029238325542,0.9937326665261602,0.7858819088850456,flip
share_surprise,GLD__fwd_1w,443,0.005086223704169853,0.9149866364185089,0.9019222678690838,0.9937326665261602,0.9122047692943014,flip
share_optimism_confidence,BTC-USD__fwd_3m,432,-0.0051434970786117425,0.9151090648978839,0.6221632433506598,0.9937326665261602,0.7024788620377449,flip
share_excitement_euphoria,GLD__fwd_3m,431,-0.005104315807030905,0.915851090934713,0.4256667487135364,0.9937326665261602,0.5520069002083305,flip
cell_fear_anxiety__inflation,GC=F__fwd_1w,443,0.004967620616300489,0.9169617864437032,0.38253621532009036,0.9937326665261602,0.519813981868219,flip
emo_surprise,^IXIC__fwd_1w,443,0.004864530691420927,0.9186790043571035,0.7594115334632772,0.9937326665261602,0.8079126537183171,flip
cell_optimism_confidence__growth_gdp,GC=F__fwd_3m,431,-0.004914301270978489,0.9189726780321622,0.8391049324821278,0.9937326665261602,0.8655514365779894,flip
cell_optimism_confidence__corporate_earnings,BTC-USD__fwd_3m,432,0.00486117728627403,0.9197524727413402,0.722628303568906,0.9937326665261602,0.7852850278127255,flip
emo_anger_disgust,BTC-USD__fwd_3m,432,-0.0048544489780735275,0.9198631693805923,0.13268569145402834,0.9937326665261602,0.3164388848160359,flip
cell_optimism_confidence__corporate_earnings,GLD__fwd_3m,431,0.0048517325832815004,0.9200008405457432,0.34899912712185793,0.9937326665261602,0.49368669235233203,flip
net_valence_mean,^VIX__fwd_1m,440,0.004714505850589333,0.9214467031127059,0.29021114573678725,0.9937326665261602,0.4505528037563622,flip
cell_fear_anxiety__monetary_policy,GLD__fwd_1m,440,0.004632463198238868,0.9228094053935908,0.018667338429961107,0.9937326665261602,0.13576353652808135,flip
share_excitement_euphoria,BTC-USD__fwd_3m,432,0.004627387137383133,0.9235997693185959,0.7943134958584361,0.9937326665261602,0.8277324834214805,flip
emo_surprise,SPY__fwd_1m,440,-0.004415061891314637,0.9264214532769688,0.07497232456697968,0.9937326665261602,0.23753986508211417,flip
share_confusion_uncertainty,^GSPC__fwd_1m,440,-0.004361383766643976,0.9273135324380501,0.22943634540984895,0.9937326665261602,0.3934681132013559,flip
emo_surprise,^GSPC__fwd_1m,440,-0.004306858613761388,0.9282197816227451,0.07646083831349215,0.9937326665261602,0.23860392257627452,flip
cell_fear_anxiety__inflation,GC=F__fwd_3m,431,-0.004348154984281288,0.9282806075510707,0.15990426162807653,0.9937326665261602,0.3496498115177307,flip
share_optimism_confidence,^IXIC__fwd_3m,431,-0.004347061563976003,0.9282985941951004,0.5658179286537894,0.9937326665261602,0.6641523221498573,flip
cell_optimism_confidence__growth_gdp,GLD__fwd_3m,431,-0.004312693928490347,0.928863956586869,0.5944330614463226,0.9937326665261602,0.6848662915735925,flip
share_excitement_euphoria,ETH-USD__fwd_3m,432,-0.004228683208447433,0.930164981518742,0.4384345348337777,0.9937326665261602,0.5613770023335587,flip
cell_optimism_confidence__corporate_earnings,QQQ__fwd_1m,440,-0.00418170036622728,0.9303003552019796,0.741227446532441,0.9937326665261602,0.7977376795780411,flip
share_anger_disgust,GLD__fwd_1w,443,-0.004165817716456068,0.9303273614770571,0.5937612149048787,0.9937326665261602,0.6848662915735925,flip
cell_optimism_confidence__growth_gdp,QQQ__fwd_1w,443,-0.0041158229637881585,0.9311614324802796,0.2600511072842853,0.9937326665261602,0.4216494454922747,flip
emo_confusion_uncertainty,SPY__fwd_3m,431,0.004127064593602517,0.9319182504418317,0.6123891690881722,0.9937326665261602,0.6968314605026188,flip
share_surprise,GLD__fwd_1m,440,-0.0040321099909482625,0.9327876990321777,0.9054896168225349,0.9937326665261602,0.9128393702058347,flip
share_surprise,BTC-USD__fwd_1m,441,0.003930736335476705,0.9343990074968894,0.7466918338555469,0.9937326665261602,0.8008560083321151,flip
share_pessimism_despair,GC=F__fwd_1w,443,-0.003917643248213139,0.9344684310446635,0.5362608209170637,0.9937326665261602,0.6416531209816889,flip
emo_fear_anxiety,GC=F__fwd_1m,440,-0.003808764803241888,0.936502625930943,0.048842450966138,0.9937326665261602,0.21476930486382798,flip
share_confusion_uncertainty,SPY__fwd_1m,440,-0.0037291223485637,0.9378276657832622,0.22999826906939164,0.9937326665261602,0.3934681132013559,flip
share_surprise,ETH-USD__fwd_3m,432,-0.0037478898817762986,0.9380881721633206,0.37750918707623665,0.9937326665261602,0.5143355940099601,flip
mean_intensity,^VIX__fwd_1m,440,0.0036869586556851548,0.9385292278420228,0.19133248678445744,0.9937326665261602,0.36786350356361286,flip
cell_fear_anxiety__monetary_policy,BTC-USD__fwd_3m,432,-0.0035192017253103808,0.9418590113664407,0.7671685705667807,0.9937326665261602,0.8129892189794724,flip
share_optimism_confidence,QQQ__fwd_3m,431,-0.0034791888767214457,0.9425857585998834,0.5064479525424969,0.9937326665261602,0.6178864018249324,flip
cell_anger_disgust__fiscal_taxes,BTC-USD__fwd_3m,432,-0.0034653782365709485,0.942746698888957,0.06964315014197331,0.9937326665261602,0.2340016641776444,flip
emo_fear_anxiety,GLD__fwd_1m,440,-0.0034284499130711014,0.9428315764189448,0.08676188854144724,0.9937326665261602,0.25501863859254137,flip
mean_intensity,GC=F__fwd_1m,440,0.0033880415683480323,0.943504244005951,0.33118401940480197,0.9937326665261602,0.481000499418541,flip
cell_fear_anxiety__inflation,ETH-USD__fwd_3m,432,-0.0032798168020635628,0.9458076198517222,0.4945222803832602,0.9937326665261602,0.6081155170653556,flip
mean_intensity,ETH-USD__fwd_3m,432,0.0032783018579497485,0.9458326128924947,0.19395191207341192,0.9937326665261602,0.36786350356361286,flip
cell_fear_anxiety__inflation,GLD__fwd_3m,431,-0.003270439448582193,0.9460251732120653,0.12466991517964479,0.9937326665261602,0.30435310900565826,flip
cell_optimism_confidence__corporate_earnings,ETH-USD__fwd_3m,432,-0.003226907597412801,0.9466805295094523,0.7735202602391898,0.9937326665261602,0.8161054289399409,flip
mean_intensity,QQQ__fwd_3m,431,-0.0031914754552054823,0.9473264711489321,0.42756730242256447,0.9937326665261602,0.5531651975091928,flip
mean_intensity,BTC-USD__fwd_1w,443,0.0029111297188600077,0.9512802006036696,0.34362782118145935,0.9942094942827934,0.4897531343852744,flip
emo_surprise,QQQ__fwd_3m,431,-0.0028521851460837507,0.9529194026712807,0.45513704830021146,0.9942094942827934,0.5768165448865945,flip
net_valence_mean,^VIX__fwd_3m,431,0.002795557876110336,0.9538530907891045,0.7173408747617522,0.9942094942827934,0.7815240056614879,flip
cell_fear_anxiety__markets_themselves,^VIX__fwd_1m,440,-0.0027433953549442385,0.9542406165288555,0.3457565966700248,0.9942094942827934,0.49021654459380226,flip
emo_confusion_uncertainty,^GSPC__fwd_3m,431,0.002678344602749602,0.9557859389481927,0.6314300132577911,0.9942094942827934,0.710358764915015,flip
emo_optimism_confidence,GLD__fwd_1m,440,0.002494471468905034,0.9583886853036898,0.6126730715530272,0.995249788584601,0.6968314605026188,flip
cell_fear_anxiety__monetary_policy,ETH-USD__fwd_3m,432,0.002365500786354651,0.9609004672780653,0.6800362156037612,0.9954308819183221,0.7504619622589076,flip
emo_surprise,^VIX__fwd_3m,431,0.002315613647421448,0.9617689680370262,0.774234351597396,0.9954308819183221,0.8161054289399409,flip
cell_fear_anxiety__markets_themselves,^IXIC__fwd_3m,431,0.001817768577868877,0.9699840497125195,0.6105551956095892,0.9998914681809234,0.6968314605026188,flip
cell_fear_anxiety__inflation,GLD__fwd_1m,440,0.0017438727839379116,0.9709030098396553,0.2233002015307283,0.9998914681809234,0.38843133497319254,flip
share_excitement_euphoria,^VIX__fwd_1w,443,0.001528631066190327,0.9744057980083661,0.17647679852269252,0.9998914681809234,0.3583066163671049,flip
mean_intensity,SPY__fwd_3m,431,0.0014645440230232059,0.975814684092619,0.20813322274918125,0.9998914681809234,0.3763824903816193,flip
emo_fear_anxiety,^VIX__fwd_3m,431,-0.0013721076117058275,0.9773407458489878,0.7013170339705879,0.9998914681809234,0.7708281028243098,flip
share_anger_disgust,ETH-USD__fwd_3m,432,0.0011868799237769977,0.9803761173729442,0.3309330161315313,0.9998914681809234,0.481000499418541,flip
emo_confusion_uncertainty,GC=F__fwd_1m,440,0.0010980946073416821,0.9816755504300385,0.200247332207833,0.9998914681809234,0.372316147607977,flip
emo_pessimism_despair,^GSPC__fwd_3m,431,-0.0010857841732124173,0.9820682492680893,0.4978257352574747,0.9998914681809234,0.6109679478159917,flip
cell_optimism_confidence__corporate_earnings,GC=F__fwd_3m,431,-0.0009997221247743495,0.9834893551088995,0.38484460639346724,0.9998914681809234,0.5206721145323381,flip
mean_intensity,^IXIC__fwd_3m,431,-0.000994350908533855,0.9835780494856057,0.28781167786035516,0.9998914681809234,0.4501606884629158,flip
mean_intensity,^GSPC__fwd_3m,431,0.0008787903810299133,0.9854863365331364,0.2148996510618867,0.9998914681809234,0.3832367986942172,flip
share_fear_anxiety,BTC-USD__fwd_3m,432,0.0006884120772710361,0.9886170299771694,0.6418565760247602,0.9998914681809234,0.7207828819373889,flip
cell_fear_anxiety__monetary_policy,ETH-USD__fwd_1m,441,-0.000605522466394696,0.9898831883396347,0.289233679060714,0.9998914681809234,0.4501606884629158,flip
share_fear_anxiety,GC=F__fwd_3m,431,0.0006092176431429527,0.9899381781509189,0.12405725548691929,0.9998914681809234,0.30435310900565826,flip
share_anger_disgust,QQQ__fwd_1m,440,-0.0005845098024706373,0.9902453824007472,0.537924383661423,0.9998914681809234,0.6424058504879686,flip
share_anger_disgust,^IXIC__fwd_1m,440,0.00047923149335141484,0.9920022590191904,0.4913963142696328,0.9998914681809234,0.6054704586536547,flip
emo_pessimism_despair,SPY__fwd_3m,431,0.00024807948139772394,0.9959026358272544,0.48373110363426497,0.9998914681809234,0.5995948410316937,flip
share_anger_disgust,GC=F__fwd_1w,443,-0.0002380236959556606,0.9960140527039361,0.5181559905922373,0.9998914681809234,0.6243799232860786,flip
share_fear_anxiety,GLD__fwd_3m,431,0.00019050042055452943,0.9968536253121165,0.17755766212154134,0.9998914681809234,0.35916387028494196,flip
cell_optimism_confidence__corporate_earnings,^VIX__fwd_1w,443,8.290074644904374e-05,0.9986117381783199,0.7259249204854479,0.9998914681809234,0.7858819088850456,flip
share_fear_anxiety,ETH-USD__fwd_3m,432,6.563496995957638e-06,0.9998914681809234,0.20849007815101137,0.9998914681809234,0.3763824903816193,flip
