date,n_pairs,net_valence,net_valence_mean,mean_intensity,emo_optimism_confidence,share_optimism_confidence,emo_excitement_euphoria,share_excitement_euphoria,emo_fear_anxiety,share_fear_anxiety,emo_pessimism_despair,share_pessimism_despair,emo_anger_disgust,share_anger_disgust,emo_confusion_uncertainty,share_confusion_uncertainty,emo_surprise,share_surprise,cell_fear_anxiety__inflation,cell_fear_anxiety__monetary_policy,cell_optimism_confidence__growth_gdp,cell_fear_anxiety__markets_themselves,cell_anger_disgust__fiscal_taxes,cell_optimism_confidence__corporate_earnings
2018-01-05,2681,-282.32,-0.10530399104811637,0.48088772845953004,597,0.2226781051846326,331,0.12346139500186498,198,0.07385303991048116,277,0.10331965684446102,947,0.35322640805669525,240,0.08951883625512869,89,0.03319656844461022,0.0,3.0,3.25,29.76,16.5,46.38
2018-01-12,4082,-646.41,-0.1583561979421852,0.4838339049485546,882,0.21607055365017147,266,0.06516413522782949,353,0.08647721705046546,539,0.13204311611954925,1433,0.35105340519353256,457,0.11195492405683488,151,0.036991670749632534,1.0,4.75,3.0,58.26,20.75,58.0
2018-01-19,4231,-561.83,-0.13278893878515718,0.4876861262112976,972,0.22973292365870954,371,0.08768612621129757,338,0.07988655164263768,453,0.10706688726069487,1524,0.3601985346253841,391,0.09241314110139447,182,0.043015835499881826,1.5,8.01,2.0,63.51,109.87,45.0
2018-01-26,4012,-461.46,-0.11501994017946161,0.4784371884346959,920,0.22931206380857427,362,0.09022931206380858,391,0.09745762711864407,515,0.12836490528414757,1208,0.30109670987038883,470,0.11714855433698904,145,0.03614157527417747,0.5,8.0,3.5,79.39,33.0,66.88
2018-02-02,4615,-767.87,-0.16638569880823403,0.4859804983748646,994,0.2153846153846154,319,0.06912242686890574,327,0.07085590465872156,576,0.12481040086673889,1782,0.38613217768147345,471,0.10205850487540628,144,0.031202600216684723,1.5,6.5,3.25,67.14,120.37,104.63
2018-02-09,6801,-1173.41,-0.1725349213350978,0.48871342449639754,1450,0.21320394059697104,427,0.06278488457579767,552,0.0811645346272607,974,0.14321423320099985,2508,0.36876929863255403,682,0.10027937068078224,208,0.030583737685634466,1.75,8.5,9.75,175.93,67.75,66.38
2018-02-16,3846,-619.7,-0.16112844513780553,0.4837883515340614,836,0.21736869474778991,274,0.07124284971398856,303,0.07878315132605304,448,0.11648465938637545,1456,0.3785751430057202,395,0.10270410816432657,134,0.034841393655746226,3.75,5.75,7.0,67.01,151.0,56.38
2018-02-23,3923,-625.77,-0.15951312770838644,0.47921488656640326,840,0.21412184552638286,296,0.07545245985215396,294,0.074942645934234,568,0.14478715268926842,1410,0.35941881213357124,366,0.09329594697935253,149,0.03798113688503696,1.0,4.0,2.5,58.39,30.76,58.25
2018-03-02,3637,-682.8,-0.18773714599945007,0.48239483090459173,765,0.2103381908166071,211,0.0580148474017047,311,0.08551003574374484,502,0.13802584547704153,1376,0.37833379158647235,341,0.09375859224635688,131,0.036018696728072584,2.0,5.0,2.5,50.13,36.25,71.0
2018-03-09,4168,-865.97,-0.20776631477927063,0.495263915547025,799,0.1916986564299424,247,0.059261036468330135,336,0.08061420345489444,446,0.10700575815738964,1789,0.42922264875239924,417,0.10004798464491363,133,0.03190978886756238,1.0,2.5,7.5,52.75,26.75,55.25
2018-03-16,3542,-648.08,-0.18297007340485602,0.4871541501976285,704,0.19875776397515527,242,0.06832298136645963,282,0.07961603613777526,427,0.12055335968379446,1412,0.3986448334274421,341,0.09627329192546584,134,0.0378317334839074,0.0,9.5,4.5,57.52,70.0,82.38
2018-03-23,3327,-644.44,-0.19370003005710854,0.48430117222723174,666,0.20018034265103696,190,0.05710850616170724,248,0.07454162909528103,486,0.1460775473399459,1281,0.38503155996393146,337,0.10129245566576495,119,0.03576795912233243,0.0,1.0,0.25,44.88,17.0,64.0
2018-03-30,3921,-837.6,-0.21361897475133895,0.49483805151747,726,0.18515684774292274,249,0.06350420811017597,304,0.07753124203009436,541,0.1379750063759245,1665,0.4246365723029839,338,0.08620249936240755,98,0.024993624075490946,1.75,0.5,4.5,56.75,67.25,68.38
2018-04-06,4455,-1037.85,-0.23296296296296296,0.4992053872053872,765,0.1717171717171717,244,0.054769921436588105,337,0.07564534231200898,596,0.13378226711560046,1955,0.4388327721661055,433,0.09719416386083053,125,0.028058361391694726,4.5,3.0,3.5,59.38,73.13,71.38
2018-04-13,3273,-674.68,-0.20613504430186372,0.490980751604033,588,0.17965169569202566,219,0.06691109074243813,267,0.08157653528872594,360,0.10999083409715857,1390,0.4246868316529178,352,0.10754659333944394,95,0.029025358997861288,0.0,2.75,0.75,46.01,46.0,44.25
2018-04-20,3124,-645.69,-0.20668693982074265,0.4919206145966709,579,0.1853393085787452,223,0.07138284250960307,173,0.05537772087067862,352,0.11267605633802817,1436,0.45966709346991036,270,0.08642765685019206,90,0.02880921895006402,0.0,1.5,1.0,22.88,47.25,61.38
2018-04-27,3212,-579.32,-0.18036114570361148,0.4803082191780822,632,0.19676214196762143,206,0.06413449564134496,259,0.08063511830635119,452,0.14072229140722292,1214,0.3779576587795766,353,0.10990037359900373,96,0.029887920298879204,1.0,2.5,2.5,52.52,72.75,67.88
2018-05-04,2875,-609.57,-0.21202434782608698,0.4908173913043478,525,0.1826086956521739,159,0.05530434782608696,151,0.052521739130434786,340,0.11826086956521739,1308,0.4549565217391304,273,0.09495652173913044,118,0.04104347826086956,0.0,2.0,3.0,15.89,72.75,78.25
2018-05-11,3067,-734.8,-0.23958265405934137,0.49384414737528526,533,0.17378545810238016,154,0.05021193348549071,226,0.07368764264753831,352,0.11477013368112161,1461,0.47636126507988263,265,0.08640365177698077,75,0.024453863710466255,0.0,6.75,0.5,25.0,18.25,70.88
2018-05-18,2860,-359.66,-0.12575524475524477,0.47877972027972027,669,0.23391608391608393,275,0.09615384615384616,203,0.07097902097902098,389,0.136013986013986,992,0.34685314685314683,226,0.07902097902097902,105,0.03671328671328671,2.75,2.75,5.0,38.38,12.25,46.75
2018-05-25,3033,-452.2,-0.14909330695680845,0.4814210352786021,651,0.21463897131552917,252,0.0830860534124629,226,0.07451368282228817,394,0.12990438509726343,1097,0.3616880975931421,301,0.0992416749093307,111,0.036597428288822946,0.0,1.5,1.0,49.27,25.25,54.5
2018-06-01,2470,-428.42,-0.1734493927125506,0.48425101214574895,474,0.19190283400809716,212,0.08582995951417004,165,0.06680161943319839,267,0.10809716599190283,1022,0.4137651821862348,263,0.10647773279352227,67,0.027125506072874495,0.5,2.0,1.5,27.77,22.0,36.88
2018-06-08,3191,-557.45,-0.17469445314948293,0.4864399874647446,660,0.20683171419617674,228,0.07145095581322469,234,0.07333124412409903,337,0.10560952679410843,1309,0.41021623315575056,313,0.09808837355061109,110,0.03447195236602946,1.0,0.5,11.0,34.39,28.25,74.5
2018-06-15,3650,-649.2,-0.17786301369863014,0.4965095890410959,741,0.203013698630137,274,0.07506849315068494,315,0.0863013698630137,480,0.13150684931506848,1391,0.3810958904109589,350,0.0958904109589041,99,0.027123287671232878,0.0,7.75,8.0,51.14,44.75,71.26
2018-06-22,3140,-584.23,-0.18606050955414014,0.487343949044586,618,0.19681528662420383,205,0.06528662420382166,229,0.07292993630573248,370,0.1178343949044586,1291,0.41114649681528664,336,0.1070063694267516,91,0.028980891719745223,1.5,1.0,3.0,33.88,29.75,56.63
2018-06-29,2960,-527.93,-0.1783547297297297,0.4918412162162162,625,0.21114864864864866,191,0.06452702702702702,241,0.08141891891891892,378,0.1277027027027027,1141,0.38547297297297295,296,0.1,87,0.029391891891891894,1.0,2.75,6.0,46.01,14.0,69.75
2018-07-06,3034,-548.06,-0.18063941990771257,0.4864436387607119,581,0.1914963744232037,234,0.07712590639419907,264,0.08701384311140409,427,0.14073829927488465,1128,0.37178642056690836,293,0.0965721819380356,107,0.035266974291364536,0.75,3.0,5.75,41.76,26.25,44.88
2018-07-13,2973,-428.89,-0.14426168853010427,0.48383787420114366,670,0.2253615876219307,212,0.07130844265052136,255,0.08577194752774975,331,0.11133535149680457,1059,0.3562058526740666,362,0.12176252943155062,84,0.028254288597376387,0.0,2.5,3.0,37.01,20.5,47.5
2018-07-20,3079,-590.29,-0.1917148424813251,0.490328028580708,643,0.2088340370250081,195,0.06333225073075674,234,0.07599870087690809,388,0.126014939915557,1258,0.4085742124066255,268,0.08704124715816823,92,0.02987983111399805,4.75,1.5,2.75,40.01,104.25,73.25
2018-07-27,4360,-699.83,-0.16051146788990828,0.4886903669724771,966,0.22155963302752293,298,0.06834862385321101,337,0.07729357798165137,621,0.14243119266055046,1557,0.35711009174311925,419,0.09610091743119266,161,0.03692660550458716,2.0,16.5,7.5,62.27,59.75,116.88
2018-08-03,4027,-579.26,-0.1438440526446486,0.48293022100819466,884,0.21951825180034765,319,0.07921529674695803,246,0.061087658306431585,495,0.12292028805562454,1484,0.3685125403526198,426,0.10578594487211324,172,0.04271169605165135,1.0,2.5,6.5,56.51,47.63,112.39
2018-08-10,3999,-807.31,-0.20187796949237308,0.4940360090022506,739,0.18479619904976244,272,0.06801700425106276,300,0.07501875468867217,478,0.11952988247061766,1655,0.41385346336584145,426,0.10652663165791448,128,0.03200800200050013,1.5,1.5,2.75,44.89,63.5,70.89
2018-08-17,4548,-1010.06,-0.22208883025505716,0.49851583113456466,824,0.18117854001759015,265,0.05826737027264732,311,0.06838170624450308,572,0.12576956904133685,2048,0.45030782761653476,410,0.0901495162708883,117,0.025725593667546173,1.0,6.0,7.5,49.64,38.5,89.5
2018-08-24,4377,-819.01,-0.18711674663011194,0.49005026273703445,879,0.2008224811514736,321,0.07333790267306374,306,0.06991089787525702,508,0.11606122915238748,1875,0.4283755997258396,354,0.08087731322823852,133,0.030386109207219555,0.0,1.25,3.0,53.01,29.0,108.75
2018-08-31,3653,-579.44,-0.15862031207226937,0.48450588557350127,791,0.21653435532439091,285,0.07801806734191076,275,0.07528059129482617,454,0.1242814125376403,1399,0.3829728989871339,315,0.08623049548316453,132,0.036134683821516564,0.0,2.75,6.0,58.9,50.62,87.39
2018-09-07,3734,-835.07,-0.22363952865559722,0.494504552758436,680,0.1821103374397429,202,0.05409748259239421,255,0.0682913765399036,449,0.12024638457418318,1715,0.4592929833958222,319,0.08543117300482057,114,0.03053026245313337,0.0,1.5,2.5,34.25,48.0,82.88
2018-09-14,3874,-858.05,-0.2214894166236448,0.49187145069695404,653,0.1685596282911719,251,0.06479091378420238,253,0.06530717604543108,456,0.11770779556014456,1763,0.4550851832731027,376,0.09705730511099639,121,0.031233866804336603,1.0,7.5,2.5,32.13,38.0,80.13
2018-09-21,3484,-610.81,-0.1753185993111366,0.49084672789896666,681,0.19546498277841562,277,0.07950631458094144,215,0.061710677382319175,480,0.1377726750861079,1365,0.3917910447761194,345,0.09902411021814007,120,0.03444316877152698,0.5,2.62,3.25,37.14,22.75,52.75
2018-09-28,3454,-558.39,-0.161664736537348,0.484145917776491,749,0.21685002895193978,234,0.0677475390851187,303,0.08772437753329473,475,0.13752171395483498,1228,0.3555298204979734,340,0.09843659525188188,121,0.03503184713375796,0.5,1.25,1.75,60.88,10.75,70.88
2018-10-05,3758,-740.07,-0.1969318786588611,0.4923257051623204,649,0.17269824374667375,314,0.08355508249068654,275,0.07317722192655668,441,0.11734965407131454,1571,0.41804151144225654,376,0.10005321979776477,132,0.03512506652474721,1.5,5.75,2.5,61.65,62.25,78.38
2018-10-12,4145,-532.32,-0.1284246079613993,0.4789601930036188,923,0.22267792521109772,383,0.09240048250904705,367,0.08854041013268998,569,0.13727382388419782,1363,0.3288299155609168,384,0.09264173703256937,156,0.0376357056694813,3.0,7.25,7.5,93.39,16.75,72.51
2018-10-19,3675,-778.31,-0.21178503401360543,0.4880163265306123,673,0.18312925170068028,210,0.05714285714285714,263,0.07156462585034014,558,0.15183673469387754,1487,0.40462585034013604,356,0.09687074829931973,126,0.03428571428571429,1.25,7.5,4.75,47.01,35.5,82.38
2018-10-26,5058,-803.82,-0.158920521945433,0.4937821273230526,1049,0.2073942269671807,404,0.07987346777382365,372,0.07354685646500593,775,0.15322261763542902,1763,0.348556741795176,521,0.10300514037168841,174,0.03440094899169632,2.75,9.5,16.25,72.27,93.0,141.5
2018-11-02,4221,-726.12,-0.17202558635394458,0.48805022506515044,925,0.2191423833214878,267,0.06325515280739161,378,0.08955223880597014,632,0.14972755271262733,1480,0.3506278133143805,437,0.10352996920161099,101,0.02392797915185975,0.5,9.0,10.0,82.02,117.5,93.25
2018-11-09,2789,-517.04,-0.18538544281104338,0.48707422015059165,594,0.2129795625672284,172,0.06167084976694156,167,0.05987809250627465,326,0.11688777339548226,1190,0.42667622803872357,273,0.09788454643241305,67,0.024022947292936535,0.5,5.25,3.5,24.0,42.25,68.75
2018-11-16,3268,-648.4,-0.19840881272949815,0.48546205630354955,667,0.20410036719706243,171,0.05232558139534884,228,0.06976744186046512,471,0.144124847001224,1313,0.4017747858017136,297,0.0908812729498164,121,0.03702570379436965,0.5,3.25,7.5,32.75,64.37,68.0
2018-11-23,4258,-846.67,-0.198842179426961,0.4984992954438704,910,0.21371535932362612,226,0.05307656176608737,317,0.07444809769844998,603,0.1416157820573039,1695,0.39807421324565523,380,0.08924377642085486,126,0.02959135744480977,1.75,11.25,6.25,62.5,24.5,70.26
2018-11-30,3175,-564.45,-0.17777952755905513,0.48488188976377955,663,0.20881889763779526,201,0.06330708661417322,219,0.06897637795275591,461,0.14519685039370078,1220,0.384251968503937,327,0.10299212598425198,82,0.025826771653543308,0.75,5.0,5.75,34.26,27.0,57.13
2018-12-07,3684,-872.33,-0.23678881650380024,0.49545331161780676,612,0.16612377850162866,237,0.06433224755700326,240,0.06514657980456026,563,0.15282301845819762,1643,0.44598262757871876,304,0.08251900108577633,83,0.02252985884907709,0.0,3.25,1.5,41.26,42.75,52.63
2018-12-14,3658,-854.06,-0.23347731000546745,0.49337616183706945,671,0.18343357025697102,167,0.045653362493165664,291,0.07955166757791143,548,0.14980863860032806,1522,0.41607435757244393,351,0.09595407326407873,108,0.02952433023510115,0.75,5.0,5.25,48.39,35.5,43.13
2018-12-21,6214,-1228.37,-0.1976778242677824,0.5007595751528806,1259,0.20260701641454779,400,0.0643707756678468,508,0.08175088509816543,1053,0.1694560669456067,2332,0.3752816221435468,504,0.08110717734148697,158,0.025426456388799486,1.0,18.88,11.25,116.55,104.5,61.88
2018-12-28,8031,-1602.6,-0.19955173701905116,0.5042161623708131,1698,0.211430706014195,471,0.05864774000747105,724,0.09015066616859668,1447,0.18017681484248538,2856,0.3556219648860665,665,0.08280413398082431,168,0.020918939110945087,0.0,58.0,20.5,199.4,104.5,56.25
2019-01-04,5163,-954.22,-0.18481890373813675,0.4880515204338563,1115,0.21595971334495448,311,0.06023629672670928,390,0.07553747821034282,728,0.1410032926593066,2004,0.3881464264962231,471,0.09122603137710633,143,0.027697075343792368,1.5,12.5,12.5,58.14,73.0,116.88
2019-01-11,4288,-851.05,-0.19847248134328357,0.47811100746268653,837,0.19519589552238806,219,0.05107276119402985,266,0.06203358208955224,551,0.12849813432835822,1800,0.4197761194029851,442,0.10307835820895522,173,0.040345149253731345,0.75,4.0,6.75,56.75,60.5,49.13
2019-01-18,3887,-874.17,-0.2248958065346025,0.48786982248520705,701,0.18034473887316696,201,0.05171083097504502,262,0.0674041677386159,540,0.1389246205299717,1673,0.430409055827116,358,0.0921018780550553,143,0.03678929765886288,1.75,3.25,6.0,42.25,85.25,47.38
2019-01-25,3781,-867.12,-0.229336154456493,0.491076434805607,666,0.17614387728114256,205,0.05421846072467601,290,0.07669928590320021,461,0.12192541655646655,1706,0.4512033853477916,362,0.0957418672308913,91,0.02406770695583179,0.5,8.75,9.25,39.51,44.0,57.0
2019-02-01,3869,-744.97,-0.19254846213491858,0.48795295942103906,788,0.20367019901783406,233,0.06022227965882657,311,0.08038252778495736,534,0.13802016024812613,1500,0.3876970793486689,386,0.0997673817523908,116,0.029981907469630396,0.0,17.25,4.25,52.02,54.25,77.5
2019-02-08,3718,-722.05,-0.19420387305002687,0.48671059709521247,735,0.19768692845615923,248,0.06670252824098978,240,0.064550833781603,511,0.13743948359332975,1536,0.4131253362022593,339,0.09117805271651426,109,0.0293168370091447,1.0,3.25,8.5,30.63,97.0,85.88
2019-02-15,3851,-918.0,-0.2383796416515191,0.48897688911970916,643,0.166969618280966,204,0.05297325370033758,224,0.05816670994546871,568,0.14749415736172422,1737,0.45105167488963904,324,0.08413399117112438,150,0.03895092183848351,0.5,5.25,6.0,34.14,152.75,50.25
2019-02-22,3606,-870.47,-0.2413948973932335,0.49429007210205217,601,0.16666666666666666,203,0.05629506378258458,238,0.06600110926234054,481,0.1333887964503605,1660,0.4603438713255685,309,0.08569051580698835,112,0.03105934553521908,0.75,1.25,3.75,27.64,57.38,51.38
2019-03-01,3776,-760.71,-0.20145921610169493,0.48375264830508474,633,0.1676377118644068,295,0.078125,212,0.05614406779661017,447,0.1183792372881356,1667,0.4414724576271186,384,0.1016949152542373,136,0.036016949152542374,1.0,1.25,9.0,44.9,31.75,54.5
2019-03-08,3505,-792.31,-0.22605135520684735,0.4905049928673324,633,0.18059914407988586,211,0.06019971469329529,204,0.05820256776034237,432,0.12325249643366619,1625,0.463623395149786,312,0.08901569186875892,87,0.024821683309557776,0.0,9.25,5.5,27.76,58.0,61.75
2019-03-15,4643,-1243.67,-0.2678591427956063,0.4983588197286238,707,0.15227223777729915,197,0.04242946370880896,289,0.062244238638811115,709,0.15270299375403834,2152,0.4634934309713547,393,0.08464354942924833,194,0.04178332974370019,2.25,0.5,4.5,30.5,121.13,60.5
2019-03-22,3412,-732.42,-0.21466002344665883,0.49446365767878075,600,0.17584994138335286,251,0.07356389214536929,240,0.07033997655334115,462,0.1354044548651817,1458,0.4273153575615475,319,0.09349355216881594,82,0.02403282532239156,2.5,6.0,8.5,45.5,33.87,55.0
2019-03-29,3539,-770.06,-0.21759254026561173,0.4858349816332297,641,0.18112461147216727,191,0.05397004803616841,327,0.09239898276349251,473,0.13365357445606105,1431,0.40435151172647643,356,0.10059338796270133,120,0.033907883582933035,0.5,10.25,11.5,53.14,50.0,45.25
2019-04-05,3571,-700.6,-0.19619154298515823,0.4874320918510221,667,0.18678241388966677,233,0.06524782973956875,273,0.0764491739008681,461,0.1290954914589751,1449,0.40576869224306916,354,0.0991318958274993,134,0.037524502940352845,1.25,7.25,7.25,44.13,18.0,29.25
2019-04-12,3329,-823.32,-0.24731751276659658,0.49207569840793025,538,0.16161009312105737,149,0.044758185641333735,246,0.07389606488434966,433,0.1300690898167618,1516,0.45539200961249626,352,0.1057374586963052,95,0.028537098227696005,0.5,5.5,8.25,40.63,242.5,57.25
2019-04-19,3018,-609.44,-0.20193505632869452,0.4845328031809145,557,0.18455931080185553,174,0.05765407554671968,217,0.07190192180251823,472,0.1563949635520212,1170,0.38767395626242546,310,0.10271703114645461,117,0.03876739562624255,0.0,2.0,1.5,33.0,50.75,65.25
2019-04-26,3792,-644.95,-0.17008175105485232,0.48500791139240507,714,0.18829113924050633,335,0.08834388185654009,204,0.05379746835443038,468,0.12341772151898735,1546,0.40770042194092826,360,0.0949367088607595,164,0.043248945147679324,0.5,1.38,14.0,27.15,47.75,124.0
2019-05-03,3297,-566.03,-0.17168031543827722,0.4814255383682135,701,0.21261753108886866,216,0.06551410373066424,212,0.06430087958750379,446,0.13527449196239005,1275,0.3867151956323931,333,0.10100090991810737,114,0.034576888080072796,4.5,8.38,9.75,36.39,33.74,90.88
2019-05-10,3871,-1015.32,-0.26228881425988115,0.4991345905450788,613,0.15835701369155258,171,0.04417463187806768,208,0.05373288555928701,534,0.13794885042624644,1875,0.4843709635753035,365,0.09429088090932576,105,0.027124773960216998,1.0,2.5,4.0,23.76,61.0,58.5
2019-05-17,3934,-830.52,-0.21111337061514998,0.497153024911032,829,0.21072699542450432,181,0.0460091509913574,280,0.0711743772241993,517,0.13141840366039653,1687,0.4288256227758007,337,0.08566344687341129,103,0.026182003050330454,0.0,5.38,5.25,37.5,37.75,80.75
2019-05-24,3471,-781.28,-0.22508787093056756,0.4939671564390665,629,0.18121578795736099,198,0.05704407951598963,244,0.07029674445404782,464,0.13367905502736963,1531,0.4410832613079804,312,0.0898876404494382,93,0.02679343128781331,0.0,11.5,3.5,41.88,36.62,85.5
2019-05-31,3612,-841.91,-0.23308693244739756,0.4976052048726467,655,0.18133997785160577,179,0.04955703211517165,213,0.058970099667774084,519,0.143687707641196,1622,0.44905869324473974,347,0.0960686600221484,77,0.02131782945736434,0.5,1.5,7.0,33.38,26.0,57.25
2019-06-07,3949,-846.09,-0.2142542415801469,0.495798936439605,756,0.19144087110660926,217,0.05495062041023044,340,0.08609774626487718,555,0.14054190934413777,1597,0.40440617877943785,389,0.09850595087363889,95,0.024056723221068624,0.75,12.75,15.25,62.28,21.5,62.13
2019-06-14,2884,-430.7,-0.14934119278779473,0.47859570041608873,580,0.20110957004160887,246,0.08529819694868239,157,0.0544382801664355,373,0.12933425797503467,1085,0.3762135922330097,315,0.10922330097087378,128,0.044382801664355064,0.5,3.0,4.75,33.14,8.25,76.38
2019-06-21,3841,-743.34,-0.19352772715438687,0.4856625878677428,697,0.18146316063525122,288,0.07498047383493882,282,0.07341838063004426,559,0.1455350169226764,1494,0.3889612080187451,389,0.10127570945066389,132,0.03436605050768029,0.25,16.25,7.0,61.75,56.0,43.38
2019-06-28,4564,-1128.65,-0.24729404031551272,0.5037313759859773,773,0.1693689745836985,280,0.06134969325153374,228,0.04995617879053462,496,0.10867659947414549,2349,0.5146801051709027,347,0.07602979842243646,90,0.01971954425942156,0.5,3.5,4.0,28.13,446.37,48.63
2019-07-05,3460,-854.71,-0.24702601156069365,0.5022080924855492,556,0.1606936416184971,204,0.058959537572254334,261,0.0754335260115607,418,0.12080924855491329,1600,0.4624277456647399,339,0.09797687861271677,82,0.023699421965317918,0.75,20.0,16.75,48.64,91.75,37.0
2019-07-12,2967,-558.06,-0.18808897876643071,0.48887765419615775,572,0.19278732726659925,210,0.07077856420626896,258,0.08695652173913043,442,0.14897202561509942,1070,0.36063363667003706,326,0.1098752949106842,88,0.02965958881024604,0.0,11.5,11.0,50.51,28.0,39.25
2019-07-19,4111,-947.2,-0.2304062271953296,0.4892678180491365,715,0.17392361955728533,228,0.055460958404281196,269,0.0654342009243493,609,0.14813913889564584,1792,0.4359036730722452,363,0.08829968377523717,134,0.03259547555339334,0.5,8.0,12.75,37.64,41.75,72.63
2019-07-26,3920,-930.45,-0.23735969387755104,0.49653826530612244,679,0.1732142857142857,229,0.058418367346938775,262,0.06683673469387755,584,0.1489795918367347,1739,0.44362244897959185,312,0.07959183673469387,115,0.029336734693877552,1.0,7.0,7.25,30.25,86.5,91.64
2019-08-02,4926,-1220.82,-0.24783191230207063,0.5059500609013399,752,0.15265935850588713,321,0.06516443361753958,318,0.06455542021924482,677,0.13743402354851808,2271,0.4610231425091352,420,0.08526187576126674,166,0.033698741372310194,2.0,24.37,6.5,52.26,193.75,56.63
2019-08-09,5355,-1212.84,-0.22648739495798317,0.4964593837535014,955,0.17833800186741364,311,0.0580765639589169,419,0.07824463118580766,772,0.1441643323996265,2250,0.42016806722689076,492,0.09187675070028012,155,0.028944911297852476,0.25,15.5,8.75,79.89,69.25,70.63
2019-08-16,5226,-1253.83,-0.23992154611557595,0.500644852659778,917,0.175468809797168,245,0.046880979716800615,462,0.08840413318025259,809,0.15480290853425183,2151,0.4115958668197474,512,0.0979716800612323,130,0.024875621890547265,3.0,24.13,17.25,95.75,82.0,52.38
2019-08-23,4819,-1143.42,-0.23727329321435983,0.4971508611745175,805,0.16704710520854948,288,0.059763436397592865,342,0.07096908072214152,642,0.13322266030296742,2141,0.4442830462751608,441,0.09151276198381407,158,0.03278688524590164,1.5,15.75,13.0,43.0,127.5,64.63
2019-08-30,4497,-1133.3,-0.25201245274627526,0.5031910162330442,774,0.17211474316210806,229,0.050922837447187015,367,0.08160996219702024,612,0.13609072715143428,2016,0.4482988659106071,400,0.088948187680676,99,0.022014676450967312,1.5,12.25,8.25,68.01,36.0,47.0
2019-09-06,3752,-984.4,-0.26236673773987207,0.49376332622601277,545,0.14525586353944564,178,0.04744136460554371,244,0.0650319829424307,480,0.1279317697228145,1813,0.4832089552238806,353,0.09408315565031983,138,0.036780383795309166,0.5,10.75,4.25,34.88,63.25,31.25
2019-09-13,4042,-938.9,-0.23228599703117267,0.4957595249876299,643,0.1590796635329045,268,0.06630380999505195,279,0.06902523503216229,573,0.1417615042058387,1762,0.4359228104898565,402,0.09945571499257794,115,0.028451261751608115,1.5,23.5,9.0,39.63,103.25,41.25
2019-09-20,3424,-802.45,-0.2343603971962617,0.49562792056074767,538,0.15712616822429906,202,0.05899532710280374,328,0.09579439252336448,400,0.11682242990654206,1438,0.4199766355140187,433,0.12646028037383178,85,0.024824766355140186,0.0,39.26,5.5,36.26,36.75,39.13
2019-09-27,2940,-742.92,-0.2526938775510204,0.48829931972789115,440,0.14965986394557823,145,0.04931972789115646,224,0.0761904761904762,424,0.14421768707482993,1306,0.44421768707482995,315,0.10714285714285714,84,0.02857142857142857,0.5,8.63,6.0,38.13,24.12,39.63
2019-10-04,3610,-642.7,-0.17803324099722992,0.48234349030470913,732,0.2027700831024931,280,0.07756232686980609,241,0.0667590027700831,513,0.14210526315789473,1413,0.3914127423822715,327,0.09058171745152355,104,0.028808864265927978,0.0,8.25,7.25,49.51,33.0,27.5
2019-10-11,3273,-865.2,-0.26434463794683777,0.4954659333944394,497,0.1518484570730217,155,0.04735716468072105,210,0.06416131989000917,425,0.12985029025359,1543,0.4714329361442102,356,0.10876871371830125,87,0.026581118240146653,2.0,16.12,3.75,30.63,25.5,33.0
2019-10-18,3925,-1180.07,-0.30065477707006366,0.50548025477707,513,0.13070063694267517,166,0.04229299363057325,263,0.06700636942675159,474,0.12076433121019109,2077,0.529171974522293,337,0.08585987261146497,93,0.023694267515923566,1.5,5.63,8.75,33.52,312.25,30.38
2019-10-25,4136,-1042.2,-0.2519825918762089,0.5054666344294004,661,0.15981624758220503,261,0.06310444874274662,222,0.05367504835589942,521,0.12596711798839458,2004,0.48452611218568664,337,0.08147969052224371,129,0.031189555125725337,1.0,17.25,8.0,33.27,61.5,70.13
2019-11-01,3841,-816.2,-0.2124967456391565,0.49033585003905233,655,0.17052850820098933,255,0.06638896120801875,261,0.0679510544129133,540,0.14058838844051028,1621,0.4220255141890133,367,0.09554803436605051,141,0.03670919031502213,1.0,11.12,12.0,52.51,78.75,70.5
2019-11-08,4151,-1031.81,-0.24856901951337027,0.4978318477475307,606,0.14598891833293182,258,0.06215369790411949,352,0.08479884365213201,571,0.1375572151288846,1827,0.44013490725126475,398,0.09588051072030836,138,0.03324500120452903,2.75,8.75,6.5,67.0,164.74,68.0
2019-11-15,3784,-957.71,-0.2530946088794926,0.4924735729386892,595,0.15724101479915434,197,0.052061310782241015,276,0.07293868921775898,475,0.12552854122621565,1805,0.47700845665961944,357,0.0943446088794926,79,0.02087737843551797,0.5,13.25,9.5,35.25,59.5,49.13
2019-11-22,4189,-773.17,-0.1845714967772738,0.4947147290522798,838,0.20004774409166864,339,0.08092623537837193,294,0.07018381475292433,549,0.13105753163046074,1696,0.4048698973502029,340,0.08116495583671521,133,0.03174982095965624,1.5,9.0,8.25,49.75,58.25,46.38
2019-11-29,3023,-634.8,-0.20999007608336087,0.491882236189216,546,0.1806152828316242,224,0.07409857757194839,197,0.06516705259675819,368,0.1217333774396295,1312,0.43400595434998346,272,0.08997684419450877,102,0.033741316572940785,0.75,11.5,10.0,36.63,31.25,57.76
2019-12-06,3325,-817.61,-0.24589774436090225,0.5000571428571429,546,0.16421052631578947,185,0.055639097744360905,205,0.061654135338345864,423,0.12721804511278195,1574,0.4733834586466165,308,0.09263157894736843,82,0.024661654135338346,1.0,9.25,4.25,37.88,40.0,20.88
2019-12-13,3592,-849.94,-0.23662026726057908,0.49467706013363033,591,0.16453229398663696,197,0.054844097995545654,214,0.05957683741648107,454,0.12639198218262807,1694,0.47160356347438753,329,0.0915924276169265,113,0.03145879732739421,1.5,11.62,7.75,45.38,44.5,37.0
2019-12-20,3742,-848.3,-0.22669695350080168,0.4931854623196152,678,0.1811865312667023,202,0.053981827899518976,313,0.08364510956707644,547,0.1461785141635489,1558,0.41635489043292356,361,0.09647247461250669,82,0.021913415285943347,2.5,11.75,8.75,56.26,87.25,38.88
2019-12-27,3840,-632.83,-0.16479947916666668,0.48890364583333334,825,0.21484375,291,0.07578125,269,0.07005208333333333,490,0.12760416666666666,1477,0.3846354166666667,345,0.08984375,142,0.03697916666666667,1.0,9.13,8.5,52.27,38.5,36.63
2020-01-03,4035,-584.3,-0.1448079306071871,0.477816604708798,938,0.23246592317224288,299,0.07410161090458488,287,0.07112763320941759,516,0.12788104089219332,1485,0.3680297397769517,395,0.09789343246592318,114,0.02825278810408922,1.0,10.13,3.25,48.13,38.25,49.5
2020-01-10,3463,-335.68,-0.09693329483107133,0.4710511117528155,899,0.2596015015882183,307,0.08865145827317356,274,0.07912214842622003,427,0.12330349408027722,1103,0.31850996246029456,358,0.1033785734911926,95,0.027432861680623737,0.0,11.5,6.0,49.75,10.5,54.0
2020-01-17,4424,-553.05,-0.1250113019891501,0.476742766726944,990,0.22377938517179025,378,0.08544303797468354,365,0.08250452079566004,556,0.1256781193490054,1466,0.33137432188065097,511,0.11550632911392406,157,0.035488245931283906,2.0,7.75,10.25,78.65,39.5,93.76
2020-01-24,3417,-663.79,-0.19426104770266314,0.4866344746853965,636,0.1861281826163301,224,0.06555458004097162,285,0.08340649692712906,414,0.12115891132572432,1361,0.3983026046239391,389,0.1138425519461516,107,0.031314018144571264,0.5,5.75,3.5,49.52,97.25,45.75
2020-01-31,4517,-556.86,-0.12328093867611246,0.4828625193712641,1059,0.23444764224042505,400,0.08855435023245517,348,0.077042284702236,614,0.13593092760681869,1518,0.33606375913216735,412,0.09121098073942882,165,0.03652866947088776,0.0,6.25,12.38,62.78,32.0,132.26
2020-02-07,6389,-654.09,-0.10237752386915011,0.491702926905619,1455,0.22773516982313352,692,0.10831115980591642,536,0.08389419314446706,893,0.13977148223509156,1917,0.3000469557051182,650,0.10173736108937236,246,0.038503678196900926,0.0,6.5,10.0,122.64,30.5,170.13
2020-02-14,5545,-954.56,-0.1721478809738503,0.49218214607754734,1085,0.1956717763751127,458,0.08259693417493237,441,0.07953110910730388,702,0.12660054102795312,2137,0.3853922452660054,570,0.10279531109107304,152,0.027412082957619478,2.88,15.0,21.0,71.13,50.5,92.38
2020-02-21,6507,-845.36,-0.12991547564161673,0.48778238819732594,1488,0.22867680958967265,591,0.09082526509912402,613,0.0942062394344552,893,0.13723682188412478,2087,0.3207315199016444,630,0.09681881051175657,204,0.03135085292761641,5.63,11.75,23.25,135.02,73.75,107.51
2020-02-28,12186,-2224.71,-0.18256277695716397,0.49557771212867224,2503,0.20539963892991958,853,0.06999835877236173,1485,0.12186115214180207,1942,0.1593632036763499,3912,0.3210241260462826,1127,0.0924831774167077,364,0.0298703430165764,5.5,20.12,31.5,302.17,109.0,90.14
2020-03-06,11610,-2155.09,-0.1856236003445306,0.4960869939707149,2372,0.20430663221360895,744,0.0640826873385013,1193,0.10275624461670974,1980,0.17054263565891473,3853,0.3318690783807063,1157,0.09965546942291129,310,0.026701119724375538,7.5,63.5,62.75,215.04,126.12,124.26
2020-03-13,23234,-4879.28,-0.2100060256520616,0.5047159335456658,4418,0.1901523629164156,1457,0.06270982181286046,2580,0.1110441594215374,4665,0.20078333476801238,7444,0.3203925281914436,2075,0.08930877162778686,590,0.02539381940259964,5.25,60.87,82.75,565.96,426.87,96.0
2020-03-20,23689,-5752.88,-0.24285026805690405,0.5103664147916754,4246,0.17923930938410232,1033,0.04360673730423403,2992,0.12630334754527417,4998,0.21098400101312845,7507,0.31689813837646164,2237,0.09443201485921736,670,0.02828316940352062,9.0,135.14,123.5,635.2,614.73,136.51
2020-03-27,22748,-5842.76,-0.2568471953578337,0.5134288728679444,4022,0.17680675224195533,878,0.03859679971865659,2563,0.11266924564796905,5022,0.22076666080534552,7537,0.33132583084227185,2288,0.10058027079303675,437,0.01921048004220151,12.88,136.13,93.76,423.54,874.75,97.5
2020-04-03,15269,-3362.42,-0.2202121946427402,0.5050697491649748,2976,0.19490470888728798,674,0.04414172506385487,1501,0.09830375270155216,3167,0.20741371406116968,4944,0.32379330669984935,1590,0.10413255615953894,415,0.027179252079376513,11.5,76.25,69.13,236.17,295.87,168.01
2020-04-10,17185,-4240.25,-0.24674134419551935,0.5090026185627,2943,0.17125400058190282,749,0.043584521384928715,1634,0.09508292115216758,3380,0.19668315391329647,6306,0.36694791969741053,1821,0.10596450392784405,351,0.020424789060226944,12.75,113.62,72.38,256.17,364.25,114.0
2020-04-17,12695,-2745.26,-0.21624734147302088,0.5011752658526979,2441,0.19228042536431666,623,0.04907443875541552,1049,0.08263095706971249,2179,0.1716423788893265,4793,0.3775502166207168,1300,0.10240252067743207,310,0.024419062623079954,11.5,42.5,43.25,188.55,364.62,204.27
2020-04-24,12738,-2505.52,-0.19669649866541059,0.4947299419061077,2394,0.1879415920866698,699,0.054875176636834666,1052,0.08258753336473544,2197,0.17247605589574502,4363,0.3425184487360653,1510,0.11854294237713926,522,0.04097974564295808,9.5,38.0,45.5,192.9,161.24,151.88
2020-05-01,12794,-2197.18,-0.1717351883695482,0.49587853681413163,2775,0.21689854619352822,743,0.058074097233078006,1190,0.09301234953884634,2026,0.15835547913084258,4246,0.33187431608566514,1447,0.11309989057370642,366,0.028607159606065344,8.25,37.76,60.5,245.05,144.75,219.39
2020-05-08,9784,-1975.85,-0.20194705641864266,0.4900889206868356,1987,0.20308667211774326,465,0.04752657399836468,718,0.07338511856091579,1632,0.1668029435813573,3688,0.3769419460343418,1024,0.10466067048242028,270,0.02759607522485691,3.88,29.75,28.25,108.14,120.5,196.14
2020-05-15,9116,-1900.7,-0.20850153576129882,0.4981000438788943,1760,0.19306713470820536,493,0.05408073716542343,768,0.08424747696358052,1576,0.17288284335234752,3341,0.3664984642387012,922,0.10114085125054849,255,0.027972795085563842,6.5,34.62,21.25,147.0,96.0,119.25
2020-05-22,9682,-1698.41,-0.17541933484817188,0.4913654203676926,2025,0.20915100185912003,590,0.06093782276389176,785,0.0810782896095848,1551,0.16019417475728157,3380,0.349101425325346,1040,0.10741582317702954,311,0.032121462507746334,7.75,27.88,31.25,122.55,81.37,184.13
2020-05-29,7948,-1288.26,-0.16208605938600906,0.49024911927528936,1754,0.2206844489179668,511,0.06429290387518873,615,0.07737795671867137,1370,0.1723704076497232,2611,0.32851031706089584,833,0.10480624056366382,249,0.0313286361348767,3.25,25.0,31.75,128.0,76.25,160.88
2020-06-05,9814,-1517.88,-0.15466476462196863,0.4964030976156511,2251,0.22936621153454248,702,0.0715304666802527,906,0.09231709802323211,1437,0.14642347666598737,3297,0.3359486447931526,935,0.095272060321989,283,0.02883635622579988,7.38,26.37,32.5,198.28,76.75,146.38
2020-06-12,10741,-1762.99,-0.16413648636067404,0.4963187785122428,2306,0.2146913695186668,785,0.07308444278931198,966,0.08993576017130621,1519,0.14142072432734382,3805,0.35425006982590074,1088,0.10129410669397636,270,0.025137324271483102,5.5,47.38,20.63,228.92,65.0,141.13
2020-06-19,7762,-1684.86,-0.21706518938417932,0.5013488791548569,1395,0.17972172120587476,487,0.0627415614532337,671,0.08644679206390106,1118,0.14403504251481578,3105,0.4000257665550116,781,0.10061839732027827,201,0.025895387786652926,4.0,46.01,13.13,112.02,65.25,115.38
2020-06-26,7293,-1281.85,-0.17576443164678457,0.49500068558892085,1619,0.2219936925819279,434,0.05950911833264774,605,0.08295625942684766,1125,0.15425750719868367,2632,0.3608940079528315,663,0.09090909090909091,209,0.02865761689291101,1.5,12.13,15.5,124.28,47.88,191.51
2020-07-03,6536,-1220.71,-0.1867671358629131,0.5004513463892288,1340,0.20501835985312117,446,0.0682374541003672,609,0.09317625458996329,1045,0.15988372093023256,2313,0.3538861689106487,633,0.09684822521419828,150,0.022949816401468787,2.5,26.25,12.0,120.9,62.75,140.0
2020-07-10,7394,-1427.73,-0.19309304841763592,0.49839599675412494,1516,0.20503110630240737,441,0.059642953746280765,629,0.08506897484446849,1140,0.1541790641060319,2777,0.37557479037057073,701,0.09480659994590208,190,0.025696510684338654,2.5,23.75,9.0,122.77,77.25,204.26
2020-07-17,7738,-1221.84,-0.15790126647712585,0.48662186611527525,1671,0.21594727319720858,548,0.07081933316102353,686,0.0886533988110623,1138,0.14706642543292842,2657,0.34337037994313774,777,0.10041354355130525,258,0.03334194882398553,1.0,13.25,5.5,176.41,72.75,168.51
2020-07-24,7089,-1092.32,-0.15408661306249116,0.4912455917618846,1548,0.21836648328396108,513,0.07236563690224292,580,0.08181689942163915,1142,0.16109465368881365,2343,0.3305120609394837,751,0.10593877838905347,210,0.029623360135421075,4.5,22.25,20.88,97.76,63.5,176.63
2020-07-31,7387,-1262.13,-0.17085826451874916,0.49294571544605387,1467,0.19859212129416542,577,0.07811019358332205,518,0.07012318938676053,1125,0.15229457154460538,2742,0.3711926357113849,722,0.09773927169351564,236,0.031948016786246106,5.5,17.5,17.25,75.01,96.0,203.51
2020-08-07,7321,-1291.47,-0.17640622865728725,0.49658243409370306,1521,0.20775850293675727,509,0.06952602103537768,543,0.07417019532850704,814,0.11118699631197924,2982,0.4073214041797569,757,0.10340117470290944,194,0.026499112143149844,2.38,11.75,11.5,82.9,65.5,224.0
2020-08-14,5272,-882.87,-0.16746396054628224,0.48569423368740516,1096,0.2078907435508346,396,0.07511380880121396,370,0.07018209408194234,704,0.13353566009104703,2026,0.38429438543247346,533,0.10110015174506828,147,0.027883156297420334,1.5,13.0,4.25,59.65,39.12,121.5
2020-08-21,8132,-905.99,-0.11141047712739793,0.4967437284800787,1971,0.24237579931136252,743,0.09136743728480079,706,0.0868175110673881,1135,0.1395720609936055,2517,0.30951795376291197,806,0.09911460895228726,250,0.03074274471224791,5.25,19.88,15.5,171.31,46.0,230.39
2020-08-28,6825,-666.21,-0.09761318681318681,0.48661245421245425,1714,0.2511355311355311,647,0.0947985347985348,590,0.08644688644688645,955,0.13992673992673993,2042,0.2991941391941392,677,0.09919413919413919,197,0.028864468864468865,4.75,28.13,4.0,124.3,43.0,178.39
2020-09-04,8740,-1167.29,-0.13355720823798625,0.49044736842105263,1978,0.22631578947368422,745,0.08524027459954234,808,0.09244851258581235,1208,0.13821510297482836,2859,0.327116704805492,872,0.09977116704805492,264,0.030205949656750573,7.0,31.5,5.75,216.42,41.62,190.38
2020-09-11,6835,-1034.77,-0.15139283101682516,0.49208046817849305,1589,0.23247988295537675,474,0.06934893928310168,462,0.0675932699341624,860,0.1258229700073153,2597,0.3799561082662765,681,0.09963423555230431,172,0.025164594001463057,4.0,4.5,3.0,107.52,59.0,227.0
2020-09-18,6321,-1086.87,-0.17194589463692453,0.4955877234614776,1278,0.20218319886093972,486,0.07688656858092074,400,0.06328112640405,753,0.11912672045562411,2545,0.40262616674576807,647,0.10235722195855086,212,0.033538996994146496,4.75,13.25,5.5,82.28,34.99,156.76
2020-09-25,6342,-1074.31,-0.16939608956165247,0.5005029959003469,1412,0.2226426994638915,440,0.06937874487543362,441,0.0695364238410596,853,0.13450015767896562,2470,0.3894670450961842,538,0.0848312835067802,188,0.029643645537685274,2.0,7.75,6.0,93.01,74.0,211.4
2020-10-02,4905,-865.09,-0.1763690112130479,0.49697043832823645,1075,0.21916411824668705,321,0.0654434250764526,322,0.06564729867482161,585,0.11926605504587157,2031,0.41406727828746176,444,0.09051987767584098,126,0.025688073394495414,0.0,3.5,8.75,70.89,27.75,160.62
2020-10-09,4394,-704.84,-0.16040964952207556,0.48705962676376874,957,0.2177969959035048,331,0.07532999544833864,306,0.06964041875284478,569,0.12949476558944015,1702,0.3873463814292217,437,0.0994538006372326,92,0.020937642239417388,1.25,2.75,3.0,50.02,62.0,84.25
2020-10-16,4196,-435.9,-0.10388465204957101,0.48457102001906577,1149,0.27383222116301237,308,0.07340324118207817,330,0.0786463298379409,622,0.14823641563393708,1311,0.31244041944709244,360,0.08579599618684461,114,0.02716873212583413,0.0,4.0,2.25,65.88,25.62,112.88
2020-10-23,4276,-396.57,-0.09274321796071094,0.48322263797942006,1154,0.2698783910196445,366,0.08559401309635173,335,0.07834424695977549,568,0.13283442469597756,1335,0.31220767072029937,407,0.0951824134705332,111,0.02595884003741815,0.0,10.51,0.5,58.76,20.75,135.63
2020-10-30,4874,-497.56,-0.10208453016003283,0.49074066475174394,1318,0.27041444398851044,401,0.0822732868280673,336,0.0689372178908494,696,0.14279852277390234,1546,0.317193270414444,448,0.09191629052113254,126,0.025851456709068528,0.5,5.87,13.25,52.76,45.25,181.0
2020-11-06,4511,-496.61,-0.11008867213478164,0.48505431168255375,1205,0.2671248060297052,322,0.07138106849922411,370,0.0820217246730215,654,0.14497894036798936,1406,0.3116825537574817,411,0.0911106184881401,142,0.03147860784748393,1.0,7.5,8.0,68.14,47.25,74.76
2020-11-13,4799,-512.59,-0.10681183579912483,0.48745571994165454,1247,0.25984580120858514,396,0.0825171910814753,343,0.07147322358824755,605,0.12606793081892062,1623,0.3381954573869556,452,0.09418628881016879,133,0.02771410710564701,0.5,5.25,5.12,71.52,25.5,105.88
2020-11-20,5115,-377.99,-0.07389833822091887,0.4872649071358749,1385,0.270772238514174,518,0.10127077223851418,420,0.08211143695014662,588,0.11495601173020528,1540,0.3010752688172043,532,0.10400782013685239,129,0.025219941348973606,1.0,8.0,5.75,72.4,23.5,151.52
2020-11-27,6114,-278.12,-0.04548904154399738,0.49373895976447496,1579,0.2582597317631665,799,0.13068367680732745,453,0.07409224730127575,729,0.11923454367026497,1702,0.27837749427543346,647,0.10582270199542035,199,0.03254824991822048,1.0,5.0,9.01,108.03,36.25,180.51
2020-12-04,7263,-409.92,-0.0564394878149525,0.4883918490981688,1910,0.26297673137821836,879,0.12102437009500207,481,0.06622607737849373,861,0.11854605534902933,2193,0.30194134655101196,709,0.09761806416081509,229,0.031529670934875395,1.75,10.0,3.75,108.15,22.5,244.88
2020-12-11,7495,-622.78,-0.0830927284856571,0.492527018012008,1826,0.24362908605737157,847,0.11300867244829886,545,0.07271514342895263,926,0.12354903268845897,2369,0.3160773849232822,742,0.09899933288859239,238,0.03175450300200133,0.5,15.75,5.25,133.3,28.5,208.5
2020-12-18,7967,-730.01,-0.09162922053470567,0.49005020710430525,2077,0.2607003891050584,775,0.09727626459143969,631,0.07920170704154637,968,0.12150119241872726,2555,0.3206978787498431,734,0.09213003640015062,223,0.027990460650182,10.25,29.62,5.5,130.41,42.25,200.26
2020-12-25,7069,-518.25,-0.073313057009478,0.48802942424671103,1841,0.26043287593719056,789,0.11161408968736738,555,0.07851181213750177,844,0.11939453953883152,2173,0.3073985004951195,665,0.09407271184043005,198,0.0280096194652709,2.0,15.38,5.5,126.79,81.0,207.0
2021-01-01,8126,-563.01,-0.06928501107555993,0.485428254984002,2190,0.2695052916564115,827,0.10177208958897367,607,0.07469849864632046,1051,0.1293379276396751,2393,0.29448683238985973,808,0.09943391582574453,248,0.030519320698990892,6.75,15.5,8.0,116.91,36.0,181.01
2021-01-08,10801,-714.7,-0.0661697990926766,0.49386075363392273,2961,0.2741412832145172,1170,0.10832330339783354,973,0.09008425145819832,1198,0.11091565595778169,3199,0.2961762799740765,980,0.09073233959818536,311,0.02879363021942413,8.88,28.76,14.75,206.57,51.25,209.0
2021-01-15,8628,-461.63,-0.05350370885489105,0.4881119610570237,2462,0.2853500231803431,924,0.1070931849791377,795,0.09214186369958276,1011,0.11717663421418636,2351,0.2724849327770051,848,0.09828465461288827,233,0.027005099675475198,8.25,26.75,7.0,177.67,105.25,218.15
2021-01-22,8668,-776.67,-0.08960198431010613,0.4936744347023535,2164,0.2496538994000923,946,0.10913705583756345,694,0.0800646054453161,995,0.11479003230272265,2796,0.32256575911398244,833,0.0961005999077065,240,0.02768804799261652,8.88,31.26,14.25,160.42,155.51,215.0
2021-01-29,20144,-2654.97,-0.13179954328832405,0.5132019459888801,3560,0.1767275615567911,2810,0.13949563145353455,1612,0.08002382843526608,1747,0.08672557585385227,7516,0.37311358220810165,2241,0.11124900714853057,651,0.032317315329626686,3.25,10.5,2.75,567.56,46.5,285.65
2021-02-05,25069,-2102.32,-0.08386134269416412,0.4868482986956001,6599,0.2632334756073238,2388,0.09525709043041206,2181,0.08699988033028841,3219,0.1284056005425027,7114,0.2837767760979696,2933,0.11699708803701783,627,0.025010969723562967,4.75,14.25,7.0,584.96,35.5,685.91
2021-02-12,15986,-691.7,-0.04326911047166271,0.47713812085574875,4453,0.2785562367071187,1879,0.11754034780432879,1349,0.08438633804579007,1817,0.11366195420993369,4207,0.2631677718003253,1815,0.11353684473914676,463,0.028962842487176278,6.38,21.38,16.0,306.48,44.37,432.8
2021-02-19,12365,-997.05,-0.08063485644965629,0.4868289526890417,3206,0.2592802264456126,1255,0.10149615851192884,1211,0.09793772745653052,1350,0.10917913465426607,3582,0.28968863728265265,1427,0.1154063890012131,327,0.02644561261625556,6.25,28.5,12.0,248.67,33.25,279.01
2021-02-26,12697,-1010.07,-0.07955186264471922,0.4885563518941482,3484,0.2743955265023234,1152,0.09073009372292667,1189,0.0936441679136804,1533,0.12073718201149877,3599,0.2834527841222336,1457,0.11475151610616681,279,0.021973694573521305,16.0,40.01,20.0,258.21,57.88,344.26
2021-03-05,11866,-944.56,-0.07960222484409236,0.4834560930389347,3189,0.26875105342996797,1069,0.09008933086128434,1117,0.09413450193831115,1630,0.13736726782403505,3220,0.27136355975054777,1330,0.11208494859261756,303,0.02553514242373167,15.25,30.13,18.5,232.57,43.13,274.63
2021-03-12,9291,-713.38,-0.07678183188031429,0.47894844473146053,2453,0.2640189430631794,854,0.09191690883650845,818,0.08804219136799053,1154,0.12420622107415778,2570,0.2766117748358627,1188,0.12786567646109137,251,0.02701539123883328,16.0,20.5,12.75,187.16,48.25,233.01
2021-03-19,8087,-1080.72,-0.13363670087795226,0.48968715221961173,1913,0.2365524916532707,602,0.0744404599975269,659,0.08148880919995054,1006,0.12439718066031903,2754,0.34054655620131075,933,0.11537034747125015,219,0.027080499567206626,5.25,20.0,18.5,117.02,41.75,221.63
2021-03-26,6504,-891.93,-0.13713560885608855,0.4863791512915129,1509,0.2320110701107011,517,0.07948954489544896,526,0.08087330873308733,796,0.12238622386223862,2311,0.35531980319803197,699,0.10747232472324723,144,0.02214022140221402,8.0,18.13,7.0,94.05,61.25,206.63
2021-04-02,5629,-639.43,-0.11359566530467223,0.4831373245691952,1358,0.24125066619292948,465,0.08260792325457453,510,0.09060223840824302,676,0.12009237875288684,1815,0.3224373778646296,652,0.11582874400426363,153,0.02718067152247291,10.5,11.25,9.0,111.92,26.5,98.25
2021-04-09,4544,-484.82,-0.10669454225352112,0.4877662852112676,1184,0.2605633802816901,366,0.08054577464788733,459,0.10101232394366197,616,0.13556338028169015,1326,0.2918133802816901,444,0.0977112676056338,149,0.03279049295774648,10.0,22.5,5.5,80.52,22.5,114.88
2021-04-16,5586,-669.48,-0.11984962406015037,0.4909738632295023,1340,0.23988542785535266,479,0.08575008950948801,420,0.07518796992481203,647,0.11582527747941282,1931,0.3456856426781239,579,0.10365198711063373,188,0.033655567490153956,2.37,6.0,8.5,63.27,21.0,160.26
2021-04-23,3840,-489.09,-0.1273671875,0.47790364583333333,910,0.23697916666666666,283,0.07369791666666667,294,0.0765625,462,0.1203125,1321,0.34401041666666665,469,0.12213541666666666,100,0.026041666666666668,4.0,11.25,8.5,46.65,45.5,112.75
2021-04-30,3311,-226.05,-0.06827242524916943,0.47965569314406525,870,0.2627604953186349,350,0.10570824524312897,277,0.08366052552099064,373,0.11265478707339173,952,0.28752642706131076,379,0.1144669284204168,110,0.03322259136212625,6.5,7.75,1.5,49.4,41.75,137.13
2021-05-07,6121,-764.2,-0.12484888090181344,0.48871262865544846,1527,0.24946904100637152,422,0.0689429831726842,536,0.0875673909491913,844,0.1378859663453684,1938,0.3166149322006208,683,0.1115830746610031,168,0.027446495670642054,16.75,17.88,10.5,90.15,32.0,155.51
2021-05-14,7384,-1223.23,-0.16565953412784398,0.4894718309859155,1619,0.2192578548212351,468,0.06338028169014084,625,0.08464247020585049,915,0.12391657638136512,2731,0.3698537378114843,844,0.1143011917659805,182,0.02464788732394366,26.25,22.25,6.5,109.27,49.75,108.39
2021-05-21,6219,-1222.71,-0.1966087795465509,0.4940987296993086,1254,0.20164013506994694,358,0.057565525004019936,486,0.07814761215629522,712,0.11448785978453127,2616,0.4206464061746261,626,0.10065926997909631,164,0.02637079916385271,12.5,16.87,2.5,80.16,28.75,91.5
2021-05-28,4407,-656.68,-0.14900839573405944,0.4830088495575221,1002,0.2273655547991831,329,0.07465395960971183,314,0.07125028363966417,549,0.12457454050374404,1643,0.3728159745858861,450,0.10211027910142954,119,0.0270024960290447,5.38,6.5,2.5,65.13,30.25,115.26
2021-06-04,3767,-236.56,-0.0627979824794266,0.4808521369790284,1065,0.28271834350942393,382,0.10140695513671356,320,0.08494823466949827,415,0.11016724183700558,1096,0.2909477037430316,402,0.10671621980355721,87,0.02309530130076984,9.0,5.88,3.0,69.25,14.0,126.89
2021-06-11,5215,-782.48,-0.15004410354745926,0.4932732502396932,1161,0.22262703739213807,391,0.07497603068072867,415,0.07957813998082454,668,0.12809204218600193,1857,0.3560882070949185,583,0.11179290508149568,140,0.026845637583892617,11.5,12.75,8.5,70.53,9.5,129.88
2021-06-18,6477,-899.97,-0.13894858730893933,0.4890998919252741,1474,0.227574494364675,544,0.08398950131233596,558,0.08615099583140343,798,0.12320518758684576,2277,0.35155164427975916,680,0.10498687664041995,145,0.022386907518913077,20.5,38.0,6.5,133.01,58.75,88.37
2021-06-25,4785,-381.79,-0.0797889237199582,0.48108672936259145,1317,0.27523510971786835,430,0.08986415882967608,417,0.0871473354231975,587,0.12267502612330199,1378,0.2879832810867294,508,0.10616509926854754,147,0.030721003134796237,6.75,20.0,5.0,85.14,22.5,97.13
2021-07-02,5339,-986.58,-0.18478741337329088,0.49918149466192174,1156,0.21651994755572204,351,0.06574264843603671,448,0.08391084472747705,796,0.14909159018542797,2010,0.3764749953174752,452,0.0846600486982581,126,0.023599925079602922,5.25,12.25,6.25,71.78,34.25,80.0
2021-07-09,5189,-432.37,-0.08332433994989401,0.4819078820582,1425,0.27461938716515705,475,0.09153979572171903,443,0.08537290422046637,619,0.11929080747735595,1575,0.30352669107727887,512,0.09867026402004239,140,0.02698015031798034,3.0,12.63,9.25,77.01,16.0,104.75
2021-07-16,3715,-511.78,-0.13776043068640645,0.48869179004037683,893,0.24037685060565275,262,0.07052489905787349,405,0.10901749663526245,483,0.1300134589502019,1178,0.317092866756393,398,0.10713324360699865,96,0.025841184387617767,8.75,11.88,12.25,82.51,52.25,43.0
2021-07-23,3383,-399.3,-0.11803133313626958,0.4891723322494827,807,0.23854566952409104,299,0.08838309193023944,300,0.08867868755542418,442,0.1306532663316583,1063,0.31421814957138633,386,0.11409991132131245,86,0.025421223765888266,3.5,4.38,3.0,83.88,23.25,68.25
2021-07-30,3889,-664.55,-0.17087940344561584,0.4942118796605811,847,0.21779377732064797,259,0.06659809719722294,328,0.08434044741578813,525,0.1349961429673438,1475,0.3792748778606326,338,0.086911802519928,117,0.030084854718436617,2.5,4.0,10.0,51.25,12.75,124.26
2021-08-06,3875,-537.45,-0.1386967741935484,0.49389935483870967,893,0.2304516129032258,316,0.0815483870967742,275,0.07096774193548387,436,0.11251612903225806,1448,0.3736774193548387,401,0.10348387096774193,106,0.02735483870967742,2.38,4.5,2.5,55.51,23.75,142.25
2021-08-13,3652,-406.44,-0.11129244249726178,0.4971522453450164,948,0.25958378970427165,321,0.08789704271631983,303,0.08296823658269441,451,0.12349397590361445,1237,0.3387185104052574,330,0.09036144578313253,61,0.016703176341730557,6.5,9.75,6.0,47.0,19.5,128.13
2021-08-20,3703,-756.3,-0.20423980556305696,0.49065082365649476,732,0.19767755873615986,187,0.05049959492303538,326,0.08803672697812584,570,0.1539292465568458,1407,0.3799621928166352,387,0.10450985687280584,94,0.025384823116392115,5.0,11.0,3.5,48.39,18.5,39.13
2021-08-27,3083,-607.16,-0.19693804735647097,0.4916088225754136,587,0.19039896204995135,202,0.06552059682127798,231,0.07492701913720402,502,0.1628284138825819,1164,0.3775543301978592,279,0.09049626986701265,117,0.03795004865390853,2.5,9.63,3.25,34.25,26.25,51.76
2021-09-03,3339,-564.93,-0.16919137466307277,0.4953908355795148,724,0.2168313866427074,242,0.07247678945792153,337,0.10092842168313866,357,0.1069182389937107,1266,0.37915543575920935,352,0.10542078466606769,61,0.018268942797244683,3.5,17.25,4.25,61.26,20.0,33.5
2021-09-10,3031,-748.44,-0.2469284064665127,0.5050643352029033,531,0.17518970636753547,148,0.0488287693830419,356,0.11745298581326295,504,0.16628175519630484,1148,0.3787528868360277,284,0.09369844935664796,60,0.01979544704717915,5.0,8.87,3.25,45.27,29.25,27.25
2021-09-17,1755,-320.78,-0.18278062678062676,0.4804444444444444,343,0.19544159544159545,105,0.05982905982905983,163,0.09287749287749288,202,0.1150997150997151,670,0.3817663817663818,219,0.12478632478632479,53,0.0301994301994302,4.75,4.5,0.5,42.75,29.25,18.88
2021-09-24,2560,-541.05,-0.21134765625,0.49280859374999997,474,0.18515625,150,0.05859375,282,0.11015625,375,0.146484375,928,0.3625,284,0.1109375,67,0.026171875,3.25,8.13,1.0,69.13,44.5,20.25
2021-10-01,2310,-328.93,-0.1423939393939394,0.48569696969696974,555,0.24025974025974026,147,0.06363636363636363,243,0.10519480519480519,365,0.15800865800865802,704,0.3047619047619048,256,0.11082251082251082,40,0.017316017316017316,2.5,8.88,12.0,39.88,11.0,30.63
2021-10-08,3262,-781.55,-0.23959227467811156,0.49988044144696503,556,0.17044757817290007,172,0.05272838749233599,286,0.08767627222562845,453,0.13887185775597793,1404,0.43041079092581236,318,0.09748620478234211,71,0.021765787860208462,2.5,9.0,9.25,48.26,57.0,19.26
2021-10-15,2685,-617.68,-0.230048417132216,0.5036685288640596,504,0.1877094972067039,132,0.049162011173184354,240,0.0893854748603352,356,0.13258845437616387,1098,0.40893854748603353,290,0.10800744878957169,65,0.024208566108007448,9.25,18.75,3.5,44.4,43.75,21.0
2021-10-22,3134,-550.02,-0.17550095724313974,0.49272176132737716,600,0.1914486279514997,236,0.07530312699425654,261,0.08328015315890236,413,0.13178047223994896,1164,0.37141033822590935,365,0.11646458200382898,93,0.029674537332482452,4.5,7.75,6.0,51.75,30.25,33.38
2021-10-29,4061,-331.57,-0.08164737749322827,0.48731346958877125,1107,0.2725929573996553,382,0.09406550110810145,306,0.07535089879340064,533,0.13124846097020437,1208,0.29746367889682346,388,0.09554296971189362,137,0.0337355331199212,4.75,4.75,4.0,47.15,60.12,133.38
2021-11-05,4268,-585.75,-0.13724226804123713,0.489784442361762,991,0.23219306466729148,349,0.0817713214620431,279,0.06537019681349578,529,0.1239456419868791,1577,0.369493908153702,414,0.09700093720712277,128,0.02999062792877226,7.0,7.5,1.25,55.63,34.25,117.27
2021-11-12,4560,-917.34,-0.20117105263157894,0.49416885964912277,900,0.19736842105263158,251,0.055043859649122805,346,0.07587719298245614,652,0.14298245614035088,1791,0.39276315789473687,517,0.11337719298245615,103,0.022587719298245615,17.5,11.01,2.0,66.26,127.25,88.89
2021-11-19,5620,-1052.8,-0.1873309608540925,0.4971476868327402,1170,0.20818505338078291,342,0.06085409252669039,429,0.07633451957295374,869,0.15462633451957294,2142,0.3811387900355872,515,0.09163701067615658,153,0.02722419928825623,11.25,29.87,11.0,83.77,40.0,49.75
2021-11-26,2970,-523.29,-0.17619191919191918,0.4937575757575758,602,0.2026936026936027,225,0.07575757575757576,313,0.10538720538720539,429,0.14444444444444443,1042,0.35084175084175084,296,0.09966329966329966,62,0.020875420875420877,21.0,8.5,0.75,42.38,30.5,15.0
2021-12-03,3345,-656.44,-0.19624514200298956,0.4894200298953662,672,0.20089686098654708,178,0.05321375186846039,304,0.09088191330343796,448,0.13393124065769807,1290,0.38565022421524664,346,0.10343796711509716,106,0.031689088191330345,3.0,6.25,2.75,66.26,9.75,36.0
2021-12-10,4546,-1007.58,-0.22164100307963044,0.500475142982842,872,0.19181698196216454,211,0.04641443026836779,385,0.08468983721953366,732,0.16102067751869775,1823,0.40101187857457105,409,0.08996920369555653,112,0.024637043554773426,10.0,15.25,4.5,49.26,55.12,28.5
2021-12-17,3889,-815.57,-0.20971200822833636,0.49565698122910773,786,0.2021085111853947,184,0.047312933916173826,388,0.09976857804062741,661,0.16996657238364618,1395,0.3587040370275135,368,0.09462586783234765,107,0.027513499614296735,12.0,24.25,4.25,64.38,26.5,36.0
2021-12-24,2256,-382.69,-0.16963209219858155,0.48589539007092203,475,0.21054964539007093,150,0.06648936170212766,181,0.08023049645390071,297,0.13164893617021275,843,0.37367021276595747,248,0.1099290780141844,62,0.0274822695035461,4.75,9.0,1.75,29.02,9.5,26.5
2021-12-31,2676,-364.51,-0.13621449925261583,0.47918535127055306,607,0.22683109118086697,202,0.07548579970104634,251,0.093796711509716,327,0.12219730941704036,865,0.32324364723467863,329,0.12294469357249627,94,0.035127055306427506,5.0,5.0,6.0,38.75,25.25,17.0
2022-01-07,3709,-606.55,-0.16353464545699647,0.4869803181450526,840,0.22647613912105688,235,0.06335939606362902,281,0.07576166082502023,454,0.12240496090590455,1458,0.39309787004583446,346,0.09328660016176867,95,0.025613372876786195,5.5,9.75,4.25,53.14,25.62,65.5
2022-01-14,4631,-719.94,-0.15546102353703306,0.4865342258691427,1034,0.22327790973871733,311,0.06715612178795077,393,0.08486288058734615,611,0.13193694666378752,1656,0.35759015331461885,518,0.11185489095227813,108,0.02332109695530123,8.63,18.51,4.5,66.38,23.25,72.75
2022-01-21,5791,-835.37,-0.1442531514418926,0.4896304610602659,1405,0.24261785529269556,388,0.06700051804524262,399,0.06890001726817475,975,0.16836470385080296,1940,0.3350025902262131,474,0.08185114833362114,206,0.03557243999309273,10.25,14.0,2.88,82.26,28.0,136.25
2022-01-28,4951,-742.09,-0.14988689153706322,0.48666128054938396,1144,0.23106443142799435,293,0.05917996364370834,473,0.0955362553019592,773,0.1561300747323773,1538,0.31064431427994343,552,0.1114926277519693,178,0.03595233286204807,6.13,23.5,5.5,114.16,23.87,69.87
2022-02-04,4860,-796.71,-0.1639320987654321,0.487866255144033,1000,0.205761316872428,383,0.07880658436213991,344,0.07078189300411522,724,0.14897119341563786,1783,0.3668724279835391,459,0.09444444444444444,167,0.034362139917695475,3.0,7.75,3.0,57.63,15.75,103.63
2022-02-11,3814,-782.55,-0.20517829050865233,0.4957813319349764,774,0.20293654955427373,189,0.049554273728369166,267,0.07000524383848977,585,0.15338227582590455,1535,0.402464604090194,352,0.09229155742003146,111,0.029103303618248557,7.5,13.87,7.5,38.65,12.25,56.75
2022-02-18,3122,-706.56,-0.22631646380525303,0.4979212043561819,568,0.18193465727098015,166,0.053171044202434334,256,0.08199871877001921,508,0.1627162075592569,1257,0.4026265214606022,295,0.09449071108263933,72,0.023062139654067906,10.38,14.25,4.25,36.01,29.75,35.63
2022-02-25,5827,-1072.85,-0.18411704135918996,0.49732795606658653,1343,0.23047880556032263,271,0.046507636862879696,510,0.08752359704822378,852,0.1462158915393856,2183,0.3746353183456324,545,0.09353011841427836,117,0.020078942852239573,6.5,13.0,1.75,66.53,13.75,74.51
2022-03-04,2538,-679.41,-0.2676950354609929,0.4989440504334121,380,0.14972419227738376,113,0.04452324665090623,213,0.08392434988179669,426,0.16784869976359337,1079,0.4251379038613081,245,0.09653270291568164,80,0.03152088258471237,2.5,8.75,4.0,25.75,41.5,8.75
2022-03-11,4171,-1048.91,-0.2514768640613762,0.505777990889475,740,0.1774154878925917,174,0.04171661472069048,397,0.0951810117477823,752,0.18029249580436346,1653,0.3963078398465596,361,0.08654998801246704,92,0.022057060656916806,13.0,13.25,7.5,45.39,32.75,12.75
2022-03-18,4994,-1177.15,-0.23571285542651182,0.5096335602723269,987,0.197637164597517,207,0.04144973968762515,483,0.09671605927112535,878,0.17581097316780137,1915,0.38346015218261914,411,0.08229875851021226,112,0.022426912294753704,16.25,22.75,13.25,55.88,42.12,36.88
2022-03-25,3008,-650.9,-0.21638962765957445,0.4949966755319149,588,0.19547872340425532,133,0.0442154255319149,247,0.08211436170212766,439,0.14594414893617022,1213,0.40325797872340424,297,0.09873670212765957,91,0.030252659574468085,6.75,4.0,10.5,36.5,23.5,23.0
2022-04-01,3591,-712.67,-0.19846003898635475,0.48944583681425785,747,0.20802005012531327,185,0.05151768309663046,303,0.08437761069340016,489,0.1361737677527151,1408,0.3920913394597605,370,0.10303536619326092,89,0.02478418267891952,5.5,6.75,7.25,37.01,35.5,41.5
2022-04-08,3375,-822.29,-0.24364148148148146,0.49531851851851855,591,0.1751111111111111,138,0.04088888888888889,343,0.10162962962962963,486,0.144,1369,0.4056296296296296,366,0.10844444444444444,82,0.024296296296296295,8.25,23.25,8.25,36.63,20.0,27.25
2022-04-15,3768,-501.34,-0.133052016985138,0.4878980891719745,857,0.2274416135881104,333,0.08837579617834394,232,0.06157112526539278,460,0.12208067940552017,1377,0.36544585987261147,390,0.1035031847133758,119,0.031581740976645435,3.38,3.75,2.0,38.63,11.25,84.25
2022-04-22,3856,-657.17,-0.17042790456431534,0.4853034232365145,868,0.22510373443983403,202,0.052385892116182574,291,0.07546680497925311,589,0.15274896265560167,1383,0.3586618257261411,420,0.10892116182572614,102,0.026452282157676348,7.5,14.75,8.0,51.01,20.75,103.75
2022-04-29,5049,-939.99,-0.18617349970291147,0.4918676965735789,1055,0.2089522677757972,285,0.056446821152703504,395,0.07823331352743118,832,0.16478510596157656,1818,0.3600713012477718,503,0.09962368785898197,161,0.03188750247573777,9.25,19.5,9.25,60.76,39.0,94.5
2022-05-06,5527,-1221.71,-0.22104396598516374,0.4976062963633074,1090,0.1972136783064954,240,0.04342319522344853,356,0.06441107291478199,833,0.15071467342138592,2337,0.42283336348833,541,0.09788311923285689,130,0.023520897412701285,10.75,22.25,15.0,52.76,35.0,37.25
2022-05-13,7402,-1585.49,-0.21419751418535532,0.5035760605241826,1611,0.21764388003242366,293,0.03958389624425831,580,0.07835720075655228,1385,0.1871115914617671,2782,0.3758443663874628,597,0.08065387733045123,154,0.02080518778708457,10.38,34.51,16.25,108.91,73.63,41.75
2022-05-20,5006,-1168.43,-0.2334059129045146,0.5015041949660408,1002,0.20015980823012386,199,0.03975229724330803,394,0.0787055533359968,894,0.17858569716340392,1998,0.3991210547343188,401,0.08010387534958051,118,0.02357171394326808,14.88,20.0,11.25,76.87,45.75,34.75
2022-05-27,3441,-754.55,-0.21928218541121766,0.49036036036036035,677,0.1967451322290032,132,0.03836094158674804,300,0.08718395815170009,602,0.17494914269107817,1291,0.3751816332461494,360,0.1046207497820401,78,0.022667829119442023,6.88,25.25,9.0,50.38,27.25,19.25
2022-06-03,3476,-974.79,-0.2804344073647871,0.5057019562715765,601,0.1728998849252014,110,0.03164556962025317,274,0.07882623705408516,505,0.1452819332566168,1679,0.4830264672036824,237,0.06818181818181818,69,0.019850402761795168,8.62,13.0,8.0,35.14,81.75,13.25
2022-06-10,3071,-832.52,-0.2710908498860306,0.502461738847281,518,0.1686746987951807,100,0.0325626831650928,218,0.07098664929990231,476,0.15499837186584176,1419,0.4620644741126669,276,0.08987300553565614,64,0.020840117225659396,16.5,3.5,6.5,30.26,44.75,18.25
2022-06-17,5458,-1573.67,-0.2883235617442287,0.5064034444851594,841,0.15408574569439354,157,0.0287651154268963,381,0.06980578966654452,1071,0.19622572370831806,2390,0.43788933675338954,509,0.09325760351777208,109,0.019970685232685966,13.63,29.5,14.25,48.75,142.13,11.63
2022-06-24,3229,-633.28,-0.19612263858779808,0.49452771755961594,714,0.22112109012078043,127,0.03933106224837411,243,0.07525549705791267,577,0.17869309383710127,1157,0.35831526788479406,346,0.10715391762155466,63,0.019510684422421803,4.0,12.25,5.5,36.13,21.75,10.75
2022-07-01,2690,-694.16,-0.2580520446096654,0.49929368029739774,474,0.1762081784386617,105,0.03903345724907063,189,0.07026022304832713,485,0.18029739776951673,1169,0.4345724907063197,201,0.07472118959107807,67,0.02490706319702602,5.25,3.75,2.5,32.39,15.75,26.38
2022-07-08,2997,-710.02,-0.23691024357691023,0.49547213880547214,563,0.18785452118785453,126,0.042042042042042045,202,0.06740073406740073,482,0.1608274941608275,1295,0.43209876543209874,261,0.08708708708708708,68,0.022689356022689355,4.75,19.5,8.5,21.38,19.5,45.25
2022-07-15,2965,-793.42,-0.2675952782462057,0.5044148397976391,506,0.17065767284991568,99,0.03338954468802698,203,0.06846543001686341,447,0.15075885328836425,1351,0.4556492411467116,275,0.09274873524451939,84,0.02833052276559865,9.25,9.26,3.0,29.0,24.25,22.0
2022-07-22,2865,-755.76,-0.26379057591623034,0.49954624781849916,457,0.15951134380453752,121,0.04223385689354276,158,0.05514834205933682,432,0.15078534031413612,1362,0.47539267015706804,266,0.09284467713787085,69,0.024083769633507852,2.5,2.0,7.75,19.12,24.75,33.01
2022-07-29,2784,-651.06,-0.23385775862068964,0.49905531609195397,474,0.17025862068965517,139,0.04992816091954023,175,0.06285919540229885,426,0.15301724137931033,1183,0.4249281609195402,294,0.10560344827586207,93,0.0334051724137931,4.0,11.25,12.0,20.25,35.0,39.38
2022-08-05,2136,-442.1,-0.2069756554307116,0.48713483146067416,399,0.18679775280898878,116,0.054307116104868915,210,0.09831460674157304,339,0.15870786516853932,773,0.3618913857677903,215,0.10065543071161048,84,0.03932584269662921,1.5,5.25,5.5,22.88,17.25,20.25
2022-08-12,2102,-422.64,-0.20106565176022834,0.4879115128449096,461,0.2193149381541389,83,0.03948620361560418,174,0.08277830637488107,326,0.15509039010466222,770,0.36631779257849667,242,0.11512844909609896,46,0.021883920076117985,8.75,3.0,7.75,27.25,33.0,10.5
2022-08-19,2203,-503.54,-0.22857013163867454,0.4935587834770767,362,0.1643213799364503,138,0.06264185201997277,164,0.07444394008170677,283,0.12846118928733546,953,0.4325919201089424,244,0.11075805719473446,59,0.026781661370857923,3.13,6.25,1.75,26.64,33.25,6.75
2022-08-26,2059,-415.64,-0.201864983001457,0.48739679456046625,381,0.1850412821758135,118,0.05730937348227295,162,0.07867897037396794,284,0.13793103448275862,824,0.40019426906265176,220,0.10684798445847499,70,0.033997085964060224,1.0,5.13,8.75,20.88,21.5,4.75
2022-09-02,2446,-549.16,-0.22451349141455437,0.4919582992641046,457,0.18683565004088307,114,0.04660670482420278,203,0.08299264104660671,419,0.1713000817661488,954,0.3900245298446443,237,0.09689288634505315,61,0.024938675388389207,6.62,17.0,4.5,30.26,52.75,14.75
2022-09-09,2471,-369.53,-0.1495467422096317,0.47802509105625257,620,0.2509105625252934,132,0.053419668150546336,197,0.07972480777013355,383,0.15499797652772157,827,0.3346823148522865,263,0.10643464184540671,49,0.019830028328611898,2.5,4.75,3.0,45.5,11.0,29.75
2022-09-16,3448,-694.32,-0.20136890951276104,0.48923143851508116,739,0.21432714617169374,139,0.04031322505800464,293,0.0849767981438515,675,0.19576566125290024,1162,0.33700696055684454,353,0.10237819025522042,87,0.02523201856148492,9.75,24.75,7.0,26.38,34.5,53.25
2022-09-23,4772,-1057.41,-0.22158633696563287,0.4960959765297569,990,0.2074601844090528,166,0.03478625314333613,469,0.09828164291701592,1139,0.2386839899413244,1469,0.30783738474434197,449,0.0940905280804694,89,0.01865046102263202,8.5,24.5,18.0,88.13,87.12,12.75
2022-09-30,4590,-863.36,-0.1880958605664488,0.5012875816993464,1067,0.23246187363834422,208,0.04531590413943355,481,0.10479302832244008,770,0.16775599128540306,1540,0.3355119825708061,421,0.09172113289760349,103,0.022440087145969498,11.5,27.75,12.75,78.15,95.25,23.5
2022-10-07,3715,-597.84,-0.16092597577388965,0.4969986541049798,915,0.24629878869448182,194,0.052220726783310904,311,0.08371467025572005,609,0.1639300134589502,1245,0.3351278600269179,358,0.09636608344549125,83,0.02234185733512786,4.75,13.0,3.5,62.01,26.5,20.25
2022-10-14,4293,-951.6,-0.22166317260656884,0.5022175634754251,863,0.20102492429536456,179,0.04169578383414861,372,0.08665269042627533,928,0.21616585138597716,1462,0.3405543908688563,396,0.09224318658280922,92,0.021430235266713255,12.0,33.13,4.75,49.88,61.0,27.5
2022-10-21,3513,-804.69,-0.22906063193851411,0.4946313692001139,687,0.19555935098206662,128,0.03643609450612013,257,0.07315684600056932,713,0.20296043267862227,1290,0.3672075149444919,335,0.09536009109023627,102,0.029035012809564473,2.75,17.63,11.0,40.64,38.75,57.26
2022-10-28,4097,-948.94,-0.2316182572614108,0.4948865023187698,752,0.18354893824749816,193,0.04710763973639248,284,0.06931901391261899,837,0.20429582621430314,1568,0.38271906272882594,377,0.09201855015865268,86,0.020990969001708566,2.75,12.75,7.0,29.38,52.0,50.39
2022-11-04,2842,-506.27,-0.17813863476425051,0.48361365235749476,630,0.22167487684729065,148,0.05207600281491907,174,0.061224489795918366,449,0.15798733286418015,1054,0.37086558761435606,309,0.10872624912033779,78,0.02744546094299789,1.0,8.25,9.0,24.88,23.25,12.75
2022-11-11,3458,-789.54,-0.22832272990167726,0.49745517640254483,678,0.19606709080393292,136,0.03932909196067091,288,0.08328513591671487,549,0.1587622903412377,1403,0.40572585309427417,301,0.08704453441295547,103,0.029786003470213998,2.5,15.25,3.25,25.25,32.5,17.75
2022-11-18,2920,-707.52,-0.2423013698630137,0.4984794520547945,581,0.19897260273972603,93,0.03184931506849315,146,0.05,441,0.15102739726027398,1356,0.4643835616438356,237,0.08116438356164384,66,0.022602739726027398,1.5,5.75,6.0,10.63,24.0,12.25
2022-11-25,2270,-578.13,-0.25468281938325993,0.49721145374449344,369,0.16255506607929515,92,0.04052863436123348,162,0.07136563876651983,318,0.14008810572687225,1030,0.45374449339207046,215,0.0947136563876652,84,0.03700440528634361,0.0,6.0,6.5,18.88,11.62,13.5
2022-12-02,2055,-449.03,-0.2185060827250608,0.4877469586374696,376,0.1829683698296837,121,0.05888077858880779,164,0.07980535279805352,287,0.13965936739659368,850,0.41362530413625304,196,0.09537712895377129,61,0.029683698296836983,0.0,8.38,2.25,18.0,22.75,7.5
2022-12-09,2187,-440.63,-0.2014769090077732,0.4874485596707819,452,0.20667581161408322,89,0.04069501600365798,187,0.08550525834476452,258,0.11796982167352538,872,0.39871970736168266,252,0.11522633744855967,77,0.035208047553726564,0.5,5.75,2.0,24.75,39.87,14.0
2022-12-16,2795,-644.9,-0.2307334525939177,0.4964007155635063,529,0.18926654740608229,111,0.039713774597495526,190,0.06797853309481217,410,0.14669051878354203,1192,0.4264758497316637,277,0.09910554561717352,85,0.03041144901610018,2.25,3.25,9.5,20.75,18.0,27.0
2022-12-23,2684,-430.89,-0.1605402384500745,0.4821870342771982,637,0.23733233979135618,156,0.05812220566318927,205,0.0763785394932936,433,0.1613263785394933,921,0.3431445603576751,262,0.09761549925484352,69,0.02570789865871833,4.75,7.0,2.0,26.75,26.25,12.5
2022-12-30,3817,-884.39,-0.2316976683259104,0.5011553576106891,800,0.2095886822111606,137,0.035892061828661254,251,0.06575844904375164,551,0.14435420487293685,1708,0.4474718365208279,283,0.07414199633219806,87,0.022792769190463715,4.25,5.75,7.0,35.38,27.25,84.25
2023-01-06,4016,-543.22,-0.13526394422310759,0.48079432270916334,1059,0.26369521912350596,240,0.05976095617529881,291,0.0724601593625498,585,0.14566733067729085,1385,0.3448705179282869,346,0.08615537848605578,110,0.027390438247011952,3.5,2.38,12.5,45.9,15.25,59.75
2023-01-13,2464,-416.91,-0.169200487012987,0.4789813311688312,553,0.22443181818181818,122,0.049512987012987016,194,0.07873376623376624,364,0.14772727272727273,881,0.3575487012987013,270,0.10957792207792208,80,0.032467532467532464,2.5,2.0,5.5,26.27,21.0,14.0
2023-01-20,2798,-464.56,-0.16603288062902072,0.477433881343817,652,0.23302358827734096,146,0.05218012866333095,239,0.0854181558255897,383,0.13688348820586133,1018,0.363831308077198,283,0.10114367405289493,77,0.027519656897784132,2.0,10.25,6.25,21.63,56.0,33.5
2023-01-27,2737,-604.67,-0.22092436974789914,0.48907197661673363,525,0.1918158567774936,127,0.0464011691633175,182,0.06649616368286446,361,0.1318962367555718,1190,0.43478260869565216,266,0.09718670076726342,85,0.031055900621118012,4.25,2.0,17.25,21.25,47.75,11.0
2023-02-03,2209,-436.51,-0.1976052512449072,0.4867904028972385,452,0.20461747397012223,124,0.05613399728383884,139,0.06292440018107741,261,0.11815301041195111,959,0.4341330918967859,207,0.09370755998189226,66,0.029877772747849706,5.13,7.0,6.25,13.0,47.5,23.0
2023-02-10,2357,-469.79,-0.19931692829868478,0.48416631310988545,505,0.21425540941875265,104,0.04412388629613916,200,0.0848536274925753,335,0.14212982605006363,929,0.3941450997030123,228,0.09673313534153585,56,0.023759015697921087,2.75,4.25,3.0,34.38,42.5,12.0
2023-02-17,1994,-439.13,-0.22022567703109328,0.48543630892678036,384,0.19257773319959878,86,0.04312938816449348,129,0.06469408224674023,307,0.15396188565697091,826,0.41424272818455365,190,0.09528585757271815,71,0.03560682046138415,6.0,7.0,4.5,13.26,38.75,9.88
2023-02-24,2711,-541.92,-0.1998967170785688,0.4871265215787532,566,0.20877904832165253,127,0.04684618222058281,225,0.08299520472150498,439,0.16193286610106972,1018,0.37550719291774254,243,0.08963482109922538,91,0.033566949465142014,2.38,6.25,2.5,13.39,21.25,23.25
2023-03-03,2517,-656.53,-0.2608382995629718,0.4927731426301152,406,0.1613031386571315,105,0.041716328963051254,224,0.08899483512117601,354,0.14064362336114422,1111,0.44139849026618994,237,0.09415971394517282,80,0.03178386968613429,9.5,1.75,4.25,17.38,23.0,15.13
2023-03-10,2961,-701.51,-0.23691658223573117,0.49596757852077,513,0.17325227963525835,142,0.04795677136102668,278,0.093887200270179,394,0.13306315433975008,1246,0.42080378250591016,303,0.10233029381965553,85,0.028706518068220197,4.75,16.25,1.0,45.75,50.75,24.5
2023-03-17,5246,-1707.32,-0.32545177277926035,0.5176153259626382,644,0.12276019824628288,143,0.027258863896301944,538,0.10255432710636675,618,0.11780404117422798,2648,0.5047655356462066,512,0.09759817003431186,143,0.027258863896301944,6.5,41.0,2.75,162.78,203.62,7.0
2023-03-24,3558,-958.81,-0.26948004496908373,0.5024311410905004,568,0.15964024732996066,117,0.03288364249578415,297,0.08347386172006746,528,0.14839797639123103,1601,0.44997189432265317,351,0.09865092748735245,94,0.026419336706014616,7.75,16.25,5.0,63.39,49.0,11.75
2023-03-31,3015,-633.54,-0.21012935323383083,0.5001127694859038,655,0.21724709784411278,124,0.041127694859038146,265,0.087893864013267,392,0.13001658374792704,1233,0.408955223880597,276,0.09154228855721393,70,0.02321724709784411,1.0,5.5,7.25,42.25,13.5,23.25
2023-04-07,2727,-766.41,-0.28104510451045106,0.49617528419508616,411,0.15071507150715072,96,0.0352035203520352,202,0.07407407407407407,344,0.12614594792812614,1353,0.4961496149614962,252,0.0924092409240924,69,0.025302530253025302,3.25,2.5,2.25,28.76,27.5,17.75
2023-04-14,2566,-549.1,-0.21399064692127825,0.48914263445050665,520,0.20265003897116135,84,0.03273577552611068,234,0.09119251753702261,471,0.18355416991426343,902,0.35151987529228373,274,0.10678098207326578,80,0.03117692907248636,3.38,8.5,14.5,33.89,21.75,21.75
2023-04-21,2280,-473.42,-0.207640350877193,0.4879868421052631,482,0.21140350877192982,86,0.037719298245614034,170,0.07456140350877193,368,0.16140350877192983,871,0.38201754385964914,229,0.10043859649122808,73,0.032017543859649125,3.75,3.0,2.0,23.76,36.5,30.5
2023-04-28,2210,-535.05,-0.24210407239819,0.4981628959276018,409,0.18506787330316743,72,0.03257918552036199,142,0.06425339366515836,349,0.1579185520361991,941,0.4257918552036199,225,0.10180995475113122,70,0.03167420814479638,1.38,1.63,6.38,18.25,101.12,27.25
2023-05-05,3335,-1072.88,-0.3217031484257871,0.5078110944527736,469,0.1406296851574213,69,0.020689655172413793,253,0.07586206896551724,436,0.13073463268365818,1758,0.527136431784108,272,0.08155922038980509,78,0.023388305847076463,9.87,8.5,4.75,35.0,247.37,14.75
2023-05-12,2099,-490.18,-0.23353025250119105,0.4892043830395426,403,0.19199618866126728,80,0.038113387327298714,182,0.08670795616960457,248,0.11815150071462602,925,0.4406860409718914,198,0.09433063363506432,63,0.03001429252024774,2.5,5.0,2.5,23.51,31.0,16.75
2023-05-19,2146,-533.79,-0.24873718546132337,0.5012721342031687,371,0.17287977632805218,96,0.04473438956197577,224,0.1043802423112768,307,0.14305684995340168,909,0.4235787511649581,195,0.09086672879776328,44,0.02050326188257223,1.5,1.0,6.0,35.63,71.0,19.63
2023-05-26,2144,-501.54,-0.23392723880597016,0.500918843283582,358,0.1669776119402985,117,0.05457089552238806,198,0.09235074626865672,249,0.11613805970149253,929,0.43330223880597013,232,0.10820895522388059,60,0.027985074626865673,1.0,3.13,3.0,35.14,134.87,25.75
2023-06-02,1942,-389.17,-0.20039649845520083,0.4865808444902163,396,0.203913491246138,90,0.046343975283213185,130,0.06694129763130793,265,0.1364572605561277,820,0.42224510813594235,191,0.09835221421215241,50,0.025746652935118436,0.5,7.25,3.0,15.25,12.5,32.25
2023-06-09,1793,-319.79,-0.1783547127718907,0.475861684327942,407,0.22699386503067484,73,0.04071388733965421,126,0.07027328499721137,227,0.12660345789180144,697,0.38873396542108196,201,0.1121026213050753,62,0.03457891801450084,2.0,5.5,3.75,15.51,23.5,8.75
2023-06-16,3114,-452.05,-0.1451669877970456,0.48048169556840076,824,0.26461143224149003,152,0.048811817597944764,299,0.0960179833012203,481,0.15446371226718048,1023,0.3285163776493256,265,0.0850995504174695,70,0.0224791265253693,2.5,6.75,4.5,33.64,10.5,19.25
2023-06-23,2059,-373.15,-0.18122875182127246,0.48677999028654684,471,0.22875182127246235,91,0.04419621175327829,171,0.08305002428363283,296,0.1437591063623118,770,0.37396794560466246,206,0.10004856726566294,54,0.026226323457989316,2.0,5.75,2.5,21.63,5.5,7.75
2023-06-30,1954,-347.91,-0.17805015353121803,0.475992835209826,446,0.22824974411463664,59,0.030194472876151485,125,0.06397134083930399,356,0.18219037871033777,667,0.3413510747185261,247,0.12640736949846468,54,0.027635619242579325,0.5,0.5,5.75,13.13,15.5,10.75
2023-07-07,1958,-217.64,-0.11115423901940755,0.4655413687436159,546,0.278855975485189,110,0.056179775280898875,177,0.09039836567926456,250,0.12768130745658834,599,0.3059244126659857,224,0.11440245148110317,52,0.026557711950970377,2.5,2.5,3.25,20.25,21.0,11.0
2023-07-14,1740,-282.63,-0.1624310344827586,0.4762413793103448,389,0.2235632183908046,113,0.06494252873563218,168,0.09655172413793103,214,0.12298850574712644,628,0.36091954022988504,179,0.1028735632183908,48,0.027586206896551724,3.5,3.25,1.0,17.38,6.75,8.38
2023-07-21,2004,-236.8,-0.11816367265469062,0.477000998003992,534,0.26646706586826346,143,0.07135728542914171,160,0.07984031936127745,263,0.1312375249500998,642,0.3203592814371258,202,0.10079840319361277,60,0.029940119760479042,3.0,3.5,9.0,13.87,12.5,7.5
2023-07-28,2114,-279.17,-0.13205771050141912,0.47643803216650904,497,0.23509933774834438,170,0.0804162724692526,154,0.0728476821192053,299,0.141438032166509,739,0.34957426679280984,189,0.08940397350993377,66,0.03122043519394513,0.5,1.25,2.5,26.26,10.75,10.75
2023-08-04,2405,-312.79,-0.13005821205821208,0.46536382536382537,616,0.25613305613305615,134,0.05571725571725572,187,0.07775467775467776,346,0.14386694386694387,770,0.3201663201663202,266,0.11060291060291061,84,0.03492723492723493,0.5,3.0,6.75,22.01,7.63,12.25
2023-08-11,2137,-410.27,-0.1919840898455779,0.4842302292934019,446,0.2087037903603182,103,0.048198408984557795,162,0.07580720636406177,319,0.14927468413664016,808,0.3781001403837155,228,0.10669162377164249,71,0.033224145999064106,1.75,2.5,5.5,24.63,27.75,14.25
2023-08-18,2255,-443.66,-0.19674501108647452,0.48744124168514413,493,0.21862527716186253,90,0.03991130820399113,186,0.08248337028824834,319,0.14146341463414633,852,0.3778270509977827,254,0.11263858093126386,61,0.0270509977827051,2.75,6.0,5.5,23.13,33.0,10.88
2023-08-25,2382,-352.54,-0.14800167926112512,0.48407640638119226,615,0.25818639798488663,131,0.05499580184718724,158,0.06633081444164568,371,0.15575146935348447,795,0.3337531486146096,212,0.08900083963056256,99,0.041561712846347604,0.25,2.25,3.0,23.0,17.0,10.75
2023-09-01,2176,-401.91,-0.1847012867647059,0.4791130514705882,462,0.21231617647058823,117,0.05376838235294118,188,0.08639705882352941,327,0.15027573529411764,804,0.3694852941176471,203,0.09329044117647059,75,0.034466911764705885,1.25,2.0,1.5,26.75,14.0,16.63
2023-09-08,2379,-322.53,-0.13557377049180327,0.47932744850777637,563,0.23665405632618747,184,0.0773434216057167,227,0.09541824295922656,316,0.1328289197141656,751,0.3156788566624632,269,0.11307271963009669,69,0.029003783102143757,1.25,3.13,1.5,36.13,12.25,10.75
2023-09-15,2927,-355.15,-0.12133583874274,0.4843423300307482,710,0.24256918346429793,270,0.09224461906388794,239,0.08165357020840451,345,0.11786812435941237,1025,0.3501879057055005,229,0.07823710283566791,106,0.036214554151007855,2.25,2.5,2.5,34.38,10.75,6.25
2023-09-22,3551,-571.45,-0.1609264995775838,0.4922134609969023,798,0.22472542945649113,269,0.07575330892706279,266,0.07490847648549705,497,0.13996057448606025,1326,0.3734159391720642,272,0.07659814136862855,123,0.034638130104196,2.5,5.5,0.5,32.26,20.25,45.25
2023-09-29,2782,-593.92,-0.21348670021567218,0.4904133716750539,565,0.20309130122214233,136,0.04888569374550683,200,0.07189072609633357,408,0.1466570812365205,1167,0.4194823867721064,230,0.08267433501078361,76,0.027318475916606758,3.5,8.25,3.0,23.12,31.5,10.75
2023-10-06,2917,-578.16,-0.19820363387041479,0.4862769969146383,627,0.2149468632156325,152,0.052108330476516966,244,0.08364758313335618,416,0.14261227288309908,1161,0.3980116558107645,249,0.08536167295166266,68,0.023311621528968117,5.0,11.5,4.75,21.0,29.5,19.0
2023-10-13,2468,-513.05,-0.20788087520259318,0.4866085899513777,511,0.20705024311183146,97,0.039303079416531606,235,0.09521880064829821,393,0.1592382495948136,915,0.37074554294975687,252,0.10210696920583469,65,0.02633711507293355,2.5,11.88,4.0,20.0,23.75,13.5
2023-10-20,2584,-450.66,-0.17440402476780187,0.4949419504643963,596,0.2306501547987616,168,0.06501547987616099,232,0.08978328173374613,337,0.13041795665634676,992,0.38390092879256965,192,0.07430340557275542,66,0.025541795665634675,4.5,6.5,1.5,27.0,47.25,6.5
2023-10-27,3589,-602.57,-0.16789356366675956,0.4855419336862636,887,0.24714405126776262,168,0.04680969629423238,342,0.0952911674561159,707,0.19699080523822793,1105,0.30788520479242126,267,0.07439398161047646,112,0.03120646419615492,1.63,7.63,10.25,41.51,41.75,6.25
2023-11-03,3199,-550.88,-0.17220381369177867,0.4805658018130666,742,0.23194748358862144,168,0.0525164113785558,306,0.09565489215379806,436,0.1362925914348234,1161,0.36292591434823385,299,0.09346670834635824,87,0.027195998749609252,4.25,3.75,1.0,43.0,29.5,10.75
2023-11-10,2915,-652.69,-0.22390737564322472,0.4910668953687822,556,0.19073756432247,126,0.04322469982847341,201,0.06895368782161235,539,0.18490566037735848,1127,0.38662092624356775,295,0.10120068610634649,71,0.024356775300171527,2.0,4.5,7.5,15.39,105.25,21.25
2023-11-17,3009,-598.21,-0.1988069125955467,0.4873313393153872,641,0.2130275839149219,154,0.0511797939514789,249,0.08275174476570289,479,0.159189099368561,1138,0.37819873712196744,271,0.09006314390162845,76,0.025257560651379195,4.5,5.5,4.5,30.13,36.0,14.0
2023-11-24,1958,-200.14,-0.10221654749744637,0.48208886618998975,506,0.25842696629213485,192,0.09805924412665985,174,0.0888661899897855,254,0.12972420837589377,603,0.3079673135852911,173,0.08835546475995915,56,0.028600612870275793,0.75,0.0,1.5,19.26,10.5,13.75
2023-12-01,3123,-504.92,-0.16167787383925714,0.4879410822926673,738,0.23631123919308358,186,0.059558117195004805,255,0.08165225744476465,427,0.1367275056035863,1155,0.36983669548511044,256,0.08197246237592058,102,0.03266090297790586,1.5,4.25,5.0,29.88,24.0,14.75
2023-12-08,2271,-458.14,-0.20173491853808895,0.493033905768384,453,0.19947159841479525,128,0.05636283575517393,164,0.0722148833113166,320,0.14090708938793484,923,0.40642888595332455,228,0.10039630118890357,54,0.023778071334214,1.0,5.5,3.5,27.63,37.0,37.88
2023-12-15,2359,-435.17,-0.18447223399745655,0.48409495548961423,476,0.20178041543026706,149,0.06316235693090293,188,0.07969478592623994,271,0.1148791860958033,939,0.39805002119542177,261,0.11064010173802459,74,0.03136922424756253,2.5,9.5,3.0,18.38,38.5,14.75
2023-12-22,2401,-267.42,-0.11137859225322783,0.47195751770095795,663,0.27613494377342773,141,0.05872553102873802,209,0.08704706372344856,245,0.10204081632653061,802,0.334027488546439,277,0.1153685964181591,64,0.026655560183256977,4.0,3.0,4.0,28.5,11.25,4.25
2023-12-29,2940,-329.81,-0.11218027210884354,0.47317006802721084,816,0.27755102040816326,155,0.05272108843537415,266,0.09047619047619047,462,0.15714285714285714,846,0.28775510204081634,291,0.09897959183673469,102,0.03469387755102041,1.5,3.5,8.25,36.51,17.75,12.0
2024-01-05,3464,-564.04,-0.16282909930715933,0.48577367205542726,797,0.23008083140877597,242,0.06986143187066975,341,0.09844110854503464,474,0.13683602771362588,1220,0.35219399538106233,296,0.08545034642032333,94,0.027136258660508082,0.5,1.5,0.5,41.64,14.5,25.75
2024-01-12,3461,-628.8,-0.18168159491476452,0.49088702687084657,739,0.21352210343831263,226,0.0652990465183473,293,0.0846576134065299,393,0.11355099682172783,1412,0.4079745738225946,317,0.0915920254261774,81,0.023403640566310314,0.5,4.25,4.75,24.38,24.5,13.75
2024-01-19,3656,-669.3,-0.18306892778993433,0.4890481400437637,803,0.21963894967177242,244,0.06673960612691467,294,0.08041575492341356,500,0.13676148796498905,1428,0.39059080962800874,304,0.08315098468271334,83,0.022702407002188184,0.5,5.0,5.25,24.25,24.25,41.25
2024-01-26,3597,-501.71,-0.13948012232415902,0.4833527939949958,847,0.23547400611620795,252,0.07005838198498748,342,0.0950792326939116,509,0.14150681123158187,1197,0.3327773144286906,334,0.09285515707534056,115,0.031971087016958576,2.75,3.0,5.88,59.01,13.25,63.25
2024-02-02,2581,-382.19,-0.14807826423866718,0.4775590856257264,628,0.24331654397520341,142,0.05501743510267338,240,0.09298721425803952,303,0.1173963580007749,913,0.3537388609066253,296,0.11468423091824874,56,0.02169701666020922,0.0,2.5,1.5,32.75,12.5,15.5
2024-02-09,3689,-611.82,-0.16584982380048796,0.48467877473570076,864,0.23420981295744103,197,0.053402005963675794,302,0.08186500406614258,471,0.1276768772024939,1385,0.37544049878015723,369,0.10002710761724044,101,0.02737869341284901,1.75,4.5,1.0,38.38,45.5,33.0
2024-02-16,3640,-555.05,-0.15248626373626373,0.4834835164835165,755,0.20741758241758243,333,0.09148351648351648,299,0.08214285714285714,647,0.17774725274725275,1195,0.3282967032967033,317,0.08708791208791208,94,0.025824175824175823,6.0,4.12,5.25,46.27,21.25,41.88
2024-02-23,5203,-630.68,-0.12121468383624831,0.48662502402460117,1298,0.24947145877378435,420,0.08072266000384394,419,0.08053046319431098,768,0.14760714972131464,1677,0.32231404958677684,452,0.08687295790889871,169,0.032481260811070535,3.0,8.0,5.5,62.65,55.75,71.51
2024-03-01,4038,-473.57,-0.11727835562159485,0.4826324913323427,1004,0.24863793957404656,347,0.08593363051015354,297,0.07355126300148589,556,0.13769192669638436,1362,0.337295690936107,376,0.09311540366518078,96,0.0237741456166419,0.5,6.5,4.5,50.9,39.25,79.13
2024-03-08,4452,-281.97,-0.06333557951482481,0.47858939802336026,1332,0.2991913746630728,404,0.09074573225516622,346,0.07771787960467205,712,0.15992812219227315,1181,0.26527403414195866,359,0.08063791554357592,117,0.02628032345013477,1.0,0.5,1.0,52.77,27.25,58.0
2024-03-15,3931,-557.91,-0.1419257186466548,0.4883617400152633,906,0.23047570592724498,319,0.08114983464767235,291,0.0740269651488171,502,0.1277028745866192,1456,0.37038921394047314,371,0.0943780208598321,86,0.021877384889341135,0.0,3.0,7.25,49.39,12.25,46.75
2024-03-22,5275,-682.06,-0.12930047393364927,0.489903317535545,1229,0.23298578199052133,494,0.09364928909952606,387,0.07336492890995261,710,0.13459715639810427,1849,0.350521327014218,441,0.08360189573459716,163,0.030900473933649288,1.75,3.5,4.25,61.38,47.62,69.75
2024-03-29,3679,-721.48,-0.19610763794509378,0.49076651263930415,738,0.2005979885838543,240,0.0652351182386518,328,0.08915466159282413,586,0.15928241369937482,1364,0.3707529219896711,322,0.08752378363685784,100,0.02718129926610492,3.13,4.0,2.0,34.76,42.0,32.88
2024-04-05,3698,-214.06,-0.05788534342888048,0.4767009194159005,1130,0.3055705786911844,325,0.08788534342888048,311,0.08409951325040563,409,0.11060032449972958,1062,0.2871822606814494,343,0.09275283937263386,118,0.0319091400757166,2.0,5.25,3.5,44.76,11.75,19.75
2024-04-12,3268,-406.68,-0.12444308445532436,0.47918298653610775,737,0.2255201958384333,306,0.09363525091799266,270,0.08261933904528763,434,0.13280293757649939,1091,0.33384332925336596,329,0.10067319461444309,101,0.03090575275397797,3.5,5.75,5.25,40.13,19.5,25.5
2024-04-19,3263,-577.25,-0.17690775360098068,0.4924118908979467,751,0.23015629788538156,194,0.059454489733374194,288,0.08826233527428747,400,0.1225865767698437,1284,0.3935029114311983,278,0.08519767085504137,68,0.02083971805087343,3.5,1.0,2.0,43.75,31.0,24.0
2024-04-26,2682,-450.28,-0.16788963460104397,0.4842244593586876,604,0.22520507084265473,147,0.05480984340044743,215,0.08016405667412378,325,0.12117822520507084,1042,0.38851603281133484,283,0.10551826994780016,63,0.02348993288590604,1.0,2.0,3.0,27.5,30.25,20.25
2024-05-03,2712,-520.91,-0.1920759587020649,0.4851290560471977,628,0.23156342182890854,138,0.05088495575221239,250,0.09218289085545722,328,0.12094395280235988,1128,0.415929203539823,197,0.07264011799410029,42,0.015486725663716814,5.0,3.88,1.5,25.13,15.5,11.0
2024-05-10,2149,-499.42,-0.23239646347138204,0.4893252675663099,376,0.17496510004653326,119,0.05537459283387622,179,0.0832945556072592,245,0.11400651465798045,978,0.4550953932061424,195,0.09073987901349465,57,0.02652396463471382,0.0,0.5,1.5,17.13,48.75,12.75
2024-05-17,2287,-283.96,-0.12416265850459116,0.47516834280717096,539,0.23567993003935286,184,0.0804547442063839,235,0.10275470048097946,347,0.15172715347616966,682,0.29820725841714035,224,0.09794490599038042,76,0.03323130738959335,3.25,1.0,5.0,38.14,10.0,10.75
2024-05-24,2125,-319.15,-0.15018823529411765,0.4934305882352941,488,0.2296470588235294,162,0.07623529411764705,156,0.07341176470588236,242,0.11388235294117648,829,0.3901176470588235,209,0.09835294117647059,39,0.01835294117647059,1.25,2.0,2.0,18.5,20.0,29.5
2024-05-31,2566,-463.53,-0.18064302416212003,0.48940374123148866,580,0.2260327357755261,140,0.05455962587685113,222,0.08651597817614964,431,0.16796570537802027,907,0.3534684333593141,221,0.08612626656274357,65,0.02533125487139517,0.0,1.75,2.5,38.51,17.75,18.0
2024-06-07,2487,-156.19,-0.06280257338158424,0.4734016887816646,679,0.2730197024527543,263,0.10574989947728186,228,0.09167671893848009,329,0.13228789706473662,656,0.2637716123843989,211,0.0848411741053478,118,0.04744672295938882,1.5,2.0,1.5,42.51,12.0,31.0
2024-06-14,2805,-577.9,-0.20602495543672014,0.4919144385026738,607,0.21639928698752228,131,0.04670231729055258,239,0.08520499108734403,392,0.13975044563279856,1105,0.3939393939393939,258,0.09197860962566845,73,0.02602495543672014,0.25,3.75,4.5,24.75,32.5,43.0
2024-06-21,2665,-192.03,-0.0720562851782364,0.48256285178236397,781,0.2930581613508443,220,0.0825515947467167,201,0.07542213883677298,322,0.12082551594746717,813,0.3050656660412758,268,0.10056285178236397,60,0.0225140712945591,0.5,2.5,7.5,33.38,12.75,37.5
2024-06-28,2047,-182.79,-0.08929653150952613,0.47219833903273084,566,0.2765021983390327,147,0.0718124084025403,160,0.07816316560820713,294,0.1436248168050806,577,0.281875915974597,239,0.1167562286272594,64,0.03126526624328285,1.25,1.25,2.25,27.38,11.25,28.63
2024-07-05,3349,-547.44,-0.16346372051358615,0.49823230815168706,796,0.23768289041504928,246,0.07345476261570619,265,0.07912809793968349,422,0.12600776351149598,1315,0.3926545237384294,226,0.06748283069573006,79,0.023589131083905642,1.0,6.75,1.5,32.63,14.25,67.75
2024-07-12,3038,-459.42,-0.15122448979591838,0.4849242922975642,716,0.23568136932192232,208,0.0684660961158657,283,0.09315339038841343,434,0.14285714285714285,1043,0.3433179723502304,281,0.09249506254114549,73,0.02402896642527979,3.0,3.25,3.25,38.14,24.25,22.5
2024-07-19,2683,-390.05,-0.14537830786433098,0.48683935892657476,670,0.24972046216921356,182,0.06783451360417443,232,0.08647036898993664,336,0.12523294819232203,964,0.3592992918374953,212,0.07901602683563176,87,0.03242638837122624,1.0,4.75,1.5,29.38,26.75,14.63
2024-07-26,2548,-428.16,-0.16803767660910518,0.49277472527472527,574,0.22527472527472528,168,0.06593406593406594,216,0.0847723704866562,302,0.1185243328100471,977,0.3834379905808477,233,0.09144427001569859,77,0.03021978021978022,0.0,0.5,2.0,27.63,12.0,20.88
2024-08-02,2451,-359.64,-0.14673194614443083,0.4917584659322725,607,0.24765401876784987,184,0.07507139942880457,239,0.09751121991024071,259,0.10567115463076296,905,0.3692370461036312,197,0.08037535699714403,60,0.02447980416156671,2.75,2.0,0.0,30.88,41.0,37.5
2024-08-09,3266,-126.06,-0.03859767299448867,0.4776821800367422,1077,0.32976117575015307,261,0.07991426821800367,298,0.09124311083894672,419,0.1282914880587875,813,0.24892835272504593,305,0.09338640538885487,93,0.028475199020208206,0.5,5.25,6.5,64.88,6.75,19.5
2024-08-16,3039,-695.95,-0.22900625205659758,0.4969101678183613,610,0.20072392234287595,136,0.04475156301414939,290,0.09542612701546561,404,0.13293846660085554,1288,0.4238236261928266,241,0.0793024021059559,70,0.02303389272787101,0.0,2.25,5.25,30.4,15.25,17.25
2024-08-23,3158,-368.26,-0.11661177960734642,0.4821374287523749,846,0.26789107029765674,245,0.07758074730842306,236,0.07473084230525649,365,0.1155794806839772,1111,0.35180493983533884,249,0.07884737175427486,104,0.032932235592146926,2.25,3.5,2.25,36.01,7.75,25.13
2024-08-30,2624,-302.16,-0.11515243902439025,0.4775114329268293,723,0.27553353658536583,190,0.07240853658536585,299,0.11394817073170732,329,0.1253810975609756,801,0.3052591463414634,215,0.0819359756097561,67,0.025533536585365852,0.5,5.75,1.75,58.88,29.25,19.25
2024-09-06,2581,-265.89,-0.10301820999612553,0.4760596667958156,692,0.26811313444401397,209,0.08097636574970941,246,0.09531189461449051,340,0.13173188686555598,793,0.3072452537776056,244,0.09453700116234018,56,0.02169701666020922,1.0,3.5,3.0,27.75,15.25,23.0
2024-09-13,2473,-401.4,-0.1623129801860089,0.4842539425798625,576,0.2329154872624343,158,0.06389001213101496,190,0.07682976142337242,270,0.10917913465426607,999,0.40396279822078446,216,0.08734330772341285,64,0.02587949858471492,1.25,1.5,4.0,17.88,30.5,8.0
2024-09-20,2880,-283.89,-0.09857291666666666,0.47819791666666667,799,0.27743055555555557,217,0.07534722222222222,288,0.1,410,0.1423611111111111,805,0.2795138888888889,258,0.08958333333333333,103,0.03576388888888889,5.75,8.25,1.75,37.75,9.5,14.0
2024-09-27,2380,-241.03,-0.10127310924369748,0.4829537815126051,638,0.2680672268907563,216,0.0907563025210084,207,0.08697478991596638,268,0.11260504201680673,784,0.32941176470588235,198,0.08319327731092437,67,0.02815126050420168,0.0,6.75,3.5,42.38,5.75,9.75
2024-10-04,2117,-224.53,-0.10606046291922532,0.4849126121870571,580,0.273972602739726,166,0.07841284837033538,186,0.08786017949929145,186,0.08786017949929145,758,0.35805384978743504,190,0.08974964572508266,50,0.023618327822390175,1.25,1.0,3.0,28.88,7.38,14.25
2024-10-11,2046,-233.53,-0.11413978494623656,0.47809384164222873,541,0.2644183773216031,155,0.07575757575757576,224,0.10948191593352884,206,0.10068426197458455,679,0.33186705767350927,197,0.09628543499511241,42,0.020527859237536656,2.62,4.25,0.5,27.0,11.75,4.5
2024-10-18,2117,-271.51,-0.12825224374114313,0.47185640056683986,558,0.26358053849787433,129,0.06093528578176665,223,0.10533774208786018,247,0.11667453944260746,675,0.31884742560226736,223,0.10533774208786018,60,0.02834199338686821,2.5,1.5,2.5,26.26,6.5,7.75
2024-10-25,2104,-340.53,-0.16184885931558934,0.4746577946768061,487,0.2314638783269962,129,0.06131178707224334,243,0.11549429657794677,249,0.11834600760456274,732,0.34790874524714827,213,0.10123574144486693,50,0.02376425855513308,2.5,1.5,1.5,34.02,17.0,4.0
2024-11-01,3022,-664.31,-0.21982461945731302,0.496101919258769,557,0.1843150231634679,157,0.051952349437458634,242,0.0800794176042356,366,0.12111184645929848,1303,0.4311714096624752,267,0.08835208471211119,128,0.042356055592322965,0.5,2.75,4.5,28.76,13.25,17.0
2024-11-08,2847,-448.68,-0.15759747102212857,0.4923041798384264,646,0.22690551457674746,192,0.06743940990516333,309,0.10853530031612224,388,0.13628380751668423,955,0.3354408148928697,291,0.10221285563751317,65,0.0228310502283105,3.0,3.5,1.5,46.26,39.5,15.88
2024-11-15,4109,-516.33,-0.1256583110245802,0.4833292771963982,1104,0.2686785105865174,285,0.06935994159162813,414,0.10075444146994403,615,0.14967145290825018,1282,0.3119980530542711,301,0.07325383304940375,107,0.026040399123874423,3.5,2.88,4.5,68.39,30.0,21.26
2024-11-22,3505,-493.92,-0.14091868758915835,0.49186875891583454,820,0.23395149786019973,284,0.08102710413694722,375,0.10699001426533523,552,0.15748930099857347,1081,0.30841654778887306,283,0.08074179743223965,110,0.03138373751783167,5.75,3.0,0.5,59.27,29.25,24.89
2024-11-29,5157,-935.19,-0.18134380453752183,0.49701764591816944,1184,0.2295908473918945,278,0.05390731045181307,441,0.08551483420593368,659,0.12778747333721155,2073,0.401977894124491,416,0.08066705448904402,106,0.020554585999612178,2.75,2.0,2.0,57.63,23.75,33.0
2024-12-06,4748,-459.45,-0.0967670598146588,0.4930181128896377,1311,0.2761162594776748,425,0.08951137320977254,459,0.09667228306655434,605,0.12742207245155854,1471,0.30981465880370684,383,0.08066554338668913,94,0.019797809604043808,1.75,3.5,9.25,73.51,29.5,19.25
2024-12-13,4190,-496.18,-0.1184200477326969,0.4882124105011933,1105,0.2637231503579952,330,0.07875894988066826,345,0.08233890214797136,403,0.09618138424821003,1537,0.36682577565632457,347,0.08281622911694511,122,0.029116945107398567,3.88,2.5,5.25,44.88,32.25,58.13
2024-12-20,4532,-424.45,-0.09365622241835833,0.48918799646954986,1254,0.2766990291262136,386,0.0851721094439541,389,0.08583406884377758,650,0.1434245366284201,1380,0.30450132391879964,383,0.08451015004413062,89,0.01963812886142983,1.5,1.5,4.0,75.26,21.0,59.63
2024-12-27,3859,-348.56,-0.0903239181135009,0.48541850220264315,1115,0.28893495724280904,313,0.08110909562062711,444,0.11505571391552216,497,0.1287898419279606,1077,0.27908784659238145,317,0.08214563358383001,96,0.024876911116869654,2.5,3.75,6.63,81.27,20.25,29.25
2025-01-03,4421,-444.49,-0.10054060167382946,0.4806446505315539,1271,0.2874915177561638,319,0.07215562090024881,420,0.09500113096584484,636,0.14385885546256502,1305,0.2951820855010179,340,0.07690567744854106,126,0.02850033928975345,1.38,1.0,3.25,67.15,41.5,53.88
2025-01-10,4893,-380.24,-0.07771101573676681,0.48674841610463926,1432,0.2926629879419579,426,0.08706315144083385,474,0.09687308399754752,590,0.12058042100960556,1453,0.29695483343552015,392,0.08011444921316166,126,0.02575107296137339,3.25,3.75,4.25,85.53,17.0,59.5
2025-01-17,4434,-600.17,-0.13535633739287325,0.4907465042850699,1150,0.2593594948128101,297,0.06698240866035182,404,0.09111411817771764,644,0.14524131709517366,1460,0.3292737934145241,354,0.07983761840324763,123,0.02774018944519621,5.0,2.75,6.38,57.01,25.75,39.38
2025-01-24,4097,-671.63,-0.16393214547229681,0.49037832560410055,1016,0.2479863314620454,231,0.05638271906272883,347,0.08469611911154504,513,0.12521357090554064,1575,0.3844276299731511,318,0.07761776909934098,96,0.023431779350744447,0.5,2.0,2.75,51.13,37.0,43.13
2025-01-31,5009,-881.32,-0.17594729486923538,0.49159912158115393,1150,0.2295867438610501,269,0.05370333399880216,452,0.09023757236973448,619,0.12357756039129567,1941,0.38750249550808546,462,0.09223397883809144,115,0.02295867438610501,2.0,3.0,3.0,80.5,34.5,61.5
2025-02-07,9654,-2894.72,-0.2998466956701885,0.5191091775429874,1536,0.15910503418272218,355,0.03677232235342863,1114,0.11539258338512534,1496,0.15496167391754714,4339,0.4494510047648643,679,0.07033354050134659,133,0.013776672881707065,3.5,9.5,7.5,173.27,286.25,40.0
2025-02-14,5589,-1330.57,-0.2380694220790839,0.5056342816246198,1037,0.18554303095365898,312,0.055823939881910895,692,0.12381463589193058,835,0.1494006083378064,2190,0.39184111647879766,407,0.07282161388441581,114,0.020397208803005905,3.25,7.25,4.0,88.64,118.75,30.26
2025-02-21,5316,-902.81,-0.16982881866064709,0.49764484574868323,1377,0.2590293453724605,254,0.047780285929270125,737,0.13863807373965387,867,0.1630925507900677,1609,0.3026711813393529,392,0.07373965387509406,78,0.014672686230248307,11.0,13.13,4.0,97.14,69.75,34.25
2025-02-28,7479,-1643.33,-0.21972589918438293,0.5074100815617061,1554,0.20778178900922584,363,0.04853590052146009,823,0.1100414493916299,1152,0.15403128760529483,2823,0.3774568792619334,599,0.0800909212461559,163,0.021794357534429737,6.75,8.0,6.63,116.89,194.99,63.0
2025-03-07,11246,-3257.5,-0.2896585452605371,0.5293811132847235,2027,0.18024186377378623,384,0.03414547394629201,1467,0.13044638093544372,1976,0.17570691801529434,4502,0.4003201138182465,720,0.06402276364929753,167,0.014849724346434287,13.5,17.5,23.13,247.15,250.0,30.0
2025-03-14,11331,-2907.96,-0.2566375430235637,0.5208481157885446,2270,0.20033536316300415,414,0.03653693407466243,1170,0.10325655281969817,1958,0.17280028241108464,4530,0.3997881916865237,816,0.07201482658194334,173,0.015267849263083576,6.5,22.25,17.5,192.77,172.75,25.38
2025-03-21,6164,-1507.74,-0.24460415314730694,0.508630759247242,1232,0.199870214146658,244,0.03958468526930565,659,0.10691109669046074,969,0.15720311486048022,2490,0.40395846852693057,465,0.0754380272550292,105,0.017034393251135625,4.0,8.5,19.75,92.27,106.0,20.0
2025-03-28,4644,-1390.93,-0.2995111972437554,0.5182988802756244,777,0.16731266149870802,162,0.03488372093023256,411,0.08850129198966408,684,0.14728682170542637,2260,0.48664944013781225,259,0.055770887166236,91,0.01959517657192076,4.38,18.5,4.5,43.5,103.12,25.5
2025-04-04,16178,-5175.31,-0.3198980096427247,0.5359482012609716,2638,0.16306094696501422,444,0.027444677957720362,1572,0.09716899493138831,3357,0.20750401780195327,6959,0.43015205835084686,962,0.059463468908394115,244,0.015082210409197676,14.0,27.63,23.25,230.27,188.13,23.38
2025-04-11,23831,-7601.17,-0.31896143678402084,0.5312370441861441,3769,0.15815534387982041,605,0.025387100835046788,2441,0.10242960849313919,4454,0.18689941672611304,10565,0.4433301162351559,1577,0.06617431077168394,419,0.017582140908900173,18.75,43.88,38.75,452.69,393.75,15.25
2025-04-18,10001,-3619.07,-0.36187081291870815,0.5366733326667333,1271,0.12708729127087293,227,0.0226977302269773,1091,0.1090890910908909,1704,0.1703829617038296,4932,0.4931506849315068,616,0.06159384061593841,160,0.015998400159984,12.13,122.14,17.75,130.63,171.75,13.0
2025-04-25,9903,-3411.95,-0.3445370089871756,0.5326840351408664,1370,0.13834191659093203,248,0.025042916287993537,851,0.08593355548823589,1779,0.17964253256588913,4893,0.49409269918206605,590,0.05957790568514591,172,0.017368474199737454,7.75,74.37,15.0,105.88,92.5,30.25
2025-05-02,7641,-2138.21,-0.27983379138856174,0.5176730794398638,1336,0.174846224316189,262,0.034288705666797537,683,0.08938620599397984,1353,0.17707106399685904,3328,0.43554508572176415,546,0.07145661562622693,133,0.017406098678183483,7.75,10.0,29.0,83.39,95.0,41.13
2025-05-09,6460,-1696.75,-0.2626547987616099,0.5148297213622292,1155,0.17879256965944273,240,0.03715170278637771,553,0.08560371517027864,1091,0.16888544891640866,2753,0.4261609907120743,520,0.0804953560371517,146,0.02260061919504644,3.75,6.75,14.0,129.65,85.5,74.0
2025-05-16,7028,-1265.29,-0.18003557199772338,0.5054097894137735,1686,0.23989755264655663,372,0.05293113261240751,561,0.07982356289129197,1078,0.15338645418326693,2640,0.37564029595902104,548,0.07797381900967558,143,0.020347182697780308,2.5,7.25,9.75,85.63,82.63,51.5
2025-05-23,4846,-1371.78,-0.28307470078415187,0.5166302104828725,789,0.1628146925299216,209,0.04312835328105654,404,0.08336772595955427,739,0.1524969046636401,2273,0.46904663640115557,340,0.070160957490714,91,0.018778373916632275,4.0,6.0,5.5,65.63,365.49,38.5
2025-05-30,4474,-954.68,-0.21338399642378184,0.5104470272686633,903,0.20183281180151988,263,0.05878408582923558,388,0.08672329012069736,719,0.16070630308448816,1791,0.4003129190880644,334,0.07465355386678588,75,0.01676352257487707,2.75,9.0,6.5,53.75,123.5,63.13
2025-06-06,3658,-635.7,-0.1737834882449426,0.49395297977036634,851,0.23264078731547294,240,0.06560962274466922,334,0.09130672498633133,581,0.15882996172772007,1314,0.35921268452706395,254,0.06943685073810825,83,0.022689994532531437,3.0,3.0,5.0,46.75,90.0,29.76
2025-06-13,4301,-524.49,-0.12194605905603348,0.49268774703557316,1174,0.27295977679609396,292,0.06789118809579167,384,0.08928156242734248,655,0.15229016507788887,1357,0.3155080213903743,354,0.08230644036270635,85,0.019762845849802372,3.5,7.0,6.75,78.63,22.5,19.75
2025-06-20,2716,-314.19,-0.11568114874815906,0.48474963181148745,735,0.2706185567010309,183,0.06737849779086892,259,0.09536082474226804,446,0.1642120765832106,776,0.2857142857142857,241,0.08873343151693668,76,0.027982326951399118,0.5,7.25,0.5,35.13,12.75,34.25
2025-06-27,5101,-540.96,-0.10604979415800823,0.4874357969025681,1464,0.28700254851989804,349,0.0684179572632817,478,0.09370711625171535,685,0.13428739462850423,1624,0.3183689472652421,392,0.07684767692609293,108,0.021172319153107234,2.5,5.5,4.0,75.51,31.5,37.75
2025-07-04,3331,-401.4,-0.12050435304713299,0.4903452416691684,881,0.2644851395977184,271,0.08135694986490544,291,0.08736115280696488,406,0.12188531972380666,1144,0.3434404082858001,270,0.08105673971780246,68,0.0204142900030021,2.0,6.0,4.5,41.88,44.25,48.13
2025-07-11,4327,-360.69,-0.08335798474693783,0.4906956320776519,1126,0.26022648486249134,514,0.118788999306679,376,0.08689623295585856,519,0.11994453431938988,1372,0.3170788074878669,309,0.0714120637855327,109,0.025190663277097295,1.25,3.5,2.0,58.38,46.0,47.38
2025-07-18,4969,-703.98,-0.1416743811632119,0.4998732139263433,1224,0.2463272288186758,429,0.0863352787281143,468,0.09418394043067016,594,0.11954115516200443,1804,0.3630509156771986,347,0.06983296437915074,103,0.020728516804185953,1.5,6.75,2.25,63.26,110.75,39.5
2025-07-25,5092,-465.07,-0.09133346425765908,0.4875549882168107,1373,0.26963864886095834,489,0.09603299293008641,407,0.07992930086410055,715,0.14041633935585232,1575,0.30930871956009426,383,0.07521602513747054,147,0.028868813825608797,4.13,10.0,4.5,68.89,26.75,48.63
2025-08-01,7083,-1327.86,-0.18747141041931384,0.5026683608640407,1505,0.21248058732175631,486,0.06861499364675985,667,0.09416913737117041,1100,0.15530142594945645,2577,0.3638288860652266,538,0.07595651560073416,209,0.029507270930396724,3.75,7.5,6.75,156.4,53.5,89.87
2025-08-08,5483,-1217.02,-0.22196242932701077,0.5024767463067663,1062,0.19368958599306949,337,0.06146270289987233,466,0.08498996899507569,981,0.17891665146817437,2154,0.3928506292175816,375,0.06839321539303302,107,0.019514864125478752,6.5,6.75,8.0,79.14,72.25,71.0
2025-08-15,5050,-920.42,-0.18226138613861384,0.49890099009900984,1102,0.21821782178217822,310,0.061386138613861385,437,0.08653465346534653,755,0.1495049504950495,1882,0.37267326732673267,417,0.08257425742574258,146,0.028910891089108912,8.13,9.75,1.0,75.63,113.12,61.0
2025-08-22,4010,-630.68,-0.15727680798004987,0.4952817955112219,948,0.23640897755610973,303,0.07556109725685786,404,0.10074812967581047,534,0.13316708229426433,1422,0.3546134663341646,289,0.07206982543640898,108,0.026932668329177057,5.25,18.5,4.5,70.89,68.75,31.0
2025-08-29,2889,-598.79,-0.20726548978885426,0.5009899619245414,570,0.19730010384215993,196,0.06784354447905849,301,0.10418830044998269,381,0.13187954309449637,1140,0.39460020768431986,237,0.08203530633437175,64,0.02215299411561094,2.75,14.5,0.5,53.38,84.25,19.75
2025-09-05,3820,-703.05,-0.18404450261780103,0.5019842931937173,841,0.22015706806282723,262,0.06858638743455497,389,0.1018324607329843,601,0.15732984293193716,1347,0.3526178010471204,302,0.07905759162303665,78,0.020418848167539267,5.75,23.5,4.25,60.88,77.25,24.75
2025-09-12,4131,-621.04,-0.1503364802711208,0.4974606632776568,927,0.22440087145969498,340,0.0823045267489712,400,0.09682885499878964,608,0.14717985959816024,1371,0.3318809005083515,385,0.09319777293633502,100,0.02420721374969741,10.25,15.5,2.88,79.89,91.5,56.26
2025-09-19,4324,-777.29,-0.1797617946345976,0.4953977798334875,951,0.21993524514338575,296,0.06845513413506013,399,0.09227567067530065,637,0.14731729879740982,1608,0.37187789084181316,346,0.08001850138760407,87,0.02012025901942646,8.25,14.87,3.0,77.51,56.75,80.51
2025-09-26,3952,-734.94,-0.1859665991902834,0.49974696356275305,844,0.21356275303643724,256,0.06477732793522267,451,0.11411943319838057,570,0.14423076923076922,1408,0.3562753036437247,336,0.08502024291497975,87,0.02201417004048583,8.5,12.75,6.0,76.9,61.5,36.5
2025-10-03,3860,-651.41,-0.16875906735751295,0.49454663212435235,922,0.23886010362694302,214,0.05544041450777202,420,0.10880829015544041,558,0.14455958549222797,1350,0.34974093264248707,306,0.07927461139896373,88,0.022797927461139896,3.5,6.0,2.0,90.88,43.25,38.5
2025-10-10,5973,-1226.47,-0.20533567721413026,0.4959400636196216,1177,0.19705340699815838,338,0.05658797923991294,609,0.10195881466599699,1186,0.19856018751046375,2032,0.3401975556671689,467,0.07818516658295664,164,0.027456889335342374,5.25,13.25,4.25,169.76,33.25,31.25
2025-10-17,7098,-1754.74,-0.24721611721611722,0.5156551141166525,1342,0.18906734291349675,342,0.04818258664412511,615,0.08664412510566356,1089,0.15342349957734572,3066,0.4319526627218935,488,0.06875176105945337,151,0.02127359819667512,10.63,10.25,9.5,119.13,155.75,36.5
2025-10-24,6099,-1100.33,-0.1804115428758813,0.505725528775209,1390,0.2279062141334645,391,0.06410887030660764,529,0.0867355304148221,1016,0.16658468601410067,2209,0.36219052303656335,459,0.07525823905558288,105,0.01721593703885883,7.0,14.88,5.75,116.02,184.79,63.63
2025-10-31,5732,-935.71,-0.16324319609211446,0.49852058618283324,1319,0.23011165387299373,412,0.0718771807397069,526,0.09176552686671319,934,0.16294487090020934,1915,0.33408932309839495,487,0.08496161898115841,138,0.02407536636427076,4.75,12.25,5.0,109.13,76.0,110.63
2025-11-07,5319,-1345.92,-0.25304004512126343,0.5115435232186502,946,0.17785297988343673,233,0.0438052265463433,493,0.0926865952246663,749,0.1408159428463997,2351,0.4420003760105283,431,0.08103026884752773,115,0.021620605376950555,4.25,11.5,3.75,98.4,149.12,65.0
2025-11-14,5172,-1135.19,-0.2194876256767208,0.49858275328692964,1030,0.1991492652745553,267,0.05162412993039443,447,0.08642691415313225,777,0.1502320185614849,2126,0.41105955143078116,393,0.0759860788863109,131,0.025328692962103636,7.25,4.62,4.5,112.77,92.0,56.37
2025-11-21,5284,-1240.6,-0.23478425435276304,0.508221044663134,1013,0.1917108251324754,229,0.043338380015140045,481,0.09102952308856926,857,0.1621877365632097,2130,0.40310370931112793,447,0.08459500378501135,127,0.024034822104466315,3.5,5.5,2.5,106.65,38.25,77.76
2025-11-28,4003,-853.16,-0.2131301523857107,0.5027679240569572,830,0.20734449163127655,221,0.055208593554833874,293,0.07319510367224581,618,0.15438421184111917,1659,0.41443917062203345,303,0.07569323007744191,78,0.0194853859605296,1.0,2.75,2.0,70.25,57.25,43.75
2025-12-05,3320,-613.43,-0.18476807228915662,0.49795481927710844,692,0.20843373493975903,254,0.07650602409638554,240,0.07228915662650602,445,0.13403614457831325,1383,0.41656626506024097,222,0.06686746987951807,84,0.02530120481927711,0.0,2.62,0.5,49.27,25.75,43.5
2025-12-12,3694,-694.78,-0.18808337845154305,0.4969626421223606,768,0.20790471034109367,244,0.0660530590146183,309,0.0836491608012994,456,0.12344342176502436,1494,0.40443963183540876,272,0.07363291824580401,150,0.040606388738494856,5.5,9.75,2.5,65.01,40.37,58.5
2025-12-19,3278,-454.17,-0.13855094569859672,0.4954484441732764,829,0.2528981086028066,230,0.0701647345942648,269,0.08206223306894447,472,0.14399023794996949,1116,0.3404514948139109,263,0.08023184868822453,99,0.030201342281879196,1.5,5.0,1.5,62.02,16.75,31.63
2025-12-26,2750,-331.72,-0.12062545454545455,0.4817781818181818,740,0.2690909090909091,173,0.06290909090909091,203,0.07381818181818182,364,0.13236363636363635,935,0.34,271,0.09854545454545455,63,0.02290909090909091,0.5,3.25,1.5,45.01,14.25,42.5
2026-01-02,4026,-578.72,-0.14374565325384997,0.4890660705414804,977,0.24267262791852956,309,0.07675111773472429,331,0.08221559860904123,571,0.1418281172379533,1413,0.3509687034277198,323,0.08022851465474416,102,0.02533532041728763,2.0,5.0,1.0,74.65,21.25,75.5
2026-01-09,3611,-421.16,-0.11663251176959291,0.4868291332040986,960,0.2658543339795071,273,0.07560232622542232,299,0.08280254777070063,408,0.1129880919412905,1234,0.3417335918028247,320,0.08861811132650235,117,0.032400996953752426,1.25,3.25,1.0,52.26,14.25,34.25
2026-01-16,3953,-683.03,-0.17278775613458133,0.5059372628383506,965,0.24411839109537062,248,0.06273716164938022,367,0.0928408803440425,534,0.13508727548697191,1457,0.3685808246901088,287,0.07260308626359727,95,0.024032380470528712,4.25,30.0,3.5,48.13,29.75,59.0
2026-01-23,7340,-2177.29,-0.296633514986376,0.5334972752043596,1290,0.17574931880108993,287,0.0391008174386921,681,0.09277929155313351,1097,0.1494550408719346,3500,0.4768392370572207,381,0.051907356948228886,104,0.014168937329700272,6.38,19.0,5.0,92.01,71.75,48.5
2026-01-30,6364,-1349.94,-0.2121213073538655,0.5078818353236958,1301,0.20443117536140792,352,0.05531112507856694,690,0.10842237586423632,996,0.1565053425518542,2300,0.36140791954745444,547,0.08595223130106851,177,0.02781269641734758,8.5,37.0,5.5,147.14,89.75,44.25
2026-02-06,6081,-1396.57,-0.22966123992764348,0.5070120046045058,1196,0.1966781779312613,274,0.045058378556158525,489,0.080414405525407,899,0.14783752672257852,2562,0.42131228416378885,517,0.08501891136326262,141,0.023186975826344353,0.5,14.0,1.5,115.51,112.25,56.0
2026-02-13,4741,-917.69,-0.19356464880826832,0.5055136047247416,1068,0.22526893060535752,297,0.06264501160092807,409,0.08626871967939254,739,0.15587428812486817,1812,0.38219784855515715,312,0.06580890107572242,103,0.021725374393587852,4.75,8.5,3.0,62.63,76.25,36.88
2026-02-20,5198,-1552.04,-0.29858407079646015,0.5229819161215852,811,0.15602154674874952,226,0.043478260869565216,300,0.057714505579068875,731,0.14063101192766447,2693,0.5180838784147749,344,0.06617929973066564,93,0.01789149672951135,0.5,3.25,3.5,39.14,487.12,31.25
2026-02-27,4664,-1264.16,-0.27104631217838765,0.510746140651801,867,0.18589193825042882,165,0.03537735849056604,373,0.07997427101200687,807,0.17302744425385935,2105,0.4513293310463122,267,0.05724699828473413,80,0.017152658662092625,1.75,0.0,8.38,39.51,192.0,26.5
2026-03-06,4150,-1010.61,-0.24352048192771084,0.5043903614457831,750,0.18072289156626506,192,0.04626506024096386,364,0.08771084337349398,657,0.15831325301204818,1737,0.41855421686746985,329,0.07927710843373494,120,0.02891566265060241,2.5,2.0,1.0,45.63,38.87,17.26
2026-03-13,4250,-1103.39,-0.25962117647058824,0.5137176470588236,772,0.1816470588235294,185,0.04352941176470588,464,0.10917647058823529,713,0.16776470588235295,1709,0.4021176470588235,315,0.07411764705882352,91,0.021411764705882352,6.5,1.0,5.5,51.01,34.5,24.25
2026-03-20,3895,-1068.19,-0.2742464698331194,0.5162053915275995,709,0.18202824133504492,112,0.028754813863928114,428,0.10988446726572529,657,0.1686777920410783,1602,0.4112965340179718,311,0.07984595635430039,75,0.019255455712451863,2.88,10.0,5.25,54.64,84.75,11.5
2026-03-27,4974,-1387.26,-0.27890229191797344,0.5166988339364696,892,0.17933252915158826,164,0.03297145154804986,414,0.08323281061519903,795,0.15983112183353437,2289,0.4601930036188179,332,0.0667470848411741,88,0.01769199839163651,2.75,6.25,6.0,76.76,34.75,26.5
2026-04-03,4917,-1204.06,-0.24487695749440716,0.5160687411022982,967,0.19666463290624364,206,0.04189546471425666,425,0.08643481797844214,816,0.16595485051860892,2008,0.40837909294285135,393,0.07992678462477121,100,0.02033760423022168,6.5,5.5,4.75,81.27,55.12,25.0
2026-04-10,3310,-792.63,-0.23946525679758307,0.5073867069486405,611,0.18459214501510574,153,0.04622356495468278,235,0.07099697885196375,554,0.1673716012084592,1385,0.41842900302114805,314,0.09486404833836858,55,0.01661631419939577,3.5,3.0,2.0,42.75,15.75,14.75
2026-04-17,4177,-849.18,-0.20329901843428297,0.4995834330859469,798,0.19104620541058176,243,0.05817572420397414,393,0.09408666507062485,646,0.15465645199904238,1571,0.37610725401005507,436,0.10438113478573138,90,0.021546564519990423,2.88,2.5,3.25,81.77,12.25,35.38
2026-04-24,3839,-834.95,-0.21749153425371193,0.5008439697837979,761,0.19822870539202916,188,0.048971086220369886,309,0.0804897108622037,506,0.1318051575931232,1645,0.4284970044282365,327,0.08517843188330294,103,0.026829903620734567,4.75,1.5,5.5,56.63,17.0,51.88
2026-05-01,4381,-650.88,-0.14856881990413148,0.4937913718329149,1139,0.25998630449669025,246,0.0561515635699612,422,0.09632503994521799,728,0.1661721068249258,1427,0.3257247203834741,312,0.0712166172106825,107,0.024423647569048162,3.0,6.0,2.0,58.76,15.5,52.25
2026-05-08,3920,-615.33,-0.15697193877551022,0.4920331632653061,950,0.2423469387755102,229,0.058418367346938775,332,0.08469387755102041,631,0.16096938775510203,1321,0.33698979591836736,344,0.08775510204081632,107,0.02729591836734694,2.0,5.0,5.75,53.51,24.38,55.75
2026-05-15,4583,-851.03,-0.18569277765655684,0.49598516255727687,970,0.21165175649138118,260,0.05673139864717434,474,0.1034257036875409,726,0.15841152083787913,1609,0.35108007855116735,414,0.09033384246126991,129,0.028147501636482653,7.25,6.5,6.0,111.01,11.87,45.13
2026-05-22,3080,-465.27,-0.1510616883116883,0.49526948051948055,804,0.261038961038961,185,0.060064935064935064,219,0.0711038961038961,494,0.1603896103896104,1080,0.35064935064935066,215,0.0698051948051948,83,0.026948051948051947,3.5,5.5,0.5,39.25,22.75,31.75
2026-05-29,3685,-504.8,-0.13698778833107192,0.4966350067842605,866,0.2350067842605156,299,0.08113975576662144,288,0.07815468113975577,603,0.16363636363636364,1231,0.3340569877883311,283,0.07679782903663501,114,0.030936227951153323,0.5,1.5,5.0,87.77,17.37,63.63
2026-06-05,5360,-1159.09,-0.21624813432835818,0.5047649253731343,1067,0.19906716417910447,304,0.056716417910447764,452,0.08432835820895522,800,0.14925373134328357,2216,0.4134328358208955,395,0.07369402985074627,126,0.023507462686567164,1.0,2.0,2.75,127.53,46.0,53.5
2026-06-12,4446,-1221.81,-0.2748110661268556,0.5147525865946919,693,0.15587044534412955,232,0.05218173639226271,337,0.07579847053531263,596,0.13405308142150246,2177,0.4896536212325686,330,0.07422402159244265,81,0.018218623481781375,2.0,2.25,1.0,98.52,84.25,55.25
2026-06-19,5061,-957.42,-0.18917605216360403,0.5016716064018969,1077,0.21280379371665678,339,0.06698280972139893,287,0.056708160442600276,779,0.1539221497727722,2081,0.4111835605611539,382,0.07547915431732859,116,0.02292037146808931,3.25,3.75,2.0,66.01,75.75,110.13
2026-06-26,2775,-452.69,-0.16313153153153154,0.49611531531531533,675,0.24324324324324326,179,0.0645045045045045,160,0.05765765765765766,477,0.17189189189189188,1040,0.3747747747747748,178,0.06414414414414414,66,0.023783783783783784,1.25,1.25,2.0,32.64,13.0,38.0
2026-07-03,1989,-319.39,-0.1605781799899447,0.4959929612870789,449,0.22574157868275516,136,0.06837606837606838,151,0.0759175465057818,293,0.14731020613373555,729,0.3665158371040724,168,0.08446455505279035,63,0.03167420814479638,2.0,2.0,0.5,30.76,12.12,28.25
2026-07-10,3094,-644.77,-0.20839366515837104,0.499453781512605,692,0.22365869424692955,134,0.04330963154492566,295,0.09534583063994828,515,0.16645119586296056,1179,0.381060116354234,214,0.0691661279896574,64,0.02068519715578539,3.25,4.0,1.5,68.13,50.25,11.5
2026-07-17,1965,-416.65,-0.2120356234096692,0.4913689567430025,386,0.1964376590330789,114,0.05801526717557252,139,0.07073791348600508,351,0.17862595419847327,775,0.3944020356234097,146,0.0743002544529262,53,0.02697201017811705,7.0,0.75,0.5,23.25,40.0,35.5
