date,n_pairs,net_valence,net_valence_mean,mean_intensity,emo_optimism_confidence,share_optimism_confidence,emo_excitement_euphoria,share_excitement_euphoria,emo_fear_anxiety,share_fear_anxiety,emo_pessimism_despair,share_pessimism_despair,emo_anger_disgust,share_anger_disgust,emo_confusion_uncertainty,share_confusion_uncertainty,emo_surprise,share_surprise,cell_fear_anxiety__inflation,cell_fear_anxiety__monetary_policy,cell_optimism_confidence__growth_gdp,cell_fear_anxiety__markets_themselves,cell_anger_disgust__fiscal_taxes,cell_optimism_confidence__corporate_earnings
2018-01-05,1081,-499.61,-0.46217391304347827,0.5410453283996299,49,0.045328399629972246,7,0.0064754856614246065,38,0.03515263644773358,105,0.0971322849213691,787,0.7280296022201665,67,0.061979648473635525,28,0.025901942645698426,0.5,0.0,0.5,2.0,42.12,0.75
2018-01-12,1653,-716.64,-0.43353901996370237,0.5314035087719298,116,0.07017543859649122,15,0.009074410163339383,70,0.04234724742891712,239,0.14458560193587416,1082,0.6545674531155475,117,0.07078039927404718,14,0.008469449485783424,2.25,1.25,2.25,1.5,113.5,0.0
2018-01-19,1544,-648.75,-0.42017487046632124,0.5369365284974094,99,0.06411917098445596,26,0.01683937823834197,59,0.03821243523316062,179,0.11593264248704663,1030,0.667098445595855,118,0.07642487046632124,33,0.021373056994818652,0.0,1.0,0.25,2.0,204.75,1.5
2018-01-26,1975,-793.64,-0.4018430379746835,0.5212303797468355,168,0.08506329113924051,26,0.013164556962025316,77,0.0389873417721519,277,0.14025316455696202,1276,0.6460759493670886,126,0.06379746835443038,25,0.012658227848101266,0.5,1.5,4.38,7.38,117.0,3.25
2018-02-02,1252,-506.02,-0.4041693290734824,0.5230031948881789,89,0.07108626198083066,18,0.01437699680511182,47,0.037539936102236424,185,0.1477635782747604,786,0.6277955271565495,103,0.08226837060702875,24,0.019169329073482427,1.38,1.5,5.5,3.0,173.12,0.0
2018-02-09,593,-199.76,-0.3368634064080944,0.49580101180438446,65,0.10961214165261383,13,0.021922428330522766,35,0.05902192242833052,55,0.09274873524451939,348,0.5868465430016864,69,0.1163575042158516,8,0.013490725126475547,1.0,3.0,1.25,3.38,41.75,0.0
2018-02-16,763,-293.27,-0.38436435124508517,0.500694626474443,60,0.07863695937090433,10,0.01310615989515072,79,0.10353866317169069,101,0.13237221494102228,438,0.5740498034076016,64,0.08387942332896461,11,0.014416775884665793,6.0,4.25,2.0,1.0,67.75,0.5
2018-02-23,977,-398.24,-0.40761514841351076,0.5227942681678608,67,0.06857727737973388,7,0.007164790174002047,81,0.08290685772773797,174,0.1780962128966223,539,0.5516888433981576,92,0.09416581371545547,17,0.017400204708290685,0.25,2.5,1.25,2.75,61.75,0.0
2018-03-02,960,-443.51,-0.46198958333333334,0.5372604166666667,54,0.05625,4,0.004166666666666667,53,0.05520833333333333,125,0.13020833333333334,663,0.690625,52,0.05416666666666667,9,0.009375,0.0,3.75,0.0,1.75,75.0,0.5
2018-03-09,2234,-930.65,-0.41658460161145927,0.5217323187108326,144,0.06445837063563116,26,0.011638316920322292,109,0.048791405550581916,414,0.18531781557743957,1342,0.6007162041181737,151,0.067591763652641,48,0.021486123545210387,1.0,4.63,0.5,1.38,111.25,0.25
2018-03-16,1385,-596.51,-0.4306931407942238,0.520231046931408,72,0.05198555956678701,22,0.01588447653429603,63,0.04548736462093863,195,0.1407942238267148,929,0.6707581227436823,82,0.0592057761732852,21,0.01516245487364621,0.0,0.5,0.25,4.75,83.5,0.0
2018-03-23,1555,-688.9,-0.44302250803858517,0.5334662379421221,93,0.05980707395498392,13,0.008360128617363344,97,0.062379421221864954,190,0.12218649517684887,1040,0.6688102893890675,105,0.06752411575562701,17,0.010932475884244373,1.5,9.25,0.5,1.5,234.5,0.0
2018-03-30,1126,-448.24,-0.3980817051509769,0.5165364120781527,88,0.07815275310834814,14,0.012433392539964476,47,0.041740674955595025,153,0.13587921847246892,722,0.6412078152753108,80,0.07104795737122557,22,0.019538188277087035,0.0,0.5,2.5,1.5,78.75,0.0
2018-04-06,1417,-600.78,-0.42398023994354267,0.5212844036697247,87,0.061397318278052226,5,0.0035285815102328866,92,0.06492589978828511,205,0.14467184191954835,889,0.6273817925194072,106,0.0748059280169372,33,0.02328863796753705,0.75,3.13,0.0,3.5,28.5,0.0
2018-04-13,1276,-554.9,-0.4348746081504702,0.5194278996865204,73,0.05721003134796238,6,0.004702194357366771,40,0.03134796238244514,141,0.11050156739811912,917,0.7186520376175548,76,0.05956112852664577,23,0.018025078369905956,0.5,0.75,0.0,0.0,105.0,0.5
2018-04-20,1377,-594.01,-0.43137981118373275,0.5326071169208424,98,0.07116920842411038,14,0.010167029774872912,83,0.06027596223674655,182,0.13217138707334786,908,0.6594045025417574,73,0.053013798111837325,19,0.013798111837327523,0.0,0.5,0.5,0.5,209.37,0.0
2018-04-27,1818,-749.4,-0.4122112211221122,0.5267601760176017,142,0.0781078107810781,21,0.01155115511551155,98,0.0539053905390539,260,0.14301430143014301,1142,0.6281628162816282,127,0.06985698569856985,28,0.015401540154015401,0.0,3.0,9.0,2.5,152.87,0.0
2018-05-04,1586,-710.16,-0.44776796973518285,0.5399873896595208,96,0.0605296343001261,6,0.0037831021437578815,97,0.06116015132408575,235,0.148171500630517,1022,0.6443883984867591,100,0.06305170239596469,30,0.018915510718789406,0.0,4.75,1.5,2.5,182.75,0.0
2018-05-11,1579,-672.14,-0.42567447751741605,0.527726409119696,95,0.06016466117796074,21,0.013299556681443952,68,0.04306523115896137,200,0.1266624445851805,1056,0.668777707409753,109,0.06903103229892336,28,0.01773274224192527,0.0,3.0,2.25,2.25,112.37,0.0
2018-05-18,1753,-737.25,-0.42056474614945805,0.5229834569309755,118,0.06731317741015402,18,0.01026811180832858,70,0.03993154592127781,248,0.1414717626925271,1163,0.6634341129492299,109,0.06217912150598973,27,0.01540216771249287,0.5,5.0,4.63,1.5,115.26,0.5
2018-05-25,2378,-985.91,-0.41459629941126996,0.5312447434819175,221,0.09293523969722456,18,0.007569386038687973,121,0.05088309503784693,495,0.20815811606391926,1384,0.5820016820857864,108,0.045416316232127836,31,0.013036164844407064,0.0,1.88,4.5,8.5,116.75,0.0
2018-06-01,1746,-721.89,-0.41345360824742267,0.5292325315005727,140,0.08018327605956473,22,0.012600229095074456,69,0.03951890034364261,247,0.14146620847651775,1125,0.6443298969072165,114,0.06529209621993128,29,0.016609392898052692,0.5,1.25,4.0,1.0,70.5,0.25
2018-06-08,1493,-633.89,-0.4245746818486269,0.5252980576021433,95,0.06363027461486939,11,0.007367716008037508,47,0.03148024112525117,178,0.11922304085733422,1014,0.6791694574681849,117,0.0783657066309444,31,0.020763563295378432,0.5,0.0,1.75,0.5,81.75,1.75
2018-06-15,2065,-884.4,-0.42828087167070217,0.5240823244552059,131,0.06343825665859563,16,0.00774818401937046,66,0.031961259079903145,288,0.13946731234866827,1393,0.6745762711864407,138,0.06682808716707021,33,0.015980629539951573,0.0,2.5,1.5,1.38,89.37,0.0
2018-06-22,1773,-742.27,-0.41865200225606314,0.5316074450084602,150,0.08460236886632826,10,0.0056401579244218835,93,0.05245346869712352,286,0.16130851663846588,1091,0.6153412295544275,125,0.07050197405527354,17,0.009588268471517203,1.75,0.5,5.25,4.63,79.0,1.0
2018-06-29,1777,-756.02,-0.4254473832301632,0.5310410804727068,129,0.07259425998874508,11,0.0061902082160945416,94,0.05289814293753517,249,0.14012380416432188,1148,0.6460326392796849,117,0.06584130557118739,29,0.016319639842431063,0.0,5.0,6.25,5.5,164.5,0.0
2018-07-06,2108,-903.88,-0.42878557874762807,0.5342931688804554,140,0.06641366223908918,35,0.016603415559772294,88,0.04174573055028463,322,0.1527514231499051,1368,0.6489563567362429,133,0.06309297912713473,21,0.009962049335863378,0.0,1.38,3.25,3.38,146.87,0.0
2018-07-13,2622,-1152.15,-0.4394164759725401,0.5305225019069413,146,0.05568268497330282,29,0.011060259344012205,101,0.038520213577421816,359,0.13691838291380626,1794,0.6842105263157895,152,0.057971014492753624,41,0.015636918382913808,0.0,5.0,3.0,2.63,234.37,0.0
2018-07-20,2647,-1065.11,-0.40238383075179446,0.5249036645258783,230,0.08689081979599547,23,0.008689081979599547,132,0.049867774839440875,456,0.17227049489988666,1578,0.5961465810351341,169,0.06384586324140537,59,0.022289384208537967,1.75,6.5,2.0,3.0,196.99,0.0
2018-07-27,1748,-694.88,-0.39752860411899316,0.5187643020594965,147,0.08409610983981694,20,0.011441647597254004,74,0.04233409610983982,249,0.14244851258581237,1087,0.6218535469107551,133,0.07608695652173914,38,0.021739130434782608,1.0,2.5,7.13,3.5,107.87,0.0
2018-08-03,2555,-1086.79,-0.42535812133072404,0.5281643835616439,173,0.06771037181996085,17,0.006653620352250489,82,0.03209393346379648,324,0.12681017612524462,1724,0.6747553816046967,174,0.06810176125244619,61,0.023874755381604697,0.0,1.0,5.0,3.0,164.5,0.25
2018-08-10,1692,-669.27,-0.3955496453900709,0.516128841607565,136,0.08037825059101655,21,0.012411347517730497,87,0.051418439716312055,274,0.16193853427895982,1014,0.599290780141844,136,0.08037825059101655,24,0.014184397163120567,2.5,8.5,4.25,3.5,63.13,0.0
2018-08-17,2187,-1002.38,-0.4583356195701875,0.5357841792409693,113,0.051668952903520804,10,0.004572473708276178,110,0.05029721079103795,262,0.11979881115683585,1535,0.7018747142203933,137,0.06264288980338363,20,0.009144947416552356,2.5,5.0,0.75,0.5,266.36,2.75
2018-08-24,2296,-1028.41,-0.4479137630662021,0.535962543554007,136,0.059233449477351915,15,0.006533101045296167,130,0.05662020905923345,303,0.13196864111498258,1545,0.6729094076655052,134,0.05836236933797909,32,0.013937282229965157,0.38,4.0,3.25,9.0,190.75,1.0
2018-08-31,2450,-1015.04,-0.4143020408163265,0.5267183673469388,180,0.07346938775510205,31,0.012653061224489797,126,0.05142857142857143,356,0.14530612244897959,1560,0.636734693877551,148,0.060408163265306125,49,0.02,1.0,1.0,12.25,9.38,224.25,1.0
2018-09-07,1561,-662.53,-0.4244266495836002,0.5239718129404228,89,0.057014734144778985,28,0.017937219730941704,93,0.05957719410634209,251,0.16079436258808455,973,0.6233183856502242,100,0.06406149903907751,25,0.016015374759769378,0.5,1.75,4.75,11.25,123.5,1.0
2018-09-14,2003,-799.79,-0.39929605591612577,0.5154518222666001,135,0.06739890164752871,26,0.012980529206190713,71,0.03544682975536695,324,0.1617573639540689,1226,0.6120818771842237,178,0.08886669995007489,43,0.021467798302546182,0.0,3.5,0.5,2.0,163.37,0.0
2018-09-21,1565,-635.33,-0.4059616613418531,0.5245878594249201,121,0.07731629392971245,14,0.008945686900958467,75,0.04792332268370607,224,0.14313099041533547,991,0.6332268370607029,117,0.07476038338658147,23,0.014696485623003195,0.0,2.0,0.5,4.25,64.5,0.0
2018-09-28,1417,-622.4,-0.43923782639378967,0.5301129146083274,78,0.05504587155963303,9,0.006351446718419196,85,0.05998588567395907,241,0.17007762879322513,874,0.6167960479887086,100,0.07057163020465773,30,0.02117148906139732,1.75,4.75,0.5,2.5,98.25,0.0
2018-10-05,2370,-1041.89,-0.4396160337552743,0.5320379746835443,152,0.06413502109704641,32,0.01350210970464135,98,0.04135021097046414,252,0.10632911392405063,1689,0.7126582278481013,116,0.048945147679324896,31,0.013080168776371307,0.0,3.0,0.0,1.0,343.75,1.0
2018-10-12,1898,-819.92,-0.4319915700737618,0.5388303477344574,124,0.06533192834562697,36,0.018967334035827187,118,0.06217070600632244,289,0.15226554267650158,1195,0.6296101159114857,111,0.058482613277133826,25,0.013171759747102213,2.25,9.63,3.75,3.5,128.88,0.25
2018-10-19,2037,-842.87,-0.41378006872852235,0.5300196367206677,167,0.0819833087874325,22,0.010800196367206676,119,0.058419243986254296,312,0.15316642120765833,1256,0.616593028964163,114,0.055964653902798235,47,0.023073146784486992,0.0,2.88,5.75,2.25,181.25,0.0
2018-10-26,1997,-758.04,-0.37958938407611414,0.5223284927391086,177,0.0886329494241362,45,0.022533800701051578,134,0.0671006509764647,296,0.14822233350025038,1158,0.5798698047070606,147,0.07361041562343515,40,0.020030045067601403,0.38,8.5,8.38,16.14,152.62,0.0
2018-11-02,2718,-1059.05,-0.38964311994113315,0.5304231052244297,214,0.07873436350257543,78,0.02869757174392936,136,0.05003679175864607,403,0.14827078734363502,1620,0.5960264900662252,173,0.06364974245768948,94,0.034584253127299486,0.5,1.88,26.5,3.25,297.13,0.0
2018-11-09,2616,-1128.9,-0.43153669724770644,0.5282071865443425,172,0.06574923547400612,22,0.008409785932721712,104,0.039755351681957186,420,0.16055045871559634,1692,0.6467889908256881,158,0.06039755351681957,48,0.01834862385321101,0.0,1.25,5.5,2.5,278.62,1.25
2018-11-16,2624,-1163.26,-0.4433155487804878,0.5324161585365853,149,0.056783536585365856,35,0.013338414634146341,81,0.03086890243902439,366,0.13948170731707318,1829,0.6970274390243902,121,0.04611280487804878,43,0.01638719512195122,0.5,5.25,1.38,1.25,344.62,0.0
2018-11-23,2833,-1146.29,-0.4046205435933639,0.5267243205082951,214,0.07553829862336746,27,0.00953053300388281,148,0.0522414401694317,429,0.15142957995058243,1727,0.6096011295446523,218,0.0769502294387575,70,0.024708789269325803,0.0,7.25,1.5,12.0,166.75,0.25
2018-11-30,2611,-1112.27,-0.42599387207966294,0.5316621983914209,189,0.07238605898123325,30,0.011489850631941785,114,0.043661432401378784,374,0.14324013787820758,1710,0.6549214860206817,144,0.055151283033320564,50,0.019149751053236307,0.0,4.38,3.75,6.5,114.5,4.5
2018-12-07,3303,-1427.11,-0.43206478958522554,0.537932182864063,257,0.07780805328489253,27,0.008174386920980926,157,0.04753254617014835,405,0.1226158038147139,2248,0.680593399939449,176,0.05328489252194974,33,0.009990917347865577,0.0,2.25,1.5,7.38,324.62,0.25
2018-12-14,3123,-1359.9,-0.43544668587896257,0.536765930195325,217,0.06948447006083894,52,0.01665065642010887,97,0.03105987832212616,416,0.13320525136087097,2156,0.6903618315722062,155,0.04963176432917067,30,0.009606147934678195,0.0,3.75,3.38,3.75,321.88,0.5
2018-12-21,2547,-1066.65,-0.41878680800942286,0.5290302316450727,193,0.07577542206517472,30,0.011778563015312132,125,0.04907734589713388,484,0.1900274833137024,1539,0.6042402826855123,127,0.04986258343148803,49,0.019238319591676482,4.5,7.75,10.25,5.0,129.87,0.25
2018-12-28,2768,-1103.28,-0.3985838150289017,0.534931358381503,271,0.09790462427745665,38,0.013728323699421965,136,0.049132947976878616,357,0.12897398843930635,1751,0.6325867052023122,168,0.06069364161849711,47,0.016979768786127166,0.5,20.5,16.75,14.75,160.13,0.0
2019-01-04,2656,-1126.29,-0.4240549698795181,0.527089608433735,191,0.07191265060240964,22,0.008283132530120483,87,0.03275602409638554,377,0.14194277108433734,1773,0.6675451807228916,158,0.05948795180722891,48,0.018072289156626505,0.0,2.0,5.75,5.0,128.88,3.75
2019-01-11,4683,-2114.29,-0.45148195601110397,0.5371150971599402,266,0.05680119581464873,43,0.009182148195601111,187,0.039931667734358314,510,0.10890454836643178,3380,0.7217595558402733,216,0.04612427930813581,81,0.01729660474055093,0.0,3.0,5.5,6.25,1006.37,2.5
2019-01-18,2831,-1225.8,-0.4329918756623101,0.5278452843518191,167,0.058989756269869305,18,0.006358177322500883,127,0.04486047333097845,400,0.14129282938890853,1877,0.6630166019074532,187,0.06605439773931474,55,0.01942776404097492,1.0,5.0,6.0,1.5,300.13,0.25
2019-01-25,3214,-1470.31,-0.4574704418170504,0.5386434349719975,165,0.05133789670192906,28,0.008711885500933417,148,0.04604853764779091,378,0.11761045426260112,2273,0.7072184194150591,175,0.05444928438083385,47,0.01462352209085252,0.0,5.13,5.0,4.0,608.88,0.75
2019-02-01,3408,-1525.55,-0.44763791079812204,0.5330633802816902,194,0.056924882629107984,31,0.009096244131455399,155,0.04548122065727699,406,0.11913145539906103,2383,0.6992370892018779,211,0.0619131455399061,28,0.008215962441314555,0.0,9.63,4.25,4.25,556.37,2.25
2019-02-08,3820,-1730.3,-0.4529581151832461,0.5379476439790576,224,0.05863874345549738,34,0.008900523560209424,188,0.049214659685863874,580,0.1518324607329843,2580,0.675392670157068,163,0.042670157068062826,51,0.013350785340314137,1.0,10.87,4.5,6.75,512.37,0.0
2019-02-15,4775,-2090.05,-0.43770680628272257,0.5314554973821989,310,0.06492146596858639,31,0.006492146596858639,210,0.04397905759162304,722,0.15120418848167538,3174,0.6647120418848168,245,0.05130890052356021,83,0.017382198952879582,0.5,7.0,9.63,4.0,630.99,0.5
2019-02-22,5030,-2163.27,-0.4300735586481113,0.5306600397614314,341,0.06779324055666004,57,0.011332007952286283,198,0.03936381709741551,721,0.1433399602385686,3360,0.6679920477137177,263,0.05228628230616302,90,0.017892644135188866,0.5,4.0,4.0,2.25,540.12,2.88
2019-03-01,4220,-1870.61,-0.4432725118483412,0.5369549763033175,262,0.06208530805687204,46,0.010900473933649289,145,0.034360189573459717,527,0.12488151658767772,2969,0.7035545023696682,223,0.052843601895734595,48,0.011374407582938388,0.0,4.25,10.38,3.63,622.12,3.25
2019-03-08,3156,-1348.8,-0.4273764258555133,0.5329847908745247,230,0.07287705956907478,32,0.010139416983523447,124,0.03929024081115336,450,0.14258555133079848,2099,0.6650823827629911,160,0.050697084917617236,61,0.019328263624841573,0.5,3.5,12.25,6.25,323.37,2.75
2019-03-15,3100,-1373.88,-0.4431870967741936,0.5319032258064517,188,0.06064516129032258,23,0.007419354838709678,134,0.043225806451612905,447,0.14419354838709678,2101,0.677741935483871,160,0.05161290322580645,47,0.015161290322580645,2.5,3.0,9.63,3.0,254.37,0.0
2019-03-22,3799,-1625.54,-0.42788628586470123,0.5272413793103449,251,0.06607001842590156,45,0.011845222426954462,160,0.042116346406949196,593,0.15609370887075547,2472,0.6506975519873651,231,0.060805475125032905,47,0.012371676757041327,1.0,14.0,12.0,9.63,389.12,0.5
2019-03-29,2820,-1188.93,-0.42160638297872344,0.5305283687943262,228,0.08085106382978724,22,0.007801418439716312,122,0.04326241134751773,443,0.1570921985815603,1803,0.6393617021276595,160,0.05673758865248227,42,0.014893617021276596,0.75,7.25,5.25,5.75,223.5,0.0
2019-04-05,2647,-1139.43,-0.4304608991310918,0.5288326407253494,168,0.0634680770683793,30,0.011333585190782017,115,0.043445409897997736,354,0.13373630525122782,1772,0.6694370986021911,153,0.05780128447298829,55,0.0207782395164337,1.5,0.88,4.75,6.0,224.5,0.25
2019-04-12,3467,-1473.65,-0.4250504759157774,0.5305941736371502,266,0.07672339198154024,43,0.012402653591000866,115,0.033169887510816266,544,0.15690798961638305,2276,0.6564753389097202,152,0.04384193827516585,71,0.02047880011537352,0.0,2.0,1.5,4.5,322.37,3.25
2019-04-19,3559,-1540.88,-0.43295307670694017,0.5361477943242484,251,0.0705254284911492,45,0.012644001123911211,171,0.0480472042708626,499,0.14020792357403766,2362,0.6636695701039618,188,0.052823826917673504,43,0.012082045518404047,1.0,12.0,5.0,11.87,384.49,0.0
2019-04-26,3353,-1337.77,-0.3989770354906054,0.5296212347151804,288,0.08589322994333433,64,0.019087384431852074,170,0.05070086489710707,461,0.13748881598568446,2096,0.6251118401431554,201,0.059946316731285414,73,0.02177154786758127,1.75,11.5,8.0,5.0,404.24,1.5
2019-05-03,3500,-1489.07,-0.4254485714285714,0.5336457142857143,264,0.07542857142857143,30,0.008571428571428572,105,0.03,465,0.13285714285714287,2351,0.6717142857142857,214,0.061142857142857145,71,0.020285714285714285,0.5,5.5,7.13,1.5,299.5,0.75
2019-05-10,4001,-1762.25,-0.4404523869032742,0.5450662334416396,274,0.06848287928017996,45,0.011247188202949263,136,0.03399150212446888,549,0.137215696075981,2720,0.6798300424893776,213,0.053236690827293175,64,0.015996000999750064,1.0,3.5,4.5,4.25,315.25,0.5
2019-05-17,3343,-1487.53,-0.444968591085851,0.5442536643733173,227,0.06790308106491176,36,0.010768770565360455,158,0.04726293748130422,491,0.14687406521088842,2196,0.6568950044869878,166,0.049655997606939874,68,0.02034101106790308,0.5,9.0,3.5,6.75,197.75,2.5
2019-05-24,3954,-1769.6,-0.44754678806272125,0.5430526049570056,232,0.05867475973697522,59,0.014921598381385938,160,0.04046535154274153,614,0.15528578654527062,2623,0.6633788568538189,218,0.05513404147698533,48,0.012139605462822459,3.0,12.0,5.25,2.5,485.62,1.5
2019-05-31,2989,-1364.4,-0.45647373703579797,0.5378655068584811,174,0.05821344931415189,16,0.005352960856473737,117,0.039143526262964204,382,0.12780194044831047,2130,0.7126129140180663,139,0.046503847440615594,31,0.010371361659417865,0.75,1.0,7.0,12.75,228.88,0.25
2019-06-07,3546,-1618.26,-0.4563620981387479,0.5419261139311901,221,0.06232374506486182,24,0.00676818950930626,127,0.03581500282007896,408,0.11505922165820642,2545,0.7177100958826848,182,0.05132543711223914,39,0.010998307952622674,0.5,5.5,6.5,4.5,417.25,0.5
2019-06-14,3265,-1393.06,-0.4266646248085758,0.5323001531393569,238,0.07289433384379786,40,0.01225114854517611,103,0.031546707503828486,478,0.1464012251148545,2174,0.6658499234303216,165,0.05053598774885146,67,0.020520673813169986,0.25,3.0,5.5,4.0,217.5,0.5
2019-06-21,2184,-895.64,-0.41009157509157507,0.5226785714285714,155,0.07097069597069597,31,0.014194139194139194,103,0.04716117216117216,324,0.14835164835164835,1375,0.6295787545787546,151,0.06913919413919414,45,0.020604395604395604,0.5,6.75,5.5,1.5,156.0,0.75
2019-06-28,4979,-2293.54,-0.4606426993372163,0.5505985137577827,277,0.055633661377786706,80,0.016067483430407713,140,0.028118096003213498,495,0.09941755372564771,3730,0.7491464149427596,196,0.039365334404498895,61,0.01225145611568588,0.5,3.0,2.5,6.75,1289.25,0.5
2019-07-05,2879,-1217.88,-0.4230218825981244,0.5312851684612713,186,0.06460576589093435,54,0.0187565126780132,152,0.05279610976033345,415,0.14414727335880514,1845,0.6408475164987844,162,0.0562695380340396,65,0.022577283779089963,0.75,11.5,10.76,8.25,259.0,2.5
2019-07-12,3938,-1822.84,-0.46288471305231077,0.5401904520060945,196,0.04977145759268664,34,0.008633824276282377,154,0.03910614525139665,445,0.11300152361604876,2866,0.7277805992889792,195,0.04951752158456069,45,0.01142712036566785,0.5,16.25,6.75,6.25,450.62,0.5
2019-07-19,3288,-1460.16,-0.44408759124087593,0.5381508515815085,205,0.06234793187347932,29,0.008819951338199513,160,0.04866180048661801,471,0.14324817518248176,2209,0.6718369829683698,170,0.05170316301703163,44,0.01338199513381995,1.5,3.75,8.5,6.75,311.11,4.75
2019-07-26,2427,-1051.43,-0.43322208487845076,0.5357725587144623,180,0.07416563658838071,29,0.011948908117016894,116,0.047795632468067575,339,0.13967861557478367,1614,0.6650185414091471,104,0.042851256695508856,45,0.018541409147095178,0.5,5.75,8.5,0.5,222.0,3.25
2019-08-02,3010,-1344.37,-0.4466345514950166,0.5352691029900333,157,0.052159468438538206,26,0.008637873754152824,115,0.03820598006644518,386,0.1282392026578073,2097,0.6966777408637874,175,0.05813953488372093,53,0.01760797342192691,2.5,16.0,3.0,4.38,199.87,0.0
2019-08-09,3873,-1680.03,-0.4337800154918668,0.5384301575006455,261,0.06738962044926414,42,0.010844306738962044,195,0.05034856700232378,605,0.15620965659695327,2466,0.6367157242447715,238,0.06145107152078492,65,0.01678285566744126,3.25,7.75,6.5,9.88,129.87,0.0
2019-08-16,2943,-1288.4,-0.4377845735643901,0.5385864763846415,167,0.056744818212708124,38,0.01291199456337071,126,0.04281345565749235,433,0.1471287801563031,1933,0.6568127760788312,184,0.06252123683316343,62,0.021066938498131158,1.0,6.25,7.88,6.0,199.62,0.0
2019-08-23,2978,-1271.51,-0.4269677635997314,0.5363633310946944,200,0.0671591672263264,32,0.010745466756212223,165,0.05540631296171927,469,0.1574882471457354,1850,0.6212222968435192,206,0.06917394224311618,56,0.01880456682337139,1.25,11.0,7.5,3.5,297.12,2.25
2019-08-30,3440,-1427.93,-0.41509593023255814,0.5350232558139535,281,0.0816860465116279,38,0.011046511627906977,199,0.057848837209302326,524,0.15232558139534882,2123,0.6171511627906977,209,0.06075581395348837,66,0.01918604651162791,0.5,5.25,16.5,6.25,217.0,0.5
2019-09-06,3004,-1263.14,-0.42048601864181095,0.5313049267643143,201,0.06691078561917443,40,0.013315579227696404,133,0.044274300932090546,423,0.1408122503328895,1947,0.6481358189081226,190,0.06324900133155792,70,0.02330226364846871,1.0,7.25,12.0,4.75,223.26,1.0
2019-09-13,3721,-1572.68,-0.42264982531577533,0.5309271701155603,279,0.0749798441279226,38,0.010212308519215264,142,0.038161784466541254,659,0.17710292932007524,2323,0.624294544477291,213,0.05724267669981188,66,0.017737167428110722,4.75,5.5,6.75,5.75,283.63,0.0
2019-09-20,4526,-1913.46,-0.4227706584180292,0.5339505081749889,317,0.07003977021652673,53,0.01171011931064958,255,0.056341140079540435,716,0.1581970835174547,2811,0.6210782147591692,278,0.06142288996906761,96,0.021210782147591693,2.0,28.39,10.5,8.0,519.48,0.0
2019-09-27,3548,-1610.72,-0.45397970687711386,0.5421420518602029,210,0.05918827508455468,24,0.006764374295377677,159,0.044813979706877116,396,0.11161217587373168,2502,0.7051860202931229,211,0.05947012401352875,46,0.012965050732807215,0.75,6.75,5.0,9.26,525.54,0.0
2019-10-04,3525,-1507.01,-0.4275205673758865,0.5289900709219858,212,0.060141843971631206,48,0.013617021276595745,156,0.04425531914893617,525,0.14893617021276595,2291,0.6499290780141844,197,0.05588652482269504,95,0.02695035460992908,0.0,7.5,5.63,9.0,225.0,0.0
2019-10-11,2963,-1270.27,-0.4287107661154235,0.5273135335808302,188,0.06344920688491394,31,0.010462369220384746,149,0.05028687141410732,371,0.12521093486331422,1976,0.6668916638542018,203,0.06851164360445494,45,0.015187310158623017,2.13,8.5,5.75,4.25,467.75,0.0
2019-10-18,3238,-1357.93,-0.4193730697961705,0.5246541074737492,241,0.07442865966646078,26,0.008029647930821495,144,0.044471896232242125,428,0.13218035824583077,2147,0.6630636195182211,203,0.06269302038295244,49,0.015132798023471278,0.0,5.88,4.5,1.75,406.37,3.25
2019-10-25,2945,-1292.49,-0.4388760611205433,0.5344787775891341,178,0.06044142614601019,30,0.010186757215619695,125,0.042444821731748725,393,0.133446519524618,1990,0.6757215619694398,175,0.059422750424448216,54,0.01833616298811545,0.0,6.87,5.25,13.0,228.0,1.13
2019-11-01,3388,-1473.77,-0.4349970484061393,0.5344362455726093,214,0.06316410861865407,41,0.012101534828807556,161,0.047520661157024795,449,0.13252656434474616,2271,0.6703069657615112,204,0.0602125147579693,48,0.014167650531286895,0.0,9.62,8.25,6.75,284.38,1.5
2019-11-08,4611,-2113.25,-0.45830622424636736,0.5406983300802428,251,0.05443504662762958,40,0.008674907829104316,186,0.04033832140533507,606,0.13142485361093037,3251,0.7050531338104533,203,0.0440251572327044,74,0.016048579483842983,1.0,10.12,9.75,12.75,539.0,2.5
2019-11-15,3961,-1740.26,-0.439348649330977,0.5333097702600353,262,0.06614491290078263,37,0.009341075485988387,155,0.0391315324413027,587,0.14819490027770765,2670,0.6740722039888917,191,0.04822014642766978,59,0.014895228477657157,0.0,3.5,8.25,2.25,308.5,0.25
2019-11-22,3288,-1416.67,-0.43086070559610706,0.5373600973236009,238,0.07238442822384428,33,0.010036496350364963,116,0.03527980535279805,398,0.12104622871046229,2263,0.6882603406326034,189,0.05748175182481752,51,0.01551094890510949,1.5,6.5,7.25,5.25,257.0,1.0
2019-11-29,3344,-1512.38,-0.4522667464114833,0.5386931818181818,206,0.06160287081339713,22,0.006578947368421052,122,0.03648325358851675,411,0.1229066985645933,2357,0.7048444976076556,169,0.05053827751196172,57,0.017045454545454544,1.0,4.25,7.25,4.0,350.62,0.0
2019-12-06,4352,-1945.66,-0.44707261029411766,0.5467072610294118,303,0.06962316176470588,45,0.010340073529411764,157,0.03607536764705882,539,0.12385110294117647,3052,0.7012867647058824,204,0.046875,52,0.011948529411764705,0.0,3.5,11.0,8.62,413.74,0.0
2019-12-13,4697,-2059.27,-0.43842239727485627,0.5394847775175644,334,0.07110921865020225,53,0.011283798169044072,217,0.046199701937406856,716,0.15243772620821802,3092,0.6582925271449862,220,0.0468384074941452,65,0.013838620395997446,1.0,3.5,8.0,8.25,355.87,3.25
2019-12-20,2978,-1298.9,-0.4361652115513768,0.5353962390866354,189,0.06346541302887844,37,0.012424445936870383,122,0.0409670920080591,396,0.13297515110812627,2016,0.6769644056413701,166,0.05574210879785091,52,0.017461383478844864,1.75,8.5,12.75,7.0,189.87,0.75
2019-12-27,3112,-1369.94,-0.4402120822622108,0.5387885604113111,228,0.07326478149100257,25,0.008033419023136246,136,0.043701799485861184,440,0.14138817480719795,2079,0.6680591259640103,167,0.05366323907455013,37,0.011889460154241645,0.0,8.5,13.13,8.75,331.37,3.25
2020-01-03,3746,-1695.4,-0.4525894287239723,0.5430619327282434,239,0.06380138814735718,30,0.00800854244527496,128,0.03416978109983983,483,0.12893753336892685,2640,0.7047517351841964,181,0.04831820608649226,45,0.01201281366791244,0.0,5.5,6.0,7.25,401.05,0.75
2020-01-10,2567,-1134.26,-0.44186209583171016,0.5356641994546163,163,0.06349824698091157,20,0.007791195948578107,71,0.02765874561745228,295,0.11492014024152708,1832,0.7136735488897545,143,0.05570705103233346,43,0.01675107128944293,0.5,3.75,6.75,3.25,302.5,1.0
2020-01-17,3814,-1620.51,-0.424884635553225,0.532233875196644,273,0.07157839538542213,33,0.00865233350812795,146,0.03828002097535396,523,0.13712637650760356,2531,0.6636077608809648,240,0.06292606187729417,68,0.01782905086523335,5.0,6.0,4.75,6.25,357.25,2.25
2020-01-24,3810,-1663.77,-0.43668503937007874,0.5333464566929134,261,0.06850393700787402,29,0.007611548556430446,147,0.03858267716535433,520,0.13648293963254593,2600,0.6824146981627297,167,0.04383202099737533,86,0.02257217847769029,0.0,12.63,12.5,2.13,244.25,0.0
2020-01-31,3153,-1372.14,-0.43518553758325407,0.5345417063114495,193,0.061211544560735805,36,0.011417697431018078,142,0.04503647320012686,455,0.1443070091975896,2088,0.6622264509990485,190,0.06026006977481763,49,0.015540754836663496,0.0,5.75,7.25,3.25,235.88,1.5
2020-02-07,3186,-1333.39,-0.4185153797865663,0.5286629001883238,244,0.07658505963590709,43,0.01349654739485248,122,0.038292529817953544,416,0.13057124921531701,2132,0.6691776522284997,184,0.05775266792215945,44,0.013810420590081607,6.38,2.5,4.25,9.5,277.37,4.0
2020-02-14,4562,-1939.79,-0.42520604997807976,0.5412012275317843,359,0.07869355545813239,68,0.014905743095133712,191,0.041867601928978516,631,0.13831652783866724,3026,0.6633055677334503,205,0.04493643138974134,81,0.017755370451556333,0.5,7.38,12.0,8.5,470.98,0.5
2020-02-21,4288,-1832.27,-0.4273017723880597,0.5353194962686567,303,0.07066231343283583,56,0.013059701492537313,171,0.03987873134328358,733,0.1709421641791045,2710,0.6319962686567164,219,0.05107276119402985,96,0.022388059701492536,0.5,3.75,8.25,3.75,238.25,0.0
2020-02-28,3242,-1236.9,-0.38152375077112893,0.5302467612584824,317,0.09777914867365824,84,0.025909932140653916,258,0.0795805058605799,587,0.1810610734114744,1755,0.541332510795805,206,0.0635410240592227,35,0.0107958050586058,0.5,9.75,19.75,24.14,172.62,1.0
2020-03-06,4428,-1775.76,-0.401029810298103,0.530672990063234,380,0.08581752484191509,58,0.013098464317976514,348,0.07859078590785908,711,0.16056910569105692,2541,0.5738482384823849,285,0.06436314363143632,105,0.023712737127371274,3.5,22.38,19.88,21.25,159.0,1.0
2020-03-13,5417,-2117.67,-0.3909304042828134,0.5317500461510061,499,0.09211740815949787,106,0.01956802658297951,357,0.06590363669928004,1068,0.19715709802473694,2935,0.5418128115192912,357,0.06590363669928004,95,0.017537382314934465,0.75,19.75,29.5,57.38,377.86,1.38
2020-03-20,10184,-4459.82,-0.4379241948153967,0.5447230950510605,711,0.069815396700707,118,0.011586802827965436,835,0.08199135899450118,1930,0.18951296150824823,5791,0.5686370777690495,641,0.06294186959937156,157,0.015416339355852317,3.13,65.63,32.38,57.38,1155.24,8.5
2020-03-27,10109,-4661.28,-0.46110198832723315,0.5592115936294391,679,0.0671678702146602,105,0.010386784053813434,688,0.06805816599070136,1569,0.15520823028984074,6474,0.6404194282322683,493,0.04876842417647641,99,0.009793253536452665,5.5,32.5,36.75,20.75,1360.48,17.5
2020-04-03,7263,-3102.14,-0.4271155170039928,0.5452072146495939,604,0.08316122814264078,69,0.00950020652622883,587,0.08082059754922208,1552,0.21368580476387167,3932,0.5413740878424893,411,0.056588186699710864,108,0.01486988847583643,9.0,26.5,32.13,15.5,498.11,2.5
2020-04-10,4972,-2145.52,-0.43152051488334675,0.5435096540627514,351,0.07059533386967015,59,0.011866452131938857,364,0.07320997586484312,981,0.19730490748189863,2814,0.5659694288012872,317,0.06375703942075624,86,0.01729686242960579,2.87,26.63,18.75,10.5,383.63,3.5
2020-04-17,4914,-2156.07,-0.4387606837606838,0.544000814000814,365,0.07427757427757428,46,0.009361009361009361,296,0.060236060236060235,939,0.19108669108669107,2939,0.598087098087098,252,0.05128205128205128,76,0.015466015466015465,2.75,10.38,21.5,6.5,393.75,6.0
2020-04-24,6003,-2563.27,-0.42699816758287523,0.5409095452273863,449,0.0747959353656505,69,0.011494252873563218,418,0.06963185074129602,926,0.15425620523071798,3655,0.6088622355488922,377,0.06280193236714976,108,0.017991004497751123,8.25,23.0,10.0,19.63,958.24,6.25
2020-05-01,5889,-2608.28,-0.4429071149600951,0.545187637969095,431,0.07318729835286127,49,0.008320597724571235,359,0.06096111394124639,1043,0.1771098658515877,3639,0.6179317371370352,283,0.04805569706231958,84,0.014263881813550688,5.5,24.5,21.5,6.26,546.37,3.0
2020-05-08,5611,-2417.82,-0.43090714667617186,0.5431099625735163,465,0.08287292817679558,64,0.011406166458741757,310,0.055248618784530384,1150,0.20495455355551595,3260,0.5810016039921583,289,0.051505970415255745,73,0.013010158617002316,4.5,11.0,14.0,9.13,428.0,7.0
2020-05-15,6315,-2691.04,-0.42613460015835314,0.5361963578780681,492,0.07790973871733967,85,0.013460015835312747,350,0.055423594615993665,1198,0.1897070467141726,3787,0.5996832937450515,303,0.047980997624703085,99,0.015676959619952493,5.38,15.0,12.38,5.5,527.62,1.75
2020-05-22,6971,-3052.85,-0.4379357337541242,0.5440639793429924,490,0.07029120642662459,102,0.014632047052072873,406,0.05824128532491751,1204,0.1727155357911347,4294,0.6159804906039306,336,0.048199684406828286,139,0.019939750394491463,2.0,11.25,16.13,17.25,746.67,3.25
2020-05-29,4767,-2032.45,-0.4263582966226138,0.536312146003776,370,0.0776169498636459,60,0.012586532410320957,292,0.061254457730228654,955,0.20033564086427522,2758,0.57856093979442,255,0.05349276274386407,77,0.016152716593245228,1.0,15.75,17.25,12.5,310.75,7.0
2020-06-05,4601,-1891.27,-0.4110562921104108,0.5382199521843077,377,0.0819387089763095,58,0.012605955227124538,281,0.06107367963486199,898,0.19517496196479026,2562,0.5568354705498805,341,0.07411432297326669,84,0.018256900673766573,1.5,12.5,22.25,12.75,446.12,0.0
2020-06-12,4513,-1985.86,-0.4400310214934633,0.5462087303345889,313,0.06935519610015511,46,0.010192776423664968,218,0.04830489696432528,663,0.14690892975847553,2921,0.6472413029027254,284,0.06292931531132284,68,0.015067582539330823,2.0,17.5,9.38,15.13,446.09,2.0
2020-06-19,5444,-2424.78,-0.4454041146216018,0.5488280675973549,386,0.07090374724467303,52,0.009551800146950772,315,0.05786186627479794,926,0.17009551800146952,3394,0.6234386480529023,304,0.055841293166789124,66,0.012123438648052902,5.75,32.0,11.25,24.26,532.74,0.25
2020-06-26,4298,-1843.63,-0.4289506747324337,0.5410795718939041,331,0.07701256398324802,52,0.01209865053513262,227,0.05281526291298278,808,0.18799441600744532,2575,0.5991158678455095,236,0.05490926012098651,69,0.016053978594695206,3.0,9.5,8.89,10.25,298.12,2.5
2020-07-03,5415,-2412.27,-0.4454792243767313,0.5466703601108033,358,0.06611265004616805,51,0.009418282548476454,268,0.0494921514312096,1009,0.18633425669436748,3356,0.6197599261311173,285,0.05263157894736842,88,0.016251154201292705,3.5,11.25,8.63,12.25,455.74,2.0
2020-07-10,4274,-1885.02,-0.4410435189518016,0.5420215255030416,285,0.06668226485727656,58,0.01357042583060365,285,0.06668226485727656,859,0.20098268600842303,2497,0.584230229293402,230,0.05381375760411792,60,0.014038371548900327,1.5,11.0,5.25,6.0,278.87,3.75
2020-07-17,5873,-2658.87,-0.45272773710199216,0.5490941597139452,363,0.061808275157500425,55,0.009364890175378853,380,0.06470287757534479,1062,0.18082751575004258,3596,0.6122935467393155,315,0.05363528009535161,102,0.017367614507066236,2.5,21.62,8.13,14.25,629.62,1.5
2020-07-24,9461,-4599.46,-0.4861494556600782,0.5568977909311913,467,0.049360532713243845,57,0.006024733114892718,579,0.061198604798647076,1474,0.15579748440968186,6406,0.6770954444561885,352,0.03720536941126731,125,0.013212134023887538,6.5,36.75,8.0,8.25,1282.61,0.5
2020-07-31,9372,-4335.76,-0.4626291079812207,0.5505271020059752,586,0.06252667520273154,72,0.0076824583866837385,511,0.05452411438326931,1665,0.17765685019206146,6022,0.6425522833973538,382,0.040759709773794284,133,0.014191207853179684,1.75,12.0,14.88,10.75,974.99,4.25
2020-08-07,5016,-2304.12,-0.4593540669856459,0.5471551036682616,288,0.05741626794258373,29,0.0057814992025518345,249,0.049641148325358854,786,0.15669856459330145,3308,0.6594896331738437,260,0.051834130781499205,96,0.019138755980861243,3.5,9.0,6.75,9.63,588.24,0.5
2020-08-14,8261,-3816.64,-0.4620070209417746,0.554135092603801,552,0.0668199975789856,62,0.007505144655610701,453,0.05483597627405883,1898,0.22975426703788887,4862,0.5885486018641811,303,0.036678368236291004,130,0.015736593632732113,1.0,12.25,10.13,9.25,985.99,2.25
2020-08-21,4707,-2003.19,-0.4255768005098789,0.5383173996175908,351,0.0745697896749522,58,0.01232207350754196,231,0.049075844486934354,823,0.17484597408115574,2896,0.615253877204164,260,0.05523688124070533,88,0.01869555980454642,3.5,12.0,6.75,10.0,457.62,1.5
2020-08-28,4252,-1856.57,-0.43663452492944493,0.541650987770461,303,0.07126058325493885,48,0.011288805268109126,250,0.05879586077140169,745,0.17521166509877706,2627,0.617826904985889,209,0.049153339604891814,69,0.016227657572906867,3.0,18.88,15.0,13.0,472.12,0.5
2020-09-04,5293,-2055.02,-0.3882524088418666,0.5329132816928018,556,0.10504439826185528,85,0.016058945777441904,335,0.06329113924050633,919,0.17362554317022483,2985,0.5639523899489892,314,0.059323634989608916,99,0.018703948611373512,2.0,21.5,9.13,10.0,351.5,2.5
2020-09-11,3513,-1595.76,-0.4542442356959863,0.5466922857956162,228,0.06490179333902647,35,0.009962994591517222,172,0.04896100199259892,647,0.18417307144890407,2232,0.6353543979504697,166,0.04725306006262454,33,0.009393680614859094,1.0,7.75,4.25,7.62,357.88,0.75
2020-09-18,4024,-1828.22,-0.4543290258449304,0.5435213717693838,238,0.059145129224652086,35,0.008697813121272366,166,0.04125248508946322,656,0.16302186878727634,2663,0.661779324055666,218,0.05417495029821073,48,0.011928429423459244,1.0,5.5,8.0,4.5,358.0,3.25
2020-09-25,3685,-1625.54,-0.441123473541384,0.5437340569877883,247,0.06702849389416554,37,0.010040705563093623,151,0.040976933514246944,645,0.17503392130257803,2358,0.6398914518317503,172,0.04667571234735414,74,0.020081411126187245,1.0,4.75,8.25,3.75,261.88,1.0
2020-10-02,3784,-1573.78,-0.41590380549682876,0.5365856236786469,326,0.08615221987315011,51,0.013477801268498943,145,0.038319238900634246,708,0.18710359408033828,2288,0.6046511627906976,178,0.04704016913319239,88,0.023255813953488372,1.0,3.25,2.75,5.5,381.63,3.0
2020-10-09,2996,-1327.24,-0.4430040053404539,0.5475767690253671,200,0.06675567423230974,37,0.012349799732977304,142,0.04739652870493992,468,0.15620827770360482,1933,0.6451935914552737,176,0.05874499332443257,40,0.01335113484646195,0.5,6.25,6.25,1.5,454.87,1.0
2020-10-16,4218,-1916.29,-0.4543124703651019,0.5404362256993835,234,0.05547652916073969,40,0.00948316737790422,137,0.03247984826932195,778,0.1844476055002371,2772,0.6571834992887624,181,0.0429113323850166,76,0.018018018018018018,1.0,7.0,3.25,2.75,485.47,1.0
2020-10-23,2943,-1296.9,-0.44067278287461775,0.5422358137954468,207,0.07033639143730887,33,0.011213047910295617,106,0.036017669045191984,474,0.16106014271151886,1934,0.6571525654094461,142,0.048250084947332655,47,0.015970098538905877,0.5,4.5,5.25,3.75,242.62,0.25
2020-10-30,2724,-1235.62,-0.45360499265785603,0.5441556534508076,165,0.0605726872246696,15,0.005506607929515419,142,0.052129221732745964,468,0.17180616740088106,1746,0.6409691629955947,145,0.05323054331864904,43,0.0157856093979442,1.5,11.75,5.75,7.38,270.59,0.0
2020-11-06,2236,-946.52,-0.42330948121645795,0.5387030411449016,179,0.08005366726296959,19,0.00849731663685152,122,0.05456171735241502,407,0.18202146690518783,1323,0.5916815742397138,152,0.06797853309481217,34,0.01520572450805009,0.5,12.5,3.0,6.0,175.75,0.5
2020-11-13,3683,-1651.14,-0.44831387455878363,0.547390714091773,264,0.0716806950855281,48,0.0130328536519142,194,0.05267445017648656,489,0.13277219657887593,2491,0.676350800977464,157,0.04262829215313603,40,0.010860711376595167,0.5,10.25,3.75,1.0,639.48,0.0
2020-11-20,2541,-1131.75,-0.44539551357733176,0.547642660369933,175,0.06887052341597796,25,0.009838646202282565,101,0.03974813065722157,359,0.14128295946477765,1713,0.6741440377804014,126,0.049586776859504134,42,0.01652892561983471,0.0,9.63,3.75,1.25,320.62,0.25
2020-11-27,2133,-874.29,-0.409887482419128,0.5316268166901078,155,0.07266760431317393,35,0.016408813877168308,95,0.04453820909517112,402,0.18846694796061886,1262,0.5916549460853259,125,0.05860290670417253,59,0.027660571964369433,0.5,3.75,2.5,5.75,171.25,1.0
2020-12-04,4540,-1960.43,-0.43181277533039647,0.536942731277533,333,0.07334801762114537,50,0.011013215859030838,149,0.03281938325991189,735,0.1618942731277533,2957,0.6513215859030838,256,0.05638766519823789,60,0.013215859030837005,0.0,4.5,4.0,5.25,619.86,1.25
2020-12-11,4896,-2164.82,-0.4421609477124183,0.548045343137255,346,0.07066993464052287,66,0.013480392156862746,287,0.058619281045751634,786,0.16053921568627452,3105,0.6341911764705882,258,0.05269607843137255,48,0.00980392156862745,3.25,10.75,8.75,5.5,664.05,3.5
2020-12-18,5768,-2625.53,-0.45518897364771155,0.5491886269070735,367,0.06362690707350901,58,0.010055478502080445,197,0.03415395284327323,751,0.1302011095700416,4027,0.6981622746185853,243,0.042128987517337034,124,0.021497919556171984,1.5,6.5,6.75,3.0,653.37,6.5
2020-12-25,6655,-3132.6,-0.4707137490608565,0.5555972952667168,408,0.061307287753568744,55,0.008264462809917356,196,0.02945154019534185,918,0.1379413974455297,4734,0.7113448534936139,242,0.03636363636363636,102,0.015326821938392186,2.25,1.0,4.5,1.5,1323.41,7.25
2021-01-01,3905,-1732.79,-0.4437362355953905,0.5431395646606915,289,0.07400768245838668,39,0.00998719590268886,151,0.038668373879641484,545,0.13956466069142126,2680,0.6862996158770807,161,0.0412291933418694,40,0.010243277848911651,1.5,4.0,8.75,4.5,521.12,1.5
2021-01-08,4486,-1958.27,-0.4365292019616585,0.5478332590280873,330,0.07356219349086046,70,0.01560410164957646,243,0.05416852429781543,613,0.13664734730271957,2937,0.654703522068658,233,0.0519393669193045,60,0.013374944271065538,3.25,15.25,8.0,6.5,697.88,0.0
2021-01-15,4398,-1707.27,-0.3881923601637108,0.5224124602091861,378,0.08594815825375171,66,0.015006821282401092,223,0.050704865848112776,774,0.17598908594815826,2522,0.5734424738517508,265,0.06025466120964074,168,0.03819918144611187,5.5,16.25,2.5,4.75,481.12,1.0
2021-01-22,3973,-1732.92,-0.4361741756858797,0.5393833375283161,300,0.07550969041026932,37,0.00931286181726655,158,0.03976843694940851,616,0.15504656430908634,2617,0.6586961993455827,189,0.04757110495846967,55,0.013843443241882709,3.75,8.25,3.75,2.0,340.0,1.75
2021-01-29,4248,-1698.55,-0.3998469868173258,0.5388323917137476,321,0.07556497175141243,140,0.03295668549905838,171,0.04025423728813559,549,0.1292372881355932,2748,0.6468926553672316,234,0.05508474576271186,85,0.020009416195856874,2.75,4.0,2.25,20.12,415.49,0.5
2021-02-05,3884,-1628.64,-0.4193202883625129,0.5489598352214212,306,0.07878475798146241,80,0.02059732234809475,190,0.04891864057672503,433,0.11148300720906282,2576,0.6632337796086509,242,0.06230690010298661,57,0.014675592173017508,2.0,5.75,2.88,31.25,187.25,3.25
2021-02-12,3836,-1681.88,-0.4384462982273202,0.5422497393117831,268,0.06986444212721585,45,0.01173096976016684,157,0.04092805005213764,508,0.132429614181439,2586,0.6741397288842544,219,0.05709071949947862,53,0.013816475495307613,1.5,10.75,7.75,4.5,440.5,0.0
2021-02-19,3921,-1667.28,-0.42521805661820966,0.5405304769191533,281,0.07166539148176486,56,0.01428207090028054,169,0.043101249681203775,642,0.1637337413925019,2453,0.6256057128283601,236,0.060188727365467994,84,0.02142310635042081,7.5,14.25,2.75,6.63,261.74,0.25
2021-02-26,2966,-1265.88,-0.42679703304113287,0.5361834120026973,224,0.07552258934592043,21,0.0070802427511800405,128,0.04315576534052596,410,0.13823331085637222,1941,0.6544167228590695,180,0.060687795010114634,62,0.020903573836817263,2.5,5.75,2.75,4.38,252.99,0.0
2021-03-05,4343,-1958.14,-0.4508726686622151,0.5451991710798987,274,0.06309002993322588,35,0.008058945429426664,202,0.046511627906976744,613,0.14114667280681556,2909,0.6698134929772047,248,0.05710338475708036,62,0.01427584618927009,7.75,15.25,0.5,5.75,611.49,1.5
2021-03-12,3556,-1431.19,-0.4024718785151856,0.5323312710911137,332,0.09336332958380203,55,0.01546681664791901,202,0.05680539932508436,620,0.17435320584926883,2103,0.5913948256467941,194,0.05455568053993251,50,0.0140607424071991,2.0,12.88,14.0,15.5,322.38,0.5
2021-03-19,4496,-1780.66,-0.3960542704626335,0.52918371886121,433,0.09630782918149466,67,0.014902135231316727,208,0.046263345195729534,655,0.14568505338078291,2800,0.6227758007117438,261,0.058051601423487545,72,0.01601423487544484,8.5,17.63,10.0,5.38,586.75,0.0
2021-03-26,3801,-1486.68,-0.3911286503551697,0.5370902394106815,369,0.09707971586424625,72,0.018942383583267563,168,0.04419889502762431,469,0.12338858195211787,2432,0.6398316232570376,239,0.06287818995001315,52,0.013680610365693239,4.5,15.5,6.5,3.25,620.12,1.5
2021-04-02,4221,-1820.75,-0.4313551291163231,0.5335607675906183,302,0.07154702677090737,45,0.010660980810234541,190,0.045013030087656954,639,0.1513859275053305,2766,0.6552949538024165,220,0.05212035062781331,59,0.013977730395640844,6.0,5.0,3.75,6.25,508.62,0.5
2021-04-09,5020,-2285.91,-0.45536055776892426,0.5435019920318725,265,0.052788844621513946,66,0.013147410358565738,156,0.031075697211155377,592,0.11792828685258964,3633,0.7237051792828685,224,0.04462151394422311,83,0.016533864541832668,2.0,5.25,2.75,1.75,557.87,2.5
2021-04-16,3380,-1369.16,-0.4050769230769231,0.5303491124260354,288,0.08520710059171598,50,0.014792899408284023,162,0.04792899408284024,540,0.15976331360946747,2070,0.6124260355029586,214,0.06331360946745562,56,0.016568047337278107,4.25,9.5,6.25,3.5,208.0,0.5
2021-04-23,3320,-1325.89,-0.39936445783132535,0.5249849397590362,273,0.0822289156626506,50,0.015060240963855422,163,0.04909638554216868,445,0.13403614457831325,2112,0.636144578313253,218,0.06566265060240964,59,0.017771084337349398,3.25,6.0,7.88,5.5,447.86,0.5
2021-04-30,4393,-1957.29,-0.4455474618711587,0.5400204871386296,289,0.06578647848850444,40,0.009105394946505805,164,0.0373321192806738,591,0.13453221033462326,3023,0.6881402230821762,195,0.044388800364215796,91,0.020714773503300705,6.25,14.5,6.25,4.25,528.75,1.5
2021-05-07,5888,-2454.1,-0.416796875,0.5460716711956521,542,0.09205163043478261,74,0.012567934782608696,234,0.03974184782608696,806,0.13688858695652173,3851,0.6540421195652174,293,0.04976222826086957,88,0.014945652173913044,14.63,12.75,5.25,8.88,341.49,1.0
2021-05-14,4125,-1761.92,-0.42713212121212124,0.5364484848484848,315,0.07636363636363637,61,0.014787878787878787,185,0.044848484848484846,581,0.14084848484848486,2726,0.6608484848484848,177,0.04290909090909091,80,0.019393939393939394,8.37,11.75,5.0,5.25,204.75,0.25
2021-05-21,3154,-1220.29,-0.3869023462270133,0.5244800253646164,304,0.0963855421686747,51,0.016169942929613188,136,0.04311984781230184,496,0.15726062143310082,1909,0.6052631578947368,189,0.05992390615091947,69,0.02187698161065314,9.75,9.75,4.0,7.75,192.87,0.0
2021-05-28,3547,-1442.89,-0.4067916549196504,0.5308260501832535,285,0.08034959120383423,51,0.014378347899633492,201,0.056667606427967296,510,0.14378347899633492,2187,0.6165773893431068,252,0.07104595432760079,61,0.017197631801522412,14.75,24.25,1.5,8.75,440.37,0.0
2021-06-04,4172,-1868.41,-0.4478451581975072,0.5390604026845638,281,0.06735378715244487,25,0.005992329817833174,164,0.039309683604985615,804,0.19271332694151486,2650,0.6351869606903164,181,0.04338446788111218,66,0.015819750719079578,6.26,8.75,5.25,2.5,327.0,2.0
2021-06-11,3117,-1315.7,-0.4221045877446263,0.5344786653833815,249,0.07988450433108758,31,0.009945460378569138,200,0.06416426050689766,495,0.1588065447545717,1927,0.6182226499839589,181,0.05806865575874238,34,0.010907924286172602,11.75,16.13,2.0,6.0,256.5,1.75
2021-06-18,3470,-1450.17,-0.41791642651296834,0.5343487031700288,268,0.07723342939481267,60,0.01729106628242075,161,0.04639769452449568,534,0.15389048991354468,2203,0.6348703170028819,183,0.05273775216138329,61,0.017579250720461095,6.0,15.5,2.5,10.38,245.5,0.0
2021-06-25,2867,-1113.28,-0.3883083362399721,0.5346703871642833,273,0.0952214858737356,47,0.01639344262295082,152,0.053017091035926056,509,0.17753749564004184,1615,0.5633065922567143,208,0.07254970352284618,63,0.021974189047785142,5.75,13.38,4.75,5.0,169.5,0.5
2021-07-02,1387,-605.51,-0.4365609228550829,0.5428262436914203,94,0.06777217015140591,25,0.01802451333813987,58,0.0418168709444845,239,0.17231434751261715,880,0.6344628695025234,69,0.04974765681326604,21,0.01514059120403749,1.5,5.5,2.0,3.25,90.75,1.0
2021-07-09,1507,-657.26,-0.43613802256138023,0.5363370935633709,89,0.059057730590577305,21,0.013934970139349702,50,0.033178500331785,187,0.12408759124087591,1040,0.6901128069011281,87,0.0577305905773059,33,0.021897810218978103,3.0,3.0,0.5,2.0,113.75,0.5
2021-07-16,2149,-866.76,-0.40333178222429034,0.5283992554676593,187,0.08701721731037693,29,0.013494648673801768,132,0.06142391810144253,337,0.15681712424383434,1291,0.6007445323406235,143,0.0665425779432294,30,0.013959981386691484,9.0,14.13,5.75,6.0,127.5,0.0
2021-07-23,1869,-781.02,-0.4178812199036918,0.5311182450508293,137,0.07330123060460139,27,0.014446227929373997,81,0.04333868378812199,285,0.15248796147672553,1183,0.6329588014981273,120,0.06420545746388442,36,0.019261637239165328,3.0,5.38,2.25,4.13,96.25,1.5
2021-07-30,1965,-812.66,-0.41356743002544527,0.5352010178117049,147,0.07480916030534351,28,0.014249363867684479,125,0.06361323155216285,357,0.18167938931297709,1136,0.5781170483460559,140,0.07124681933842239,32,0.01628498727735369,6.38,11.0,7.25,9.25,122.12,0.0
2021-08-06,2339,-972.92,-0.4159555365540829,0.526532706284737,158,0.0675502351432236,33,0.01410859341598974,131,0.056006840530141086,381,0.1628901239846088,1440,0.6156477126977341,136,0.05814450619923044,60,0.025651988029072252,3.87,15.76,3.0,4.0,93.37,0.0
2021-08-13,2015,-813.11,-0.4035285359801489,0.5258114143920596,176,0.08734491315136476,9,0.004466501240694789,84,0.04168734491315137,355,0.1761786600496278,1211,0.6009925558312655,145,0.07196029776674938,35,0.017369727047146403,4.5,8.87,3.25,1.5,97.12,0.5
2021-08-20,2087,-914.77,-0.4383181600383325,0.5388883564925732,142,0.0680402491614758,17,0.008145663632007666,75,0.035936751317680884,285,0.13655965500718736,1409,0.6751317680881649,120,0.057498802108289414,39,0.018687110685194058,1.25,2.5,3.5,0.75,196.38,1.0
2021-08-27,2075,-843.39,-0.4064530120481928,0.5267662650602409,168,0.08096385542168674,25,0.012048192771084338,107,0.051566265060240965,358,0.1725301204819277,1246,0.6004819277108434,125,0.060240963855421686,46,0.02216867469879518,2.0,6.25,3.25,6.0,149.75,0.5
2021-09-03,2856,-1217.03,-0.4261309523809524,0.5350350140056023,214,0.07492997198879552,29,0.01015406162464986,156,0.0546218487394958,501,0.17542016806722688,1744,0.6106442577030813,176,0.06162464985994398,35,0.012254901960784314,5.75,7.5,2.5,6.25,180.0,2.5
2021-09-10,2471,-1037.5,-0.4198704977741805,0.5362282476730069,198,0.08012950222581951,24,0.00971266693646297,124,0.05018211250505868,400,0.16187778227438285,1538,0.622420072845002,153,0.06191825171995144,34,0.013759611493322542,3.88,5.75,5.5,3.0,189.37,0.5
2021-09-17,2921,-1271.66,-0.43535090722355363,0.5390516946251284,200,0.06846970215679561,27,0.009243409791167409,156,0.05340636768230058,422,0.14447107155083874,1885,0.6453269428277987,172,0.05888394385484423,59,0.02019856213625471,5.75,5.0,1.75,8.5,320.0,0.25
2021-09-24,3412,-1456.55,-0.426890386869871,0.5370222743259085,240,0.07033997655334115,29,0.008499413833528723,208,0.06096131301289566,516,0.15123094958968347,2112,0.6189917936694022,251,0.07356389214536929,55,0.01611957796014068,4.0,11.75,5.25,12.75,233.25,1.5
2021-10-01,2467,-1113.86,-0.4515038508309687,0.5434819618970409,148,0.05999189298743413,19,0.007701661937576003,123,0.04985812728009728,347,0.14065666801783544,1637,0.6635589785164167,148,0.05999189298743413,45,0.018240778273206325,0.5,3.75,2.5,4.0,346.74,0.5
2021-10-08,2533,-1118.78,-0.44168180023687326,0.5386142913541255,140,0.05527043031977892,32,0.012633241215949467,149,0.058823529411764705,443,0.17489143308330043,1561,0.616265298065535,154,0.06079747335175681,54,0.021318594551914725,1.5,12.5,1.75,6.0,247.0,1.25
2021-10-15,1261,-495.77,-0.39315622521808086,0.538588421887391,111,0.0880253766851705,33,0.026169706582077717,67,0.05313243457573354,221,0.17525773195876287,716,0.5678033306899286,78,0.061855670103092786,35,0.02775574940523394,1.88,2.38,1.75,5.0,55.62,0.25
2021-10-22,1191,-499.68,-0.4195465994962217,0.5355247691015953,79,0.06633081444164568,20,0.016792611251049538,67,0.056255247691015954,223,0.18723761544920234,705,0.5919395465994962,75,0.06297229219143577,22,0.018471872376154493,4.5,1.5,0.0,2.0,66.25,0.0
2021-10-29,2480,-1091.57,-0.44014919354838705,0.5373387096774194,153,0.06169354838709677,18,0.007258064516129033,139,0.05604838709677419,336,0.13548387096774195,1632,0.6580645161290323,150,0.06048387096774194,52,0.020967741935483872,3.75,15.25,4.75,2.25,191.38,1.25
2021-11-05,2124,-851.77,-0.4010216572504708,0.5332203389830508,165,0.07768361581920905,36,0.01694915254237288,90,0.0423728813559322,359,0.1690207156308851,1253,0.589924670433145,152,0.07156308851224105,69,0.03248587570621469,3.25,7.5,3.5,4.5,92.37,0.75
2021-11-12,3166,-1366.16,-0.43150979153506,0.5432596336070752,245,0.07738471257106759,28,0.008843967150979154,155,0.04895767530006317,481,0.15192672141503474,2028,0.640555906506633,189,0.05969677826910929,40,0.012634238787113077,16.75,15.63,3.75,10.75,263.25,3.0
2021-11-19,2583,-1092.9,-0.4231126596980256,0.5367440960123887,171,0.06620209059233449,36,0.013937282229965157,140,0.05420054200542006,370,0.143244289585753,1635,0.6329849012775842,181,0.07007355787843593,49,0.018970189701897018,3.25,4.75,3.25,7.5,131.25,3.5
2021-11-26,1991,-866.97,-0.4354445002511301,0.5480261175288799,145,0.07282772476142642,37,0.01858362631843295,98,0.04922149673530889,282,0.14163736815670516,1300,0.6529382219989954,102,0.051230537418382724,27,0.013561024610748368,4.25,15.37,3.25,4.0,70.87,0.5
2021-12-03,1493,-581.38,-0.3894038847957133,0.5250569323509712,133,0.08908238446081715,11,0.007367716008037508,72,0.04822505023442733,274,0.18352310783657066,833,0.5579370395177495,119,0.07970529135967849,51,0.03415941058271936,6.25,8.5,3.75,10.0,29.5,2.25
2021-12-10,2665,-1093.89,-0.41046529080675426,0.537639774859287,207,0.0776735459662289,36,0.01350844277673546,141,0.05290806754221388,403,0.15121951219512195,1632,0.6123827392120075,184,0.06904315196998125,62,0.02326454033771107,4.5,14.25,7.0,9.25,128.25,4.25
2021-12-17,2972,-1353.38,-0.4553768506056528,0.5473317631224764,179,0.06022880215343203,24,0.008075370121130552,162,0.05450874831763122,394,0.1325706594885599,2002,0.6736204576043069,166,0.05585464333781965,45,0.015141318977119785,8.5,20.88,6.0,6.0,241.75,1.0
2021-12-24,3698,-1611.27,-0.4357138994050838,0.5455083829096808,288,0.07787993510005409,31,0.0083829096809086,149,0.0402920497566252,508,0.13737155219037317,2480,0.670632774472688,196,0.05300162249864792,46,0.012439156300703082,6.0,11.76,11.5,2.5,608.0,0.0
2021-12-31,3274,-1394.37,-0.42589187538179596,0.5420036652412951,270,0.0824679291386683,27,0.008246792913866829,135,0.04123396456933415,614,0.18753817959682345,1986,0.6065974343310935,189,0.057727550397067805,53,0.016188149053146,2.25,15.5,13.25,3.62,180.5,1.0
2022-01-07,3089,-1296.27,-0.419640660407899,0.5401683392683716,266,0.08611201035933959,32,0.010359339592101004,154,0.04985432178698608,581,0.18808675946908385,1818,0.5885399805762382,186,0.06021366137908708,52,0.016833926837164132,5.0,15.0,15.0,6.25,118.0,0.5
2022-01-14,2755,-1183.78,-0.4296842105263158,0.5378294010889292,200,0.07259528130671507,30,0.010889292196007259,145,0.05263157894736842,409,0.1484573502722323,1755,0.6370235934664247,165,0.05989110707803993,51,0.018511796733212342,6.88,15.5,6.0,5.63,168.88,0.0
2022-01-21,3245,-1268.54,-0.3909214175654854,0.5391556240369799,332,0.10231124807395994,59,0.01818181818181818,144,0.044375963020030815,518,0.1596302003081664,1949,0.6006163328197226,175,0.053929121725731895,68,0.020955315870570108,2.75,6.25,4.75,5.75,345.88,2.5
2022-01-28,3183,-1330.91,-0.4181306943135407,0.5406660383286208,267,0.08388312912346843,35,0.010995915802701853,205,0.06440464970153943,596,0.18724473766886585,1823,0.5727301288092994,210,0.06597549481621112,47,0.014765944077913918,5.75,29.5,12.0,6.75,120.25,2.0
2022-02-04,2499,-1021.43,-0.4087354941976791,0.5416006402561024,217,0.08683473389355742,36,0.014405762304921969,132,0.05282112845138055,378,0.15126050420168066,1527,0.6110444177671068,169,0.06762705082032813,40,0.01600640256102441,6.13,12.75,6.25,4.25,190.12,1.0
2022-02-11,3519,-1674.0,-0.47570332480818417,0.5524751349815289,145,0.04120488775220233,37,0.010514350667803353,145,0.04120488775220233,538,0.15288434214265417,2425,0.6891162262006252,182,0.051719238420005684,47,0.013356067064506962,7.75,19.62,4.0,6.25,175.87,0.0
2022-02-18,2771,-1253.4,-0.45232767953807296,0.546300974377481,158,0.05701912666907254,23,0.008300252616383976,129,0.04655359076145796,401,0.14471309996391193,1847,0.6665463731504871,167,0.06026705160591844,46,0.016600505232767952,12.75,13.75,4.0,2.88,184.25,0.5
2022-02-25,3690,-1530.54,-0.41478048780487803,0.5352872628726287,287,0.07777777777777778,40,0.01084010840108401,207,0.05609756097560976,705,0.1910569105691057,2133,0.5780487804878048,205,0.05555555555555555,112,0.03035230352303523,2.75,7.75,2.25,4.0,120.87,1.5
2022-03-04,3005,-1179.2,-0.39241264559068223,0.5392945091514143,273,0.0908485856905158,56,0.018635607321131446,250,0.08319467554076539,497,0.1653910149750416,1641,0.546089850249584,202,0.06722129783693843,86,0.028618968386023295,2.0,8.75,0.5,5.37,51.17,0.5
2022-03-11,3570,-1579.52,-0.4424425770308123,0.5497394957983193,241,0.06750700280112044,34,0.009523809523809525,220,0.06162464985994398,663,0.18571428571428572,2145,0.6008403361344538,206,0.057703081232493,61,0.017086834733893556,15.62,11.0,1.25,3.75,143.12,0.5
2022-03-18,3144,-1381.28,-0.4393384223918575,0.5474522900763359,198,0.06297709923664122,37,0.011768447837150127,225,0.0715648854961832,588,0.18702290076335878,1825,0.580470737913486,213,0.06774809160305344,58,0.018447837150127225,5.0,16.5,2.25,3.75,121.62,0.5
2022-03-25,2454,-1052.76,-0.4289975550122249,0.544637326813366,182,0.07416462917685411,32,0.013039934800325998,122,0.04971475142624287,407,0.16585167074164628,1518,0.6185819070904646,143,0.0582722086389568,50,0.020374898125509373,3.75,5.75,1.5,1.0,223.62,0.0
2022-04-01,3873,-1801.6,-0.4651691195455719,0.5560934675961787,216,0.055770720371804805,33,0.008520526723470178,156,0.040278853601859024,640,0.16524657887942162,2545,0.6571133488252001,209,0.05396333591531113,73,0.01884843790343403,5.5,6.5,3.0,2.0,633.42,1.25
2022-04-08,3658,-1505.17,-0.41147348277747403,0.539316566429743,364,0.09950792782941498,30,0.008201202843083653,203,0.055494805904866044,625,0.17085839256424276,2204,0.6025150355385457,175,0.047840349917987975,57,0.01558228540185894,6.25,13.63,15.0,5.88,189.25,0.5
2022-04-15,3313,-1362.89,-0.41137639601569576,0.5331029278599457,255,0.07696951403561726,41,0.012375490492001207,143,0.04316329610624811,487,0.14699667974645336,2072,0.6254150316933293,240,0.0724418955629339,75,0.022638092363416844,3.75,6.63,4.88,4.0,106.0,3.5
2022-04-22,3181,-1455.12,-0.4574410562716127,0.5494781515246778,209,0.06570260924237661,21,0.006601697579377554,125,0.039295818924866395,495,0.15561144294247092,2132,0.6702294875825212,171,0.05375668028921723,28,0.008802263439170073,10.5,8.62,5.75,2.75,250.5,4.13
2022-04-29,3280,-1456.0,-0.44390243902439025,0.541204268292683,209,0.06371951219512195,21,0.0064024390243902435,167,0.05091463414634146,601,0.18323170731707317,2033,0.6198170731707318,195,0.05945121951219512,54,0.016463414634146342,12.13,16.5,9.88,4.25,297.45,2.25
2022-05-06,3902,-1632.11,-0.41827524346488976,0.5407175807278319,293,0.07508969759097898,48,0.01230138390568939,239,0.061250640697078425,696,0.17837006663249616,2267,0.5809841107124551,253,0.06483854433623783,105,0.026909277293695542,9.5,15.13,6.25,7.75,148.09,0.75
2022-05-13,3797,-1706.27,-0.4493731893600211,0.54548327627074,238,0.06268106399789307,34,0.008954437713984725,165,0.04345535949433763,577,0.15196207532262312,2511,0.6613115617592836,220,0.057940479325783514,50,0.01316829075585989,5.75,12.0,5.0,6.25,272.12,0.0
2022-05-20,5590,-2550.67,-0.45629159212880144,0.5486726296958855,333,0.05957066189624329,55,0.009838998211091235,277,0.04955277280858676,1045,0.18694096601073346,3508,0.6275491949910554,288,0.05152057245080501,84,0.015026833631484795,12.75,18.25,6.5,8.75,316.23,0.0
2022-05-27,3682,-1594.93,-0.4331694731124389,0.5435768604019555,286,0.07767517653449213,38,0.010320478001086366,179,0.048614883215643674,760,0.20640956002172733,2184,0.5931558935361216,194,0.052688756110809344,41,0.011135252580119501,8.25,12.88,14.25,8.63,223.13,0.5
2022-06-03,3403,-1474.4,-0.43326476638260364,0.5443549808992066,275,0.08081104907434616,29,0.008521892447840141,165,0.0484866294446077,564,0.16573611519247722,2135,0.6273875991771966,173,0.050837496326770495,62,0.01821921833676168,7.0,17.0,9.75,6.0,151.75,0.5
2022-06-10,5811,-2657.72,-0.4573601789709172,0.5480037859232489,359,0.061779383927034935,46,0.00791602133884013,275,0.047324040612631214,1056,0.18172431595250388,3701,0.6368955429358114,298,0.05128205128205128,76,0.013078643951127173,25.25,19.5,18.13,7.0,494.12,1.5
2022-06-17,6277,-2673.8,-0.42596781902182573,0.5434570654771388,500,0.07965588657001753,61,0.009718018161542137,389,0.06197227975147363,1269,0.20216664011470448,3563,0.5676278476979448,394,0.0627688386171738,101,0.01609048908714354,19.25,31.38,24.14,13.5,271.12,2.25
2022-06-24,7070,-3176.27,-0.44926025459688823,0.5503677510608204,467,0.06605374823196605,51,0.0072135785007072135,311,0.04398868458274399,1162,0.16435643564356436,4549,0.6434229137199434,400,0.056577086280056574,130,0.018387553041018388,17.75,28.75,15.75,7.0,577.25,0.5
2022-07-01,3992,-1670.74,-0.41852204408817634,0.5420991983967935,349,0.0874248496993988,31,0.0077655310621242485,252,0.06312625250501001,717,0.17960921843687375,2316,0.5801603206412825,247,0.06187374749498998,80,0.02004008016032064,16.5,20.87,19.88,5.25,180.37,0.5
2022-07-08,2990,-1260.54,-0.42158528428093645,0.5424983277591973,229,0.0765886287625418,26,0.008695652173913044,145,0.048494983277591976,524,0.17525083612040135,1788,0.5979933110367893,215,0.07190635451505016,63,0.021070234113712373,4.5,6.0,10.25,5.0,207.0,3.0
2022-07-15,4059,-1736.27,-0.4277580684897758,0.5366518847006652,279,0.06873614190687362,31,0.007637349100763735,217,0.05346144370534615,800,0.1970928800197093,2339,0.576250307957625,293,0.07218526730721853,99,0.024390243902439025,23.88,16.87,12.0,4.63,236.25,1.5
2022-07-22,4262,-1919.17,-0.45029798216799627,0.5457719380572501,271,0.06358517128108869,40,0.009385265133740028,209,0.049038010323791646,754,0.17691224777099954,2698,0.6330361332707649,257,0.06030032848427968,33,0.0077428437353355235,6.12,14.0,13.0,8.0,286.75,3.25
2022-07-29,4327,-1865.39,-0.43110469147215164,0.5400831985209152,304,0.07025652877282182,37,0.00855095909406055,206,0.04760804252368847,755,0.17448578691934366,2655,0.6135890917494801,295,0.06817656574994223,74,0.0171019181881211,9.25,16.0,28.5,4.0,251.62,0.5
2022-08-05,2884,-1174.41,-0.4072156726768378,0.5358668515950069,254,0.08807212205270458,17,0.005894590846047157,151,0.05235783633841886,505,0.17510402219140084,1691,0.5863384188626907,197,0.06830790568654646,69,0.0239251040221914,8.25,12.75,19.75,5.0,109.0,3.75
2022-08-12,3253,-1389.97,-0.42728865662465415,0.534970796188134,254,0.07808177067322472,27,0.008300030740854596,144,0.044266830617891176,459,0.14110052259452813,2138,0.657239471257301,173,0.05318167845066093,58,0.0178296956655395,10.75,5.25,7.25,4.75,224.55,1.5
2022-08-19,2636,-1177.0,-0.44650986342943855,0.5419461305007587,154,0.05842185128983308,26,0.009863429438543247,95,0.036039453717754175,398,0.15098634294385432,1765,0.6695751138088012,156,0.05918057663125948,42,0.015933232169954476,1.5,9.75,9.25,4.25,234.75,1.0
2022-08-26,5213,-2231.86,-0.4281335123729139,0.545075772108191,430,0.0824860924611548,69,0.013236140418185306,203,0.03894110876654518,678,0.13005946671782084,3485,0.6685210051793593,282,0.054095530404757335,66,0.01266065605217725,6.88,6.75,14.75,7.75,1013.36,1.0
2022-09-02,5445,-2355.91,-0.432674012855831,0.540080808080808,422,0.07750229568411386,38,0.006978879706152434,266,0.048852157943067034,863,0.15849403122130395,3489,0.6407713498622589,292,0.05362718089990817,75,0.013774104683195593,2.75,15.0,7.38,4.0,503.63,1.0
2022-09-09,4849,-2114.14,-0.4359950505258816,0.54277170550629,368,0.07589193648174881,32,0.006599298824499897,238,0.049082285007217986,851,0.17550010311404413,3028,0.6244586512683027,248,0.0511445658898742,84,0.017323159414312228,6.75,13.0,8.25,8.25,150.5,2.0
2022-09-16,4773,-2029.17,-0.4251351351351351,0.5372847265870522,368,0.07710035617012362,41,0.008589985334171381,269,0.05635868426566101,828,0.17347580138277813,2904,0.6084223758642363,266,0.05573014875340457,96,0.02011313639220616,19.0,23.63,5.75,5.75,234.38,2.0
2022-09-23,4227,-1799.91,-0.4258126330731015,0.5380529926661934,321,0.07594038325053229,36,0.008516678495386799,225,0.053229240596167494,785,0.18571090607996216,2515,0.5949846226638278,268,0.06340193991010172,77,0.018216229004021766,15.75,22.0,7.0,3.5,215.38,0.0
2022-09-30,6445,-2789.93,-0.4328828549262994,0.5434429790535298,488,0.07571761055081458,40,0.0062063615205585725,362,0.05616757176105508,1137,0.17641582622187743,3898,0.6048099301784329,415,0.0643910007757952,105,0.016291698991466253,11.0,40.75,8.5,21.25,570.86,1.25
2022-10-07,4949,-2139.79,-0.4323681551828652,0.5429480703172358,353,0.07132754091735705,59,0.011921600323297636,214,0.04324105879975753,891,0.1800363709840372,3057,0.6177005455647605,300,0.06061830672863205,75,0.015154576682158012,5.25,27.25,15.38,5.0,391.11,0.5
2022-10-14,7168,-3238.13,-0.45174804687500003,0.5530580357142857,486,0.06780133928571429,82,0.011439732142857142,335,0.04673549107142857,1093,0.15248325892857142,4730,0.6598772321428571,339,0.04729352678571429,103,0.014369419642857142,8.5,44.5,20.0,13.5,597.5,6.75
2022-10-21,5011,-2287.68,-0.4565316304130912,0.548886449810417,283,0.05647575334264618,27,0.005388146078627021,284,0.056675314308521255,887,0.1770105767311914,3143,0.6272201157453602,310,0.0618638994212732,77,0.015366194372380763,7.25,22.75,17.75,9.5,419.49,0.5
2022-10-28,5726,-2445.61,-0.42710618232623127,0.5374746769123298,427,0.0745721271393643,52,0.009081383164512749,247,0.043136570031435555,1036,0.18092909535452323,3495,0.6103737338456164,364,0.06356968215158924,104,0.018162766329025498,9.25,16.5,26.38,7.0,395.04,13.75
2022-11-04,5292,-2367.11,-0.4472996976568405,0.5419368858654573,352,0.06651549508692366,33,0.006235827664399093,249,0.04705215419501134,872,0.16477702191987906,3403,0.6430461073318217,303,0.0572562358276644,80,0.015117157974300832,16.5,22.5,13.75,10.25,337.49,3.0
2022-11-11,6270,-2914.27,-0.4647958532695375,0.5509537480063796,338,0.05390749601275917,51,0.008133971291866028,227,0.03620414673046252,928,0.14800637958532695,4299,0.6856459330143541,336,0.053588516746411484,91,0.014513556618819777,7.13,17.75,9.0,5.0,767.74,5.25
2022-11-18,4577,-1865.38,-0.4075551671400481,0.5359820843347171,435,0.09504041948874808,49,0.010705702425169324,226,0.04937732138955648,833,0.18199694122787852,2719,0.5940572427354162,241,0.05265457723399607,74,0.016167795499235308,3.5,29.75,11.25,5.62,265.0,7.5
2022-11-25,3482,-1467.63,-0.4214905226881103,0.540433658816772,306,0.08788052843193567,38,0.010913268236645606,144,0.04135554279149914,622,0.17863296955772545,2158,0.6197587593337163,156,0.04480183802412407,58,0.01665709362435382,2.0,8.5,3.75,1.25,138.12,4.0
2022-12-02,6191,-2691.39,-0.43472621547407525,0.5488967856565983,470,0.07591665320626716,88,0.014214181876918107,268,0.043288644806977875,794,0.12825068648037474,4139,0.6685511225973186,325,0.052495558068163466,107,0.017283152963979972,2.63,14.5,10.63,6.25,268.75,5.75
2022-12-09,5583,-2462.16,-0.4410102095647501,0.548149740283002,415,0.07433279598782017,55,0.009851334408024359,238,0.04262941071108723,873,0.15636754433100483,3651,0.6539494895217625,239,0.04280852588214222,112,0.020060899158158695,2.5,8.5,11.25,6.5,453.37,3.0
2022-12-16,6394,-2754.76,-0.4308351579605881,0.5438786362214576,532,0.08320300281513919,69,0.01079136690647482,305,0.04770096965905536,1105,0.17281826712543008,4001,0.6257428839537066,291,0.04551141695339381,91,0.014232092586800126,10.63,14.63,11.75,5.0,526.12,9.5
2022-12-23,7363,-3347.18,-0.45459459459459456,0.5547996740459051,485,0.06586988999049301,102,0.013853049028928427,267,0.036262393046312645,991,0.13459187831047129,5081,0.690071981529268,342,0.04644845850876002,95,0.012902349585766672,6.25,12.5,20.26,6.5,418.75,2.5
2022-12-30,6000,-2716.76,-0.4527933333333334,0.550395,402,0.067,60,0.01,194,0.03233333333333333,841,0.14016666666666666,4115,0.6858333333333333,277,0.04616666666666667,109,0.018166666666666668,9.0,9.75,22.51,4.0,575.0,4.0
2023-01-06,6382,-2683.71,-0.42051237856471324,0.5389627076151676,544,0.08523973675963648,84,0.013162018176120338,215,0.03368849890316515,1037,0.16248824819805704,4091,0.6410216233155751,292,0.04575368223127546,118,0.018489501723597618,3.5,10.25,14.38,4.75,192.38,8.75
2023-01-13,8594,-3912.72,-0.45528508261577844,0.5523679311147313,592,0.06888526879218058,67,0.007796136839655574,405,0.04712590179194787,1343,0.1562718175471259,5659,0.6584826623225506,412,0.04794042355131487,116,0.013497789155224576,4.25,21.75,12.5,8.25,1059.33,6.0
2023-01-20,10038,-4735.41,-0.47174835624626416,0.5578700936441522,601,0.059872484558677025,90,0.008965929468021518,329,0.03277545327754533,1496,0.14903367204622434,7003,0.6976489340506077,393,0.03915122534369396,126,0.012552301255230125,2.5,14.0,16.5,4.25,1286.25,4.5
2023-01-27,8234,-3778.35,-0.45887175127520036,0.5501153752732572,506,0.061452513966480445,85,0.010323050765120233,366,0.044449842118047124,1371,0.16650473645858635,5428,0.659217877094972,332,0.04032062181199903,146,0.017731357784794753,3.88,11.51,17.0,7.0,710.62,1.75
2023-02-03,8495,-3761.92,-0.4428393172454385,0.5485108887580931,602,0.07086521483225426,80,0.009417304296645085,318,0.037433784579164214,1570,0.1848145968216598,5336,0.6281341965862272,373,0.04390818128310771,214,0.025191288993525605,7.25,8.13,9.5,7.5,620.51,2.75
2023-02-10,7297,-3372.99,-0.46224338769357265,0.5534027682609292,472,0.06468411676031245,51,0.006989173632999863,345,0.04727970398794025,1111,0.1522543511031931,4877,0.6683568589831438,306,0.04193504179799918,135,0.0185007537344114,3.5,13.75,14.38,5.75,918.84,1.75
2023-02-17,7322,-3321.98,-0.45369844304834744,0.5491846490030047,500,0.06828735318219066,84,0.011472275334608031,342,0.04670854957661841,1119,0.1528270964217427,4900,0.6692160611854685,285,0.038923791313848675,91,0.0124282982791587,12.5,13.25,7.5,17.5,846.25,2.0
2023-02-24,6666,-2970.23,-0.44557905790579055,0.5455160516051605,461,0.06915691569156916,71,0.01065106510651065,238,0.035703570357035704,1115,0.16726672667266726,4373,0.656015601560156,264,0.039603960396039604,144,0.021602160216021602,6.88,5.0,8.75,3.0,540.4,1.5
2023-03-03,9205,-4148.78,-0.4507093970668115,0.5499054861488322,630,0.06844106463878327,86,0.009342748506246605,325,0.03530689842476915,1572,0.17077675176534493,5999,0.6517110266159696,403,0.04378055404671374,190,0.020640956002172733,7.25,13.0,11.5,7.5,1104.42,3.25
2023-03-10,8584,-3948.06,-0.4599324324324324,0.5531349021435228,534,0.06220876048462255,84,0.0097856477166822,317,0.0369291705498602,1428,0.16635601118359739,5694,0.6633271202236719,379,0.044151910531220875,148,0.017241379310344827,3.75,18.25,8.25,20.25,881.12,2.0
2023-03-17,10497,-4685.52,-0.4463675335810232,0.550720205773078,738,0.07030580165761646,90,0.008573878250928837,680,0.06478041345146232,1411,0.13441935791178433,6809,0.6486615223397161,576,0.05487282080594456,193,0.018386205582547395,14.0,58.25,4.25,156.49,766.23,5.75
2023-03-24,10851,-5008.5,-0.46157036217860103,0.5536752373053175,706,0.06506312782232053,95,0.008754953460510553,411,0.03787669339231407,1930,0.17786379135563543,7106,0.6548705188461893,438,0.04036494332319602,165,0.015205971799834116,9.25,60.25,8.25,37.14,523.48,0.5
2023-03-31,8643,-3726.08,-0.43110956843688536,0.5410204790003471,634,0.07335415943538123,109,0.012611361795672798,410,0.04743723244243897,1491,0.17250954529677195,5407,0.6255929654055304,406,0.04697443017470786,185,0.021404604882563925,8.75,19.5,6.75,19.5,486.62,2.88
2023-04-07,5196,-2248.31,-0.4327001539645881,0.5414722863741339,383,0.07371054657428791,52,0.010007698229407237,254,0.04888375673595073,803,0.15454195535026943,3321,0.6391454965357968,281,0.05408006158583526,102,0.019630484988452657,4.75,16.38,9.0,16.13,386.37,4.25
2023-04-14,5032,-2121.57,-0.4216156597774245,0.5362460254372019,415,0.08247217806041335,46,0.009141494435612083,224,0.04451510333863275,884,0.17567567567567569,3098,0.6156597774244833,285,0.05663751987281399,80,0.01589825119236884,10.38,12.88,9.25,14.01,303.63,3.75
2023-04-21,4175,-1909.89,-0.45745868263473055,0.5452814371257485,233,0.05580838323353293,42,0.010059880239520959,154,0.03688622754491018,710,0.17005988023952096,2752,0.6591616766467066,198,0.0474251497005988,85,0.02035928143712575,7.0,8.25,11.75,5.75,431.38,2.25
2023-04-28,3351,-1431.8,-0.4272754401671143,0.5396389137570874,263,0.07848403461653237,31,0.00925096985974336,151,0.04506117576842734,599,0.1787526111608475,2062,0.6153387048642196,193,0.057594747836466724,52,0.015517755893763056,3.5,10.0,17.0,11.13,206.5,1.5
2023-05-05,4778,-2151.65,-0.4503244035161155,0.5480493930514859,319,0.0667643365424864,46,0.009627459187944746,276,0.05776475512766848,784,0.16408539137714526,3037,0.6356215989953956,250,0.052323147760569275,66,0.01381331100879029,6.38,8.5,10.0,36.63,452.25,1.5
2023-05-12,4117,-1945.41,-0.47253096915229537,0.5587345154238523,232,0.05635171241195045,24,0.005829487490891426,282,0.06849647801797425,615,0.1493806169540928,2688,0.6529025989798397,222,0.05392275929074569,52,0.012630556230264756,3.25,13.63,4.0,9.25,785.5,1.0
2023-05-19,3955,-1788.16,-0.4521264222503161,0.5537471554993679,272,0.06877370417193426,49,0.012389380530973451,197,0.04981036662452592,588,0.1486725663716814,2608,0.6594184576485461,180,0.045512010113780026,61,0.015423514538558787,1.0,7.38,8.5,6.5,606.75,1.75
2023-05-26,3442,-1648.64,-0.4789773387565369,0.5622632190586868,222,0.06449738524113888,15,0.004357931435212086,153,0.04445090063916328,438,0.1272515979081929,2449,0.71150493898896,124,0.03602556653108658,41,0.011911679256246368,2.0,4.25,6.5,1.5,616.0,0.0
2023-06-02,3326,-1566.55,-0.4710012026458208,0.5516265784726399,192,0.05772699939867709,18,0.005411906193625977,131,0.039386650631389054,524,0.15754660252555622,2280,0.6855081178592904,147,0.044197233914612145,34,0.010222489476849068,1.0,5.0,6.5,3.75,516.88,0.75
2023-06-09,3806,-1699.53,-0.4465396741986337,0.5434366789280084,257,0.0675249605885444,25,0.006568575932737782,204,0.053599579611140306,706,0.18549658434051497,2353,0.6182343667892801,204,0.053599579611140306,57,0.014976353126642144,2.38,19.26,16.25,7.75,234.87,1.5
2023-06-16,1270,-554.0,-0.43622047244094486,0.5526614173228347,105,0.08267716535433071,27,0.02125984251968504,54,0.04251968503937008,197,0.15511811023622046,821,0.6464566929133858,54,0.04251968503937008,12,0.009448818897637795,3.0,3.0,3.5,0.0,159.25,0.0
2023-06-23,3408,-1591.88,-0.46710093896713617,0.5484242957746479,193,0.05663145539906103,24,0.007042253521126761,130,0.03814553990610329,570,0.16725352112676056,2303,0.6757629107981221,145,0.042546948356807515,43,0.01261737089201878,6.0,11.0,7.5,2.0,270.12,0.5
2023-06-30,4298,-1809.81,-0.4210818985574686,0.5377408096789205,370,0.08608655188459749,34,0.007910656119125175,197,0.04583527221963704,769,0.17892042810609585,2612,0.6077245230339693,251,0.058399255467659374,65,0.015123313168915775,2.5,12.0,15.13,5.75,257.13,1.0
2023-07-07,3622,-1668.16,-0.460563224737714,0.5478216454997239,223,0.06156819436775262,16,0.004417448923246825,130,0.03589177250138045,608,0.16786305908337934,2408,0.6648260629486472,190,0.05245720596355605,47,0.012976256212037547,1.5,7.5,13.63,2.0,359.63,1.0
2023-07-14,4501,-2063.01,-0.4583448122639414,0.554030215507665,305,0.06776271939568984,44,0.009775605421017552,137,0.030437680515441014,701,0.15574316818484782,3057,0.6791824039102422,181,0.040213285936458565,76,0.016885136636303043,4.0,3.25,12.75,3.5,428.0,2.5
2023-07-21,4244,-1826.15,-0.430289820923657,0.5439302544769086,351,0.08270499528746465,40,0.00942507068803016,167,0.039349670122525916,733,0.17271442035815268,2673,0.6298303487276155,205,0.04830348727615457,75,0.01767200754005655,2.0,7.38,12.25,5.25,446.75,0.0
2023-07-28,3973,-1537.9,-0.387087842939844,0.5326755600302039,411,0.10344827586206896,49,0.012333249433677322,166,0.04178202869368235,715,0.1799647621444752,2319,0.5836899068713818,231,0.05814246161590737,82,0.020639315378806946,3.0,11.13,33.63,9.37,199.12,0.5
2023-08-04,3657,-1597.03,-0.43670494941208643,0.5396964725184578,264,0.07219031993437244,33,0.009023789991796555,156,0.04265791632485644,690,0.18867924528301888,2268,0.6201804757998359,175,0.0478534317746787,71,0.019414820891441073,0.25,2.75,16.75,2.75,218.62,0.5
2023-08-11,3605,-1573.01,-0.4363411927877947,0.5379778085991679,262,0.07267683772538142,34,0.00943134535367545,129,0.03578363384188627,588,0.16310679611650486,2354,0.6529819694868239,175,0.04854368932038835,63,0.017475728155339806,3.0,2.25,12.0,1.25,287.25,2.5
2023-08-18,4517,-2083.14,-0.46117777285809164,0.5443236661500996,241,0.053353996015054236,30,0.006641576267434138,190,0.04206331636041621,786,0.1740092982067744,2973,0.658180208102723,233,0.05158290901040514,63,0.013947310161611689,6.75,7.25,12.0,10.75,302.5,1.0
2023-08-25,5512,-2501.78,-0.45387880986937595,0.5454644412191582,332,0.0602322206095791,41,0.007438316400580552,177,0.03211175616835994,910,0.1650943396226415,3669,0.6656386066763426,256,0.04644412191582003,127,0.023040638606676343,6.0,3.0,19.63,6.75,353.88,0.0
2023-09-01,4790,-1974.77,-0.41226931106471815,0.5321941544885177,401,0.0837160751565762,65,0.013569937369519834,216,0.04509394572025052,862,0.17995824634655533,2866,0.5983298538622129,272,0.056784968684759914,108,0.02254697286012526,2.5,9.0,26.51,9.25,302.49,0.75
2023-09-08,5136,-2237.54,-0.4356580996884735,0.535911214953271,352,0.06853582554517133,50,0.009735202492211837,170,0.033099688473520246,834,0.16238317757009346,3373,0.6567367601246106,256,0.04984423676012461,101,0.01966510903426791,1.5,7.0,25.0,8.25,561.36,0.5
2023-09-15,6461,-3033.4,-0.4694938863952949,0.5561058659650209,394,0.06098127224887788,47,0.00727441572511995,216,0.033431357375019344,1023,0.15833462312335553,4432,0.6859619253985452,275,0.04256307073208482,74,0.01145333539699737,3.75,9.0,27.88,5.38,551.99,4.5
2023-09-22,5860,-2690.27,-0.4590904436860068,0.547901023890785,373,0.0636518771331058,40,0.006825938566552901,228,0.03890784982935153,1045,0.17832764505119453,3830,0.6535836177474402,248,0.042320819112627986,96,0.016382252559726963,4.38,7.25,14.25,6.25,544.75,2.75
2023-09-29,4246,-1880.05,-0.4427814413565709,0.5409444182760245,281,0.06617993405558173,33,0.007772020725388601,147,0.03462081959491286,705,0.16603862458784738,2788,0.6566179934055582,200,0.047103155911446065,92,0.02166745171926519,3.0,4.5,10.25,5.5,308.25,1.75
2023-10-06,4605,-2050.55,-0.4452877307274702,0.5435895765472313,317,0.06883821932681868,33,0.0071661237785016286,229,0.049728555917481,748,0.16243213897937026,2974,0.6458197611292074,247,0.053637350705754615,57,0.012377850162866449,7.0,16.5,19.13,6.25,596.5,0.5
2023-10-13,5030,-2403.65,-0.47786282306163025,0.5554512922465209,250,0.04970178926441352,38,0.0075546719681908545,217,0.04314115308151093,793,0.15765407554671967,3451,0.6860834990059642,221,0.043936381709741554,59,0.01172962226640159,2.75,14.5,12.5,12.63,807.24,0.0
2023-10-20,6118,-2865.54,-0.46837855508336057,0.551629617522066,339,0.05541026479241582,45,0.007355344883949003,238,0.038901601830663615,922,0.15070284406668846,4202,0.6868257600523047,261,0.042661000326904217,111,0.01814318404707421,8.75,6.25,10.75,5.5,665.5,2.0
2023-10-27,6039,-2728.81,-0.45186454711044877,0.5438367279350886,370,0.06126842192415963,40,0.00662361318099023,218,0.03609869183639675,987,0.16343765524093393,4001,0.6625269084285478,311,0.05149859248219904,112,0.018546116906772644,6.5,10.25,26.25,4.5,683.37,1.0
2023-11-03,5624,-2512.66,-0.4467745376955903,0.5435544096728306,380,0.06756756756756757,51,0.00906827880512091,156,0.027738264580369845,938,0.16678520625889046,3722,0.6618065433854907,253,0.044985775248933144,124,0.022048364153627313,6.5,6.88,16.5,3.0,419.5,8.5
2023-11-10,3375,-1537.41,-0.4555288888888889,0.5453185185185185,184,0.05451851851851852,41,0.012148148148148148,123,0.036444444444444446,597,0.1768888888888889,2204,0.6530370370370371,171,0.050666666666666665,55,0.016296296296296295,6.25,9.25,3.5,1.25,272.88,0.75
2023-11-17,6768,-3102.12,-0.45835106382978724,0.5494296690307329,466,0.06885342789598109,48,0.0070921985815602835,269,0.03974586288416076,1054,0.15573286052009455,4606,0.6805555555555556,246,0.03634751773049645,77,0.011377068557919623,13.37,9.0,18.25,8.13,570.87,0.5
2023-11-24,4734,-2107.69,-0.4452239121250528,0.544340937896071,311,0.06569497253907901,50,0.010561892691170258,182,0.03844528939585974,868,0.18335445711871567,2989,0.631389945078158,246,0.051964512040557666,88,0.018588931136459652,2.0,11.87,10.5,3.0,307.12,2.5
2023-12-01,5568,-2448.55,-0.43975395114942534,0.5447611350574713,410,0.07363505747126436,42,0.007543103448275862,235,0.042205459770114945,1023,0.18372844827586207,3470,0.6232040229885057,285,0.05118534482758621,103,0.018498563218390805,5.75,12.88,19.5,6.63,375.12,0.75
2023-12-08,5118,-2199.43,-0.4297440406408753,0.5403868698710433,416,0.08128175068386088,49,0.009574052364204768,196,0.03829620945681907,1094,0.2137553731926534,3047,0.5953497459945292,251,0.04904259476357952,65,0.012700273544353264,6.25,6.87,24.75,12.0,304.25,1.0
2023-12-15,7526,-3451.18,-0.4585676322083444,0.5512091416423066,518,0.06882806271591815,38,0.005049162901939941,258,0.034281158650013285,1360,0.1807068828062716,4921,0.6538665958012224,331,0.04398086633005581,100,0.013287270794578794,10.62,16.25,24.89,1.5,563.5,1.0
2023-12-22,7566,-3282.7,-0.43387523129791167,0.5437509912767645,625,0.08260639703938673,54,0.007137192704203013,283,0.03740417657943431,1342,0.1773724557229712,4791,0.6332275971451229,336,0.04440919904837431,135,0.017842981760507533,7.25,6.75,27.25,2.0,690.37,6.25
2023-12-29,4097,-1738.17,-0.4242543324383696,0.5400854283622163,346,0.08445203807664145,42,0.010251403465950696,156,0.03807664144495972,698,0.17036856236270442,2582,0.6302172321210642,208,0.0507688552599463,65,0.01586526726873322,2.0,5.25,15.0,3.25,220.0,2.25
2024-01-05,5151,-2073.46,-0.4025354300135896,0.5286313337216074,447,0.08677926616191031,92,0.0178606095903708,307,0.05960007765482431,1020,0.19801980198019803,2955,0.5736750145602796,233,0.0452339351582217,97,0.018831294894195303,2.5,7.0,19.25,5.63,209.75,3.0
2024-01-12,7107,-3185.87,-0.44827212607288586,0.5449430139299282,478,0.0672576333192627,64,0.009005206134796679,293,0.04122695933586605,1148,0.16153088504291543,4705,0.6620233572534121,310,0.04361896721542142,109,0.015336991698325595,6.25,8.0,23.38,8.25,332.25,1.5
2024-01-19,7511,-3429.29,-0.4565690320862735,0.5458607375848755,458,0.060977233391026495,49,0.0065237651444548,262,0.034882172813207296,1303,0.17347889761682866,4960,0.6603647982958328,325,0.04326987085607775,152,0.020236985754227135,9.5,2.5,15.75,5.25,492.75,4.0
2024-01-26,6826,-2946.35,-0.4316363902724875,0.5413932024611778,514,0.07530032229709932,70,0.010254907705830648,235,0.034427190155288605,1232,0.1804863756226194,4312,0.6317023146791679,331,0.048491063580427776,130,0.01904482859654263,3.25,6.5,41.0,9.75,243.75,2.0
2024-02-02,6389,-2703.97,-0.4232227265612772,0.54416027547347,558,0.08733761151979966,71,0.011112850211300674,280,0.0438253247769604,1107,0.17326655188605417,3941,0.6168414462357177,319,0.04992956644232274,112,0.017530129910784162,1.0,11.12,39.5,9.88,256.12,6.75
2024-02-09,5798,-2424.39,-0.41814246291824764,0.5378596067609521,491,0.08468437392204209,69,0.011900655398413246,208,0.03587443946188341,1037,0.17885477750948603,3584,0.6181441876509141,240,0.041393583994480856,169,0.02914798206278027,2.5,6.62,25.5,10.25,266.75,8.0
2024-02-16,7340,-3099.54,-0.42228065395095365,0.5398215258855585,602,0.08201634877384197,113,0.015395095367847412,277,0.03773841961852861,1463,0.19931880108991826,4414,0.6013623978201635,338,0.046049046321525886,131,0.01784741144414169,5.13,10.25,31.38,11.25,552.5,0.5
2024-02-23,6164,-2876.77,-0.46670506164828035,0.5520652173913043,365,0.05921479558728099,41,0.006651524983776768,212,0.03439325113562622,1032,0.1674237508111616,4151,0.6734263465282284,273,0.04428942245295263,90,0.014600908500973394,3.5,6.0,26.0,9.25,426.5,0.5
2024-03-01,5728,-2505.5,-0.43741270949720673,0.5384619413407821,396,0.0691340782122905,48,0.008379888268156424,197,0.03439245810055866,866,0.15118715083798884,3830,0.6686452513966481,276,0.04818435754189944,115,0.020076815642458102,3.0,4.25,10.0,2.5,521.25,8.88
2024-03-08,6894,-3199.22,-0.46405860168262253,0.5502610966057441,428,0.06208297069915869,43,0.0062373078038874385,239,0.034667827096025526,1018,0.14766463591528867,4793,0.6952422396286626,293,0.04250072526834929,80,0.011604293588627792,5.5,14.63,19.75,3.88,1115.86,2.0
2024-03-15,7747,-3665.08,-0.47309668258680776,0.5542326061701304,470,0.060668645927455786,50,0.006454111268878276,237,0.030592487414483026,1147,0.14805731250806764,5475,0.7067251839421712,258,0.0333032141474119,110,0.014199044791532205,5.0,6.0,12.38,4.0,1116.75,1.25
2024-03-22,5935,-2656.55,-0.4476074136478518,0.5444987363100252,402,0.06773378264532434,52,0.008761583824768323,241,0.040606571187868576,957,0.16124684077506318,3918,0.6601516427969671,257,0.04330244313395114,108,0.018197135636057286,10.62,9.75,18.25,5.75,350.5,0.75
2024-03-29,5317,-2352.3,-0.4424111340981757,0.5449445175851043,384,0.07222117735565169,52,0.009779951100244499,190,0.03573443671243182,808,0.15196539401918374,3568,0.6710551062629302,233,0.043821703968403236,82,0.015422230581154786,7.0,4.13,13.75,6.5,290.87,2.25
2024-04-05,6877,-3089.65,-0.4492729387814454,0.5446037516358877,464,0.06747128108186709,63,0.009160971353787989,262,0.03809800785226116,1071,0.1557365130143958,4591,0.6675876108768358,345,0.05016722408026756,81,0.011778391740584556,5.75,7.75,21.5,3.5,539.73,5.25
2024-04-12,6180,-2786.57,-0.4509012944983819,0.5442135922330097,402,0.06504854368932039,46,0.00744336569579288,209,0.03381877022653722,926,0.14983818770226537,4201,0.6797734627831715,316,0.0511326860841424,79,0.0127831715210356,6.13,12.75,19.75,9.0,704.38,1.5
2024-04-19,5361,-2252.92,-0.4202424920723746,0.5397257974258534,427,0.07964931915687372,66,0.012311135982092894,218,0.040664055213579554,937,0.17478082447304608,3320,0.6192874463719455,302,0.056332773736243236,91,0.01697444506621899,4.0,14.25,12.0,10.5,329.5,3.25
2024-04-26,5536,-2434.66,-0.43978684971098264,0.5419653179190752,406,0.07333815028901734,38,0.006864161849710983,243,0.04389450867052023,968,0.17485549132947978,3510,0.6340317919075145,265,0.04786849710982659,106,0.019147398843930637,7.75,18.75,20.63,4.88,345.12,3.5
2024-05-03,9741,-4459.23,-0.45777948875885427,0.5482414536495226,594,0.060979365568216815,108,0.01108715737603942,335,0.03439071963864079,1531,0.1571707216918181,6618,0.6793963658761935,360,0.036957191253464736,193,0.019813160866440818,12.75,24.38,16.5,4.5,933.87,17.25
2024-05-10,6832,-3045.4,-0.4457552693208431,0.5440690866510538,454,0.0664519906323185,92,0.013466042154566744,260,0.038056206088992975,1057,0.15471311475409835,4565,0.6681791569086651,292,0.04274004683840749,112,0.01639344262295082,5.0,4.0,17.0,5.75,735.62,6.75
2024-05-17,6170,-2920.48,-0.4733354943273906,0.5555348460291735,344,0.05575364667747164,47,0.007617504051863858,212,0.034359805510534844,872,0.1413290113452188,4361,0.706807131280389,255,0.041329011345218804,79,0.01280388978930308,2.5,16.25,9.0,3.0,710.62,2.25
2024-05-24,10445,-4966.71,-0.47551077070368597,0.5548654858784107,596,0.05706079463858305,58,0.005552896122546673,362,0.03465773097175682,1785,0.17089516515078984,7107,0.680421254188607,399,0.03820009573958832,136,0.013020584011488751,9.75,9.5,25.63,5.5,841.0,5.25
2024-05-31,7477,-3296.32,-0.44086130801123447,0.5424662297712987,551,0.0736926574829477,65,0.008693326200347733,280,0.037448174401497926,1171,0.15661361508626453,4918,0.65775043466631,355,0.04747893540189916,137,0.018322856760732913,5.25,11.0,17.0,2.25,482.37,1.75
2024-06-07,9187,-4152.92,-0.4520431043866333,0.5509034505279199,651,0.07086099923805377,82,0.0089256558180037,329,0.03581147273320997,1478,0.16087950364645695,6130,0.6672471971263743,393,0.04277783824970066,124,0.01349733318820072,9.0,16.5,29.5,5.5,609.87,3.25
2024-06-14,7655,-3450.17,-0.45070803396472897,0.5481005878510777,520,0.06792945787067277,69,0.009013716525146962,243,0.03174395819725669,986,0.12880470280862183,5368,0.7012410189418681,357,0.04663618549967342,111,0.01450032658393207,4.5,10.5,14.0,3.25,564.24,1.25
2024-06-21,5846,-2621.68,-0.4484570646595963,0.5456260691070818,378,0.06465959630516592,52,0.008894970920287376,223,0.03814574067738625,1074,0.1837153609305508,3755,0.642319534724598,266,0.045501197399931574,96,0.016421484775915155,0.0,7.0,29.75,2.0,468.5,1.5
2024-06-28,6558,-3019.28,-0.4603964623360781,0.5504101860323269,405,0.06175663311985361,44,0.006709362610551998,275,0.041933516315949985,904,0.1378469045440683,4517,0.688777066178713,276,0.042086001829826164,137,0.0208905154010369,8.0,11.0,24.38,6.25,635.87,2.0
2024-07-05,4809,-2229.42,-0.46359326263256395,0.5516115616552297,297,0.061759201497192766,39,0.008109794135995009,185,0.038469536286130174,839,0.17446454564358493,3188,0.6629236847577459,197,0.040964857558744024,63,0.013100436681222707,2.25,9.38,14.5,3.0,189.75,1.25
2024-07-12,5339,-2318.27,-0.43421427233564336,0.54604794905413,397,0.07435849410001873,77,0.01442217643753512,214,0.04008241243678592,739,0.1384154336017981,3570,0.6686645439220827,250,0.04682524817381532,92,0.017231691327964038,1.0,15.25,9.25,5.25,296.12,1.75
2024-07-19,5611,-2692.54,-0.47986811620032077,0.556553199073249,293,0.05221885581892711,35,0.006237747282124399,213,0.03796114774549991,881,0.157013010158617,3867,0.6891819639992871,243,0.04330778827303511,77,0.013723044020673677,2.5,6.87,7.0,2.5,704.48,0.5
2024-07-26,4500,-2037.11,-0.4526911111111111,0.5417844444444445,284,0.06311111111111112,23,0.005111111111111111,231,0.051333333333333335,787,0.1748888888888889,2901,0.6446666666666667,205,0.04555555555555556,69,0.015333333333333332,7.75,10.0,16.25,6.25,294.71,0.0
2024-08-02,6830,-3067.29,-0.44909077598828695,0.5459106881405564,477,0.0698389458272328,51,0.00746705710102489,250,0.036603221083455345,903,0.1322108345534407,4762,0.6972181551976574,272,0.03982430453879941,115,0.01683748169838946,3.25,14.5,13.5,7.5,427.87,5.0
2024-08-09,5309,-2321.39,-0.437255603691844,0.5415275946505933,370,0.06969297419476361,65,0.012243360331512526,252,0.047466566208325484,728,0.13712563571294029,3538,0.6664155208137126,260,0.0489734413260501,96,0.018082501412695424,4.5,40.75,19.38,26.13,228.62,11.75
2024-08-16,7570,-3490.91,-0.46115059445178336,0.548556142668428,461,0.06089828269484809,64,0.00845442536327609,265,0.03500660501981506,1012,0.13368560105680316,5342,0.7056803170409511,336,0.04438573315719947,90,0.011889035667107,6.25,33.5,16.25,5.0,758.63,3.25
2024-08-23,7096,-3209.16,-0.45224915445321306,0.5429100901916573,467,0.06581172491544532,46,0.006482525366403607,314,0.04425028184892897,968,0.13641488162344984,4866,0.6857384441939121,334,0.047068771138669675,101,0.01423337091319053,2.25,15.25,14.0,6.75,777.87,7.0
2024-08-30,7804,-3671.06,-0.47040748334187593,0.5520694515633009,424,0.05433111225012814,64,0.008200922603792926,306,0.03921066119938493,817,0.10468990261404408,5766,0.738851870835469,335,0.0429267042542286,90,0.011532547411583802,1.0,7.88,13.5,7.0,1309.35,5.25
2024-09-06,6646,-2939.78,-0.4423382485705688,0.5461555823051459,440,0.06620523623232019,80,0.012037315678603671,264,0.039723141739392114,798,0.12007222389407163,4581,0.6892867890460427,335,0.05040625940415287,148,0.022269034005416792,0.75,9.0,24.0,6.75,663.86,5.25
2024-09-13,6406,-2898.55,-0.45247424289728383,0.5434342803621605,374,0.05838276615672807,58,0.009054011863877614,314,0.049016546987199504,807,0.12597564783015922,4416,0.6893537308773026,333,0.05198251639088355,104,0.016234779893849517,4.75,16.25,15.25,4.5,571.62,5.0
2024-09-20,5460,-2449.05,-0.4485439560439561,0.5464249084249084,338,0.06190476190476191,58,0.010622710622710623,186,0.03406593406593406,708,0.12967032967032968,3790,0.6941391941391941,291,0.053296703296703295,89,0.0163003663003663,2.38,15.63,15.0,3.0,407.25,2.25
2024-09-27,5500,-2514.03,-0.4570963636363637,0.5471963636363636,340,0.06181818181818182,41,0.007454545454545454,224,0.04072727272727273,718,0.13054545454545455,3844,0.6989090909090909,248,0.04509090909090909,85,0.015454545454545455,3.0,12.5,19.0,0.5,343.62,5.75
2024-10-04,7025,-3359.89,-0.4782761565836299,0.5603644128113879,373,0.05309608540925267,73,0.010391459074733097,238,0.03387900355871886,919,0.1308185053380783,5063,0.720711743772242,276,0.03928825622775801,83,0.011814946619217082,1.75,0.0,12.13,5.5,338.75,5.25
2024-10-11,3578,-1486.27,-0.4153912800447177,0.5373225265511459,303,0.08468418110676355,52,0.014533258803801007,153,0.04276131917272219,535,0.1495248742314142,2282,0.6377864728898827,178,0.049748462828395755,75,0.020961430967020682,1.25,2.5,13.38,0.5,246.5,3.0
2024-10-18,5293,-2483.25,-0.4691573776686189,0.5547931229926317,324,0.061212922728131496,22,0.0041564330247496695,220,0.04156433024749669,789,0.14906480256943133,3636,0.686945021726809,229,0.043264689212167015,73,0.013791800491214812,4.25,5.63,19.25,1.5,556.36,1.5
2024-10-25,6095,-2814.04,-0.46169647251845775,0.5519442165709598,417,0.06841673502871205,29,0.00475799835931091,258,0.04232977850697293,890,0.14602132895816242,4205,0.689909762100082,220,0.03609515996718622,76,0.01246923707957342,6.0,4.75,17.88,3.38,479.5,6.5
2024-11-01,5460,-2482.77,-0.4547197802197802,0.5529194139194139,397,0.07271062271062272,29,0.005311355311355312,238,0.04358974358974359,776,0.14212454212454212,3720,0.6813186813186813,224,0.041025641025641026,76,0.01391941391941392,5.25,9.75,30.75,3.75,426.99,6.75
2024-11-08,6534,-3147.08,-0.4816467707376798,0.5578573614937251,333,0.05096418732782369,36,0.005509641873278237,406,0.062136516681971225,1029,0.15748393021120294,4363,0.6677379859198042,305,0.04667891031527395,62,0.009488827670645853,6.0,16.5,11.75,5.25,482.62,1.25
2024-11-15,8036,-3866.97,-0.4812058237929318,0.5610166749626679,417,0.05189148830263813,68,0.008461921353907416,598,0.0744151319064211,1365,0.16986062717770034,5166,0.6428571428571429,351,0.04367844698855152,71,0.008835241413638626,8.0,36.0,12.5,8.25,692.87,2.25
2024-11-22,4678,-2120.65,-0.45332407011543396,0.5479243266353142,279,0.059640872167592986,56,0.011970927746900385,212,0.045318512184694314,741,0.15840102607952117,3102,0.6631038905515177,226,0.04831124412141941,62,0.013253527148353997,2.0,2.25,8.75,4.75,313.0,2.25
2024-11-29,7329,-3442.97,-0.46977350252421884,0.5549583844999317,415,0.05662436894528585,60,0.008186655751125664,414,0.05648792468276709,1233,0.16823577568563242,4803,0.6553417928776095,315,0.04297994269340974,89,0.012143539364169736,10.12,5.25,9.75,13.0,527.23,0.5
2024-12-06,4491,-2072.13,-0.4613961255845024,0.5464172790024493,246,0.05477621910487642,40,0.00890670229347584,194,0.04319750612335783,784,0.17457136495212647,2938,0.6541972834558005,221,0.04920953017145402,66,0.014696058784235137,1.5,1.5,8.5,7.25,134.37,1.75
2024-12-13,6354,-3034.05,-0.47750236071765817,0.5580311614730878,326,0.051306263770853004,58,0.00912810827824992,389,0.061221277935158955,996,0.15675165250236073,4235,0.6665092854894554,272,0.04280768020144791,78,0.012275731822474031,3.25,3.75,10.75,24.13,406.75,5.5
2024-12-20,5432,-2474.62,-0.45556332842415315,0.553199558173785,351,0.06461708394698086,47,0.008652430044182622,254,0.046759941089838,813,0.14966863033873343,3617,0.6658689248895434,267,0.04915316642120766,83,0.01527982326951399,3.75,8.75,32.38,14.5,515.86,0.5
2024-12-27,3960,-1861.61,-0.47010353535353533,0.5520227272727273,200,0.050505050505050504,37,0.009343434343434343,178,0.04494949494949495,566,0.14292929292929293,2733,0.6901515151515152,178,0.04494949494949495,68,0.01717171717171717,4.0,5.0,8.25,8.75,213.49,1.5
2025-01-03,4053,-1816.66,-0.448226005428078,0.5454157414261042,279,0.0688378978534419,40,0.009869232667160128,188,0.0463853935356526,730,0.18011349617567235,2573,0.6348383913150752,191,0.04712558598568961,52,0.012830002467308166,0.0,2.5,9.25,11.0,249.62,2.5
2025-01-10,6002,-2739.19,-0.45637954015328225,0.5469976674441852,387,0.06447850716427857,47,0.007830723092302566,238,0.0396534488503832,967,0.1611129623458847,4025,0.6706097967344219,271,0.045151616127957345,67,0.011162945684771743,2.0,3.75,15.75,6.38,373.24,5.75
2025-01-17,6409,-3011.35,-0.46986269308784523,0.551419878296146,348,0.05429864253393665,47,0.007333437353721329,288,0.044936807614292404,1062,0.16570447807770322,4291,0.669527227336558,266,0.041504134810422845,107,0.01669527227336558,2.75,6.75,16.76,3.25,396.61,1.25
2025-01-24,8415,-4044.73,-0.48065715983363044,0.5614319667260843,438,0.05204991087344028,79,0.009387997623291741,437,0.051931075460487225,1332,0.15828877005347594,5699,0.677243018419489,330,0.0392156862745098,100,0.011883541295306001,8.75,27.37,11.75,4.5,552.74,0.0
2025-01-31,10817,-5350.67,-0.49465378570768237,0.5715595821392253,535,0.04945918461680688,80,0.0073957659240085055,769,0.07109179994453176,1662,0.1536470370712767,7203,0.6658962743829158,454,0.041970971618748264,114,0.01053896644171212,3.0,18.75,12.25,13.0,1323.12,5.0
2025-02-07,14241,-7191.28,-0.5049701565901271,0.5776371041359455,674,0.047328137069026055,98,0.006881539217751562,862,0.06052945720103925,1936,0.1359455094445615,10009,0.7028298574538305,526,0.03693560845446247,136,0.009549891159328699,1.75,7.25,8.0,10.25,1260.12,2.5
2025-02-14,13718,-7163.62,-0.5222058609126695,0.5819820673567575,503,0.03666715264615833,73,0.005321475433736697,1020,0.07435486222481412,1834,0.13369295815716578,9640,0.7027263449482432,520,0.03790640034990524,128,0.009330806239976673,10.13,51.63,17.5,19.87,2094.09,2.0
2025-02-21,17518,-9274.53,-0.5294285877383264,0.5840883662518552,594,0.033907980363055146,87,0.004966320356205046,1175,0.0670738668797808,2430,0.13871446512158922,12535,0.715549720287704,529,0.030197511131407694,168,0.00959013586025802,11.25,28.5,15.0,25.5,3450.67,3.13
2025-02-28,12082,-6168.28,-0.5105346796887932,0.5796349942062572,530,0.04386690945207747,100,0.008276775368316504,725,0.060006621420294656,1932,0.15990730011587487,8258,0.6834961099155769,404,0.03343817248799868,131,0.01084257573249462,8.5,18.0,17.0,27.25,1783.22,6.5
2025-03-07,23900,-12716.46,-0.5320694560669456,0.5909493723849373,844,0.035313807531380755,132,0.005523012552301255,1365,0.05711297071129707,3445,0.14414225941422595,17073,0.7143514644351464,779,0.032594142259414226,261,0.01092050209205021,8.63,21.38,17.75,38.5,1521.47,3.75
2025-03-14,23612,-12416.59,-0.5258593088260207,0.5852130272742673,847,0.035871590716584786,129,0.005463323733694732,1387,0.05874131797391157,3878,0.16423852278502457,16304,0.6904963577841775,785,0.03324580721666949,282,0.01194307978993732,15.25,19.99,15.25,57.25,1447.73,5.75
2025-03-21,12935,-6709.91,-0.5187406262079629,0.5822002319288752,513,0.0396598376497874,84,0.006494008504058756,829,0.06408967916505605,2126,0.16436026285272518,8803,0.6805566293003479,450,0.03478933127174333,130,0.010050251256281407,4.0,25.5,12.63,25.51,822.73,4.38
2025-03-28,16758,-8459.36,-0.5047953216374269,0.5787886382623225,787,0.04696264470700561,163,0.009726697696622509,986,0.058837570115765604,2697,0.16093805943430003,11361,0.6779448621553885,589,0.035147392290249435,175,0.010442773600668337,1.0,11.0,10.25,20.25,1087.88,14.25
2025-04-04,23705,-12352.89,-0.5211090487238978,0.5845513604724742,905,0.038177599662518456,139,0.005863741826618857,1226,0.05171904661463826,3853,0.16253954861843492,16449,0.6939042396118962,848,0.035773043661674754,285,0.01202278000421852,9.5,31.25,14.25,36.25,1099.68,4.0
2025-04-11,29179,-15597.84,-0.5345570444497755,0.590707358031461,948,0.03248911888687069,169,0.005791836594811337,1659,0.05685595805202372,4949,0.169608279927345,20214,0.6927584906953631,951,0.03259193255423421,288,0.009870112066897425,11.0,32.0,10.25,113.5,941.36,1.0
2025-04-18,16562,-8806.95,-0.5317564303828041,0.5872086704504287,549,0.03314817051080787,73,0.004407680231856056,1277,0.07710421446685183,2679,0.16175582659099141,11224,0.6776959304431832,586,0.03538220021736505,174,0.010505977538944573,9.75,153.38,8.25,47.25,833.74,2.0
2025-04-25,13222,-6902.49,-0.5220458327030706,0.5823952503403419,509,0.03849644531840871,74,0.005596732718196945,843,0.06375737407351384,2073,0.15678414763273332,9186,0.6947511722886099,423,0.031992134321585236,114,0.008621993646952049,7.0,79.87,9.25,44.25,1177.74,3.0
2025-05-02,14135,-6996.71,-0.49499186416696145,0.5705935620799434,639,0.04520693314467634,132,0.00933852140077821,861,0.06091262822780333,2392,0.16922532720198089,9334,0.6603466572338168,570,0.04032543332154227,207,0.014644499469402193,13.75,9.51,30.13,25.0,628.13,7.63
2025-05-09,11715,-5885.72,-0.5024088775074691,0.5704771660264618,511,0.04361929150661545,57,0.0048655569782330346,653,0.05574050362782757,1865,0.15919760990183526,8022,0.6847631241997439,450,0.03841229193341869,156,0.013316261203585146,6.5,18.5,12.13,13.5,796.25,3.13
2025-05-16,9696,-4865.23,-0.5017770214521452,0.5704744224422442,431,0.0444513201320132,59,0.006084983498349835,471,0.04857673267326733,1549,0.159756600660066,6704,0.6914191419141914,385,0.039707095709570955,96,0.009900990099009901,4.0,6.75,5.88,6.75,600.71,2.5
2025-05-23,11826,-6145.24,-0.5196380855741586,0.5806527989176391,453,0.03830542871638762,71,0.006003720615592761,533,0.04507018433959073,1615,0.1365635041434128,8643,0.7308472856418062,387,0.03272450532724505,124,0.010485371215964823,4.25,11.63,4.75,30.0,1635.22,7.5
2025-05-30,7974,-3960.52,-0.4966792074241284,0.5674780536744419,353,0.04426887383997993,60,0.007524454477050414,385,0.048281916227740154,1249,0.15663406069726613,5513,0.6913719588663155,295,0.036995234512164535,119,0.01492350137948332,5.0,13.5,8.75,14.38,734.38,7.75
2025-06-06,7519,-3766.9,-0.5009841734273175,0.5708804362282218,313,0.041627876047346725,65,0.008644766591302035,328,0.043622822183801035,1096,0.14576406437026201,5328,0.708604867668573,289,0.038435962229019814,100,0.013299640909695438,4.75,8.25,8.75,8.0,949.28,2.25
2025-06-13,7443,-3751.49,-0.5040292892650813,0.5710855837699852,318,0.042724707779121324,52,0.006986430202875185,342,0.045949214026602174,1131,0.15195485691253527,5238,0.7037484885126964,292,0.03923149267768373,70,0.009404809888485825,3.5,13.0,11.0,6.01,946.48,1.0
2025-06-20,5444,-2678.63,-0.49203343130051436,0.5653600293901543,258,0.047391623806024984,29,0.0053269654665687,288,0.05290227773695812,849,0.1559515062454078,3706,0.6807494489346069,231,0.042432035268185155,81,0.014878765613519472,7.5,13.5,8.63,4.75,338.37,0.0
2025-06-27,6493,-3174.03,-0.488838749422455,0.561327583551517,308,0.047435699984598796,22,0.0033882642846142,360,0.05544432465732327,1085,0.16710303403665486,4330,0.6668720160172493,308,0.047435699984598796,80,0.012320961034960727,5.63,18.88,9.0,5.5,390.37,0.0
2025-07-04,7898,-3977.03,-0.5035489997467714,0.5741301595340592,368,0.046594074449227654,36,0.004558115978728792,422,0.05343124841732084,1351,0.17105596353507216,5313,0.6727019498607242,311,0.03937705748290707,96,0.01215497594327678,0.75,33.88,7.75,8.12,1082.62,0.0
2025-07-11,9494,-4756.45,-0.5009953654939961,0.5700347587950284,422,0.04444912576364019,48,0.005055824731409311,478,0.05034758795028439,1714,0.18053507478407416,6341,0.6678955129555508,368,0.03876132294080472,122,0.012850221192332,2.25,14.25,12.26,11.75,850.12,0.5
2025-07-18,6906,-3445.75,-0.4989501882421083,0.5726252534028381,349,0.050535766000579206,43,0.0062264697364610485,347,0.05024616275702288,1081,0.1565305531421952,4741,0.6865044888502752,264,0.038227628149435276,81,0.011728931364031277,7.38,54.75,5.75,5.13,500.24,0.25
2025-07-25,8788,-4302.42,-0.4895789713245335,0.5633284023668639,405,0.046085571233500225,57,0.006486117432862995,400,0.04551661356395084,1610,0.18320436959490213,5812,0.6613563950842057,337,0.03834774692762859,167,0.019003186162949475,4.75,33.0,17.25,12.5,720.73,2.0
2025-08-01,9392,-4721.66,-0.5027321124361158,0.5701831345826235,376,0.04003407155025554,41,0.00436541737649063,486,0.05174616695059625,1597,0.17003833049403747,6361,0.677278534923339,417,0.04439948892674617,113,0.012031516183986372,9.5,36.76,20.0,14.75,378.74,1.5
2025-08-08,10343,-5283.52,-0.5108305133906991,0.5772503142221792,396,0.038286763994972446,64,0.006187759837571304,554,0.0535627960939766,1719,0.16619936188726675,7052,0.681813787102388,404,0.03906023397466886,153,0.0147926133616939,9.75,28.12,10.26,27.25,330.5,7.5
2025-08-15,11591,-5858.07,-0.5053981537399707,0.5686325597446295,419,0.0361487360883444,74,0.006384263652834095,575,0.04960745405918385,1948,0.16806142696920023,7937,0.68475541368303,443,0.038219308083858164,193,0.016650849797256492,17.75,14.5,9.01,23.0,591.24,5.5
2025-08-22,8835,-4227.77,-0.4785251839275609,0.5551182795698925,422,0.0477645727221279,69,0.007809847198641765,454,0.051386530843237126,1529,0.17306168647425013,5839,0.6608941709111489,353,0.03995472552348613,169,0.019128466327108094,4.88,38.25,3.0,18.0,512.61,8.5
2025-08-29,11136,-5617.49,-0.5044441451149425,0.5711395474137931,450,0.04040948275862069,55,0.0049389367816091954,717,0.06438577586206896,2079,0.1866918103448276,7203,0.6468211206896551,473,0.04247485632183908,159,0.014278017241379311,12.5,89.5,21.0,20.5,390.49,4.25
2025-09-05,8655,-4376.9,-0.5057076834199884,0.5722056614673598,399,0.04610051993067591,44,0.005083766608896592,353,0.04078567302137493,1514,0.17492778740612364,5971,0.6898902368573079,261,0.030155979202772965,113,0.013056036972848064,3.5,22.5,5.75,6.75,534.99,8.5
2025-09-12,8948,-4543.51,-0.5077682163611981,0.574034421099687,372,0.041573535985695124,59,0.00659365221278498,471,0.05263746088511399,1537,0.171770227983907,6076,0.679034421099687,317,0.035426911041573535,116,0.012963790791238265,16.25,40.25,15.75,11.0,476.0,2.0
2025-09-19,7800,-3933.86,-0.5043410256410257,0.5671884615384615,292,0.03743589743589744,54,0.006923076923076923,407,0.05217948717948718,1300,0.16666666666666666,5344,0.6851282051282052,303,0.03884615384615384,100,0.01282051282051282,10.75,32.5,5.5,18.75,418.62,9.0
2025-09-26,9184,-4625.12,-0.5036062717770035,0.5705302700348432,358,0.0389808362369338,60,0.006533101045296167,410,0.044642857142857144,1478,0.16093205574912892,6369,0.6934886759581882,381,0.04148519163763066,126,0.013719512195121951,4.5,15.5,8.0,25.38,742.49,2.25
2025-10-03,7122,-3505.39,-0.492191800056164,0.5597205841055883,279,0.039174389216512215,44,0.006178039876439202,389,0.054619488907610224,1416,0.1988205560235889,4569,0.6415332771693345,317,0.044509969109800616,108,0.015164279696714406,5.5,11.75,9.75,46.12,636.11,2.0
2025-10-10,7514,-3766.46,-0.5012589832313016,0.5691708810220921,323,0.042986425339366516,45,0.005988820867713601,397,0.052834708544051104,1383,0.18405642800106467,4986,0.663561352142667,310,0.04125632153313814,69,0.009182858663827523,4.75,8.25,4.5,42.88,738.88,1.75
2025-10-17,9223,-4568.69,-0.4953583432722541,0.568851783584517,426,0.04618887563699447,63,0.006830749213921718,467,0.050634283855578444,1635,0.17727420578987313,6122,0.6637753442480755,380,0.04120134446492465,130,0.014095196790632116,4.75,9.13,7.5,40.63,758.41,3.75
2025-10-24,7859,-3896.66,-0.4958213513169614,0.566275607583662,325,0.04135386181448021,45,0.005725919328158799,391,0.04975187682911312,1495,0.19022776434660899,5116,0.650973406285787,368,0.04682529583916529,119,0.015141875556686602,4.25,7.5,9.0,30.5,532.25,2.25
2025-10-31,9027,-4489.74,-0.49736789631106676,0.5684546360917248,393,0.04353605849119309,67,0.007422177910712308,483,0.053506148222000664,1640,0.1816771906502714,5966,0.6609061703777557,371,0.04109892544588457,107,0.011853328902182343,8.75,14.25,8.75,34.25,1017.12,15.75
2025-11-07,7635,-3867.58,-0.5065592665356908,0.570106090373281,294,0.03850687622789784,48,0.006286836935166994,399,0.05225933202357564,1334,0.17472167648984938,5174,0.6776686313032089,286,0.03745907007203667,99,0.012966601178781925,2.5,13.25,3.5,36.75,847.13,6.75
2025-11-14,10080,-5095.89,-0.5055446428571428,0.5686111111111112,410,0.040674603174603176,68,0.006746031746031746,407,0.04037698412698413,1557,0.15446428571428572,7169,0.7112103174603175,342,0.033928571428571426,125,0.01240079365079365,3.75,6.75,10.0,29.13,1243.35,8.75
2025-11-21,7035,-3524.32,-0.5009694385216773,0.5672011371712865,292,0.04150675195451315,50,0.007107320540156361,246,0.034968017057569294,1120,0.15920398009950248,4987,0.7088841506751955,251,0.03567874911158493,89,0.012651030561478323,3.38,10.25,3.75,18.0,535.38,6.25
2025-11-28,7204,-3271.38,-0.454106052193226,0.5533606329816768,494,0.06857301499167129,81,0.011243753470294281,341,0.04733481399222654,1343,0.18642420877290394,4518,0.6271515824541921,332,0.04608550805108273,95,0.013187118267629095,1.5,6.0,9.25,26.88,331.25,5.0
2025-12-05,8551,-4206.92,-0.4919798853935212,0.5668027131329668,430,0.05028651619693603,58,0.006782832417261139,317,0.03707168752192726,1364,0.15951350719214127,5944,0.6951233773827622,331,0.038708922932990296,107,0.012513156355981757,2.5,9.75,15.75,17.88,873.25,3.25
2025-12-12,7385,-3760.89,-0.509260663507109,0.571891672308734,305,0.04129993229519296,33,0.004468517264725796,307,0.04157075152335816,1087,0.14719025050778606,5308,0.71875423155044,259,0.035071090047393366,86,0.011645226811103589,6.75,22.75,10.13,7.75,743.77,2.75
2025-12-19,6795,-3314.8,-0.4878292862398823,0.5645989698307579,331,0.048712288447387786,44,0.006475349521707138,275,0.04047093451066961,1127,0.16585724797645326,4634,0.681972038263429,287,0.042236938925680645,97,0.014275202354672554,6.0,7.25,9.25,13.75,593.87,1.5
2025-12-26,6802,-3346.36,-0.491967068509262,0.5657380182299324,330,0.04851514260511614,43,0.0063216700970302854,292,0.04292855042634519,1025,0.15069097324316377,4749,0.6981770067627169,279,0.04101734783887092,84,0.012349309026756836,6.5,10.13,16.5,7.75,866.97,2.5
2026-01-02,6170,-2954.29,-0.47881523500810375,0.5631653160453809,352,0.05705024311183144,51,0.00826580226904376,340,0.055105348460291734,1236,0.20032414910858995,3871,0.6273905996758509,243,0.03938411669367909,77,0.012479740680713128,3.25,11.38,14.5,11.25,434.0,2.0
2026-01-09,8290,-4105.89,-0.49528226779252116,0.5709855247285887,416,0.05018094089264174,57,0.006875753920386007,376,0.045355850422195414,1207,0.14559710494571773,5795,0.6990349819059107,344,0.04149577804583836,95,0.011459589867310011,0.5,9.75,9.75,5.75,866.0,2.5
2026-01-16,9090,-4698.1,-0.5168426842684268,0.5798569856985698,327,0.03597359735973597,71,0.007810781078107811,563,0.06193619361936194,1212,0.13333333333333333,6474,0.7122112211221122,317,0.034873487348734876,126,0.013861386138613862,12.13,48.0,3.5,15.5,458.37,1.75
2026-01-23,10169,-5170.01,-0.5084088897630052,0.5782249975415479,442,0.043465434162651195,72,0.007080342216540466,528,0.05192250958796342,1759,0.17297669387353723,6877,0.6762710197659554,366,0.03599173960074737,124,0.012193922706264137,5.25,13.75,20.13,35.13,844.49,3.0
2026-01-30,7734,-3787.07,-0.4896651150762866,0.5701318851823118,407,0.052624773726402896,69,0.008921644685802949,439,0.056762348073441944,1198,0.15490043961727437,5229,0.6761055081458495,312,0.04034134988363072,80,0.01034393586759762,5.75,52.38,12.25,23.13,670.74,1.75
2026-02-06,8348,-4123.29,-0.49392549113560136,0.5751617153809295,437,0.05234786775275515,79,0.009463344513655965,432,0.05174892189746047,1543,0.18483469094393867,5451,0.6529707714422616,291,0.03485864877815045,115,0.013775754671777671,2.5,24.0,11.5,15.0,540.76,3.5
2026-02-13,9532,-4758.4,-0.4992026856903063,0.5744020142677297,427,0.04479647503147293,97,0.010176248426353337,387,0.04060008392782207,1475,0.15474192194712547,6668,0.6995383969785984,358,0.037557700377675196,120,0.01258917331095258,4.0,10.75,6.5,15.0,1184.73,3.5
2026-02-20,9465,-4764.58,-0.5033893291072372,0.5730121500264131,390,0.04120443740095087,87,0.00919175911251981,313,0.03306920232435288,1450,0.1531959852086635,6751,0.7132593766508188,351,0.03708399366085578,123,0.012995245641838352,5.25,4.75,13.25,21.12,496.13,12.25
2026-02-27,8369,-4276.15,-0.5109511291671645,0.5726012665790418,321,0.03835583701756482,44,0.005257497908949695,303,0.03620504241844904,1424,0.1701517505078265,5876,0.7021149480224639,298,0.03560759947425021,102,0.012187836061656111,4.25,4.75,7.25,3.0,831.11,2.25
2026-03-06,7381,-3619.97,-0.49044438422977915,0.5677943368107303,357,0.048367429887549114,68,0.009212843788104592,405,0.05487061373797589,1320,0.17883755588673622,4819,0.6528925619834711,283,0.038341688118141176,127,0.017206340604254165,4.5,8.75,5.5,10.25,328.87,3.0
2026-03-13,10265,-5246.22,-0.5110784218217244,0.5791846078908913,445,0.04335119337554798,58,0.0056502679006332195,669,0.06517291768144179,1721,0.1676570871894788,6864,0.6686799805163176,372,0.036239649293716515,135,0.013151485630784217,12.0,4.25,7.75,19.75,521.37,1.0
2026-03-20,6663,-3483.61,-0.5228290559807894,0.5832087648206513,245,0.03677022362299265,38,0.0057031367251988594,320,0.0480264145279904,1180,0.17709740357196457,4606,0.6912802041122618,187,0.02806543598979439,87,0.013057181449797388,4.75,2.75,9.25,5.88,430.37,3.5
2026-03-27,5557,-2863.67,-0.5153266150800792,0.5765161058124887,204,0.03671045528162678,40,0.007198128486593486,322,0.05794493431707756,951,0.17113550476876013,3785,0.6811229080439086,186,0.033471297462659706,69,0.012416771639373762,1.0,5.0,2.5,16.88,297.99,0.5
2026-04-03,5911,-2976.23,-0.5035070208086618,0.5736575875486382,267,0.045170021992894605,28,0.004736931145322281,376,0.0636102182371849,1024,0.17323633902892913,3914,0.6621553036711216,226,0.038233801387244123,76,0.012857384537303333,4.25,9.5,8.5,14.75,417.12,1.0
2026-04-10,6891,-3317.69,-0.4814526193585837,0.5609505151647076,338,0.04904948483529241,82,0.011899579161224786,330,0.047888550282977796,1149,0.16673922507618633,4637,0.6729066898853577,221,0.03207081700769119,134,0.019445653751269772,10.75,7.0,10.25,10.88,483.88,6.25
2026-04-17,6258,-3086.13,-0.4931495685522531,0.5655433045701502,276,0.04410354745925216,56,0.008948545861297539,266,0.042505592841163314,914,0.14605305209332056,4404,0.7037392138063279,244,0.03899009268136785,98,0.015659955257270694,3.5,5.0,9.0,4.25,462.75,2.0
2026-04-24,5234,-2586.16,-0.4941077569736339,0.5702770347726405,254,0.04852884982804738,51,0.009743981658387467,281,0.05368742835307604,890,0.1700420328620558,3504,0.669468857470386,201,0.038402751241880015,52,0.009935040122277417,6.25,8.75,3.25,15.25,302.5,4.0
2026-05-01,6090,-2852.21,-0.4683431855500821,0.5616912972085386,354,0.05812807881773399,71,0.011658456486042693,314,0.05155993431855501,1103,0.18111658456486043,3882,0.6374384236453202,276,0.04532019704433497,90,0.014778325123152709,2.0,14.38,4.5,12.5,469.37,3.75
2026-05-08,5149,-2464.53,-0.47864245484560114,0.5593649252281997,276,0.05360264128957079,45,0.008739561079821325,268,0.052048941542047,940,0.18255972033404544,3353,0.6511944066809089,183,0.03554088172460672,84,0.016313847348999804,4.5,2.0,8.25,15.5,465.36,5.0
2026-05-15,8986,-4635.75,-0.515885822390385,0.5733863788114845,317,0.03527709770754507,56,0.006231916314266637,370,0.04117516136211885,1551,0.17260182506120633,6290,0.6999777431560205,280,0.031159581571333184,122,0.013576674827509459,15.37,9.0,5.5,14.62,1186.34,1.5
2026-05-22,5045,-2498.52,-0.49524677898909814,0.5690168483647176,227,0.04499504459861249,43,0.008523290386521309,288,0.05708622398414272,798,0.15817641228939544,3428,0.6794846382556987,186,0.03686818632309217,75,0.014866204162537165,8.0,26.0,3.5,18.25,520.25,6.25
2026-05-29,6572,-3195.47,-0.4862248934875228,0.5594583079732197,316,0.04808277541083384,44,0.006695069993913573,340,0.051734631771150334,1331,0.20252586731588557,4212,0.6409007912355448,233,0.03545343883140596,96,0.014607425441265977,8.0,4.38,7.5,15.0,372.0,3.5
2026-06-05,8627,-4086.22,-0.47365480468297205,0.5627321200880955,485,0.056218847803407905,78,0.009041381708589313,384,0.04451141764228585,1448,0.1678451373594529,5698,0.6604845253274603,395,0.04578648429349716,138,0.015996290715196475,4.5,13.5,10.75,28.51,283.17,9.25
2026-06-12,7439,-3690.0,-0.49603441322758435,0.5688519962360532,350,0.04704933458798226,52,0.00699018685307165,342,0.045973921225971236,1330,0.17878747143433257,4987,0.6703858045436214,279,0.03750504100013443,99,0.01330824035488641,4.5,4.25,15.5,21.13,352.37,5.5
2026-06-19,4456,-2147.63,-0.481963644524237,0.5702244165170557,257,0.05767504488330341,42,0.009425493716337522,151,0.03388689407540395,712,0.15978456014362658,3055,0.6855924596050269,166,0.037253141831238776,73,0.016382405745062837,1.0,3.5,17.75,11.0,334.25,5.25
2026-06-26,8281,-4187.01,-0.5056164714406473,0.5727798575051322,350,0.042265426880811495,64,0.007728535201062673,322,0.03888419273034658,1290,0.15577828764641952,5883,0.7104214466851829,277,0.03345006641709938,95,0.011472044439077405,10.0,3.25,6.25,6.25,1252.37,3.25
2026-07-03,4907,-2508.58,-0.5112247809252088,0.5724189932749134,184,0.03749745261870797,29,0.005909924597513756,204,0.04157326268595883,722,0.14713674342775626,3521,0.717546362339515,187,0.0381088241287956,60,0.012227430201752598,1.5,4.25,4.0,8.0,626.8,2.0
