date,n_pairs,net_valence,net_valence_mean,mean_intensity,emo_optimism_confidence,share_optimism_confidence,emo_excitement_euphoria,share_excitement_euphoria,emo_fear_anxiety,share_fear_anxiety,emo_pessimism_despair,share_pessimism_despair,emo_anger_disgust,share_anger_disgust,emo_confusion_uncertainty,share_confusion_uncertainty,emo_surprise,share_surprise,cell_fear_anxiety__inflation,cell_fear_anxiety__monetary_policy,cell_optimism_confidence__growth_gdp,cell_fear_anxiety__markets_themselves,cell_anger_disgust__fiscal_taxes,cell_optimism_confidence__corporate_earnings
2018-01-05,3762,-781.93,-0.207849548112706,0.4981738437001595,646,0.1717171717171717,338,0.08984582668793195,236,0.06273258904837853,382,0.10154173312068049,1734,0.4609250398724083,307,0.08160552897395003,117,0.03110047846889952,0.5,3.0,3.75,31.76,58.62,47.13
2018-01-12,5735,-1363.05,-0.2376721883173496,0.4975448997384481,998,0.17401918047079337,281,0.04899738448125545,423,0.07375762859633828,778,0.13565823888404532,2515,0.4385353095030514,574,0.10008718395815171,165,0.02877070619006103,3.25,6.0,5.25,59.76,134.25,58.0
2018-01-19,5775,-1210.58,-0.2096242424242424,0.5008536796536797,1071,0.18545454545454546,397,0.06874458874458875,397,0.06874458874458875,632,0.10943722943722944,2554,0.44225108225108223,509,0.08813852813852814,215,0.03722943722943723,1.5,9.01,2.25,65.51,314.62,46.5
2018-01-26,5987,-1255.1,-0.20963754802071152,0.49255386671120766,1088,0.18172707532988142,388,0.06480708201102388,468,0.07816936696175046,792,0.13228662101219307,2484,0.41489894772006014,596,0.09954902288291298,170,0.02839485552029397,1.0,9.5,7.88,86.77,150.0,70.13
2018-02-02,5867,-1273.89,-0.21712800409067667,0.49388102948696094,1083,0.1845917845576956,337,0.057439918186466675,374,0.0637463780467019,761,0.12970853928754048,2568,0.43770240327254134,574,0.09783535026418953,168,0.02863473666268962,2.88,8.0,8.75,70.14,293.49,104.63
2018-02-09,7394,-1373.17,-0.18571409250743848,0.4892818501487693,1515,0.2048958615093319,440,0.0595077089532053,587,0.07938869353529888,1029,0.13916689207465513,2856,0.3862591290235326,751,0.10156883959967541,216,0.029212875304300785,2.75,11.5,11.0,179.31,109.5,66.38
2018-02-16,4609,-912.97,-0.19808418311998266,0.4865871121718377,896,0.19440225645476242,284,0.06161857235842916,382,0.0828813191581688,549,0.11911477543935778,1894,0.4109351269255804,459,0.09958776307224995,145,0.03146018659145151,9.75,10.0,9.0,68.01,218.75,56.88
2018-02-23,4900,-1024.01,-0.20898163265306122,0.4879040816326531,907,0.18510204081632653,303,0.06183673469387755,375,0.07653061224489796,742,0.15142857142857144,1949,0.3977551020408163,458,0.09346938775510204,166,0.03387755102040816,1.25,6.5,3.75,61.14,92.51,58.25
2018-03-02,4597,-1126.31,-0.2450097889928214,0.4938525125081574,819,0.1781596693495758,215,0.04676963236893626,364,0.07918207526647814,627,0.13639329997824667,2039,0.44355014139656296,393,0.08549053730693931,140,0.03045464433326082,2.0,8.75,2.5,51.88,111.25,71.5
2018-03-09,6402,-1796.62,-0.2806341768197438,0.5045001562011872,943,0.14729771946266793,273,0.042642924086223055,445,0.06950952827241487,860,0.13433302093095909,3131,0.48906591690096846,568,0.0887222742892846,181,0.028272414870353015,2.0,7.13,8.0,54.13,138.0,55.5
2018-03-16,4927,-1244.59,-0.25260604830525674,0.4964522021514106,776,0.15749949259184087,264,0.053582301603409786,345,0.07002232595900142,622,0.12624314998985184,2341,0.4751370002029633,423,0.08585346052364522,155,0.03145930586563832,0.0,10.0,4.75,62.27,153.5,82.38
2018-03-23,4882,-1333.34,-0.27311347808275294,0.49996108152396557,759,0.15546907005325686,203,0.04158131913150348,345,0.07066775911511676,676,0.1384678410487505,2321,0.47541990987300287,442,0.0905366653011061,136,0.027857435477263416,1.5,10.25,0.75,46.38,251.5,64.0
2018-03-30,5047,-1285.84,-0.2547731325539925,0.49967901723796315,814,0.16128393104814742,263,0.052110164454131164,351,0.06954626510798494,694,0.13750743015652864,2387,0.47295423023578365,418,0.08282147810580542,120,0.023776500891618785,1.75,1.0,7.0,58.25,146.0,68.38
2018-04-06,5872,-1638.63,-0.279058242506812,0.504533378746594,852,0.14509536784741145,249,0.04240463215258856,429,0.07305858310626703,801,0.1364100817438692,2844,0.4843324250681199,539,0.09179155313351499,158,0.02690735694822888,5.25,6.13,3.5,62.88,101.63,71.38
2018-04-13,4549,-1229.58,-0.27029676852055395,0.4989602110353924,661,0.14530666080457244,225,0.049461420092327985,307,0.06748735985930975,501,0.11013409540558365,2307,0.5071444273466696,428,0.094086612442295,118,0.025939766981754233,0.5,3.5,0.75,46.01,151.0,44.75
2018-04-20,4501,-1239.7,-0.27542768273716955,0.504367918240391,677,0.1504110197733837,237,0.05265496556320817,256,0.05687624972228394,534,0.11864030215507665,2344,0.5207731615196622,343,0.07620528771384137,109,0.024216840702066207,0.0,2.0,1.5,23.38,256.62,61.38
2018-04-27,5030,-1328.72,-0.26415904572564614,0.4970974155069583,774,0.15387673956262427,227,0.04512922465208748,357,0.0709741550695825,712,0.1415506958250497,2356,0.468389662027833,480,0.09542743538767395,124,0.024652087475149104,1.0,5.5,11.5,55.02,225.62,67.88
2018-05-04,4461,-1319.73,-0.2958372562205783,0.5082985877605918,621,0.13920645595158038,165,0.03698722259583053,248,0.05559291638646043,575,0.12889486662183366,2330,0.5223044160502129,373,0.08361353956511992,148,0.03317641784353284,0.0,6.75,4.5,18.39,255.5,78.25
2018-05-11,4646,-1406.94,-0.3028282393456737,0.5053594489883771,628,0.13517003874300473,175,0.037666810159276795,294,0.06328024106758502,552,0.1188118811881188,2517,0.5417563495479982,374,0.08049935428325442,103,0.022169608265174345,0.0,9.75,2.75,27.25,130.62,70.88
2018-05-18,4613,-1096.91,-0.2377866897897247,0.49557771515282895,787,0.17060481248645135,293,0.06351615001083893,273,0.05918057663125948,637,0.13808801213960548,2155,0.46715803164968567,335,0.07262085410795578,132,0.028614784305224367,3.25,7.75,9.63,39.88,127.51,47.25
2018-05-25,5411,-1438.11,-0.2657752725928664,0.5033173165773425,872,0.16115320643134357,270,0.04989835520236555,347,0.06412862687118832,889,0.16429495472186287,2481,0.4585104416928479,409,0.07558676769543522,142,0.026242838661984846,0.0,3.38,5.5,57.77,142.0,54.5
2018-06-01,4216,-1150.31,-0.2728439278937381,0.5028795066413662,614,0.14563567362428842,234,0.05550284629981025,234,0.05550284629981025,514,0.12191650853889943,2147,0.5092504743833017,377,0.0894212523719165,96,0.022770398481973434,1.0,3.25,5.5,28.77,92.5,37.13
2018-06-08,4684,-1191.34,-0.25434244235695985,0.49882578992314264,755,0.1611870196413322,239,0.051024765157984625,281,0.05999146029035013,515,0.10994876174210076,2323,0.49594363791631085,430,0.09180187873612297,141,0.030102476515798463,1.5,0.5,12.75,34.89,110.0,76.25
2018-06-15,5715,-1533.6,-0.26834645669291335,0.5064724409448819,872,0.152580927384077,290,0.05074365704286964,381,0.06666666666666667,768,0.13438320209973753,2784,0.48713910761154855,488,0.08538932633420822,132,0.023097112860892388,0.0,10.25,9.5,52.52,134.12,71.26
2018-06-22,4913,-1326.5,-0.26999796458375735,0.5033177284754733,768,0.15631996743334012,215,0.043761449216364746,322,0.06554040301241604,656,0.13352330551597802,2382,0.48483614899246896,461,0.0938326887848565,108,0.021982495420313455,3.25,1.5,8.25,38.51,108.75,57.63
2018-06-29,4737,-1283.95,-0.2710470762085708,0.5065463373443108,754,0.15917247202871015,202,0.0426430230103441,335,0.07071986489339244,627,0.13236225459151363,2289,0.4832172260924636,413,0.08718598268946591,116,0.024488072619801564,1.0,7.75,12.25,51.51,178.5,69.75
2018-07-06,5142,-1451.94,-0.28236872812135355,0.5060598988720342,721,0.14021781408012446,269,0.052314274601322444,352,0.06845585375340335,749,0.1456631660832361,2496,0.485414235705951,426,0.08284714119019837,128,0.024893037728510307,0.75,4.38,9.0,45.14,173.12,44.88
2018-07-13,5595,-1581.04,-0.2825808757819482,0.50571581769437,816,0.14584450402144772,241,0.04307417336907954,356,0.06362823949955317,690,0.12332439678284182,2853,0.5099195710455764,514,0.09186773905272565,125,0.022341376228775692,0.0,7.5,6.0,39.64,254.87,47.5
2018-07-20,5726,-1655.4,-0.28910234020258474,0.5063115612993363,873,0.15246245197345443,218,0.03807195249738037,366,0.06391896611945512,844,0.14739783443939924,2836,0.4952846664338107,437,0.07631854697869368,151,0.02637093957387356,6.5,8.0,4.75,43.01,301.24,73.25
2018-07-27,6108,-1394.71,-0.22834151931892602,0.49729698755730184,1113,0.18222003929273084,318,0.05206286836935167,411,0.06728880157170923,870,0.14243614931237722,2644,0.43287491814014406,552,0.09037328094302555,199,0.03258022265880812,3.0,19.0,14.63,65.77,167.62,116.88
2018-08-03,6582,-1666.05,-0.25312215132178667,0.5004892130051656,1057,0.1605894864782741,336,0.05104831358249772,328,0.0498328775448192,819,0.1244302643573382,3208,0.4873898511090854,600,0.09115770282588878,233,0.03539957459738681,1.0,3.5,11.5,59.51,212.13,112.64
2018-08-10,5691,-1476.58,-0.25945879458794585,0.5006044631874891,875,0.15375153751537515,293,0.051484800562291336,387,0.0680021085925145,752,0.13213846424178527,2669,0.4689861184326129,562,0.09875241609558953,152,0.026708838516956598,4.0,10.0,7.0,48.39,126.63,70.89
2018-08-17,6735,-2012.44,-0.29880326651818856,0.5106176688938382,937,0.13912397921306607,275,0.04083147735708983,421,0.06250927988121752,834,0.12383073496659243,3583,0.5319970304380104,547,0.08121752041573868,137,0.02034149962880475,3.5,11.0,8.25,50.14,304.86,92.25
2018-08-24,6673,-1847.42,-0.2768499925071182,0.505847444927319,1015,0.15210549977521354,336,0.05035216544282931,436,0.06533792896748089,811,0.12153454218492432,3420,0.5125131125430841,488,0.07313052600029972,165,0.024726509815675108,0.38,5.25,6.25,62.01,219.75,109.75
2018-08-31,6103,-1594.48,-0.26126167458626903,0.5014517450434213,971,0.15910208094379813,316,0.05177781418974275,401,0.06570539079141406,810,0.13272161232180896,2959,0.4848435195805342,463,0.07586432901851549,181,0.029657545469441257,1.0,3.75,18.25,68.28,274.87,88.39
2018-09-07,5295,-1497.6,-0.28283286118980167,0.5031916902738433,769,0.14523135033050047,230,0.04343720491029273,348,0.06572237960339944,700,0.13220018885741266,2688,0.5076487252124646,419,0.07913125590179415,139,0.026251180358829083,0.5,3.25,7.25,45.5,171.5,83.88
2018-09-14,5877,-1657.84,-0.2820895014463161,0.4999081163859112,788,0.13408201463331632,277,0.04713289093074698,324,0.055130168453292494,780,0.13272077590607453,2989,0.5085928194657138,554,0.09426578186149397,164,0.027905393908456696,1.0,11.0,3.0,34.13,201.37,80.13
2018-09-21,5049,-1246.14,-0.24680926916221035,0.5013052089522678,802,0.15884333531392356,291,0.05763517528223411,290,0.057437116260645675,704,0.1394335511982571,2356,0.46662705486234896,462,0.0915032679738562,143,0.02832244008714597,0.5,4.62,3.75,41.39,87.25,52.75
2018-09-28,4871,-1180.79,-0.2424122356805584,0.4975179634571956,827,0.16978033258057892,243,0.0498870868404845,388,0.07965510162184357,716,0.14699240402381442,2102,0.4315335660028742,440,0.09033052761239992,151,0.030999794703346337,2.25,6.0,2.25,63.38,109.0,70.88
2018-10-05,6128,-1781.96,-0.29078981723237596,0.5076843994778069,801,0.13071148825065274,346,0.0564621409921671,373,0.060868146214099215,693,0.11308746736292428,3260,0.5319843342036553,492,0.08028720626631854,163,0.02659921671018277,1.5,8.75,2.5,62.65,406.0,79.38
2018-10-12,6043,-1352.24,-0.22376965083567765,0.49776435545258974,1047,0.17325831540625516,419,0.06933642230680126,485,0.08025814992553368,858,0.14198245904352144,2558,0.42329968558662917,495,0.08191295714049314,181,0.029952010590766177,5.25,16.88,11.25,96.89,145.63,72.76
2018-10-19,5712,-1621.18,-0.2838200280112045,0.5029954481792718,840,0.14705882352941177,232,0.04061624649859944,382,0.06687675070028011,870,0.15231092436974789,2743,0.4802170868347339,470,0.0822829131652661,173,0.030287114845938375,1.25,10.38,10.5,49.26,216.75,82.38
2018-10-26,7055,-1561.86,-0.2213834160170092,0.5018625088589652,1226,0.17377746279234585,449,0.06364280652019844,506,0.07172218284904323,1071,0.15180722891566265,2921,0.4140326009922041,668,0.09468462083628632,214,0.030333097094259392,3.13,18.0,24.63,88.41,245.62,141.5
2018-11-02,6939,-1785.17,-0.2572661766825191,0.5046476437527021,1139,0.16414468943651822,345,0.04971897968006917,514,0.07407407407407407,1035,0.14915693904020752,3100,0.446750252197723,610,0.0879089205937455,195,0.028102031993082578,1.0,10.88,36.5,85.27,414.63,93.25
2018-11-09,5405,-1645.94,-0.3045217391304348,0.506982423681776,766,0.14172062904717853,194,0.03589269195189639,271,0.050138760407030525,746,0.13802035152636447,2882,0.5332099907493062,431,0.07974098057354302,115,0.02127659574468085,0.5,6.5,9.0,26.5,320.87,70.0
2018-11-16,5892,-1811.66,-0.3074779361846572,0.5063730482009505,816,0.1384928716904277,206,0.03496266123557366,309,0.05244399185336049,837,0.14205702647657842,3142,0.53326544467074,418,0.07094365241004752,164,0.027834351663272233,1.0,8.5,8.88,34.0,408.99,68.0
2018-11-23,7091,-1992.96,-0.2810548582710478,0.5097757721054859,1124,0.15851078832322663,253,0.03567902975602877,465,0.0655760823579185,1032,0.1455365956846707,3422,0.48258355662106894,598,0.08433225215061345,196,0.027640671273445213,1.75,18.5,7.75,74.5,191.25,70.51
2018-11-30,5786,-1676.72,-0.28978914621500174,0.5059920497753198,852,0.14725198755617006,231,0.039923954372623575,333,0.05755271344624957,835,0.14431386104389907,2930,0.5063947459384722,471,0.08140338748703768,132,0.022813688212927757,0.75,9.38,9.5,40.76,141.5,61.63
2018-12-07,6987,-2299.44,-0.32910261914984973,0.5155345641906397,869,0.12437383712609132,264,0.037784456848432804,397,0.05681980821525691,968,0.1385430084442536,3891,0.5568913696865607,480,0.068699012451696,116,0.0166022613424932,0.0,5.5,3.0,48.64,367.37,52.88
2018-12-14,6781,-2213.96,-0.32649461731308066,0.5133593865211621,888,0.1309541365580298,219,0.03229612151600059,388,0.05721869930688689,964,0.1421619230202035,3678,0.5423978764194072,506,0.07462026249815662,138,0.02035098068131544,0.75,8.75,8.63,52.14,357.38,43.63
2018-12-21,8761,-2295.02,-0.26195868051592286,0.5089784271201917,1452,0.16573450519347108,430,0.04908115511927862,633,0.07225202602442643,1537,0.17543659399611916,3871,0.4418445382947152,631,0.07202374158201119,207,0.023627439789978312,5.5,26.63,21.5,121.55,234.37,62.13
2018-12-28,10799,-2705.88,-0.25056764515232893,0.5120890823224373,1969,0.18233169737938698,509,0.04713399388832299,860,0.07963700342624318,1804,0.16705250486156126,4607,0.42661357533104916,833,0.07713677192332623,215,0.019909250856560794,0.5,78.5,37.25,214.15,264.63,56.25
2019-01-04,7819,-2080.51,-0.26608389819670036,0.5013121882593682,1306,0.16702903184550455,333,0.04258856631282773,477,0.061005243637293774,1105,0.14132241974677068,3777,0.48305409898964063,629,0.08044506970200793,191,0.024427676173423712,1.5,14.5,18.25,63.14,201.88,120.63
2019-01-11,8971,-2965.34,-0.33054731913944935,0.5089120499386913,1103,0.12295173336305874,262,0.02920521680972021,453,0.05049604280459258,1061,0.11826998105005015,5180,0.5774161186043919,658,0.07334745290380114,254,0.02831345446438524,0.75,7.0,12.25,63.0,1066.87,51.63
2019-01-18,6718,-2099.97,-0.3125885680261982,0.5047156891932122,868,0.1292051205715987,219,0.0325989877939863,389,0.057904138136350106,940,0.13992259601071746,3550,0.5284310806787734,545,0.08112533492110748,198,0.02947305745757666,2.75,8.25,12.0,43.75,385.38,47.63
2019-01-25,6995,-2337.43,-0.334157255182273,0.5129320943531094,831,0.11879914224446032,233,0.033309506790564686,438,0.06261615439599715,839,0.11994281629735526,3979,0.5688348820586133,537,0.07676912080057184,138,0.019728377412437454,0.5,13.88,14.25,43.51,652.88,57.75
2019-02-01,7277,-2270.52,-0.3120131922495534,0.5090792909165865,982,0.13494571938985847,264,0.03627868627181531,466,0.06403737804040126,940,0.12917411021025146,3883,0.5335990105812835,597,0.0820393019101278,144,0.019788374330081078,0.0,26.88,8.5,56.27,610.62,79.75
2019-02-08,7538,-2452.35,-0.3253316529583444,0.5126757760679226,959,0.12722207482090742,282,0.037410453701247015,428,0.0567789864685593,1091,0.14473335102149112,4116,0.5460334306182011,502,0.06659591403555319,160,0.02122578933404086,2.0,14.12,13.0,37.38,609.37,85.88
2019-02-15,8626,-3008.05,-0.34871898910271276,0.5124913053559008,953,0.11047994435427777,235,0.027243218177602595,434,0.05031300718757246,1290,0.1495478785068398,4911,0.5693252956178994,569,0.06596336656619523,233,0.027011361001623,1.0,12.25,15.63,38.14,783.74,50.75
2019-02-22,8636,-3033.74,-0.3512899490504863,0.5154735988883743,942,0.10907827698008338,260,0.030106530801296896,436,0.05048633626679018,1202,0.13918480778138026,5020,0.5812876331635016,572,0.06623436776285317,202,0.023390458545622973,1.25,5.25,7.75,29.89,597.5,54.26
2019-03-01,7996,-2631.32,-0.32907953976988497,0.5118309154577289,895,0.11193096548274137,341,0.04264632316158079,357,0.04464732366183091,974,0.12181090545272637,4636,0.5797898949474737,607,0.07591295647823912,184,0.02301150575287644,1.0,5.5,19.38,48.53,653.87,57.75
2019-03-08,6661,-2141.11,-0.3214397237652004,0.510632037231647,863,0.12956012610719111,243,0.0364810088575289,328,0.04924185557724065,882,0.13241255066806787,3724,0.5590752139318421,472,0.07086023119651703,148,0.022218886053145172,0.5,12.75,17.75,34.01,381.37,64.5
2019-03-15,7743,-2617.55,-0.3380537259460158,0.5117887123853804,895,0.1155882732790908,220,0.02841275991217874,423,0.054629988376598215,1156,0.14929613844763012,4253,0.5492703086658918,553,0.07141934650652201,241,0.031124886994704896,4.75,3.5,14.13,33.5,375.5,60.5
2019-03-22,7211,-2357.96,-0.32699486895021496,0.5117320759950076,851,0.1180141450561642,296,0.041048398280404935,400,0.0554708084870337,1055,0.14630425738455138,3930,0.545000693385106,550,0.07627236166967133,129,0.017889335737068367,3.5,20.0,20.5,55.13,422.99,55.5
2019-03-29,6359,-1958.99,-0.3080657336059129,0.5056549771976726,869,0.13665670702940713,213,0.03349583267809404,449,0.07060858625570059,916,0.14404780625884572,3234,0.5085705299575405,516,0.08114483409341092,162,0.0254757037270011,1.25,17.5,16.75,58.89,273.5,45.25
2019-04-05,6218,-1840.03,-0.2959199099388871,0.5050562881955613,835,0.13428755226761016,263,0.042296558378899965,388,0.06239948536506915,815,0.1310710839498231,3221,0.5180122225796076,507,0.08153747185590222,189,0.030395625603087808,2.75,8.13,12.0,50.13,242.5,29.5
2019-04-12,6796,-2296.97,-0.3379885226603884,0.5117260153031195,804,0.11830488522660389,192,0.028251912889935255,361,0.05311948204826369,977,0.14376103590347264,3792,0.5579752795762213,504,0.07416127133608005,166,0.02442613301942319,0.5,7.5,9.75,45.13,564.87,60.5
2019-04-19,6577,-2150.32,-0.32694541584308956,0.5124631290862095,808,0.12285236429983275,219,0.033297856165424966,388,0.05899346206477117,971,0.1476357001672495,3532,0.5370229587958035,498,0.07571841265014444,160,0.02432720085145203,1.0,14.0,6.5,44.87,435.24,65.25
2019-04-26,7145,-1982.72,-0.27749755073477955,0.5059440167949615,1002,0.14023792862141357,399,0.05584324702589223,374,0.052344296710986706,929,0.13002099370188944,3642,0.5097270818754374,561,0.07851644506648006,237,0.03317004898530441,2.25,12.88,22.0,32.15,451.99,125.5
2019-05-03,6797,-2055.1,-0.3023539796969251,0.508315433279388,965,0.14197440047079593,246,0.03619243784022363,317,0.04663822274532882,911,0.1340297189936737,3626,0.533470648815654,547,0.08047668088862733,185,0.02721789024569663,5.0,13.88,16.88,37.89,333.24,91.63
2019-05-10,7872,-2777.57,-0.3528417174796748,0.522479674796748,887,0.11267784552845528,216,0.027439024390243903,344,0.04369918699186992,1083,0.13757621951219512,4595,0.583714430894309,578,0.07342479674796748,169,0.02146849593495935,2.0,6.0,8.5,28.01,376.25,59.0
2019-05-17,7277,-2318.05,-0.31854472997114197,0.5187907104576062,1056,0.14511474508726124,217,0.029819980761302736,438,0.060189638587329945,1008,0.13851862031056755,3883,0.5335990105812835,503,0.06912189088910266,171,0.02349869451697128,0.5,14.38,8.75,44.25,235.5,83.25
2019-05-24,7425,-2550.88,-0.34355286195286194,0.5201063973063973,861,0.11595959595959596,257,0.034612794612794616,404,0.05441077441077441,1078,0.1451851851851852,4154,0.5594612794612794,530,0.07138047138047138,141,0.01898989898989899,3.0,23.5,8.75,44.38,522.24,87.0
2019-05-31,6601,-2206.31,-0.33423875170428724,0.5158354794728072,829,0.1255870322678382,195,0.02954097863960006,330,0.04999242539009241,901,0.13649447053476746,3752,0.5683987274655355,486,0.07362520830177245,108,0.01636115740039388,1.25,2.5,14.0,46.13,254.88,57.5
2019-06-07,7495,-2464.35,-0.32879919946631087,0.5176224149432955,977,0.13035356904603068,241,0.032154769846564374,467,0.062308205470313544,963,0.1284856571047365,4142,0.5526350900600401,571,0.076184122748499,134,0.017878585723815878,1.25,18.25,21.75,66.78,438.75,62.63
2019-06-14,6149,-1823.76,-0.2965945682224752,0.5071117254838186,818,0.13302976093673768,286,0.046511627906976744,260,0.042283298097251586,851,0.13839648723369655,3259,0.5300048788420881,480,0.07806147341031063,195,0.03171247357293869,0.75,6.0,10.25,37.14,225.75,76.88
2019-06-21,6025,-1638.98,-0.2720298755186722,0.49908049792531123,852,0.14141078838174273,319,0.05294605809128631,385,0.06390041493775933,883,0.14655601659751039,2869,0.4761825726141079,540,0.08962655601659751,177,0.02937759336099585,0.75,23.0,12.5,63.25,212.0,44.13
2019-06-28,9543,-3422.19,-0.3586073561773027,0.5281840092214188,1050,0.11002829298962591,360,0.03772398616787174,368,0.03856229697160222,991,0.10384575081211359,6079,0.6370114219847008,543,0.05690034580320654,151,0.01582311642041287,1.0,6.5,6.5,34.88,1735.62,49.13
2019-07-05,6339,-2072.59,-0.3269585108061209,0.5154141031708471,742,0.11705316295945732,258,0.04070042593469001,413,0.06515223221328285,833,0.13140873954882473,3445,0.5434611137403376,501,0.07903454803596782,147,0.02318977756743966,1.5,31.5,27.51,56.89,350.75,39.5
2019-07-12,6905,-2380.9,-0.3448081100651702,0.5181419261404779,768,0.11122375090514121,244,0.035336712527154236,412,0.05966690803765387,887,0.12845763939174512,3936,0.5700217233888487,521,0.07545257060101376,133,0.019261404779145546,0.5,27.75,17.75,56.76,478.62,39.75
2019-07-19,7399,-2407.36,-0.325362886876605,0.5109906744154615,920,0.12434112717934856,257,0.034734423570752807,429,0.057980808217326665,1080,0.14596567103662658,4001,0.5407487498310583,533,0.07203676172455738,178,0.024057305041221787,2.0,11.75,21.25,44.39,352.86,77.38
2019-07-26,6347,-1981.88,-0.3122546084764456,0.5115408854576966,859,0.1353395304868442,258,0.04064912557113597,378,0.05955569560422247,923,0.14542303450449032,3353,0.5282810776744918,416,0.06554277611469986,160,0.02520876004411533,1.5,12.75,15.75,30.75,308.5,94.89
2019-08-02,7936,-2565.19,-0.32323462701612904,0.5170703125,909,0.1145413306451613,347,0.043724798387096774,433,0.05456149193548387,1063,0.13394657258064516,4368,0.5504032258064516,595,0.07497479838709678,219,0.027595766129032258,4.5,40.37,9.5,56.64,393.62,56.63
2019-08-09,9228,-2892.87,-0.31348829648894666,0.5140745557000433,1216,0.1317728651928912,353,0.0382531426094495,614,0.06653662765496315,1377,0.14921976592977892,4716,0.5110533159947984,730,0.07910706545296922,220,0.023840485478977026,3.5,23.25,15.25,89.77,199.12,70.63
2019-08-16,8169,-2542.23,-0.31120455380095485,0.5143138695066716,1084,0.13269678051169054,283,0.034643163177867545,588,0.07197943444730077,1242,0.15203819316929856,4084,0.49993879299791893,696,0.085200146896805,192,0.023503488799118618,4.0,30.38,25.13,101.75,281.62,52.38
2019-08-23,7797,-2414.93,-0.3097255354623573,0.512127741439015,1005,0.12889572912658714,320,0.04104142618956009,507,0.06502500961908426,1111,0.14249070155187893,3991,0.5118635372579197,647,0.08298063357701681,214,0.027446453764268307,2.75,26.75,20.5,46.5,424.62,66.88
2019-08-30,7937,-2561.23,-0.3226949729116795,0.51698752677334,1055,0.13292175885095125,267,0.03363991432531183,566,0.0713115786821217,1136,0.14312712611818068,4139,0.5214816681365755,609,0.0767292427869472,165,0.020788711099911806,2.0,17.5,24.75,74.26,253.0,47.5
2019-09-06,6756,-2247.54,-0.33267317939609237,0.5104558910597987,746,0.11042036708111308,218,0.03226761397276495,377,0.05580224985198342,903,0.1336589698046181,3760,0.5565423327412671,543,0.08037300177619894,208,0.03078744819419775,1.5,18.0,16.25,39.63,286.51,32.25
2019-09-13,7763,-2511.58,-0.3235321396367384,0.5126162566018292,922,0.11876851732577612,306,0.03941775086950921,421,0.054231611490403196,1232,0.1587015329125338,4085,0.5262140924900167,615,0.07922195027695479,181,0.02331572845549401,6.25,29.0,15.75,45.38,386.88,41.25
2019-09-20,7950,-2715.91,-0.3416238993710692,0.5174452830188678,855,0.10754716981132076,255,0.03207547169811321,583,0.07333333333333333,1116,0.14037735849056604,4249,0.5344654088050315,711,0.08943396226415094,181,0.022767295597484277,2.0,67.65,16.0,44.26,556.23,39.13
2019-09-27,6488,-2353.64,-0.36276818742293465,0.5177435265104808,650,0.1001849568434032,169,0.026048088779284835,383,0.05903205918618989,820,0.12638717632552404,3808,0.5869297163995068,526,0.0810727496917386,130,0.020036991368680642,1.25,15.38,11.0,47.39,549.66,39.63
2019-10-04,7135,-2149.71,-0.3012908199018921,0.5053889278206026,944,0.13230553608969867,328,0.045970567624386824,397,0.055641205325858444,1038,0.14548002803083393,3704,0.5191310441485634,524,0.07344078486334968,199,0.027890679747722493,0.0,15.75,12.88,58.51,258.0,27.5
2019-10-11,6236,-2135.47,-0.34244227068633737,0.5105981398332264,685,0.1098460551635664,186,0.02982681205901219,359,0.05756895445798589,796,0.1276459268762027,3519,0.5643040410519564,559,0.08964079538165491,132,0.021167415009621552,4.13,24.62,9.5,34.88,493.25,33.0
2019-10-18,7163,-2538.0,-0.3543208153008516,0.5141477034761971,754,0.10526315789473684,192,0.026804411559402486,407,0.05681976825352506,902,0.1259248918051096,4224,0.5896970543068547,540,0.07538740751081949,142,0.01982409604914142,1.5,11.51,13.25,35.27,718.62,33.63
2019-10-25,7081,-2334.69,-0.32971190509814996,0.5175328343454314,839,0.11848608953537636,291,0.0410958904109589,347,0.04900437791272419,914,0.12907781386809772,3994,0.5640446264651885,512,0.0723061714447112,183,0.025843807371840135,1.0,24.12,13.25,46.27,289.5,71.26
2019-11-01,7229,-2289.97,-0.31677548761931107,0.5110042882833034,869,0.12021026421358418,296,0.04094618896112879,422,0.05837598561350118,989,0.13681007054917693,3892,0.5383870521510582,571,0.07898741181352885,189,0.026144694978558584,1.0,20.74,20.25,59.26,363.13,72.0
2019-11-08,8762,-3145.06,-0.35894316366126455,0.5203903218443278,857,0.09780871947044054,298,0.03401049988587081,538,0.06140150650536407,1177,0.1343300616297649,5078,0.5795480483907783,601,0.06859164574298106,212,0.024195389180552387,3.75,18.87,16.25,79.75,703.74,70.5
2019-11-15,7745,-2697.97,-0.34834990316333114,0.5133582956746288,857,0.11065203357004519,234,0.030213040671400904,431,0.05564880568108457,1062,0.1371207230471272,4475,0.577792123950936,548,0.07075532601678503,138,0.017817947062621044,0.5,16.75,17.75,37.5,368.0,49.38
2019-11-22,7477,-2189.84,-0.29287682225491507,0.5134679684365387,1076,0.1439079844857563,372,0.0497525745619901,410,0.05483482680219339,947,0.1266550755650662,3959,0.5294904373411796,529,0.07075030092283001,184,0.02460880032098435,3.0,15.5,15.5,55.0,315.25,47.38
2019-11-29,6367,-2147.18,-0.3372357468195382,0.5164677242029213,752,0.11810899952882048,246,0.038636720590544994,319,0.050102088895869326,779,0.12234961520339249,3669,0.5762525522223967,441,0.06926338935134287,159,0.024972514528035183,1.75,15.75,17.25,40.63,381.87,57.76
2019-12-06,7677,-2763.27,-0.35994138335287224,0.5265025400547089,849,0.11059007424775302,230,0.029959619643089748,362,0.047153836133906474,962,0.12530936563761885,4626,0.6025791324736225,512,0.06669271850983458,134,0.017454734922495767,1.0,12.75,15.25,46.5,453.74,20.88
2019-12-13,8289,-2909.21,-0.3509723730244903,0.5200675594160936,925,0.11159367836892267,250,0.03016045361322234,431,0.05199662202919532,1170,0.14115092290988057,4786,0.5773917239715285,549,0.06623235613463627,178,0.02147424297261431,2.5,15.12,15.75,53.63,400.37,40.25
2019-12-20,6720,-2147.2,-0.3195238095238095,0.511891369047619,867,0.12901785714285716,239,0.03556547619047619,435,0.06473214285714286,943,0.14032738095238095,3574,0.5318452380952381,527,0.07842261904761905,134,0.01994047619047619,4.25,20.25,21.5,63.26,277.12,39.63
2019-12-27,6952,-2002.77,-0.2880854430379747,0.5112341772151898,1053,0.15146720368239355,316,0.045454545454545456,405,0.0582566168009206,930,0.13377445339470656,3556,0.5115074798619103,512,0.07364787111622555,179,0.025747986191024166,1.0,17.63,21.63,61.02,369.87,39.88
2020-01-03,7781,-2279.7,-0.292982907081352,0.5092276057062074,1177,0.15126590412543375,329,0.04228248297134044,415,0.053335046909137644,999,0.1283896671379,4125,0.5301375144582958,576,0.07402647474617659,159,0.020434391466392494,1.0,15.63,9.25,55.38,439.3,50.25
2020-01-10,6030,-1469.94,-0.24377114427860697,0.4985572139303483,1062,0.1761194029850746,327,0.054228855721393035,345,0.05721393034825871,722,0.11973466003316749,2935,0.4867330016583748,501,0.08308457711442786,138,0.022885572139303482,0.5,15.25,12.75,53.0,313.0,55.0
2020-01-17,8238,-2173.56,-0.26384559359067733,0.502433843165817,1263,0.15331391114348142,411,0.04989075018208303,511,0.06202961883952415,1079,0.13097839281378976,3997,0.48519058023792183,751,0.09116290361738286,225,0.027312454479242534,7.0,13.75,15.0,84.9,396.75,96.01
2020-01-24,7227,-2327.56,-0.3220644804206448,0.5112605507126056,897,0.12411789124117892,253,0.0350076103500761,432,0.05977584059775841,934,0.1292375812923758,3961,0.5480835754808357,556,0.0769337207693372,193,0.026705410267054103,0.5,18.38,16.0,51.65,341.5,45.75
2020-01-31,7670,-1929.0,-0.25149934810951763,0.5041069100391135,1252,0.16323337679269884,436,0.05684485006518905,490,0.06388526727509779,1069,0.139374185136897,3606,0.4701434159061278,602,0.07848761408083442,214,0.02790091264667536,0.0,12.0,19.63,66.03,267.88,133.76
2020-02-07,9575,-1987.48,-0.20756971279373368,0.504001044386423,1699,0.17744125326370758,735,0.07676240208877284,658,0.06872062663185378,1309,0.13671018276762403,4049,0.4228720626631854,834,0.08710182767624021,290,0.030287206266318537,6.38,9.0,14.25,132.14,307.87,174.13
2020-02-14,10107,-2894.35,-0.2863708320965667,0.5143079054120906,1444,0.1428712773325418,526,0.052043138418917584,632,0.0625309191649352,1333,0.1318887899475611,5163,0.5108340753932917,775,0.0766795290392797,233,0.02305332937568022,3.38,22.38,33.0,79.63,521.48,92.88
2020-02-21,10795,-2677.63,-0.24804353867531265,0.5066651227420101,1791,0.16591014358499306,647,0.059935155164427975,784,0.07262621584066697,1626,0.1506252894858731,4797,0.4443723946271422,849,0.07864752200092635,300,0.02779064381658175,6.13,15.5,31.5,138.77,312.0,107.51
2020-02-28,15428,-3461.61,-0.224371921182266,0.5028629764065335,2820,0.18278454757583615,937,0.06073373087892144,1743,0.11297640653357532,2529,0.1639227378791807,5667,0.36731915996888775,1333,0.08640134819808142,399,0.02586206896551724,6.0,29.87,51.25,326.31,281.62,91.14
2020-03-06,16038,-3930.85,-0.2450960219478738,0.5056359895248784,2752,0.17159246788876417,802,0.050006235191420376,1541,0.0960842997880035,2691,0.16778900112233447,6394,0.39867813941888014,1442,0.08991146028183065,415,0.025876044394562914,11.0,85.88,82.63,236.29,285.12,125.26
2020-03-13,28651,-6996.95,-0.2442131164706293,0.509827231161216,4917,0.1716170465254267,1563,0.05455306970088304,2937,0.10250951101183205,5733,0.20009772782799903,10379,0.3622561167149489,2432,0.08488359917629403,685,0.02390841506404663,6.0,80.62,112.25,623.34,804.73,97.38
2020-03-20,33873,-10212.7,-0.3014997195406371,0.5206958344404097,4957,0.14634074336492192,1151,0.033979865969946565,3827,0.11298084019720722,6928,0.20452868066011276,13298,0.3925840640037788,2878,0.08496442594396718,827,0.024414725592654916,12.13,200.77,155.88,692.58,1769.97,145.01
2020-03-27,32857,-10504.04,-0.319689563867669,0.5275146848464558,4701,0.14307453510667437,983,0.02991752138052774,3251,0.09894390845177588,6591,0.2005965243327145,14011,0.42642359314605716,2781,0.08463949843260188,536,0.016313114404845237,18.38,168.63,130.51,444.29,2235.23,115.0
2020-04-03,22532,-6464.56,-0.28690573406710457,0.5180077223504349,3580,0.1588851411326114,743,0.032975323983667676,2088,0.09266820521924374,4719,0.2094354695544115,8876,0.39392863483046336,2001,0.08880703000177526,523,0.023211432629149653,20.5,102.75,101.26,251.67,793.98,170.51
2020-04-10,22157,-6385.77,-0.2882055332400596,0.5167459493613756,3294,0.1486663356952656,808,0.03646703073520784,1998,0.09017466263483323,4361,0.19682267454980368,9120,0.41160806968452407,2138,0.09649320756420093,437,0.019722886672383446,15.62,140.25,91.13,266.67,747.88,117.5
2020-04-17,17609,-4901.33,-0.27834232494747,0.5131262422624794,2806,0.1593503322164802,669,0.03799193594184792,1345,0.0763813958771083,3118,0.17706854449429268,7732,0.4390936452950196,1552,0.08813674825373388,386,0.02192060877960134,14.25,52.88,64.75,195.05,758.37,210.27
2020-04-24,18741,-5068.79,-0.2704652900058695,0.50952190384718,2843,0.15169948241822742,768,0.040979670241716025,1470,0.07843765007203457,3123,0.16663998719385306,8018,0.4278320260391655,1887,0.10068833039859132,630,0.03361613574515768,17.75,61.0,55.5,212.53,1119.48,158.13
2020-05-01,18683,-4805.46,-0.25721029813199164,0.5114210779853342,3206,0.17159985013113527,792,0.04239147888454745,1549,0.08290959695980303,3069,0.16426698067762135,7885,0.4220414280361826,1730,0.09259754857356955,450,0.024086067548038322,13.75,62.26,82.0,251.31,691.12,222.39
2020-05-08,15395,-4393.67,-0.2853959077622605,0.5094134459240013,2452,0.15927249106852875,529,0.03436180578109776,1028,0.06677492692432609,2782,0.18070802208509257,6948,0.4513153621305619,1313,0.08528743098408574,343,0.022279961026307242,8.38,40.75,42.25,117.27,548.5,203.14
2020-05-15,15431,-4591.74,-0.29756593869483505,0.5136906227723415,2252,0.14593999092735402,578,0.037457066943166355,1118,0.07245155855096883,2774,0.17976799948156308,7128,0.4619272892229927,1225,0.0793856522584408,354,0.022940833387337177,11.88,49.62,33.63,152.5,623.62,121.0
2020-05-22,16653,-4751.26,-0.285309553834144,0.5134252086711103,2515,0.1510238395484297,692,0.04155407434095959,1191,0.0715186452891371,2755,0.16543565723893594,7674,0.4608178706539362,1376,0.0826277547589023,450,0.027022158169699155,9.75,39.13,47.38,139.8,828.04,187.38
2020-05-29,12715,-3320.71,-0.26116476602438066,0.5075186787259143,2124,0.16704679512386944,571,0.044907589461266224,907,0.07133307117577664,2325,0.1828548957923712,5369,0.42225717656311446,1088,0.08556822650412899,326,0.025639009044435706,4.25,40.75,49.0,140.5,387.0,167.88
2020-06-05,14415,-3409.15,-0.2365001734304544,0.5097502601456816,2628,0.18231009365244538,760,0.05272285813388831,1187,0.08234477974332292,2335,0.16198404439819633,5859,0.4064516129032258,1276,0.08851890391952827,367,0.025459590704127646,8.88,38.87,54.75,211.03,522.87,146.38
2020-06-12,15254,-3748.85,-0.24576176740527075,0.5110790612298414,2619,0.1716926707748787,831,0.0544775140946637,1184,0.07761898518421398,2182,0.14304444735807,6726,0.44093352563262095,1372,0.08994362134522092,338,0.022158122459682707,7.5,64.88,30.01,244.05,511.09,143.13
2020-06-19,13206,-4109.64,-0.3111949114039073,0.5209215508102377,1781,0.13486294108738453,539,0.04081478116007875,986,0.07466303195517189,2044,0.15477813115250644,6499,0.4921247917613206,1085,0.08215962441314555,267,0.020218082689686508,9.75,78.01,24.38,136.28,597.99,115.63
2020-06-26,11591,-3125.48,-0.2696471400224312,0.5120869640238116,1950,0.16823397463549306,486,0.041929082909153655,832,0.07177982917781037,1933,0.16676731947200413,5207,0.44922784919333963,899,0.07756017599861961,278,0.023984125614701063,4.5,21.63,24.39,134.53,346.0,194.01
2020-07-03,11951,-3632.98,-0.30398962429922183,0.5213931888544892,1698,0.14208016065601206,497,0.04158647811898586,877,0.07338298050372354,2054,0.17186846289013472,5669,0.4743536105765208,918,0.07681365576102418,238,0.01991465149359886,6.0,37.5,20.63,133.15,518.49,142.0
2020-07-10,11668,-3312.75,-0.28391755227973947,0.5143760713061364,1801,0.15435378813849845,499,0.04276654096674666,914,0.0783339046966061,1999,0.1713232773397326,5274,0.45200548508741856,931,0.07979088104216661,250,0.02142612272883099,4.0,34.75,14.25,128.77,356.12,208.01
2020-07-17,13611,-3880.71,-0.2851157152303284,0.513577988391742,2034,0.1494379545955477,603,0.04430240246859158,1066,0.07831900668576887,2200,0.16163397252222467,6253,0.4594078319006686,1092,0.08022922636103152,360,0.026449195503636766,3.5,34.87,13.63,190.66,702.37,170.01
2020-07-24,16550,-5691.78,-0.3439141993957704,0.5287764350453172,2015,0.12175226586102719,570,0.03444108761329305,1159,0.07003021148036254,2616,0.15806646525679757,8749,0.5286404833836859,1103,0.0666465256797583,335,0.0202416918429003,11.0,59.0,28.88,106.01,1346.11,177.13
2020-07-31,16759,-5597.89,-0.33402291306163856,0.525146488453965,2053,0.12250134256220538,649,0.03872546094635718,1029,0.06139984485947849,2790,0.16647771346739065,8764,0.5229428963541978,1104,0.06587505221075243,369,0.022018020168267795,7.25,29.5,32.13,85.76,1070.99,207.76
2020-08-07,12337,-3595.59,-0.29144767771743535,0.5171443624868283,1809,0.1466320823538948,538,0.043608656885790714,792,0.0641971305827997,1600,0.12969117289454488,6290,0.5098484234416795,1017,0.08243495177109508,290,0.023506525087136257,5.88,20.75,18.25,92.53,653.74,224.5
2020-08-14,13533,-4699.51,-0.34726298677307327,0.5274728441587231,1648,0.12177639843345896,458,0.03384319810832779,823,0.0608143057710781,2602,0.19227074558486662,6888,0.5089780536466415,836,0.06177492056454593,277,0.02046848444542969,2.5,25.25,14.38,68.9,1025.11,123.75
2020-08-21,12839,-2909.18,-0.2265892982319495,0.5119853571150401,2322,0.18085520679180622,801,0.06238803645143703,937,0.07298076174156866,1958,0.15250408910351274,5413,0.42160604408443025,1066,0.08302827323000234,338,0.026326037853415377,8.75,31.88,22.25,181.31,503.62,231.89
2020-08-28,11077,-2522.78,-0.22774939062923175,0.5077394601426378,2017,0.18208901327074117,695,0.06274261984291776,840,0.07583280671662003,1700,0.15347115645030243,4669,0.42150401733321297,886,0.0799855556558635,266,0.024013722126929673,7.75,47.01,19.0,137.3,515.12,178.89
2020-09-04,14033,-3222.31,-0.22962374403192473,0.506464761633293,2534,0.18057436043611488,830,0.05914629801182926,1143,0.08145086581629017,2127,0.15157129623031426,5844,0.4164469464832894,1186,0.08451507161690301,363,0.02586759780517352,9.0,53.0,14.88,226.42,393.12,192.88
2020-09-11,10348,-2630.53,-0.25420660997294164,0.5106204097410127,1817,0.17558948589099344,509,0.049188248936992654,634,0.06126787785079242,1507,0.14563200618477,4829,0.46666022419791264,847,0.08185156551990723,205,0.01981059141863162,5.0,12.25,7.25,115.14,416.88,227.75
2020-09-18,10345,-2915.09,-0.28178733687771873,0.5142329627839536,1516,0.14654422426292896,521,0.05036249395843403,566,0.05471242145964234,1409,0.1362010633156114,5208,0.5034316094731754,865,0.08361527307878203,260,0.02513291445142581,5.75,18.75,13.5,86.78,392.99,160.01
2020-09-25,10027,-2699.85,-0.2692580033908447,0.516390744988531,1659,0.16545327615438316,477,0.047571556796649046,592,0.05904059040590406,1498,0.14939662910142615,4828,0.4814999501346365,710,0.07080881619627007,262,0.026129450483694028,3.0,12.5,14.25,96.76,335.88,212.4
2020-10-02,8689,-2438.87,-0.28068477385199675,0.5142225802739095,1401,0.16123834733571182,372,0.042812751755092644,467,0.05374611577857061,1293,0.14880883876165266,4319,0.4970652549200138,622,0.07158476234319254,214,0.024628841063413513,1.0,6.75,11.5,76.39,409.38,163.62
2020-10-09,7390,-2032.08,-0.27497699594046005,0.5115940460081191,1157,0.15656292286874154,368,0.04979702300405954,448,0.06062246278755074,1037,0.14032476319350473,3635,0.4918809201623816,613,0.08294993234100136,132,0.017861975642760486,1.75,9.0,9.25,51.52,516.87,85.25
2020-10-16,8414,-2352.19,-0.2795566912289042,0.5125766579510339,1383,0.16436890896125506,348,0.04135963869740908,467,0.0555027335393392,1400,0.16638935108153077,4083,0.48526265747563585,541,0.06429759923936297,190,0.022581411932493464,1.0,11.0,5.5,68.63,511.09,113.88
2020-10-23,7219,-1693.47,-0.23458512259315695,0.5072807868125779,1361,0.1885302673500485,399,0.05527081313201274,441,0.06108879346169829,1042,0.1443413215126749,3269,0.45283280232719214,549,0.07604931430946114,158,0.021886687906912314,0.5,15.01,5.75,62.51,263.37,135.88
2020-10-30,7598,-1733.18,-0.22811002895498816,0.509890760726507,1483,0.1951829428797052,416,0.054751250329033954,478,0.06291129244538037,1164,0.1531982100552777,3292,0.43327191366148987,593,0.07804685443537773,169,0.022242695446170045,2.0,17.62,19.0,60.14,315.84,181.0
2020-11-06,6747,-1443.13,-0.21389210019267824,0.5028338520824069,1384,0.20512820512820512,341,0.05054098117681933,492,0.07292129835482436,1061,0.15725507633022084,2729,0.404476063435601,563,0.08344449384911813,176,0.026085667704164813,1.5,20.0,11.0,74.14,223.0,75.26
2020-11-13,8482,-2163.73,-0.2550966753124263,0.5134803112473474,1511,0.17814194765385521,444,0.052346144777175196,537,0.06331053996698892,1094,0.12897901438340015,4114,0.48502711624616834,609,0.07179910398490921,173,0.02039613298750295,1.0,15.5,8.87,72.52,664.98,105.88
2020-11-20,7656,-1509.74,-0.1971969696969697,0.5073040752351097,1560,0.20376175548589343,543,0.07092476489028213,521,0.06805120167189133,947,0.12369383490073145,3253,0.4248955067920585,658,0.08594566353187043,171,0.02233542319749216,1.0,17.63,9.5,73.65,344.12,151.77
2020-11-27,8247,-1152.41,-0.13973687401479326,0.5035382563356372,1734,0.2102582757366315,834,0.10112768279374318,548,0.06644840548078089,1131,0.13714077846489633,2964,0.35940341942524556,772,0.09360979750212198,258,0.03128410331029465,1.5,8.75,11.51,113.78,207.5,181.51
2020-12-04,11803,-2370.35,-0.20082606117088875,0.507066847411675,2243,0.19003643141574175,929,0.07870880284673389,630,0.053376260272812,1596,0.13521985935779038,5150,0.43632974667457425,965,0.08175887486232314,289,0.024485300347369312,1.75,14.5,7.75,113.4,642.36,246.13
2020-12-11,12391,-2787.6,-0.22496973609878138,0.5144637236704059,2172,0.17528851585828423,913,0.07368251150028246,832,0.06714550883705915,1712,0.13816479703010248,5474,0.44177225405536275,1000,0.0807037365830038,286,0.023081268662739084,3.75,26.5,14.0,138.8,692.55,212.0
2020-12-18,13735,-3355.54,-0.2443057881325082,0.5148853294503094,2444,0.17793957044048053,833,0.0606479796141245,828,0.06028394612304332,1719,0.1251547142337095,6582,0.47921368765926464,977,0.07113214415726246,347,0.025263924281033856,11.75,36.12,12.25,133.41,695.62,206.76
2020-12-25,13724,-3650.85,-0.2660193821043427,0.5207942290877295,2249,0.16387350626639463,844,0.06149810550859808,751,0.054721655494025065,1762,0.1283882250072865,6907,0.5032789274264063,907,0.0660886039055669,300,0.02185951617604197,4.25,16.38,10.0,128.29,1404.41,214.25
2021-01-01,12031,-2295.8,-0.19082370542764526,0.5041600864433546,2479,0.2060510348266977,866,0.07198071648242041,758,0.06300390657468208,1596,0.13265730196991107,5073,0.4216607098329316,969,0.08054193333887458,288,0.023938159753968912,8.25,19.5,16.75,121.41,557.12,182.51
2021-01-08,15287,-2672.97,-0.17485248904297768,0.5096990907306862,3291,0.2152809576764571,1240,0.08111467259763197,1216,0.07954471119251652,1811,0.11846667102767057,6136,0.4013867992411853,1213,0.07934846601687709,371,0.024268986720743114,12.13,44.01,22.75,213.07,749.13,209.0
2021-01-15,13026,-2168.9,-0.16650545063718716,0.49969292184861047,2840,0.21802548748656533,990,0.07600184246890834,1018,0.07815138952863504,1785,0.13703362505757716,4873,0.37409795793029327,1113,0.08544449562413635,401,0.030784584676800245,13.75,43.0,9.5,182.42,586.37,219.15
2021-01-22,12641,-2509.59,-0.1985278063444348,0.5080405031247528,2464,0.19492128787279486,983,0.0777628352187327,852,0.06739973103393719,1611,0.1274424491733249,5413,0.42820979352899297,1022,0.08084803417451152,295,0.02333676133217309,12.63,39.51,18.0,162.42,495.51,216.75
2021-01-29,24392,-4353.52,-0.17848146933420794,0.5176656280747786,3881,0.15910954411282388,2950,0.12094129222695967,1783,0.07309773696293867,2296,0.0941292226959659,10264,0.42079370285339457,2475,0.10146769432600852,736,0.03017382748442112,6.0,14.5,5.0,587.68,461.99,286.15
2021-02-05,28953,-3730.96,-0.12886263945014334,0.4951804648913756,6905,0.23848996649742688,2468,0.08524159845266466,2371,0.08189134113908748,3652,0.12613546091942113,9690,0.3346803440058025,3175,0.10966048423306739,684,0.023624494870997825,6.75,20.0,9.88,616.21,222.75,689.16
2021-02-12,19822,-2373.58,-0.11974472807991121,0.4897386742003834,4721,0.23816971042276258,1924,0.09706386842901826,1506,0.07597618807385734,2325,0.11729391585107457,6793,0.34270003026939766,2034,0.10261325799616587,516,0.026031681969528805,7.88,32.13,23.75,310.98,484.87,432.8
2021-02-19,16286,-2664.33,-0.16359634041508042,0.49975807441974707,3487,0.21411027876703917,1311,0.08049858774407466,1380,0.08473535552007859,1992,0.12231364362028736,6035,0.3705636743215031,1663,0.10211224364484833,411,0.02523639936141471,13.75,42.75,14.75,255.3,294.99,279.26
2021-02-26,15663,-2275.95,-0.1453074123731086,0.4975751771691247,3708,0.23673625742194981,1173,0.07488986784140969,1317,0.08408350890633978,1943,0.12405030964693864,5540,0.35369980208133817,1637,0.1045138223839622,341,0.021771052799591392,18.5,45.76,22.75,262.59,310.87,344.26
2021-03-05,16209,-2902.7,-0.17907952372138933,0.4999993830587945,3463,0.21364673946572893,1104,0.06811030908754395,1319,0.08137454500586094,2243,0.13837991239434883,6129,0.3781232648528595,1578,0.09735332222839163,365,0.022518354000863716,23.0,45.38,19.0,238.32,654.62,276.13
2021-03-12,12847,-2144.57,-0.16693157935704836,0.49372460496613996,2785,0.21678212812329728,909,0.07075581847902233,1020,0.07939596793025609,1774,0.13808671285124932,4673,0.36374250797851637,1382,0.10757375262707247,301,0.023429594457850082,18.0,33.38,26.75,202.66,370.63,233.51
2021-03-19,12583,-2861.38,-0.22740046093936264,0.503799570849559,2346,0.18644202495430343,669,0.053166971310498294,867,0.06890248748311213,1661,0.1320034967813717,5554,0.44138917587220855,1194,0.09488993085909561,291,0.023126440435508225,13.75,37.63,28.5,122.4,628.5,221.63
2021-03-26,10305,-2378.61,-0.23082096069868996,0.5050839398350315,1878,0.1822416302765648,589,0.05715672003881611,694,0.06734594856865599,1265,0.1227559437166424,4743,0.46026200873362444,938,0.09102377486656962,196,0.019019893255701116,12.5,33.63,13.5,97.3,681.37,208.13
2021-04-02,9850,-2460.18,-0.24976446700507612,0.5047451776649746,1660,0.16852791878172588,510,0.05177664974619289,700,0.07106598984771574,1315,0.133502538071066,4581,0.4650761421319797,872,0.08852791878172589,212,0.02152284263959391,16.5,16.25,12.75,118.17,535.12,98.75
2021-04-09,9564,-2770.73,-0.28970409870347136,0.5170211208699289,1449,0.15150564617314932,432,0.0451693851944793,615,0.06430363864491845,1208,0.12630698452530323,4959,0.5185069008782937,668,0.0698452530322041,232,0.02425763278962777,12.0,27.75,8.25,82.27,580.37,117.38
2021-04-16,8966,-2038.64,-0.22737452598706226,0.5058175329020745,1628,0.18157483827793888,529,0.05900066919473567,582,0.0649118893598037,1187,0.13238902520633505,4001,0.44624135623466427,793,0.08844523756413117,244,0.027213919250501897,6.62,15.5,14.75,66.77,229.0,160.76
2021-04-23,7160,-1814.98,-0.25348882681564244,0.4997346368715084,1183,0.16522346368715085,333,0.046508379888268156,457,0.0638268156424581,907,0.12667597765363128,3433,0.47946927374301673,687,0.09594972067039106,159,0.022206703910614526,7.25,17.25,16.38,52.15,493.36,113.25
2021-04-30,7704,-2183.34,-0.2834034267912773,0.5140771028037383,1159,0.15044132917964695,390,0.050623052959501556,441,0.05724299065420561,964,0.12512980269989615,3975,0.5159657320872274,574,0.0745067497403946,201,0.026090342679127725,12.75,22.25,7.75,53.65,570.5,138.63
2021-05-07,12009,-3218.3,-0.2679906736614206,0.5168357065534183,2069,0.1722874510783579,496,0.0413023565659089,770,0.06411857773336664,1650,0.13739695228578566,5789,0.48205512532267464,976,0.08127237904904655,256,0.021317345324340077,31.38,30.63,15.75,99.03,373.49,156.51
2021-05-14,11509,-2985.15,-0.2593752715266313,0.5063089755843253,1934,0.1680424015987488,529,0.04596402815188114,810,0.07037970284125467,1496,0.12998522895125553,5457,0.4741506646971935,1021,0.08871318098879138,262,0.022764792770874967,34.62,34.0,11.5,114.52,254.5,108.64
2021-05-21,9373,-2443.0,-0.26064227035100823,0.5043219886909207,1558,0.16622212738717593,409,0.043635975674810625,622,0.06636082364237704,1208,0.12888082790995412,4525,0.48276965752693907,815,0.08695188306838793,233,0.024858636509121946,22.25,26.62,6.5,87.91,221.62,91.5
2021-05-28,7954,-2099.57,-0.26396404324867995,0.5043324113653508,1287,0.16180538094040733,380,0.04777470455116922,515,0.06474729695750565,1059,0.1331405582097058,3830,0.4815187327131003,702,0.08825748051294946,180,0.02263012320844858,20.13,30.75,4.0,73.88,470.62,115.26
2021-06-04,7939,-2104.97,-0.26514296510895574,0.5114409875299156,1346,0.16954276357223833,407,0.05126590250661292,484,0.060964857034891046,1219,0.1535457866230004,3746,0.47184783977830963,583,0.07343494142839148,153,0.019271948608137045,15.26,14.63,8.25,71.75,341.0,128.89
2021-06-11,8332,-2098.18,-0.2518218915026404,0.5086881901104177,1410,0.16922707633221315,422,0.05064810369659146,615,0.07381180988958233,1163,0.13958233317330773,3784,0.4541526644263082,764,0.09169467114738358,174,0.020883341334613538,23.25,28.88,10.5,76.53,266.0,131.63
2021-06-18,9947,-2350.14,-0.23626621091786468,0.5048848899165578,1742,0.17512817935055797,604,0.06072182567608324,719,0.07228310043229114,1332,0.13390972152407762,4480,0.45038705137227303,863,0.08675982708354278,206,0.020709761737207198,26.5,53.5,9.0,143.39,304.25,88.37
2021-06-25,7652,-1495.07,-0.19538290642969158,0.5011630946157868,1590,0.20778881338212232,477,0.0623366440146367,569,0.07435964453737585,1096,0.1432305279665447,2993,0.39113957135389443,716,0.09357030841610037,210,0.027443805541035024,12.5,33.38,9.75,90.14,192.0,97.63
2021-07-02,6726,-1592.09,-0.2367068093963723,0.5081816830211121,1250,0.18584597085935176,376,0.05590246803449301,506,0.0752304490038656,1035,0.15388046387154328,2890,0.42967588462682127,521,0.07746060065417781,147,0.021855486173059768,6.75,17.75,8.25,75.03,125.0,81.0
2021-07-09,6696,-1089.63,-0.16272849462365593,0.49415770609319,1514,0.22610513739545998,496,0.07407407407407407,493,0.07362604540023895,806,0.12037037037037036,2615,0.39053166069295103,599,0.08945639187574672,173,0.0258363201911589,6.0,15.63,9.75,79.01,129.75,105.25
2021-07-16,5864,-1378.54,-0.23508526603001365,0.503243519781719,1080,0.18417462482946795,291,0.049624829467939974,537,0.09157571623465212,820,0.13983628922237382,2469,0.421043656207367,541,0.09225784447476125,126,0.021487039563437928,17.75,26.01,18.0,88.51,179.75,43.0
2021-07-23,5252,-1180.32,-0.22473724295506473,0.5040993907083017,944,0.17974105102817975,326,0.06207159177456207,381,0.07254379284082255,727,0.13842345773038842,2246,0.42764661081492766,506,0.09634424980959634,122,0.023229246001523228,6.5,9.76,5.25,88.01,119.5,69.75
2021-07-30,5854,-1477.21,-0.25234198838401095,0.5079706183805944,994,0.16979842842500853,287,0.04902630679877007,453,0.07738298599248378,882,0.15066621113768364,2611,0.44601981551076186,478,0.08165357020840451,149,0.0254526819268876,8.88,15.0,17.25,60.5,134.87,124.26
2021-08-06,6214,-1510.37,-0.2430592211136144,0.5061828130028967,1051,0.16913421306726745,349,0.05616350177019633,406,0.0653363373028645,817,0.13147730930157708,2888,0.46475700032185385,537,0.08641776633408432,166,0.026713871902156423,6.25,20.26,5.5,59.51,117.12,142.25
2021-08-13,5667,-1219.55,-0.21520204693841538,0.5073425092641609,1124,0.19834127404270338,330,0.058231868713605084,387,0.06829010058231869,806,0.14222692782777482,2448,0.4319745897300159,475,0.08381859890594671,96,0.01694017998941239,11.0,18.62,9.25,48.5,116.62,128.63
2021-08-20,5790,-1671.07,-0.28861312607944734,0.5080379965457685,874,0.15094991364421417,204,0.035233160621761656,401,0.0692573402417962,855,0.14766839378238342,2816,0.4863557858376511,507,0.08756476683937824,133,0.0229706390328152,6.25,13.5,7.0,49.14,214.88,40.13
2021-08-27,5158,-1450.55,-0.28122334238076774,0.5057522295463358,755,0.14637456378441258,227,0.04400930593253199,338,0.06552927491275688,860,0.16673129119813881,2410,0.4672353625436216,404,0.07832493214424195,163,0.0316013958898798,4.5,15.88,6.5,40.25,176.0,52.26
2021-09-03,6195,-1781.96,-0.28764487489911217,0.5136674737691687,938,0.15141242937853108,271,0.04374495560936239,493,0.07958030669895076,858,0.138498789346247,3010,0.4858757062146893,528,0.08523002421307506,96,0.01549636803874092,9.25,24.75,6.75,67.51,200.0,36.0
2021-09-10,5502,-1785.94,-0.32459832788077064,0.5190603416939295,729,0.13249727371864775,172,0.031261359505634315,480,0.08724100327153762,904,0.16430388949472918,2686,0.4881861141403126,437,0.07942566339512905,94,0.01708469647400945,8.88,14.62,8.75,48.27,218.62,27.75
2021-09-17,4676,-1592.44,-0.34055603079555175,0.5170551753635586,543,0.11612489307100085,132,0.028229255774165955,319,0.0682207014542344,624,0.13344739093242086,2555,0.5464071856287425,391,0.08361847733105218,112,0.023952095808383235,10.5,9.5,2.25,51.25,349.25,19.13
2021-09-24,5972,-1997.6,-0.3344943067649029,0.5180693235097119,714,0.11955793703951775,179,0.029973208305425318,490,0.08204956463496316,891,0.14919624916275953,3040,0.5090421969189551,535,0.08958472873409243,122,0.02042866711319491,7.25,19.88,6.25,81.88,277.75,21.75
2021-10-01,4777,-1442.79,-0.30202846975088965,0.5155390412392715,703,0.14716349173121207,166,0.0347498429976973,366,0.07661712371781453,712,0.14904751936361732,2341,0.49005652082897216,404,0.0845719070546368,85,0.017793594306049824,3.0,12.63,14.5,43.88,357.74,31.13
2021-10-08,5795,-1900.33,-0.3279257981018119,0.5168110440034512,696,0.12010353753235548,204,0.035202761000862816,435,0.07506471095772217,896,0.1546160483175151,2965,0.5116479723899914,472,0.0814495254529767,125,0.021570319240724764,4.0,21.5,11.0,54.26,304.0,20.51
2021-10-15,3946,-1113.45,-0.2821718195641156,0.5148276735935124,615,0.15585402939685758,165,0.041814495691839836,307,0.07780030410542321,577,0.14622402432843384,1814,0.45970603142422706,368,0.0932589964521034,100,0.025342118601115054,11.13,21.13,5.25,49.4,99.37,21.25
2021-10-22,4325,-1049.7,-0.24270520231213874,0.5045086705202312,679,0.1569942196531792,256,0.0591907514450867,328,0.07583815028901734,636,0.1470520231213873,1869,0.43213872832369943,440,0.10173410404624278,115,0.026589595375722544,9.0,9.25,6.0,53.75,96.5,33.38
2021-10-29,6541,-1423.14,-0.217572236661061,0.5062803852621923,1260,0.19263109616266627,400,0.06115272894052897,445,0.06803241094633848,869,0.1328543036232992,2840,0.4341843754777557,538,0.08225042042501146,189,0.02889466442439994,8.5,20.0,8.75,49.4,251.5,134.63
2021-11-05,6392,-1437.52,-0.22489361702127658,0.5042177722152691,1156,0.18085106382978725,385,0.06023153942428035,369,0.057728410513141426,888,0.13892365456821026,2830,0.4427409261576971,566,0.08854818523153943,197,0.030819774718398,10.25,15.0,4.75,60.13,126.62,118.02
2021-11-12,7726,-2283.5,-0.29556044524980585,0.5142855293813099,1145,0.14820088014496505,279,0.03611183018379498,501,0.06484597463111572,1133,0.14664768314781257,3819,0.49430494434377426,706,0.09137975666580378,143,0.018508930882733626,34.25,26.64,5.75,77.01,390.5,91.89
2021-11-19,8203,-2145.7,-0.2615750335243203,0.5096159941484822,1341,0.16347677678897965,378,0.04608070218212849,569,0.06936486651225161,1239,0.1510423015969767,3777,0.46044130196269656,696,0.08484700719249055,202,0.02462513714494697,14.5,34.62,14.25,91.27,171.25,53.25
2021-11-26,4961,-1390.26,-0.28023785527111467,0.5155371900826446,747,0.1505744809514211,262,0.052811933078008466,411,0.08284620036283008,711,0.14331787945978633,2342,0.47208224148357186,398,0.0802257609352953,89,0.017939931465430357,25.25,23.87,4.0,46.38,101.37,15.5
2021-12-03,4838,-1237.82,-0.25585365853658537,0.5004175279040926,805,0.16639107069036793,189,0.03906572964034725,376,0.07771806531624638,722,0.14923522116577098,2123,0.43881769326167835,465,0.09611409673418768,157,0.03245142620917735,9.25,14.75,6.5,76.26,39.25,38.25
2021-12-10,7211,-2101.47,-0.2914255997781167,0.5142102343641658,1079,0.14963250589377342,247,0.034253224240743306,526,0.07294411316044931,1135,0.15739841908195812,3455,0.4791291083067536,593,0.08223547358202746,174,0.02412980169185966,14.5,29.5,11.5,58.51,183.37,32.75
2021-12-17,6861,-2168.95,-0.31612738667832674,0.5180411018801924,965,0.14065005101297187,208,0.030316280425593936,550,0.08016324150998397,1055,0.15376767235096925,3397,0.495117329835301,534,0.07783121993878443,152,0.022154204926395568,20.5,45.13,10.25,70.38,268.25,37.0
2021-12-24,5954,-1993.96,-0.3348941887806517,0.5229207255626469,763,0.12814914343298622,181,0.030399731273093717,330,0.05542492442055761,805,0.13520322472287538,3323,0.5581121934833725,444,0.07457171649311388,108,0.01813906617400067,10.75,20.76,13.25,31.52,617.5,26.5
2021-12-31,5950,-1758.88,-0.29561008403361344,0.5137512605042017,877,0.14739495798319327,229,0.038487394957983194,386,0.06487394957983193,941,0.15815126050420167,2851,0.4791596638655462,518,0.08705882352941176,147,0.024705882352941175,7.25,20.5,19.25,42.37,205.75,18.0
2022-01-07,6798,-1902.82,-0.2799087967049132,0.5111488673139158,1106,0.1626949102677258,267,0.03927625772285966,435,0.06398940864960283,1035,0.15225066195939982,3276,0.4819064430714916,532,0.07825831126802,147,0.021624007060900265,10.5,24.75,19.25,59.39,143.62,66.0
2022-01-14,7386,-1903.72,-0.25774708908746274,0.5056674790143515,1234,0.1670728405090712,341,0.04616842675331709,538,0.07284050907121581,1020,0.13809910641754672,3411,0.46181965881397236,683,0.0924722447874357,159,0.021527213647441104,15.51,34.01,10.5,72.01,192.13,72.75
2022-01-21,9036,-2103.91,-0.23283643204957943,0.5074158919876052,1737,0.19223107569721115,447,0.04946879150066401,543,0.0600929614873838,1493,0.16522797698096503,3889,0.4303895528995131,649,0.07182381584772023,274,0.03032315183709606,13.0,20.25,7.63,88.01,373.88,138.75
2022-01-28,8134,-2073.0,-0.25485615933120237,0.5077944430784361,1411,0.17346938775510204,328,0.0403245635603639,678,0.08335382345709368,1369,0.16830587656749446,3361,0.4132038357511679,762,0.09368084583230883,225,0.02766166707646914,11.88,53.0,17.5,120.91,144.12,71.87
2022-02-04,7359,-1818.14,-0.24706345970919963,0.5061136023916293,1217,0.16537573039815193,419,0.05693708384291344,476,0.0646827014540019,1102,0.1497486071477103,3310,0.4497893735561897,628,0.0853376817502378,207,0.028128821850794947,9.13,20.5,9.25,61.88,205.87,104.63
2022-02-11,7333,-2456.55,-0.33499931815082507,0.5229878630846857,919,0.12532387835810718,226,0.030819582708304923,412,0.05618437201690986,1123,0.15314332469657713,3960,0.5400245465702986,534,0.07282149188599482,158,0.021546433928814945,15.25,33.49,11.5,44.9,188.12,56.75
2022-02-18,5893,-1959.96,-0.3325912099100628,0.5206702867809265,726,0.12319701340573562,189,0.03207194977091465,385,0.06533174953334464,909,0.15425080604106567,3104,0.5267266248090955,462,0.07839809944001358,118,0.020023756999830306,23.13,28.0,8.25,38.89,214.0,36.13
2022-02-25,9517,-2603.39,-0.2735515393506357,0.5120458127561207,1630,0.17127245980876327,311,0.032678365030997164,717,0.07533886729011242,1557,0.1636019754124199,4316,0.45350425554271306,750,0.0788063465377745,229,0.024062204476200482,9.25,20.75,4.0,70.53,134.62,76.01
2022-03-04,5543,-1858.61,-0.335307595165073,0.5208190510553852,653,0.11780624210716219,169,0.030488904925130796,463,0.08352877503157136,923,0.16651632689879126,2720,0.4907090023453004,447,0.08064225148836371,166,0.02994768176077936,4.5,17.5,4.5,31.12,92.67,9.25
2022-03-11,7741,-2628.43,-0.3395465702105671,0.5260521896395814,981,0.12672781294406407,208,0.02686991344787495,617,0.07970546441028291,1415,0.1827929208112647,3798,0.4906342849761013,567,0.07324635060069759,153,0.019764888257331095,28.62,24.25,8.75,49.14,175.87,13.25
2022-03-18,8138,-2558.43,-0.314380683214549,0.5242442860653723,1185,0.1456131727697223,244,0.029982796755959697,708,0.08699926271811256,1466,0.18014254116490538,3740,0.4595723765052839,624,0.07667731629392971,170,0.020889653477512902,21.25,39.25,15.5,59.63,163.74,37.38
2022-03-25,5462,-1703.66,-0.3119113877700476,0.5172995239838887,770,0.14097400219699743,165,0.03020871475649945,369,0.06755767118271695,846,0.1548883192969608,2731,0.5,440,0.08055657268399853,141,0.025814719882826805,10.5,9.75,12.0,37.5,247.12,23.0
2022-04-01,7464,-2514.27,-0.33685289389067524,0.5240286709539121,963,0.1290192926045016,218,0.029206859592711683,459,0.0614951768488746,1129,0.1512593783494105,3953,0.5296087888531619,579,0.07757234726688103,162,0.021704180064308683,11.0,13.25,10.25,39.01,668.92,42.75
2022-04-08,7033,-2327.46,-0.3309341674960899,0.5182027584245699,955,0.13578842599175317,168,0.02388738802786862,546,0.07763401109057301,1111,0.15796957201763118,3573,0.5080335560927058,541,0.07692307692307693,139,0.019763969856391297,14.5,36.88,23.25,42.51,209.25,27.75
2022-04-15,7081,-1864.23,-0.2632721367038554,0.5090481570399661,1112,0.15703996610648213,374,0.05281739867250388,375,0.052958621663606834,947,0.13373817257449513,3449,0.48707809631407994,630,0.08897048439485948,194,0.0273972602739726,7.13,10.38,6.88,42.63,117.25,87.75
2022-04-22,7037,-2112.29,-0.30016910615319026,0.5143129174364075,1077,0.15304817393775758,223,0.03168964047179196,416,0.05911610061105585,1084,0.15404291601534745,3515,0.49950262896120506,591,0.0839846525508029,130,0.01847378144095495,18.0,23.37,13.75,53.76,271.25,107.88
2022-04-29,8329,-2395.99,-0.28766838756153196,0.5112966742706208,1264,0.15175891463561053,306,0.036739104334253814,562,0.06747508704526353,1433,0.17204946572217553,3851,0.4623604274222596,698,0.08380357786048745,215,0.025813422979949575,21.38,36.0,19.13,65.01,336.45,96.75
2022-05-06,9429,-2853.82,-0.30266412132781845,0.5154470251352211,1383,0.1466751511294941,288,0.030544066178810055,595,0.06310319227913883,1529,0.16215929578958532,4604,0.4882808357195885,794,0.08420829356241383,235,0.02492310955562626,20.25,37.38,21.25,60.51,183.09,38.0
2022-05-13,11199,-3291.76,-0.2939333869095455,0.5177846236271095,1849,0.16510402714528083,327,0.02919903562818109,745,0.06652379676756853,1962,0.17519421376908653,5293,0.47263148495401375,817,0.07295294222698455,204,0.018215912135012054,16.13,46.51,21.25,115.16,345.75,41.75
2022-05-20,10596,-3719.1,-0.3509909399773499,0.5263882597206493,1335,0.12599093997734995,254,0.02397130992827482,671,0.06332578331445829,1939,0.1829935824839562,5506,0.5196300490751227,689,0.06502453756134391,202,0.019063797659494147,27.63,38.25,17.75,85.62,361.98,34.75
2022-05-27,7123,-2349.48,-0.3298441667836586,0.5178688754738172,963,0.13519584444756422,170,0.02386634844868735,479,0.06724694651130142,1362,0.19121156815948337,3475,0.4878562403481679,554,0.07777621788572231,119,0.016706443914081145,15.13,38.13,23.25,59.01,250.38,19.75
2022-06-03,6879,-2449.19,-0.35603866841110626,0.5248233754906236,876,0.12734409071085914,139,0.020206425352522168,439,0.06381741532199448,1069,0.15540049425788632,3814,0.5544410524785579,410,0.05960168629161215,131,0.01904346562000291,15.62,30.0,17.75,41.14,233.5,13.75
2022-06-10,8882,-3490.24,-0.3929565413195226,0.5322573744652106,877,0.09873902274262554,146,0.016437739247917135,493,0.055505516775501015,1532,0.1724836748480072,5120,0.5764467462283269,574,0.06462508444044134,140,0.015762215717180814,41.75,23.0,24.63,37.26,538.87,19.75
2022-06-17,11735,-4247.47,-0.36194887089902006,0.5262232637409459,1341,0.11427354069024287,218,0.018576906689390712,770,0.06561567959096719,2340,0.19940349382190029,5953,0.5072858968896463,903,0.07694929697486153,210,0.017895185342991053,32.88,60.88,38.39,62.25,413.25,13.88
2022-06-24,10299,-3809.55,-0.3698951354500437,0.5328604718904748,1181,0.11467132731333139,178,0.017283231381687542,554,0.0537916302553646,1739,0.1688513447907564,5706,0.5540343722691523,746,0.07243421691426352,193,0.01873968346441402,21.75,41.0,21.25,43.13,599.0,11.25
2022-07-01,6682,-2364.9,-0.35392098174199343,0.5248668063454055,823,0.12316671655193057,136,0.020353187668362766,441,0.06599820413049985,1202,0.17988626159832385,3485,0.5215504340017959,448,0.06704579467225381,147,0.021999401376833285,21.75,24.62,22.38,37.64,196.12,26.88
2022-07-08,5987,-1970.56,-0.32913980290629696,0.5189577417738434,792,0.13228662101219307,152,0.02538834140638049,347,0.05795891097377651,1006,0.16803073325538667,3083,0.5149490562886253,476,0.07950559545682312,131,0.021880741606814764,9.25,25.5,18.75,26.38,226.5,48.25
2022-07-15,7024,-2529.69,-0.3601494874715262,0.5230438496583144,785,0.11175968109339408,130,0.018507972665148063,420,0.05979498861047836,1247,0.17753416856492027,3690,0.5253416856492027,568,0.08086560364464693,183,0.02605353075170843,33.13,26.13,15.0,33.63,260.5,23.5
2022-07-22,7127,-2674.93,-0.37532341798793317,0.5271895608250315,728,0.10214676582012067,161,0.022590150133295916,367,0.0514943173845938,1186,0.16640942893222954,4060,0.5696646555352883,523,0.07338291006033394,102,0.014311772134137786,8.62,16.0,20.75,27.12,311.5,36.26
2022-07-29,7111,-2516.45,-0.3538813106454788,0.5240205315708057,778,0.10940795949936717,176,0.024750386724792576,381,0.053578962171283925,1181,0.16608072001125018,3838,0.5397271832372381,589,0.08282941920967515,167,0.023484741949092953,13.25,27.25,40.5,24.25,286.62,39.88
2022-08-05,5020,-1616.51,-0.3220139442231076,0.5151314741035856,653,0.1300796812749004,133,0.02649402390438247,361,0.07191235059760956,844,0.16812749003984065,2464,0.49083665338645416,412,0.08207171314741035,153,0.03047808764940239,9.75,18.0,25.25,27.88,126.25,24.0
2022-08-12,5355,-1812.61,-0.3384892623716153,0.5164985994397759,715,0.13352007469654528,110,0.02054154995331466,318,0.05938375350140056,785,0.1465919701213819,2908,0.5430438842203548,415,0.07749766573295985,104,0.01942110177404295,19.5,8.25,15.0,32.0,257.55,12.0
2022-08-19,4839,-1680.54,-0.34729076255424673,0.5199173382930358,516,0.10663360198388097,164,0.03389129985534201,259,0.05352345525935111,681,0.1407315561066336,2718,0.5616862988220707,400,0.08266170696424881,101,0.020872081008472824,4.63,16.0,11.0,30.89,268.0,7.75
2022-08-26,7272,-2647.5,-0.3640676567656766,0.5287444994499451,811,0.11152365236523652,187,0.025715071507150716,365,0.050192519251925194,962,0.1322882288228823,4309,0.5925467546754676,502,0.06903190319031903,136,0.0187018701870187,7.88,11.88,23.5,28.63,1034.86,5.75
2022-09-02,7891,-2905.07,-0.3681497909010265,0.5251641110125459,879,0.11139272589025472,152,0.019262450893422888,469,0.059434799138258776,1282,0.1624635660879483,4443,0.5630465086807755,529,0.06703839817513624,136,0.017234824483588897,9.37,32.0,11.88,34.26,556.38,15.75
2022-09-09,7320,-2483.67,-0.3392991803278689,0.5209153005464481,988,0.13497267759562842,164,0.022404371584699455,435,0.05942622950819672,1234,0.1685792349726776,3855,0.5266393442622951,511,0.0698087431693989,133,0.018169398907103826,9.25,17.75,11.25,53.75,161.5,31.75
2022-09-16,8221,-2723.49,-0.33128451526578273,0.5171305194015327,1107,0.13465515144143048,180,0.021895146575842354,562,0.0683615131979078,1503,0.18282447390828366,4066,0.49458703320763897,619,0.07529497628025787,183,0.02226006568543973,28.75,48.38,12.75,32.13,268.88,55.25
2022-09-23,8999,-2857.32,-0.3175152794754973,0.5158039782198023,1311,0.1456828536504056,202,0.022446938548727636,694,0.0771196799644405,1924,0.21380153350372263,3984,0.4427158573174797,717,0.0796755195021669,166,0.01844649405489499,24.25,46.5,25.0,91.63,302.5,12.75
2022-09-30,11035,-3653.29,-0.33106388763026734,0.5259084730403262,1555,0.14091526959673764,248,0.022473946533756232,843,0.07639329406434073,1907,0.17281377435432715,5438,0.4927956502038967,836,0.07575894879927503,208,0.018849116447666514,22.5,68.5,21.25,99.4,666.11,24.75
2022-10-07,8664,-2737.63,-0.3159776084949215,0.5232456140350876,1268,0.14635272391505078,253,0.02920129270544783,525,0.06059556786703601,1500,0.1731301939058172,4302,0.49653739612188363,658,0.07594644506001846,158,0.018236380424746075,10.0,40.25,18.88,67.01,417.61,20.75
2022-10-14,11461,-4189.73,-0.3655640869034115,0.5340144839019283,1349,0.11770351627257657,261,0.022772881947474042,707,0.0616874618270657,2021,0.17633714335572812,6192,0.5402669924090393,735,0.06413052962219702,195,0.017014222144664515,20.5,77.63,24.75,63.38,658.5,34.25
2022-10-21,8524,-3092.37,-0.3627839042702956,0.5265262787423745,970,0.11379633974659784,155,0.018183951196621303,541,0.06346785546691694,1600,0.18770530267480057,4433,0.5200610042233693,645,0.07566870014077898,179,0.020999530736743315,10.0,40.38,28.75,50.14,458.24,57.76
2022-10-28,9823,-3394.55,-0.345571617632088,0.519711900641352,1179,0.12002443245444365,245,0.02494146391122875,531,0.054056805456581494,1873,0.1906749465540059,5063,0.5154229868675557,741,0.07543520309477757,190,0.019342359767891684,12.0,29.25,33.38,36.38,447.04,64.14
2022-11-04,8134,-2873.38,-0.35325547086304404,0.5215588886156872,982,0.12072780919596754,181,0.0222522744037374,423,0.05200393410376199,1321,0.16240472092451438,4457,0.5479468895992132,612,0.07523973444799606,158,0.01942463732480944,17.5,30.75,22.75,35.13,360.74,15.75
2022-11-11,9728,-3703.81,-0.38073704769736844,0.5319366776315789,1016,0.10444078947368421,187,0.019222861842105265,515,0.05293996710526316,1477,0.15182976973684212,5702,0.5861430921052632,637,0.06548108552631579,194,0.019942434210526317,9.63,33.0,12.25,30.25,800.24,23.0
2022-11-18,7497,-2572.9,-0.3431906095771642,0.5213752167533681,1016,0.13552087501667334,142,0.018940909697212217,372,0.04961984793917567,1274,0.16993464052287582,4075,0.5435507536347872,478,0.06375883686808057,140,0.018674136321195144,5.0,35.5,17.25,16.25,289.0,19.75
2022-11-25,5752,-2045.76,-0.3556606397774687,0.5233762169680112,675,0.11735048678720444,130,0.022600834492350487,306,0.05319888734353268,940,0.16342141863699583,3188,0.5542420027816412,371,0.06449930458970793,142,0.024687065368567455,2.0,14.5,10.25,20.13,149.74,17.5
2022-12-02,8246,-3140.42,-0.380841620179481,0.5336575309240844,846,0.10259519767159835,209,0.02534562211981567,432,0.05238903710890128,1081,0.1310938636914868,4989,0.6050206160562697,521,0.06318214892068882,168,0.02037351443123939,2.63,22.88,12.88,24.25,291.5,13.25
2022-12-09,7770,-2902.79,-0.3735894465894466,0.53106435006435,867,0.11158301158301158,144,0.018532818532818532,425,0.0546975546975547,1131,0.14555984555984555,4523,0.5821106821106821,491,0.06319176319176319,189,0.024324324324324326,3.0,14.25,13.25,31.25,493.24,17.0
2022-12-16,9189,-3399.66,-0.36997061704211553,0.5294373707693982,1061,0.11546414190880401,180,0.019588638589618023,495,0.05386875612144956,1515,0.16487104146261836,5193,0.56513222331048,568,0.06181303732723909,176,0.019153335509848733,12.88,17.88,21.25,25.75,544.12,36.5
2022-12-23,10047,-3778.07,-0.3760396138150692,0.5354016124216184,1122,0.1116751269035533,258,0.025679307255897284,472,0.04697919777047875,1424,0.1417338509007664,6002,0.5973922563949438,604,0.0601174479944262,164,0.01632328058126804,11.0,19.5,22.26,33.25,445.0,15.0
2022-12-30,9817,-3601.15,-0.3668279515126821,0.5312498726698583,1202,0.12244066415401854,197,0.02006723031476011,445,0.045329530406437814,1392,0.1417948456758684,5823,0.5931547315880615,560,0.05704390343282062,196,0.019965366201487218,13.25,15.5,29.51,39.38,602.25,88.25
2023-01-06,10398,-3226.93,-0.31034141180996344,0.516496441623389,1603,0.1541642623581458,324,0.031159838430467397,506,0.048663204462396616,1622,0.15599153683400654,5476,0.5266397384112329,638,0.06135795345258704,228,0.02192729371032891,7.0,12.63,26.88,50.65,207.63,68.5
2023-01-13,11058,-4329.63,-0.3915382528486164,0.536015554349792,1145,0.1035449448363176,189,0.01709169831795985,599,0.054168927473322484,1707,0.15436787845903419,6540,0.5914270211611503,682,0.0616748055706276,196,0.017724724181587992,6.75,23.75,18.0,34.52,1080.33,20.0
2023-01-20,12836,-5199.97,-0.40510828918666253,0.5403365534434403,1253,0.09761607977563104,236,0.01838578996572141,568,0.0442505453412278,1879,0.14638516671860394,8021,0.6248831411654721,676,0.052664381427235896,203,0.015814895606107823,4.5,24.25,22.75,25.88,1342.25,38.0
2023-01-27,10971,-4383.02,-0.3995096162610519,0.5348865190046486,1031,0.09397502506608331,212,0.01932367149758454,548,0.04994986783337891,1732,0.15787075015951144,6618,0.6032266885425212,598,0.05450733752620545,231,0.021055509980858627,8.13,13.51,34.25,28.25,758.37,12.75
2023-02-03,10704,-4198.43,-0.39223000747384157,0.5357735426008968,1054,0.0984678624813154,204,0.01905829596412556,457,0.04269431988041854,1831,0.1710575485799701,6295,0.5880979073243647,580,0.054185351270553066,280,0.026158445440956652,12.38,15.13,15.75,20.5,668.01,25.75
2023-02-10,9654,-3842.78,-0.3980505489952352,0.536498860575927,977,0.10120157447690077,155,0.016055521027553345,545,0.05645328361301015,1446,0.1497824735860783,5806,0.6014087424901595,534,0.05531385954008701,191,0.019784545266210898,6.25,18.0,17.38,40.13,961.34,13.75
2023-02-17,9316,-3761.11,-0.403725848003435,0.5355399313009875,884,0.0948905109489051,170,0.01824817518248175,471,0.05055817947617003,1426,0.15306998711893516,5726,0.6146414770287677,475,0.05098754830399313,162,0.01738943752683555,18.5,20.25,12.0,30.76,885.0,11.88
2023-02-24,9377,-3512.15,-0.3745494294550496,0.5286349578756532,1027,0.10952330169563826,198,0.021115495360989656,463,0.04937613309160713,1554,0.1657246454089794,5391,0.5749173509651274,507,0.05406846539404927,235,0.02506132025167964,9.26,11.25,11.25,16.39,561.65,24.75
2023-03-03,11722,-4805.31,-0.40993943013137696,0.537637775123699,1036,0.08838082238525849,191,0.01629414775635557,549,0.04683501109025764,1926,0.16430643234942843,7110,0.606551782972189,640,0.05459819143490872,270,0.023033612011602117,16.75,14.75,15.75,24.88,1127.42,18.38
2023-03-10,11545,-4649.57,-0.40273451710697267,0.5384729320051971,1047,0.09068860978778692,226,0.01957557384148982,595,0.05153746210480727,1822,0.15781723689909052,6940,0.6011260285838025,682,0.05907319185794716,233,0.02018189692507579,8.5,34.5,9.25,66.0,931.87,26.5
2023-03-17,15743,-6392.84,-0.4060750809883758,0.5396887505558026,1382,0.08778504732261957,233,0.014800228673061043,1218,0.0773677189862161,2029,0.128882678015626,9457,0.6007114273010227,1088,0.06911008067077432,336,0.0213428190306803,20.5,99.25,7.0,319.27,969.85,12.75
2023-03-24,14409,-5967.31,-0.4141376917204525,0.5410215837323895,1274,0.08841696162120896,212,0.01471302658060934,708,0.049135956693733086,2458,0.1705878270525366,8707,0.6042751058366299,789,0.054757443264626275,259,0.017974876813102923,17.0,76.5,13.25,100.53,572.48,12.25
2023-03-31,11658,-4359.62,-0.373959512780923,0.5304408989535083,1289,0.11056785040315663,233,0.019986275518956938,675,0.057900154400411734,1883,0.16151998627551895,6640,0.5695659632870133,682,0.05850060044604563,255,0.021873391662377766,9.75,25.0,14.0,61.75,500.12,26.13
2023-04-07,7923,-3014.72,-0.38050233497412594,0.5258816105010728,794,0.1002145651899533,148,0.018679793007699105,456,0.05755395683453238,1147,0.14476839580966805,4674,0.5899280575539568,533,0.0672724977912407,171,0.02158273381294964,8.0,18.88,11.25,44.89,413.87,22.0
2023-04-14,7598,-2670.67,-0.35149644643327194,0.5203382469070809,935,0.12305869965780468,130,0.01710976572782311,458,0.060279020794946035,1355,0.17833640431692552,4000,0.5264543300868649,559,0.07357199262963939,160,0.021058173203474598,13.76,21.38,23.75,47.9,325.38,25.5
2023-04-21,6455,-2383.31,-0.36921920991479473,0.5250441518202943,715,0.11076684740511232,128,0.019829589465530595,324,0.05019364833462432,1078,0.1670023237800155,3623,0.5612703330751355,427,0.06615027110766847,158,0.02447714949651433,10.75,11.25,13.75,29.51,467.88,32.75
2023-04-28,5561,-1966.85,-0.35368638734040636,0.5231559072109333,672,0.12084157525624888,103,0.018521848588383384,293,0.052688365401906134,948,0.17047293652220824,3003,0.5400107894263622,418,0.07516633698975005,122,0.02193850026973566,4.88,11.63,23.38,29.38,307.62,28.75
2023-05-05,8113,-3224.53,-0.3974522371502527,0.5315086897571798,788,0.09712806606680637,115,0.014174781215333415,529,0.06520399359053371,1220,0.15037593984962405,4795,0.5910267471958585,522,0.06434118082090472,144,0.017749291260939232,16.25,17.0,14.75,71.63,699.62,16.25
2023-05-12,6216,-2435.59,-0.3918259330759331,0.5352557915057915,635,0.10215572715572716,104,0.01673101673101673,464,0.07464607464607464,863,0.13883526383526384,3613,0.5812419562419563,420,0.06756756756756757,115,0.0185006435006435,5.75,18.63,6.5,32.76,816.5,17.75
2023-05-19,6101,-2321.95,-0.3805851499754138,0.5352892968365842,643,0.10539255859695132,145,0.023766595640059007,421,0.0690050811342403,895,0.14669726274381248,3517,0.5764628749385347,375,0.06146533355187674,105,0.017210293394525487,2.5,8.38,14.5,42.13,677.75,21.38
2023-05-26,5586,-2150.18,-0.38492302184031507,0.538718224131758,580,0.10383100608664518,132,0.023630504833512353,351,0.06283566058002148,687,0.12298603651987111,3378,0.6047261009667024,356,0.06373075546007877,101,0.01808091657715718,3.0,7.38,9.5,36.64,750.87,25.75
2023-06-02,5268,-1955.72,-0.3712452543659833,0.5276480637813212,588,0.11161731207289294,108,0.02050113895216401,261,0.049544419134396354,789,0.14977220956719817,3100,0.5884586180713743,338,0.06416097190584662,84,0.015945330296127564,1.5,12.25,9.5,19.0,529.38,33.0
2023-06-09,5599,-2019.32,-0.3606572602250402,0.5217967494195392,664,0.11859260582246829,98,0.017503125558135383,330,0.05893909626719057,933,0.1666368994463297,3050,0.5447401321664583,405,0.07233434541882479,119,0.021253795320592964,4.38,24.76,20.0,23.26,258.37,10.25
2023-06-16,4384,-1006.05,-0.22948220802919708,0.5013914233576642,929,0.21190693430656934,179,0.04083029197080292,353,0.08052007299270073,678,0.15465328467153286,1844,0.4206204379562044,319,0.07276459854014598,82,0.018704379562043797,5.5,9.75,8.0,33.64,169.75,19.25
2023-06-23,5467,-1965.03,-0.35943479056155114,0.5252076092921163,664,0.12145600877995244,115,0.021035302725443572,301,0.05505761843790013,866,0.15840497530638376,3073,0.5620998719590269,351,0.06420340223157124,97,0.01774282055972197,8.0,16.75,10.0,23.63,275.62,8.25
2023-06-30,6252,-2157.72,-0.3451247600767754,0.5184420985284709,816,0.13051823416506717,93,0.014875239923224568,322,0.05150351887396033,1125,0.17994241842610365,3279,0.52447216890595,498,0.07965451055662189,119,0.019033909149072298,3.0,12.5,20.88,18.88,272.63,11.75
2023-07-07,5580,-1885.8,-0.3379569892473118,0.5189498207885305,769,0.1378136200716846,126,0.02258064516129032,307,0.055017921146953405,858,0.15376344086021507,3007,0.5388888888888889,414,0.07419354838709677,99,0.017741935483870968,4.0,10.0,16.88,22.25,380.63,12.0
2023-07-14,6241,-2345.64,-0.37584361480531964,0.53234257330556,694,0.1112001281845858,157,0.025156224963948086,305,0.04887037333760615,915,0.14661112001281845,3685,0.590450248357635,360,0.05768306361160071,124,0.019868610799551354,7.5,6.5,13.75,20.88,434.75,10.88
2023-07-21,6248,-2062.95,-0.330177656850192,0.5224631882202304,885,0.14164532650448144,183,0.029289372599231756,327,0.05233674775928297,996,0.15941101152368758,3315,0.5305697823303457,407,0.06514084507042253,135,0.021606914212548015,5.0,10.88,21.25,19.12,459.25,7.5
2023-07-28,6087,-1817.07,-0.29851651059635287,0.513144406111385,908,0.14917036306883522,219,0.035978314440611135,320,0.052571053063906685,1014,0.16658452439625432,3058,0.5023821258419583,420,0.06899950714637752,148,0.024314112042056843,3.5,12.38,36.13,35.63,209.87,11.25
2023-08-04,6062,-1909.82,-0.31504783899703065,0.5102062025734081,880,0.14516661167931375,167,0.027548663807324316,343,0.05658198614318707,1036,0.17090069284064666,3038,0.5011547344110855,441,0.07274826789838337,155,0.0255691191026064,0.75,5.75,23.5,24.76,226.25,12.75
2023-08-11,5742,-1983.28,-0.34539881574364334,0.5179745733194009,708,0.12330198537095088,137,0.023859282479972134,291,0.05067920585161965,907,0.1579588993382097,3162,0.5506792058516197,403,0.07018460466736329,134,0.023336816440264717,4.75,4.75,17.5,25.88,315.0,16.75
2023-08-18,6772,-2526.8,-0.37312463083284114,0.5253824571766096,734,0.10838747784997046,120,0.01772002362669817,376,0.055522740696987594,1105,0.16317188422917897,3825,0.5648257531010041,487,0.0719137625516834,124,0.01831069108092144,9.5,13.25,17.5,33.88,335.5,11.88
2023-08-25,7894,-2854.32,-0.36158094755510517,0.5269407144666836,947,0.11996453002280213,172,0.021788700278692678,335,0.042437294147453765,1281,0.1622751456802635,4464,0.5654927793260704,468,0.059285533316442866,226,0.028629338738282238,6.25,5.25,22.63,29.75,370.88,10.75
2023-09-01,6966,-2376.68,-0.34118288831467125,0.5156129773184037,863,0.12388745334481768,182,0.026126902095894345,404,0.05799598047660063,1189,0.17068619006603503,3670,0.5268446741314958,475,0.06818834338214183,183,0.02627045650301464,3.75,11.0,28.01,36.0,316.49,17.38
2023-09-08,7515,-2560.07,-0.3406613439787093,0.5179986693280106,915,0.1217564870259481,234,0.031137724550898204,397,0.05282767797737858,1150,0.15302727877578176,4124,0.5487691284098469,525,0.06986027944111776,170,0.02262142381902861,2.75,10.13,26.5,44.38,573.61,11.25
2023-09-15,9388,-3388.55,-0.3609448231785258,0.5337313591819344,1104,0.1175969322539412,317,0.033766510438858116,455,0.048466126970600765,1368,0.14571793779292713,5457,0.5812739667660843,504,0.05368555602897316,180,0.019173412867490414,6.0,11.5,30.38,39.76,562.74,10.75
2023-09-22,9411,-3261.72,-0.346585910105196,0.5268887472107109,1171,0.12442885984486239,309,0.03283391775581766,494,0.052491764955902666,1542,0.1638508128785464,5156,0.5478695143980449,520,0.05525448942726596,219,0.02327064073956009,6.88,12.75,14.75,38.51,565.0,48.0
2023-09-29,7028,-2473.97,-0.35201622083096185,0.5209419464997154,846,0.12037564029595903,169,0.02404667046101309,347,0.049373932840068295,1113,0.15836653386454183,3955,0.5627490039840638,430,0.06118383608423449,168,0.02390438247011952,6.5,12.75,13.25,28.62,339.75,12.5
2023-10-06,7522,-2628.71,-0.34946955596915713,0.521363998936453,944,0.1254985376229726,185,0.024594522733315607,473,0.06288221217761233,1164,0.15474607817069927,4135,0.5497208189311353,496,0.06593990959851104,125,0.016617920765753788,12.0,28.0,23.88,27.25,626.0,19.5
2023-10-13,7498,-2916.7,-0.38899706588423577,0.5327914110429448,761,0.10149373166177647,135,0.018004801280341425,452,0.060282742064550546,1186,0.15817551347025874,4366,0.5822886102960789,473,0.06308348893038143,124,0.016537743398239532,5.25,26.38,16.5,32.63,830.99,13.5
2023-10-20,8702,-3316.2,-0.3810848080900942,0.5347965984831073,935,0.10744656400827396,213,0.02447713169386348,470,0.05401057228223397,1259,0.14467938404964376,5194,0.5968742817743048,453,0.05205699839117444,177,0.020340151689266835,13.25,12.75,12.25,32.5,712.75,8.5
2023-10-27,9628,-3331.38,-0.34600955546323225,0.5221063564603241,1257,0.1305567095970087,208,0.02160365600332364,560,0.05816368923971749,1694,0.1759451599501454,5106,0.5303282093892813,578,0.06003323639385127,224,0.023265475695886995,8.13,17.88,36.5,46.01,725.12,7.25
2023-11-03,8823,-3063.54,-0.3472220333219993,0.5207163096452454,1122,0.12716763005780346,219,0.024821489289357363,462,0.05236314178850731,1374,0.15572934376062564,4883,0.5534398730590502,552,0.06256375382522951,211,0.023914768219426497,10.75,10.63,17.5,46.0,449.0,19.25
2023-11-10,6290,-2190.1,-0.34818759936406996,0.5201764705882352,740,0.11764705882352941,167,0.02655007949125596,324,0.05151033386327504,1136,0.18060413354531002,3331,0.5295707472178061,466,0.07408585055643879,126,0.02003179650238474,8.25,13.75,11.0,16.64,378.13,22.0
2023-11-17,9777,-3700.33,-0.37847294671167026,0.530318093484709,1107,0.11322491561828782,202,0.020660734376598138,518,0.05298148716375166,1533,0.15679656336299477,5744,0.5875012785107906,517,0.05287920630050118,153,0.01564897207732433,17.87,14.5,22.75,38.26,606.87,14.5
2023-11-24,6692,-2307.83,-0.34486401673640166,0.5261267184698147,817,0.122086072922893,242,0.03616258218768679,356,0.05319784817692767,1122,0.1676628810520024,3592,0.5367603108188882,419,0.06261207411835026,144,0.021518230723251645,2.75,11.87,12.0,22.26,317.62,16.25
2023-12-01,8691,-2953.47,-0.3398308595098377,0.5243435738119894,1148,0.13209066850765158,228,0.02623403520883673,490,0.056380163387412266,1450,0.16683925900356691,4625,0.5321597054424116,541,0.06224830284202048,205,0.023587619376366355,7.25,17.13,24.5,36.51,399.12,15.5
2023-12-08,7389,-2657.57,-0.3596657193124916,0.5258329949925565,869,0.11760725402625524,177,0.02395452699959399,360,0.048721071863580996,1414,0.19136554337528758,3970,0.5372851536067127,479,0.06482609284070916,119,0.016105020977128164,7.25,12.37,28.25,39.63,341.25,38.88
2023-12-15,9885,-3886.35,-0.3931562974203338,0.5351927162367223,994,0.1005563985837127,187,0.018917551846231666,446,0.0451188669701568,1631,0.16499747091552858,5860,0.5928174001011633,592,0.05988872028325746,174,0.017602427921092564,13.12,25.75,27.89,19.88,602.0,15.75
2023-12-22,9967,-3550.12,-0.35618741848098723,0.5264563058091702,1288,0.12922644727601085,195,0.0195645630580917,492,0.04936289756195445,1587,0.15922544396508478,5593,0.5611518009431122,613,0.061502959767231864,199,0.019965887428514097,11.25,9.75,31.25,30.5,701.62,10.5
2023-12-29,7037,-2067.98,-0.2938723888020463,0.5121287480460424,1162,0.16512718487992042,197,0.027994884183600965,422,0.05996873667756146,1160,0.16484297285775187,3428,0.48713940599687366,499,0.07091089953105016,167,0.0237317038510729,3.5,8.75,23.25,39.76,237.75,14.25
2024-01-05,8615,-2637.5,-0.3061520603598375,0.5113987231572837,1244,0.14439930354033662,334,0.0387695879280325,648,0.07521764364480557,1494,0.1734184561810795,4175,0.4846198491004063,529,0.06140452698781196,191,0.02217063261752757,3.0,8.5,19.75,47.27,224.25,28.75
2024-01-12,10568,-3814.67,-0.3609642316426949,0.5272397804693414,1217,0.11515897047691143,290,0.02744133232399697,586,0.05545041635124905,1541,0.14581756245268737,6117,0.5788228614685844,627,0.05933005299015897,190,0.01797880393641181,6.75,12.25,28.13,32.63,356.75,15.25
2024-01-19,11167,-4098.59,-0.3670269544192711,0.5272606787857079,1261,0.11292200232828871,293,0.026238022745589683,556,0.049789558520641174,1803,0.16145786692934538,6388,0.5720426255932659,629,0.05632667681561745,235,0.02104414793588251,10.0,7.5,21.0,29.5,517.0,45.25
2024-01-26,10423,-3448.06,-0.3308126259234385,0.5213633310946945,1361,0.13057660942147176,322,0.03089321692411014,577,0.05535834212798618,1741,0.16703444305862036,5509,0.5285426460711887,665,0.06380120886501008,245,0.02350570852921424,6.0,9.5,46.88,68.76,257.0,65.25
2024-02-02,8970,-3086.16,-0.3440535117056856,0.5249966555183947,1186,0.13221850613154962,213,0.02374581939799331,520,0.057971014492753624,1410,0.15719063545150502,4854,0.5411371237458193,615,0.06856187290969899,168,0.018729096989966554,1.0,13.62,41.0,42.63,268.62,22.25
2024-02-09,9487,-3036.21,-0.3200390007378518,0.5171803520607147,1355,0.1428270264572573,266,0.0280383682934542,510,0.05375777379572046,1508,0.15895435859597343,4969,0.5237693686096764,609,0.06419310635606619,270,0.02845999789185201,4.25,11.12,26.5,48.63,312.25,41.0
2024-02-16,10980,-3654.59,-0.33284061930783243,0.5211448087431694,1357,0.12358834244080145,446,0.04061930783242259,576,0.05245901639344262,2110,0.19216757741347906,5609,0.5108378870673953,655,0.05965391621129326,225,0.020491803278688523,11.13,14.37,36.63,57.52,573.75,42.38
2024-02-23,11367,-3507.45,-0.3085642649775666,0.5221113750329902,1663,0.1463006949942817,461,0.0405559954253541,631,0.055511568575701595,1800,0.1583531274742676,5828,0.5127122371777953,725,0.06378112078824667,259,0.02278525556435295,6.5,14.0,31.5,71.9,482.25,72.01
2024-03-01,9766,-2979.07,-0.30504505426991607,0.5153778414908868,1400,0.1433544951873848,395,0.040446446856440714,494,0.05058365758754864,1422,0.14560720868318658,5192,0.5316403850092156,652,0.06676223633012493,211,0.02160557034609871,3.5,10.75,14.5,53.4,560.5,88.01
2024-03-08,11346,-3481.19,-0.3068209060461837,0.5221381984840473,1760,0.15512074739996476,447,0.03939714436805923,585,0.05156002115282919,1730,0.1524766437511017,5974,0.5265291732769258,652,0.0574651859686233,197,0.017362947294200598,6.5,15.13,20.75,56.65,1143.11,60.0
2024-03-15,11678,-4222.99,-0.3616192841239938,0.5320594279842439,1376,0.11782839527316322,369,0.031597876348689845,528,0.045213221442027746,1649,0.14120568590512075,6931,0.5935091625278301,629,0.05386196266483987,196,0.01678369583832848,5.0,9.0,19.63,53.39,1129.0,48.0
2024-03-22,11210,-3338.61,-0.29782426404995543,0.5188082069580732,1631,0.1454950936663693,546,0.04870651204281891,628,0.056021409455842996,1667,0.1487065120428189,5767,0.5144513826940232,698,0.062265834076717215,271,0.024174843889384477,12.37,13.25,22.5,67.13,398.12,70.5
2024-03-29,8996,-3073.78,-0.3416829702089818,0.5227879057358826,1122,0.12472209871053802,292,0.032458870609159626,518,0.0575811471765229,1394,0.15495775900400177,4932,0.5482436638506003,555,0.06169408626056025,182,0.02023121387283237,10.13,8.13,15.75,41.26,332.87,35.13
2024-04-05,10575,-3303.71,-0.3124075650118203,0.5208586288416076,1594,0.15073286052009457,388,0.036690307328605204,573,0.05418439716312057,1480,0.13995271867612294,5653,0.5345626477541371,688,0.06505910165484634,199,0.018817966903073285,7.75,13.0,25.0,48.26,551.48,25.0
2024-04-12,9448,-3193.25,-0.337981583403895,0.5217199407281965,1139,0.12055461473327689,352,0.03725656223539373,479,0.050698560541913636,1360,0.14394580863674852,5292,0.5601185436071127,645,0.068268416596105,180,0.01905165114309907,9.63,18.5,25.0,49.13,723.88,27.0
2024-04-19,8624,-2830.17,-0.3281737012987013,0.5218239795918367,1178,0.13659554730983303,260,0.030148423005565864,506,0.058673469387755105,1337,0.15503246753246752,4604,0.5338589981447124,580,0.06725417439703155,159,0.018436920222634507,7.5,15.25,14.0,54.25,360.5,27.25
2024-04-26,8218,-2884.94,-0.35105135069359944,0.5231211973716233,1010,0.12290094913604284,185,0.022511559990265273,458,0.05573132148941348,1293,0.15733755171574593,4552,0.5539060598685812,548,0.0666828912144074,169,0.020564614261377463,8.75,20.75,23.63,32.38,375.37,23.75
2024-05-03,12453,-4980.14,-0.3999148799486068,0.5344969083754919,1222,0.09812896490805428,246,0.01975427607805348,585,0.0469766321368345,1859,0.14928129767927406,7746,0.6220187906528547,557,0.04472817794908857,235,0.018870954790010438,17.75,28.26,18.0,29.63,949.37,28.25
2024-05-10,8981,-3544.82,-0.3947021489811825,0.5309698251865049,830,0.09241732546487028,211,0.02349404297962365,439,0.04888097093864826,1302,0.1449727201870616,5543,0.6171918494599711,487,0.05422558735107449,169,0.018817503618750696,5.0,4.5,18.5,22.88,784.37,19.5
2024-05-17,8457,-3204.44,-0.37890977888140004,0.5338015844862244,883,0.10441054747546412,231,0.027314650585313942,447,0.05285562256119191,1219,0.14414094832682983,5043,0.5963107484923732,479,0.05663947026132198,155,0.018328012297505025,5.75,17.25,14.0,41.14,720.62,13.0
2024-05-24,12570,-5285.86,-0.42051392203659504,0.5444797136038186,1084,0.08623707239459029,220,0.017501988862370723,518,0.04120922832140016,2027,0.16125696101829753,7936,0.6313444709626094,608,0.048369132856006365,175,0.01392203659506762,11.0,11.5,27.63,24.0,861.0,34.75
2024-05-31,10043,-3759.85,-0.37437518669720204,0.5289086926217266,1131,0.11261575226525938,205,0.020412227422085035,502,0.0499850642238375,1602,0.1595140894155133,5825,0.580005974310465,576,0.05735338046400478,202,0.02011351189883501,5.25,12.75,19.5,40.76,500.12,19.75
2024-06-07,11674,-4309.11,-0.36912026726057906,0.5343926674661641,1330,0.11392838787048142,345,0.029552852492718863,557,0.04771286619838958,1807,0.15478841870824053,6786,0.5812917594654788,604,0.05173890697275998,242,0.020729826965907146,10.5,18.5,31.0,48.01,621.87,34.25
2024-06-14,10460,-4028.07,-0.38509273422562146,0.5330334608030592,1127,0.10774378585086042,200,0.019120458891013385,482,0.046080305927342254,1378,0.13173996175908223,6473,0.6188336520076482,615,0.058795411089866155,184,0.017590822179732315,4.75,14.25,18.5,28.0,596.74,44.25
2024-06-21,8511,-2813.71,-0.3305968746328281,0.5258794501233698,1159,0.1361767124897192,272,0.031958641757725295,424,0.04981788273998355,1396,0.1640230290212666,4568,0.5367171895194455,534,0.06274233345082834,156,0.018329221008107157,0.5,9.5,37.25,35.38,481.25,39.0
2024-06-28,8605,-3202.07,-0.3721173736199884,0.5318047646717026,971,0.11284137129575827,191,0.02219639744334689,435,0.0505520046484602,1198,0.13922138291690878,5094,0.5919814061592098,515,0.05984892504357931,201,0.02335851249273678,9.25,12.25,26.63,33.63,647.12,30.63
2024-07-05,8158,-2776.86,-0.3403848982593773,0.5296984555037999,1093,0.1339789164010787,285,0.03493503309634714,450,0.0551605785731797,1261,0.1545721990683991,4503,0.5519735229222849,423,0.05185094385878892,142,0.017406227016425593,3.25,16.13,16.0,35.63,204.0,69.0
2024-07-12,8377,-2777.69,-0.33158529306434287,0.5238808642712188,1113,0.13286379372090248,285,0.03402172615494807,497,0.05932911543511997,1173,0.14002626238510207,4613,0.5506744657992121,531,0.06338784767816641,165,0.019696788826548885,4.0,18.5,12.5,43.39,320.37,24.25
2024-07-19,8294,-3082.59,-0.3716650590788522,0.5340016879672053,963,0.11610802990113335,217,0.02616349168073306,445,0.05365324330841572,1217,0.14673257776706053,4831,0.582469254883048,455,0.054858934169279,164,0.019773330118157705,3.5,11.62,8.5,31.88,731.23,15.13
2024-07-26,7048,-2465.27,-0.34978291713961407,0.5240664018161181,858,0.1217366628830874,191,0.02709988649262202,447,0.06342224744608399,1089,0.15451191827468785,3878,0.5502270147559591,438,0.062145289443813846,146,0.020715096481271282,7.75,10.5,18.25,33.88,306.71,20.88
2024-08-02,9281,-3426.93,-0.3692414610494559,0.5316097403297059,1084,0.11679775886219157,235,0.025320547354810905,489,0.052688287900010775,1162,0.12520202564378838,5667,0.6106023057860145,469,0.050533347699601334,175,0.01885572675358259,6.0,16.5,13.5,38.38,468.87,42.5
2024-08-09,8575,-2447.45,-0.28541690962099125,0.5172104956268222,1447,0.1687463556851312,326,0.03801749271137026,550,0.0641399416909621,1147,0.13376093294460642,4351,0.5074052478134111,565,0.06588921282798833,189,0.022040816326530613,5.0,46.0,25.88,91.01,235.37,31.25
2024-08-16,10609,-4186.86,-0.3946517108115751,0.5337619002733528,1071,0.10095202186822509,200,0.018851918182675086,555,0.05231407295692337,1416,0.13347158073333962,6630,0.6249410877556791,577,0.05438778395701763,160,0.01508153454614007,6.25,35.75,21.5,35.4,773.88,20.5
2024-08-23,10254,-3577.42,-0.3488804369026721,0.5241934854690852,1313,0.12804759118392822,291,0.028379169104739616,550,0.053637604837136726,1333,0.1299980495416423,5977,0.5828944802028476,583,0.05685586112736493,205,0.019992198166569143,4.5,18.75,16.25,42.76,785.62,32.13
2024-08-30,10428,-3973.22,-0.3810145761411584,0.5333084004602993,1147,0.10999232834675873,254,0.024357499041043344,605,0.0580168776371308,1146,0.10989643268124281,6567,0.629746835443038,550,0.052742616033755275,157,0.015055619485999233,1.5,13.63,15.25,65.88,1338.6,24.5
2024-09-06,9227,-3205.67,-0.3474227809688956,0.5265481738376504,1132,0.12268342906686897,289,0.031321122791806655,510,0.05527256963259998,1138,0.12333369459195838,5374,0.5824211553050829,579,0.06275062317112821,204,0.022109027853039993,1.75,12.5,27.0,34.5,679.11,28.25
2024-09-13,8879,-3299.95,-0.3716578443518414,0.5269512332469873,950,0.106994030859331,216,0.02432706385854263,504,0.056763149003266136,1077,0.12129744340578894,5415,0.6098659758981867,549,0.06183128730712918,168,0.018921049667755378,6.0,17.75,19.25,22.38,602.12,13.0
2024-09-20,8340,-2732.94,-0.3276906474820144,0.5228645083932854,1137,0.13633093525179857,275,0.03297362110311751,474,0.05683453237410072,1118,0.134052757793765,4595,0.5509592326139089,549,0.0658273381294964,192,0.02302158273381295,8.13,23.88,16.75,40.75,416.75,16.25
2024-09-27,7880,-2755.06,-0.3496269035532995,0.5277931472081219,978,0.12411167512690355,257,0.03261421319796955,431,0.05469543147208122,986,0.1251269035532995,4628,0.5873096446700508,446,0.0565989847715736,152,0.019289340101522844,3.0,19.25,22.5,42.88,349.37,15.5
2024-10-04,9142,-3584.42,-0.39208269525267997,0.5428921461387005,953,0.10424414788886457,239,0.026143075913366877,424,0.04637934806388099,1105,0.12087070662874644,5821,0.6367315685845548,466,0.05097352876832203,133,0.01454823889739663,3.0,1.0,15.13,34.38,346.13,19.5
2024-10-11,5624,-1719.8,-0.30579658605974397,0.5157752489331436,844,0.15007112375533427,207,0.036806543385490754,377,0.06703413940256045,741,0.13175675675675674,2961,0.52649359886202,375,0.06667852062588904,117,0.020803698435277383,3.87,6.75,13.88,27.5,258.25,7.5
2024-10-18,7410,-2754.76,-0.3717624831309042,0.5310985155195681,882,0.11902834008097166,151,0.0203778677462888,443,0.059784075573549256,1036,0.1398110661268556,4311,0.5817813765182186,452,0.06099865047233468,133,0.017948717948717947,6.75,7.13,21.75,27.76,562.86,9.25
2024-10-25,8199,-3154.57,-0.3847505793389438,0.5321112330772045,904,0.11025734845712892,158,0.019270642761312354,501,0.06110501280643981,1139,0.13891938041224539,4937,0.6021466032442981,433,0.05281131845346994,126,0.015367727771679473,8.5,6.25,19.38,37.4,496.5,10.5
2024-11-01,8482,-3147.08,-0.3710304173543975,0.5326762556000944,954,0.112473473237444,186,0.021928790379627448,480,0.056590426786135344,1142,0.13463805706201368,5023,0.5921952369724122,491,0.057887290733317616,204,0.02405093138410752,5.75,12.5,35.25,32.51,440.24,23.75
2024-11-08,9381,-3595.76,-0.38330241978467117,0.5379629037416054,979,0.10435987634580535,228,0.024304445155100735,715,0.0762178872188466,1417,0.15104999467007782,5318,0.5668905233983584,596,0.06353267242298262,127,0.013538002345165761,9.0,20.0,13.25,51.51,522.12,17.13
2024-11-15,12145,-4383.3,-0.3609139563606423,0.5347328118567312,1521,0.12523672293124744,353,0.02906545903664059,1012,0.08332647179909428,1980,0.16303005351996708,6448,0.5309180732811857,652,0.05368464388637299,178,0.014656237134623301,11.5,38.88,17.0,76.64,722.87,23.51
2024-11-22,8183,-2614.57,-0.3195124037639008,0.5239142123915433,1099,0.1343028229255774,340,0.04154955395331785,587,0.07173408285469876,1293,0.1580105095930588,4183,0.5111817181962606,509,0.06220212635952584,172,0.021019186117560797,7.75,5.25,9.25,64.02,342.25,27.14
2024-11-29,12486,-4378.16,-0.35064552298574403,0.5310275508569597,1599,0.1280634310427679,338,0.027070318757007848,855,0.06847669389716482,1892,0.15152971327887232,6876,0.5506967803940414,731,0.058545571039564315,195,0.01561749159058145,12.87,7.25,11.75,70.63,550.98,33.5
2024-12-06,9239,-2531.58,-0.27401017426128366,0.5189749972940795,1557,0.16852473211386515,465,0.05033012230760905,653,0.07067864487498647,1389,0.15034094598982572,4409,0.4772161489338673,604,0.06537504058880832,160,0.017317891546704187,3.25,5.0,17.75,80.76,163.87,21.0
2024-12-13,10544,-3530.23,-0.33480937025796664,0.5302864188163885,1431,0.13571699544764795,388,0.03679817905918058,734,0.06961305007587254,1399,0.13268209408194234,5772,0.5474203338391502,619,0.05870637329286798,200,0.01896813353566009,7.13,6.25,16.0,69.01,439.0,63.63
2024-12-20,9964,-2899.07,-0.29095443596949017,0.5240847049377759,1605,0.16107988759534322,433,0.04345644319550381,643,0.06453231633881976,1463,0.14682858289843437,4997,0.5015054195102369,650,0.06523484544359695,172,0.017262143717382578,5.25,10.25,36.38,89.76,536.86,60.13
2024-12-27,7819,-2210.17,-0.28266658140427164,0.519150786545594,1315,0.16818007417828368,350,0.044762757385854966,622,0.07954981455429083,1063,0.13595088886046808,3810,0.4872745875431641,495,0.06330732830285203,164,0.02097454917508633,6.5,8.75,14.88,90.02,233.74,30.75
2025-01-03,8474,-2261.15,-0.2668338447014397,0.5116237904177484,1550,0.1829124380457871,359,0.04236488081189521,608,0.07174887892376682,1366,0.161198961529384,3878,0.4576351191881048,531,0.06266226103375029,178,0.021005428369129102,1.38,3.5,12.5,78.15,291.12,56.38
2025-01-10,10895,-3119.43,-0.2863175768701239,0.5199394217530977,1819,0.1669573198715007,473,0.04341441027994493,712,0.0653510784763653,1557,0.14290959155575952,5478,0.5027994492886645,663,0.06085360256998623,193,0.017714547957778798,5.25,7.5,20.0,91.91,390.24,65.25
2025-01-17,10843,-3611.52,-0.3330738725444988,0.5266088720833718,1498,0.1381536475145255,344,0.03172553721294845,692,0.06381997602139629,1706,0.15733653048049434,5751,0.5303882689292632,620,0.05717974730240708,230,0.021211841741215532,7.75,9.5,23.14,60.26,422.36,40.63
2025-01-24,12512,-4716.36,-0.37694693094629156,0.5381657608695652,1454,0.1162084398976982,310,0.02477621483375959,784,0.06265984654731457,1845,0.14745843989769822,7274,0.5813618925831202,648,0.05179028132992328,196,0.015664961636828643,9.25,29.37,14.5,55.63,589.74,43.13
2025-01-31,15826,-6231.99,-0.3937817515480854,0.5462517376469102,1685,0.10647036522178693,349,0.022052318968785543,1221,0.0771515228105649,2281,0.1441299128017187,9144,0.577783394414255,916,0.057879438898015924,229,0.014469859724503981,5.0,21.75,15.25,93.5,1357.62,66.5
2025-02-07,23895,-10086.0,-0.42209667294413056,0.55399079305294,2210,0.09248796819418288,453,0.018957940991839298,1976,0.08269512450303411,3432,0.1436283741368487,14348,0.6004603473530027,1205,0.050428960033479804,269,0.011257585268884703,5.25,16.75,15.5,183.52,1546.37,42.5
2025-02-14,19307,-8494.19,-0.43995390272957996,0.55988087222251,1540,0.07976381623245456,385,0.01994095405811364,1712,0.08867250220127415,2669,0.1382400165742995,11830,0.6127311337856736,927,0.04801367379706842,242,0.012534313979385715,13.38,58.88,21.5,108.51,2212.84,32.26
2025-02-21,22834,-10177.34,-0.4457099062801086,0.5639633879302794,1971,0.08631864763072611,341,0.014933870543925724,1912,0.08373478146623456,3297,0.14438994481912937,14144,0.6194271700096348,921,0.04033458877113077,246,0.010773408075676623,22.25,41.63,19.0,122.64,3520.42,37.38
2025-02-28,19561,-7811.61,-0.39934614794744644,0.5520203466080467,2084,0.1065385205255355,463,0.023669546546700067,1548,0.07913705843259547,3084,0.157660651295946,11081,0.5664843310669189,1003,0.05127549716272174,294,0.01502990644650069,15.25,26.0,23.63,144.14,1978.21,69.5
2025-03-07,35146,-15973.96,-0.45450293063221986,0.5712487907585501,2871,0.08168781653673249,516,0.014681613839412735,2832,0.08057815967677687,5421,0.1542423035338303,21575,0.6138678654754453,1499,0.04265065725829397,428,0.012177772719512888,22.13,38.88,40.88,285.65,1771.47,33.75
2025-03-14,34943,-15324.55,-0.43855850957273274,0.5643413559225023,3117,0.08920241536216124,543,0.015539593051541081,2557,0.07317631571416307,5836,0.1670148527602095,20834,0.5962281429757033,1601,0.04581747417222334,455,0.013021205963998512,21.75,42.24,32.75,250.02,1620.48,31.13
2025-03-21,19099,-8217.65,-0.4302659825121734,0.5584564636891983,1745,0.09136604010681187,328,0.017173674014346302,1488,0.07790983821142468,3095,0.16205036912927379,11293,0.5912875019634536,915,0.047908267448557515,235,0.012304309126132259,8.0,34.0,32.38,117.78,928.73,24.38
2025-03-28,21402,-9850.29,-0.460250911129801,0.5656630221474629,1564,0.0730772824969629,325,0.015185496682553033,1397,0.06527427343238949,3381,0.15797589010372862,13621,0.6364358471170919,848,0.03962246519016914,266,0.012428744977104944,5.38,29.5,14.75,63.75,1191.0,39.75
2025-04-04,39883,-17528.2,-0.4394905097409924,0.5648361457262493,3543,0.08883484191259435,583,0.014617756939046711,2798,0.07015520397161698,7210,0.1807787779254319,23408,0.5869167314394604,1810,0.04538274452774365,529,0.013263796605069829,23.5,58.88,37.5,266.52,1287.81,27.38
2025-04-11,53010,-23199.01,-0.43763459724580267,0.5639720807394831,4717,0.08898321071495945,774,0.014601018675721562,4100,0.07734389737785323,9403,0.17738162610828145,30779,0.5806262969251085,2528,0.04768911526127146,707,0.013337106206376155,29.75,75.88,49.0,566.19,1335.11,16.25
2025-04-18,26563,-12426.02,-0.4677943003425818,0.5681820577495013,1820,0.06851635733915597,300,0.01129390505590483,2368,0.08914655724127546,4383,0.16500395286676955,16156,0.6082144336106614,1202,0.04525091292399202,334,0.012573880962240712,21.88,275.52,26.0,177.88,1005.49,15.0
2025-04-25,23125,-10314.44,-0.44602983783783784,0.5611070270270271,1879,0.08125405405405406,322,0.013924324324324324,1694,0.07325405405405405,3852,0.16657297297297297,14079,0.6088216216216216,1013,0.0438054054054054,286,0.012367567567567567,14.75,154.24,24.25,150.13,1270.24,33.25
2025-05-02,21776,-9134.92,-0.4194948567229978,0.5520242468772961,1975,0.09069617927994122,394,0.018093313739897133,1544,0.07090374724467303,3745,0.171978324761205,12662,0.5814658339456282,1116,0.051249081557678176,340,0.015613519470977222,21.5,19.51,59.13,108.39,723.13,48.76
2025-05-09,18175,-7582.47,-0.4171922971114168,0.550698211829436,1666,0.09166437414030261,297,0.016341127922971113,1206,0.06635488308115543,2956,0.16264099037138927,10775,0.5928473177441541,970,0.05337001375515819,302,0.016616231086657496,10.25,25.25,26.13,143.15,881.75,77.13
2025-05-16,16724,-6130.52,-0.3665701985171012,0.5431320258311408,2117,0.12658454915092082,431,0.025771346567806743,1032,0.06170772542453958,2627,0.1570796460176991,9344,0.5587180100454436,933,0.05578808897392968,239,0.01429083951207845,6.5,14.0,15.63,92.38,683.34,54.0
2025-05-23,16672,-7517.02,-0.45087691938579655,0.5620435460652591,1242,0.07449616122840691,280,0.016794625719769675,937,0.05620201535508637,2354,0.14119481765834932,10916,0.6547504798464492,727,0.04360604606525912,215,0.012895873320537429,8.25,17.63,10.25,95.63,2000.71,46.0
2025-05-30,12448,-4915.2,-0.3948586118251928,0.5469802377892031,1256,0.10089974293059126,323,0.025947943444730077,773,0.06209832904884319,1968,0.15809768637532134,7304,0.5867609254498715,629,0.050530205655526995,194,0.015584832904884318,7.75,22.5,15.25,68.13,857.88,70.88
2025-06-06,11177,-4402.6,-0.3938981837702425,0.5457036771942382,1164,0.10414243535832514,305,0.027288181086159078,662,0.05922877337389282,1677,0.15004026125078285,6642,0.594256061554979,543,0.04858190927798157,183,0.016372908651695446,7.75,11.25,13.75,54.75,1039.28,32.01
2025-06-13,11744,-4275.98,-0.36409911444141685,0.5423739782016349,1492,0.12704359673024523,344,0.029291553133514985,726,0.06181880108991825,1786,0.15207765667574932,6595,0.5615633514986376,646,0.05500681198910082,155,0.013198228882833788,7.0,20.0,17.75,84.64,968.98,20.75
2025-06-20,8160,-2992.82,-0.36676715686274514,0.5385294117647058,993,0.12169117647058823,212,0.025980392156862746,547,0.0670343137254902,1295,0.15870098039215685,4482,0.549264705882353,472,0.05784313725490196,157,0.019240196078431374,8.0,20.75,9.13,39.88,351.12,34.25
2025-06-27,11594,-3714.99,-0.3204234949111609,0.5288174918061066,1772,0.15283767465930653,371,0.03199930998792479,838,0.07227876487838537,1770,0.15266517164050372,5954,0.5135414869760221,700,0.06037605658099017,188,0.01621528376746593,8.13,24.38,13.0,81.01,421.87,37.75
2025-07-04,11229,-4378.43,-0.3899216314898923,0.5492759818327545,1249,0.11122985127794105,307,0.027339923412592396,713,0.06349630421230743,1757,0.15646985484014606,6457,0.5750289429156648,581,0.051741027696143915,164,0.01460504052008193,2.75,39.88,12.25,50.0,1126.87,48.13
2025-07-11,13821,-5117.14,-0.37024383185008325,0.545195716663049,1548,0.11200347297590622,562,0.04066275956877216,854,0.061790029665002535,2233,0.16156573330439186,7713,0.5580638159322769,677,0.0489834310107807,231,0.016713696548730193,3.5,17.75,14.26,70.13,896.12,47.88
2025-07-18,11875,-4149.73,-0.349450947368421,0.5421827368421053,1573,0.13246315789473684,472,0.03974736842105263,815,0.06863157894736842,1675,0.14105263157894737,6545,0.5511578947368421,611,0.05145263157894737,184,0.015494736842105263,8.88,61.5,8.0,68.39,610.99,39.75
2025-07-25,13880,-4767.49,-0.34347910662824205,0.5355302593659942,1778,0.12809798270893372,546,0.03933717579250721,807,0.05814121037463977,2325,0.167507204610951,7387,0.5322046109510087,720,0.05187319884726225,314,0.02262247838616715,8.88,43.0,21.75,81.39,747.48,50.63
2025-08-01,16475,-6049.52,-0.3671939301972686,0.5411569044006069,1881,0.11417298937784522,527,0.03198786039453718,1153,0.06998482549317148,2697,0.16370257966616086,8938,0.5425189681335356,955,0.05796661608497724,322,0.019544764795144158,13.25,44.26,26.75,171.15,432.24,91.37
2025-08-08,15826,-6500.54,-0.41075066346518385,0.5513446227726526,1458,0.09212687981802098,401,0.02533805130797422,1020,0.06445090357639327,2700,0.17060533299633515,9206,0.5817009983571338,779,0.04922279792746114,260,0.016428661695943383,16.25,34.87,18.26,106.39,402.75,78.5
2025-08-15,16641,-6778.49,-0.4073366985157142,0.5474713058109488,1521,0.0914007571660357,384,0.02307553632594195,1012,0.06081365302565952,2703,0.16243014241932577,9819,0.5900486749594376,860,0.05167958656330749,339,0.02037137191274563,25.88,24.25,10.01,98.63,704.36,66.5
2025-08-22,12845,-4858.45,-0.37823666796418837,0.5364383028415726,1370,0.10665628649279875,372,0.028960685091475282,858,0.06679641884001557,2063,0.16060724017127287,7261,0.5652783184118334,642,0.04998053717399766,277,0.021564811210587776,10.13,56.75,7.5,88.89,581.36,39.5
2025-08-29,14025,-6216.28,-0.4432285204991087,0.5566894830659537,1020,0.07272727272727272,251,0.017896613190730836,1018,0.07258467023172906,2460,0.1754010695187166,8343,0.5948663101604278,710,0.05062388591800356,223,0.01590017825311943,15.25,104.0,21.5,73.88,474.74,24.0
2025-09-05,12475,-5079.95,-0.40721042084168335,0.550703006012024,1240,0.09939879759519038,306,0.024529058116232464,742,0.059478957915831666,2115,0.1695390781563126,7318,0.5866132264529058,563,0.04513026052104208,191,0.01531062124248497,9.25,46.0,10.0,67.63,612.24,33.25
2025-09-12,13079,-5164.55,-0.3948734612737977,0.5498486122792262,1299,0.09931951984096643,399,0.03050691948925759,871,0.06659530545148712,2145,0.16400336417157274,7447,0.5693860386879731,702,0.0536738282743329,216,0.016515024084410124,26.5,55.75,18.63,90.89,567.5,58.26
2025-09-19,12124,-4711.15,-0.3885805014846585,0.541584460574068,1243,0.10252391949851535,350,0.028868360277136258,806,0.06647970966677665,1937,0.15976575387660838,6952,0.5734081161332893,649,0.05353018805674695,187,0.015423952490927087,19.0,47.37,8.5,96.26,475.37,89.51
2025-09-26,13136,-5360.06,-0.4080435444579781,0.5492349269183922,1202,0.09150426309378806,316,0.02405602923264312,861,0.06554506699147382,2048,0.1559074299634592,7777,0.5920371498172959,717,0.054582825822168085,213,0.016214981729598052,13.0,28.25,14.0,102.28,803.99,38.75
2025-10-03,10982,-4156.8,-0.3785102895647423,0.5368129666727371,1201,0.10936077217264614,258,0.023492988526680022,809,0.07366599890730285,1974,0.17974867965762156,5919,0.5389728646876707,623,0.056729193225277724,196,0.017847386632671644,9.0,17.75,11.75,137.0,679.36,40.5
2025-10-10,13487,-4992.93,-0.3702031585971677,0.5367390820790391,1500,0.11121821012827167,383,0.0283977163194187,1006,0.07459034625936087,2569,0.19047972121301995,7018,0.5203529324534737,777,0.057611032846444726,233,0.017275895306591533,10.0,21.5,8.75,212.64,772.13,33.0
2025-10-17,16321,-6323.43,-0.387441333251639,0.5457165614852031,1768,0.10832669566815759,405,0.024814655964708044,1082,0.06629495741682495,2724,0.16690153789596227,9188,0.5629557012437963,868,0.053183015746584156,281,0.017217082286624594,15.38,19.38,17.0,159.76,914.16,40.25
2025-10-24,13958,-4996.99,-0.3580018627310503,0.5398180255050866,1715,0.12286860581745236,436,0.031236566843387305,920,0.06591202177962459,2511,0.17989683335721451,7325,0.5247886516692936,827,0.059249176099727754,224,0.0160481444332999,11.25,22.38,14.75,146.52,717.04,65.88
2025-10-31,14759,-5425.45,-0.3676028186191476,0.5412941256182668,1712,0.11599701876820923,479,0.03245477335862863,1009,0.06836506538383359,2574,0.17440205976014636,7881,0.5339792668880006,858,0.05813401992004878,245,0.016600040653160782,13.5,26.5,13.75,143.38,1093.12,126.38
2025-11-07,12954,-5213.5,-0.40246255982708046,0.5460599042766713,1240,0.09572332870155936,281,0.021692141423498533,892,0.06885903967886367,2083,0.16079975297205495,7525,0.5809016519993825,717,0.055349698934691986,214,0.016519993824301374,6.75,24.75,7.25,135.15,996.25,71.75
2025-11-14,15252,-6231.08,-0.4085418305795961,0.5448642800944139,1440,0.0944138473642801,335,0.021964332546551273,854,0.055992656700760556,2334,0.15302911093627064,9295,0.6094282717020718,735,0.048190401258851295,256,0.016784683975872017,11.0,11.37,14.5,141.9,1335.35,65.12
2025-11-21,12319,-4764.92,-0.3867943826609303,0.5419027518467407,1305,0.1059339232080526,279,0.0226479422031009,727,0.059014530400194824,1977,0.16048380550369348,7117,0.57772546472928,698,0.05666044321779365,216,0.01753389073788457,6.88,15.75,6.25,124.65,573.63,84.01
2025-11-28,11207,-4124.54,-0.3680324797001874,0.5352895511733737,1324,0.11814044793432676,302,0.026947443562059428,634,0.05657178549121085,1961,0.17497992326224682,6177,0.551173373784242,635,0.056661015436780586,173,0.015436780583563844,2.5,8.75,11.25,97.13,388.5,48.75
2025-12-05,11871,-4820.35,-0.40606098896470394,0.5475478055766152,1122,0.09451604751074046,312,0.026282537275713926,557,0.046921068149271335,1809,0.15238817285822592,7327,0.6172184314716536,553,0.046584112543172435,191,0.016089630191222306,2.5,12.37,16.25,67.15,899.0,46.75
2025-12-12,11079,-4455.67,-0.402172578752595,0.546908565755032,1073,0.09684989620001805,277,0.025002256521346692,616,0.05560068598248939,1543,0.13927249751782653,6802,0.6139543280079429,531,0.0479285134037368,236,0.021301561512771912,12.25,32.5,12.63,72.76,784.14,61.25
2025-12-19,10073,-3768.97,-0.3741655911843542,0.5420957013799265,1160,0.11515933684106026,274,0.027201429564181475,544,0.05400575796684205,1599,0.15874118931797876,5750,0.5708329196862901,550,0.0546014097091234,196,0.019457956914523976,7.5,12.25,10.75,75.77,610.62,33.13
2025-12-26,9552,-3678.08,-0.38505862646566164,0.5415661641541039,1070,0.11201842546063652,216,0.022613065326633167,495,0.05182160804020101,1389,0.1454145728643216,5684,0.5950586264656617,550,0.05757956448911223,147,0.015389447236180905,7.0,13.38,18.0,52.76,881.22,45.0
2026-01-02,10196,-3533.01,-0.346509415457042,0.5339064338956454,1329,0.1303452334248725,360,0.035307963907414676,671,0.06581012161632012,1807,0.17722636327971752,5284,0.5182424480188309,566,0.055511965476657515,179,0.01755590427618674,5.25,16.38,15.5,85.9,455.25,77.5
2026-01-09,11901,-4527.05,-0.3803924039996639,0.5454508024535754,1376,0.11562053608940426,330,0.027728762288883286,675,0.056717922863624905,1615,0.135702882110747,7029,0.590622636753214,664,0.055793630787328796,212,0.01781362910679775,1.75,13.0,10.75,58.01,880.25,36.75
2026-01-16,13043,-5381.13,-0.4125684275090087,0.5574538066395768,1292,0.09905696542206548,319,0.024457563443992945,930,0.07130261442919573,1746,0.13386490837997395,7931,0.608065629073066,604,0.0463083646400368,221,0.016943954611669095,16.38,78.0,7.0,63.63,488.12,60.75
2026-01-23,17509,-7347.3,-0.4196299046204809,0.559474555942658,1732,0.09892055514306927,359,0.020503740933234336,1209,0.06905020275286995,2856,0.16311611171397566,10377,0.5926666285910104,747,0.04266377291678565,228,0.013021874464561083,11.63,32.75,25.13,127.14,916.24,51.5
2026-01-30,14098,-5137.01,-0.3643786352674138,0.5420314938289119,1708,0.1211519364448858,421,0.029862391828628175,1129,0.0800822811746347,2194,0.15562491133494114,7529,0.5340473826074621,859,0.06093062845793729,257,0.018229536104411973,14.25,89.38,17.75,170.27,760.49,46.0
2026-02-06,14429,-5519.86,-0.3825531914893617,0.5464405017672742,1633,0.11317485619239033,353,0.024464619862776354,921,0.06382978723404255,2442,0.16924249774759165,8013,0.55533994039781,808,0.05599833668306882,256,0.017742047265922795,3.0,38.0,13.0,130.51,653.01,59.5
2026-02-13,14273,-5676.09,-0.39768023540951447,0.5515196524907168,1495,0.10474322146710573,394,0.027604568065578365,796,0.055769634975127866,2214,0.1551180550690114,8480,0.5941287746094024,670,0.0469417781825825,223,0.01562390527569537,8.75,19.25,9.5,77.63,1260.98,40.38
2026-02-20,14663,-6316.62,-0.4307863329468731,0.5552765464093297,1201,0.08190684034645025,313,0.021346245652322172,613,0.041805906021960035,2181,0.14874173088726728,9444,0.6440701084361999,695,0.04739821318966105,216,0.014730955466139261,5.75,8.0,16.75,60.26,983.25,43.5
2026-02-27,13033,-5540.31,-0.4250985958720172,0.5504657408117855,1188,0.09115322642522827,209,0.016036215759993862,676,0.05186833422849689,2231,0.1711808486150541,7981,0.6123686027775647,565,0.04335149236553364,182,0.013964551523056855,6.0,4.75,15.63,42.51,1023.11,28.75
2026-03-06,11531,-4630.58,-0.4015766195473073,0.5449752840169977,1107,0.09600208134593705,260,0.02254791431792559,769,0.06668979273263377,1977,0.17145087156361113,6556,0.5685543318012315,612,0.05307432139450178,247,0.02142051860202931,7.0,10.75,6.5,55.88,367.74,20.26
2026-03-13,14515,-6349.61,-0.4374516017912504,0.560015845676886,1217,0.08384429900103342,243,0.016741302101274544,1133,0.07805718222528418,2434,0.16768859800206684,8573,0.5906303823630726,687,0.04733034791594902,226,0.01557009989665863,18.5,5.25,13.25,70.76,555.87,25.25
2026-03-20,10558,-4551.8,-0.4311233188103808,0.5584902443644629,954,0.09035802235271832,150,0.014207236218980868,748,0.07084675127865125,1837,0.17399128622845236,6208,0.5879901496495549,498,0.04716802424701648,162,0.015343815116499336,7.63,12.75,14.5,60.52,515.12,15.0
2026-03-27,10531,-4250.93,-0.40365872186876844,0.5482632228658247,1096,0.10407368720919191,204,0.019371379736017474,736,0.06988889943974931,1746,0.1657962206817966,6074,0.5767733358655398,518,0.04918811129047574,157,0.014908365777229133,3.75,11.25,8.5,93.64,332.74,27.0
2026-04-03,10828,-4180.29,-0.386062984854082,0.5475064647210934,1234,0.11396379756187662,234,0.02161063908385667,801,0.07397487994089398,1840,0.1699298115995567,5922,0.5469154045068342,619,0.05716660509789435,176,0.01625415589213151,10.75,15.0,13.25,96.02,472.24,26.0
2026-04-10,10201,-4110.32,-0.40293304577982547,0.5435702382119401,949,0.09303009508871679,235,0.02303695716106264,565,0.05538672679149103,1703,0.16694441721399864,6022,0.5903342809528478,535,0.052445838643270265,189,0.018527595333790805,14.25,10.0,12.25,53.63,499.63,21.0
2026-04-17,10435,-3935.31,-0.377126018207954,0.5391403929084811,1074,0.10292285577383804,299,0.028653569717297555,659,0.0631528509822712,1560,0.14949688548155246,5975,0.5725922376617154,680,0.06516530905606133,188,0.018016291327264015,6.38,7.5,12.25,86.02,475.0,37.38
2026-04-24,9073,-3421.11,-0.37706491788823987,0.5408982695910944,1015,0.11187038465777582,239,0.026341893530254602,590,0.06502810536757413,1396,0.15386311032734487,5149,0.5675079907417613,528,0.05819464344759175,155,0.017083654799955914,11.0,10.25,8.75,71.88,319.5,55.88
2026-05-01,10471,-3503.09,-0.33455161875656575,0.5332823990067806,1493,0.14258428039346768,317,0.030274090344761723,736,0.07028937064272753,1831,0.174863909846242,5309,0.5070193868780442,588,0.05615509502435297,197,0.018813866870403973,5.0,20.38,6.5,71.26,484.87,56.0
2026-05-08,9069,-3079.86,-0.33960304333443603,0.5302613298048295,1226,0.13518579777263204,274,0.030212812879038483,600,0.06615944426066821,1571,0.17322747822251627,4674,0.5153820707906054,527,0.058110045208953576,191,0.02106075642297938,6.5,7.0,14.0,69.01,489.74,60.75
2026-05-15,13569,-5486.78,-0.40436141204215487,0.5472437172967795,1287,0.09484855184611983,316,0.023288377920259416,844,0.06220060431866755,2277,0.16780897634313507,7899,0.5821357506080035,694,0.051145994546392515,251,0.01849804701894023,22.62,15.5,11.5,125.63,1198.21,46.63
2026-05-22,8125,-2963.79,-0.36477415384615386,0.5410609230769231,1031,0.1268923076923077,228,0.02806153846153846,507,0.0624,1292,0.15901538461538461,4508,0.5548307692307692,401,0.04935384615384615,158,0.019446153846153846,11.5,31.5,4.0,57.5,543.0,38.0
2026-05-29,10257,-3700.27,-0.3607555815540606,0.5368879789412109,1182,0.11523837379350688,343,0.03344057716681291,628,0.06122647947743005,1934,0.18855415813590717,5443,0.5306619869357512,516,0.05030710734132787,210,0.020473822755191575,8.5,5.88,12.5,102.77,389.37,67.13
2026-06-05,13987,-5245.31,-0.375013226567527,0.5405183384571387,1552,0.11096017730749982,382,0.02731107456924287,836,0.05976978623007078,2248,0.1607206691928219,7914,0.5658111103167227,790,0.05648101808822478,264,0.018874669335811826,5.5,15.5,13.5,156.04,329.17,62.75
2026-06-12,11885,-4911.81,-0.41327808161548174,0.5486142196045435,1043,0.0877576777450568,284,0.023895666806899453,679,0.05713083718973496,1926,0.16205300799326883,7164,0.6027766091712242,609,0.051241060159865376,180,0.015145140933950358,6.5,6.5,16.5,119.65,436.62,60.75
2026-06-19,9517,-3105.05,-0.32626352842282236,0.53376904486708,1334,0.1401702217085216,381,0.04003362404118945,438,0.046022906378060315,1491,0.15666701691709572,5136,0.5396658610906798,548,0.05758117053693391,189,0.019859199327519176,4.25,7.25,19.75,77.01,410.0,115.38
2026-06-26,11056,-4639.7,-0.41965448625180896,0.5535374457308249,1025,0.09270984081041968,243,0.021979015918958032,482,0.04359623733719247,1767,0.15982272069464545,6923,0.6261758321273516,455,0.04115412445730825,161,0.014562228654124458,11.25,4.5,8.25,38.89,1265.37,41.25
2026-07-03,6896,-2827.97,-0.4100884570765661,0.5503755800464037,633,0.091792343387471,165,0.02392691415313225,355,0.051479118329466354,1015,0.14718677494199536,4250,0.6162993039443155,355,0.051479118329466354,123,0.01783642691415313,3.5,6.25,4.5,38.76,638.92,30.25
2026-07-10,3094,-644.77,-0.20839366515837104,0.499453781512605,692,0.22365869424692955,134,0.04330963154492566,295,0.09534583063994828,515,0.16645119586296056,1179,0.381060116354234,214,0.0691661279896574,64,0.02068519715578539,3.25,4.0,1.5,68.13,50.25,11.5
2026-07-17,1965,-416.65,-0.2120356234096692,0.4913689567430025,386,0.1964376590330789,114,0.05801526717557252,139,0.07073791348600508,351,0.17862595419847327,775,0.3944020356234097,146,0.0743002544529262,53,0.02697201017811705,7.0,0.75,0.5,23.25,40.0,35.5
