date,BTC-USD_close,ETH-USD_close,GC=F_close,GLD_close,QQQ_close,SPY_close,^GSPC_close,^IXIC_close,^VIX_close,BTC-USD_ret1d,ETH-USD_ret1d,GC=F_ret1d,GLD_ret1d,QQQ_ret1d,SPY_ret1d,^GSPC_ret1d,^IXIC_ret1d,^VIX_ret1d
2018-01-01,13657.2001953125,772.6409912109375,,,,,,,,,,,,,,,,
2018-01-02,14982.099609375,884.4439697265625,1313.699951171875,125.1500015258789,150.0572509765625,235.9542999267578,2695.81005859375,7006.89990234375,9.770000457763672,0.0970110560814097,0.14470236473009224,,,,,,,
2018-01-03,15201.0,962.719970703125,1316.199951171875,124.81999969482422,151.5153045654297,237.4467010498047,2713.06005859375,7065.52978515625,9.149999618530273,0.014610795304552893,0.08850306368278194,0.0019030220696665268,-0.002636850395774437,0.009716648674944262,0.00632495836486191,0.006398818768781567,0.008367449746625955,-0.06345965303826762
2018-01-04,15599.2001953125,980.9219970703125,1319.4000244140625,125.45999908447266,151.78041076660156,238.447509765625,2723.989990234375,7077.91015625,9.220000267028809,0.026195657872015055,0.018906875229661724,0.002431297189563253,0.00512737855482448,0.0017496991603076495,0.004214877323607924,0.004028636080503967,0.0017522212021183758,0.007650344417148736
2018-01-05,17429.5,997.719970703125,1320.300048828125,125.33000183105469,153.30474853515625,240.03652954101562,2743.14990234375,7136.56005859375,9.220000267028809,0.11733292616101543,0.017124678295504125,0.0006821467313995466,-0.0010361649479244672,0.010043046799357525,0.006664023360749338,0.007033767443369587,0.00828633043497451,0.0
2018-01-06,17527.0,1041.6800537109375,,,,,,,,0.005593964256002781,0.04406054233517298,,,,,,,
2018-01-07,16477.599609375,1153.1700439453125,,,,,,,,-0.05987336056512804,0.10702901513492269,,,,,,,
2018-01-08,15170.099609375,1148.530029296875,1318.5999755859375,125.30999755859375,153.90127563476562,240.47552490234375,2747.7099609375,7157.39013671875,9.520000457763672,-0.07935014996092593,-0.004023703765806075,,,,,,,
2018-01-09,14595.400390625,1299.739990234375,1311.699951171875,124.7300033569336,153.91067504882812,241.01980590820312,2751.2900390625,7163.580078125,10.079999923706055,-0.03788368129071751,0.13165520890217386,-0.005232841302758584,-0.0046284750854691525,6.107430899282562e-05,0.0022633530213953534,0.0013029315960912946,0.0008648321927422487,0.05882347048478298
2018-01-10,14973.2998046875,1255.8199462890625,1317.4000244140625,125.02999877929688,153.55088806152344,240.651123046875,2748.22998046875,7153.56982421875,9.819999694824219,0.025891678470515656,-0.033791407724088396,0.004345561831495814,0.002405158456580736,-0.0023376350418224945,-0.0015296786915036664,-0.0011122268282528491,-0.0013973814485326308,-0.025793673695410413
2018-01-11,13405.7998046875,1154.9300537109375,1320.5999755859375,125.44000244140625,154.6018524169922,242.40684509277344,2767.56005859375,7211.77978515625,9.880000114440918,-0.10468634305373903,-0.08033786441778834,0.0024289897620870526,0.003279242310744168,0.0068444042801476535,0.007295715156735216,0.007033646478779465,0.0081371905730796,0.006110022554106864
2018-01-12,13980.599609375,1273.199951171875,1333.4000244140625,126.95999908447266,155.73800659179688,243.98716735839844,2786.239990234375,7261.06005859375,10.15999984741211,0.042876949757709726,0.10240438118388306,0.00969260113945225,0.012117319941670202,0.0073489040205045875,0.006519297196496909,0.006749602987881076,0.0068333025834943495,0.0283400536161873
2018-01-13,14360.2001953125,1396.4200439453125,,,,,,,,0.02715195317395036,0.09677984409284934,,,,,,,
2018-01-14,13772.0,1366.77001953125,,,,,,,,-0.04096044534981502,-0.021232883717632767,,,,,,,
2018-01-15,13819.7998046875,1291.9200439453125,,,,,,,,0.0034707961579654167,-0.05476413333357155,,,,,,,
2018-01-16,11490.5,1053.68994140625,1335.4000244140625,127.16999816894531,155.29302978515625,243.15309143066406,2776.419921875,7223.68994140625,11.65999984741211,-0.16854801354629112,-0.1844000359430501,,,,,,,
2018-01-17,11188.599609375,1014.25,1338.0,126.13999938964844,156.96884155273438,245.4707794189453,2802.56005859375,7298.27978515625,11.90999984741211,-0.02627391241677912,-0.037430310242511755,0.0019469638598204053,-0.008099385028916384,0.01079128773452731,0.009531805557743134,0.009415051560751175,0.010325726097745402,0.021440823608199766
2018-01-18,11474.900390625,1036.280029296875,1326.0,125.86000061035156,156.99725341796875,245.05813598632812,2798.030029296875,7296.0498046875,12.220000267028809,0.02558861620270214,0.02172051200086278,-0.008968609865470878,-0.002219746160232239,0.00018100321664693553,-0.0016810287301566307,-0.0016163897301626484,-0.00030554877784838563,0.026028583004898964
2018-01-19,11607.400390625,1039.0999755859375,1331.9000244140625,126.41999816894531,157.4895782470703,246.173095703125,2810.300048828125,7336.3798828125,11.270000457763672,0.01154694119247024,0.002721220335564878,0.004449490508342757,0.004449368789751107,0.0031358817965487784,0.004549776371673309,0.004385235112838837,0.00552765937796762,-0.07774139022143589
2018-01-20,12899.2001953125,1155.1500244140625,,,,,,,,0.11129105236439107,0.11168323698851568,,,,,,,
2018-01-21,11600.099609375,1049.5799560546875,,,,,,,,-0.10071171594108497,-0.09139078572320014,,,,,,,
2018-01-22,10931.400390625,1003.260009765625,1330.9000244140625,126.6500015258789,159.1748809814453,248.17466735839844,2832.969970703125,7408.02978515625,11.029999732971191,-0.05764598936801968,-0.04413188916371513,,,,,,,
2018-01-23,10868.400390625,986.22900390625,1335.699951171875,127.27999877929688,160.4908447265625,248.701416015625,2839.1298828125,7460.2900390625,11.100000381469727,-0.005763214020962026,-0.01697566502561354,0.0036065269139398115,0.004974316982453653,0.00826740838129214,0.002122491642009061,0.0021743654797181655,0.007054541547735882,0.006346387143536081
2018-01-24,11359.400390625,1058.780029296875,1355.9000244140625,128.8300018310547,159.449462890625,248.6049041748047,2837.5400390625,7415.06005859375,11.470000267028809,0.04517684133384825,0.07356407599377568,0.015123211784551671,0.012177899643490031,-0.0064887304799956524,-0.00038806309335304157,-0.0005599757022828333,-0.006062764347220195,0.03333332187778648
2018-01-25,11259.400390625,1056.030029296875,1362.4000244140625,127.97000122070312,159.3926239013672,248.7101593017578,2839.25,7411.16015625,11.579999923706055,-0.008803281560753051,-0.002597328929434206,0.0047938637679492135,-0.006675468432262743,-0.000356470245978846,0.00042338314806178445,0.0006026209018938911,-0.0005259434600574098,0.00959020524118448
2018-01-26,11171.400390625,1055.1700439453125,1351.5999755859375,128.07000732421875,161.8353271484375,251.5897979736328,2872.8701171875,7505.77001953125,11.079999923706055,-0.007815691506385392,-0.0008143569100351744,-0.007927223014231655,0.0007814808358339587,0.015325070804919294,0.01157829129280219,0.011841196508761032,0.012765864086942358,-0.04317789320329979
2018-01-27,11440.7001953125,1107.0699462890625,,,,,,,,0.024106181433931617,0.04918629242893857,,,,,,,
2018-01-28,11786.2998046875,1246.010009765625,,,,,,,,0.03020790716258781,0.1255025158458094,,,,,,,
2018-01-29,11296.400390625,1182.3599853515625,,127.3499984741211,161.0494842529297,249.92178344726562,2853.530029296875,7466.509765625,13.84000015258789,-0.041565158037780714,-0.051083076311750575,,,,,,,
2018-01-30,10106.2998046875,1071.1300048828125,1335.4000244140625,126.80000305175781,159.72401428222656,247.3582763671875,2822.429931640625,7402.47998046875,14.789999961853027,-0.10535219581320587,-0.09407454738556376,,-0.004318770545372663,-0.008230203138194891,-0.010257237463332292,-0.010898815620283941,-0.008575597858458073,0.06864160395890595
2018-01-31,10221.099609375,1118.31005859375,1339.0,127.6500015258789,160.38673400878906,247.481201171875,2823.81005859375,7411.47998046875,13.539999961853027,0.011359232053877344,0.04404699102430554,0.0026958031452164466,0.006703457836465088,0.004149155213388989,0.0004969504416543202,0.0004889853730833948,0.0012158087591922495,-0.08451656546477693
2018-02-01,9170.5400390625,1036.7900390625,1344.300048828125,128.07000732421875,159.02337646484375,247.2002410888672,2821.97998046875,7385.85986328125,13.470000267028809,-0.1027834196380305,-0.07289572234891606,0.003958214210698197,0.003290292152912322,-0.008500438345920847,-0.0011352784844966823,-0.0006480882520516484,-0.00345681527239039,-0.005169844536294876
2018-02-02,8830.75,915.7849731445312,1333.699951171875,126.38999938964844,155.85159301757812,241.81871032714844,2762.1298828125,7240.9501953125,17.309999465942383,-0.037052347802326024,-0.11671125431276863,-0.007885217043241521,-0.013117887393550687,-0.01994539116056837,-0.02176992521534038,-0.02120854792396809,-0.01961987780043961,0.2850778858789582
2018-02-03,9174.91015625,964.0189819335938,,,,,,,,0.03897292486481896,0.052669578780531134,,,,,,,
2018-02-04,8277.009765625,834.6820068359375,,,,,,,,-0.09786476110758924,-0.13416434481221196,,,,,,,
2018-02-05,6955.27001953125,697.9509887695312,1333.0,126.70999908447266,149.7069091796875,231.70523071289062,2648.93994140625,6967.52978515625,37.31999969482422,-0.15968807377551097,-0.16381210682223524,,,,,,,
2018-02-06,7754.0,793.1220092773438,1326.0999755859375,125.37999725341797,153.6740264892578,236.27037048339844,2695.139892578125,7115.8798828125,29.979999542236328,0.11483809805022926,0.13635774150215973,-0.005176312388644022,-0.010496423649786535,0.02649922659754278,0.019702359573248174,0.017440920592313836,0.021291634514759794,-0.196677390477199
2018-02-07,7621.2998046875,757.0679931640625,1311.5999755859375,124.79000091552734,151.68572998046875,234.98861694335938,2681.659912109375,7051.97998046875,27.729999542236328,-0.01711377293171268,-0.04545834775929625,-0.010934318880138072,-0.004705665583148222,-0.01293840315252004,-0.00542494404785776,-0.005001588416939429,-0.008979901768450649,-0.07505003450150693
2018-02-08,8265.58984375,817.8070068359375,1316.9000244140625,124.9800033569336,145.28536987304688,226.1744384765625,2581.0,6777.16015625,33.459999084472656,0.08453807822469184,0.08022927163784144,0.0040409034208446215,0.0015225774502147793,-0.0421948729669297,-0.03750895929108522,-0.03753641975808808,-0.03897059052633367,0.20663539981343337
2018-02-09,8736.98046875,883.864990234375,1313.0999755859375,124.7699966430664,147.79441833496094,229.5719451904297,2619.550048828125,6874.490234375,29.059999465942383,0.057030488314931294,0.08077453830337444,-0.0028856016080763824,-0.0016803225174144565,0.01726979436474929,0.015021621084821524,0.014936090208494734,0.014361484143950776,-0.1315002910616373
2018-02-10,8621.900390625,860.4149780273438,,,,,,,,-0.013171607575021227,-0.02653121513593726,,,,,,,
2018-02-11,8129.97021484375,814.6599731445312,,,,,,,,-0.05705588715872301,-0.0531778340118092,,,,,,,
2018-02-12,8926.5703125,868.7069702148438,1324.199951171875,125.37000274658203,150.41700744628906,232.943115234375,2656.0,6981.9599609375,25.610000610351562,0.09798315081177211,0.06634301285442423,,,,,,,
2018-02-13,8598.3095703125,845.2579956054688,1328.0999755859375,126.08000183105469,151.19338989257812,233.5225372314453,2662.93994140625,7013.509765625,24.969999313354492,-0.03677344497335466,-0.026992962429639222,0.002945192990387202,0.0056632293923437604,0.0051615336554697855,0.0024873969616459046,0.0026129297463290957,0.004518760471846628,-0.024990288236790614
2018-02-14,9494.6298828125,923.5609741210938,1355.5,128.22999572753906,154.0242919921875,236.67417907714844,2698.6298828125,7143.6201171875,19.260000228881836,0.10424378247495736,0.0926379625188114,0.02063099534504098,0.017052616317100977,0.01872371604089773,0.013496092852826047,0.013402458257245842,0.01855138951972446,-0.22867437891433284
2018-02-15,10166.400390625,936.9760131835938,1352.0999755859375,128.3800048828125,156.88363647460938,239.69415283203125,2731.199951171875,7256.43017578125,19.1299991607666,0.07075267978887334,0.01452534206013456,-0.0025083175315843143,0.001169844500285011,0.01856424363610709,0.01276004744859982,0.012069112762299383,0.015791721388197733,-0.006749795772083567
2018-02-16,10233.900390625,944.2100219726562,1353.199951171875,127.95999908447266,156.18301391601562,239.76443481445312,2732.219970703125,7239.47021484375,19.459999084472656,0.006639518158486624,0.007720591228886686,0.0008135312519776949,-0.003271582663696204,-0.00446587403465204,0.00029321525615655375,0.0003734693722488025,-0.002337232017212143,0.017250388822956486
2018-02-17,11112.7001953125,974.114990234375,,,,,,,,0.0858714440383399,0.03167194539964835,,,,,,,
2018-02-18,10551.7998046875,923.9210205078125,,,,,,,,-0.050473816513253555,-0.05152776646470214,,,,,,,
2018-02-19,11225.2998046875,943.864990234375,,,,,,,,0.06382797366007709,0.02158622791762088,,,,,,,
2018-02-20,11403.7001953125,895.3709716796875,1328.800048828125,126.23999786376953,156.49542236328125,238.26315307617188,2716.260009765625,7234.31005859375,20.600000381469727,0.01589270609507487,-0.051378130406813494,,,,,,,
2018-02-21,10690.400390625,849.9710083007812,1330.0,125.66000366210938,156.0504150390625,237.07801818847656,2701.330078125,7218.22998046875,20.020000457763672,-0.06254985596523333,-0.05070519909053717,0.0009030336602811051,-0.004594377467322608,-0.0028435804542942256,-0.004974058608703258,-0.0054965031281792864,-0.0022227521345865586,-0.02815533558085659
2018-02-22,10005.0,812.844970703125,1330.5999755859375,126.30000305175781,156.03147888183594,237.38523864746094,2703.9599609375,7210.08984375,18.719999313354492,-0.06411363144322124,-0.043679181095690245,0.0004511094631109991,0.005093103382117992,-0.0001213464073249737,0.0012958622707066603,0.0009735510790762625,-0.0011277192249036228,-0.06493512061359841
2018-02-23,10301.099609375,864.1890258789062,1328.199951171875,126.13999938964844,159.22219848632812,241.1690673828125,2747.300048828125,7337.39013671875,16.489999771118164,0.02959516335582202,0.06316586437308924,-0.001803715961294583,-0.0012668539845070992,0.02044920440002085,0.01593961257620946,0.01602837635051313,0.017655853911321184,-0.11912391154018309
2018-02-24,9813.0703125,840.5150146484375,,,,,,,,-0.04737642731178393,-0.02739448259759092,,,,,,,
2018-02-25,9664.73046875,844.8099975585938,,,,,,,,-0.015116557715992629,0.0051099419228730625,,,,,,,
2018-02-26,10366.7001953125,869.3150024414062,1330.699951171875,126.44999694824219,161.33352661132812,243.9696044921875,2779.60009765625,7421.4599609375,15.800000190734863,0.07263210586495439,0.029006528040185664,,,,,,,
2018-02-27,10725.599609375,878.2650146484375,1315.5,125.12999725341797,159.3357696533203,240.9232177734375,2744.280029296875,7330.35009765625,18.59000015258789,0.03462041028492213,0.010295476532552472,-0.011422523280690933,-0.01043890649807222,-0.012382776227415238,-0.012486746966249851,-0.012706888443829278,-0.012276541780296912,0.17658227393497672
2018-02-28,10397.900390625,855.198974609375,1315.5,125.0,158.31326293945312,238.482666015625,2713.830078125,7273.009765625,19.850000381469727,-0.030552997565149287,-0.02626318896272517,0.0,-0.0010388975966705294,-0.006417308028774271,-0.010129998181028665,-0.011095788639207016,-0.007822318343237544,0.06777838722644836
2018-03-01,10951.0,872.2000122070312,1302.9000244140625,124.72000122070312,155.7285614013672,235.01498413085938,2677.669921875,7180.56005859375,22.469999313354492,0.05319339372337972,0.019879628136155958,-0.00957808862480991,-0.0022399902343750444,-0.016326500320282378,-0.01454060348578301,-0.013324399541987275,-0.01271134097305937,0.13198986808738677
2018-03-02,11086.400390625,856.85302734375,1321.0999755859375,125.38999938964844,157.15818786621094,236.22647094726562,2691.25,7257.8701171875,19.59000015258789,0.012364203326180156,-0.017595717322276716,0.013968801006093878,0.005372018620811936,0.009180245755684435,0.005154934358277741,0.005071602744632031,0.010766577810490618,-0.12817086109366038
2018-03-03,11489.7001953125,857.2249755859375,,,,,,,,0.036377885560451295,0.0004340863955869523,,,,,,,
2018-03-04,11512.599609375,866.677978515625,,,,,,,,0.0019930384320943073,0.01102744693506641,,,,,,,
2018-03-05,11573.2998046875,853.6840209960938,1318.0999755859375,125.18000030517578,158.9003143310547,238.95668029785156,2720.93994140625,7330.7099609375,18.729999542236328,0.005272501204946822,-0.014992832218705066,,,,,,,
2018-03-06,10779.900390625,816.9509887695312,1333.5999755859375,126.52999877929688,159.57247924804688,239.56253051757812,2728.1201171875,7372.009765625,18.360000610351562,-0.06855429544313296,-0.04302883891829412,0.01175935079818946,0.010784458146907872,0.00423010438853999,0.0025353977087871904,0.002638858606169414,0.005633806944698394,-0.01975434815416921
2018-03-07,9965.5703125,752.8309936523438,1326.0,125.72000122070312,159.9418182373047,239.4746551513672,2726.800048828125,7396.64990234375,17.760000228881836,-0.0755415215926486,-0.07848695454027577,-0.005698842025396944,-0.006401624645603676,0.0023145531798356433,-0.00036681598754650935,-0.00048387472056610203,0.003342390677999907,-0.03267975825291858
2018-03-08,9395.009765625,704.5960083007812,1319.9000244140625,125.41999816894531,160.82228088378906,240.6335906982422,2738.969970703125,7427.9501953125,16.540000915527344,-0.0572531755818666,-0.06407146591767099,-0.004600283247313319,-0.0023862794212923255,0.005504893318006632,0.004839491453249911,0.004463078207817217,0.004231685071214741,-0.06869365414593254
2018-03-09,9337.5498046875,728.916015625,1322.4000244140625,125.54000091552734,163.94667053222656,244.82107543945312,2786.570068359375,7560.81005859375,14.640000343322754,-0.006116008644050375,0.03451624340431536,0.0018940828500324525,0.0009568071147663115,0.019427591943526723,0.01740191271326741,0.01737883151892694,0.01788647739790883,-0.114873063303214
2018-03-10,8866.0,686.8900146484375,,,,,,,,-0.050500379066334866,-0.057655477552551515,,,,,,,
2018-03-11,9578.6298828125,723.3389892578125,,,,,,,,0.08037783474086391,0.05306377124732298,,,,,,,
2018-03-12,9205.1201171875,699.8309936523438,1319.4000244140625,125.54000091552734,164.8177490234375,244.5137939453125,2783.02001953125,7588.31982421875,15.779999732971191,-0.03899407015352063,-0.03249927897511695,,,,,,,
2018-03-13,9194.849609375,690.8270263671875,1325.9000244140625,125.77999877929688,162.57382202148438,242.93362426757812,2765.31005859375,7511.009765625,16.350000381469727,-0.001115738597840088,-0.012865916723930004,0.004926481642962388,0.0019117242474055995,-0.013614595607867597,-0.00646249707322355,-0.006363576551088879,-0.01018803376565769,0.03612171471128467
2018-03-14,8269.8095703125,614.291015625,1324.4000244140625,125.69999694824219,162.54541015625,241.68699645996094,2749.47998046875,7496.81005859375,17.229999542236328,-0.10060415105858134,-0.11078896427179907,-0.0011313070158988081,-0.0006360457292980959,-0.00017476285469020247,-0.005131557277736509,-0.005724521948562322,-0.0018905190479496792,0.05382257738439855
2018-03-15,8300.8603515625,611.3040161132812,1316.800048828125,124.9000015258789,162.4034423828125,241.42359924316406,2747.330078125,7481.740234375,16.59000015258789,0.0037547153880626016,-0.004862515380726684,-0.0057384290590751785,-0.006364323323672649,-0.0008734037663753469,-0.0010898278378850268,-0.000781930531963182,-0.002010164870253739,-0.03714448094322875
2018-03-16,8338.349609375,601.666015625,1311.300048828125,124.5999984741211,161.9205780029297,241.68539428710938,2752.010009765625,7481.990234375,15.800000190734863,0.0045163099033997955,-0.015766296694008974,-0.004176792068693147,-0.0024019459414951205,-0.0029732398082094047,0.0010843805028424303,0.001703447167811456,3.341468591111507e-05,-0.0476190448816719
2018-03-17,7916.8798828125,552.7789916992188,,,,,,,,-0.05054594090041897,-0.08125275926545106,,,,,,,
2018-03-18,8223.6796875,538.6439819335938,,,,,,,,0.038752615832098325,-0.025570815783310774,,,,,,,
2018-03-19,8630.650390625,556.7260131835938,1316.800048828125,124.87000274658203,158.46583557128906,238.41531372070312,2712.919921875,7344.240234375,19.020000457763672,0.04948766471821564,0.033569541026134075,,,,,,,
2018-03-20,8913.4697265625,557.1749877929688,1311.0999755859375,124.30999755859375,158.98739624023438,238.82083129882812,2716.93994140625,7364.2998046875,18.200000762939453,0.03276917997335538,0.0008064552378423961,-0.004328731037988809,-0.004484705499084418,0.003291313026968945,0.001700887295352338,0.0014818054520648882,0.0027313336263987686,-0.04311249606145551
2018-03-21,8929.2802734375,561.7319946289062,1320.699951171875,126.4800033569336,158.29510498046875,238.36245727539062,2711.929931640625,7345.2900390625,17.860000610351562,0.0017737814072429359,0.008178771365865423,0.007322077465257593,0.01745640608927701,-0.0043543782471885395,-0.001919321781708172,-0.0018439898833508828,-0.0025813405387026256,-0.018681326282152133
2018-03-22,8728.4697265625,539.7020263671875,1326.5999755859375,125.9800033569336,154.38796997070312,232.40403747558594,2643.68994140625,7166.68017578125,23.34000015258789,-0.022488995834565095,-0.03921793394779349,0.00446734658302006,-0.003953194075975608,-0.024682601589276598,-0.02499730816636392,-0.025162888405856454,-0.024316243787705694,0.30683087093850103
2018-03-23,8879.6201171875,539.6190185546875,1349.300048828125,127.61000061035156,150.3196563720703,227.45046997070312,2588.260009765625,6992.669921875,24.8700008392334,0.017316940467241304,-0.00015380304027901026,0.017111468159164644,0.012938539529958382,-0.02635123448675969,-0.02131446406305737,-0.02096688071186603,-0.024280454776577365,0.06555272821949254
2018-03-24,8668.1201171875,526.4390258789062,,,,,,,,-0.023818586517076135,-0.024424625935317246,,,,,,,
2018-03-25,8495.7802734375,524.2869873046875,,,,,,,,-0.019882032253830673,-0.004087916108852063,,,,,,,
2018-03-26,8209.400390625,489.95098876953125,1354.4000244140625,128.27999877929688,155.90530395507812,233.6732940673828,2658.550048828125,7220.5400390625,21.030000686645508,-0.033708485106174635,-0.06549084636197922,,,,,,,
2018-03-27,7833.0400390625,450.1159973144531,1341.300048828125,127.48999786376953,150.8601837158203,229.69805908203125,2612.6201171875,7008.81005859375,22.5,-0.04584504758621555,-0.08130403319548385,-0.00967216136281801,-0.0061584106879087885,-0.032360157809072976,-0.01701193540843937,-0.017276308813847896,-0.029323288746175402,0.06990010772029942
2018-03-28,7954.47998046875,446.27899169921875,1324.199951171875,125.7300033569336,149.12477111816406,229.01943969726562,2605.0,6949.22998046875,22.8700008392334,0.015503551724572073,-0.008524481773869996,-0.012748898109106954,-0.01380496145836152,-0.011503450114612734,-0.0029543975577228654,-0.00291665716625622,-0.008500740871404622,0.016444481743706607
2018-03-29,7165.7001953125,385.9679870605469,1322.800048828125,125.79000091552734,151.85594177246094,231.94570922851562,2640.8701171875,7063.4501953125,19.969999313354492,-0.09916170347942321,-0.1351419308559343,-0.001057168400067643,0.0004771936450476133,0.018314667870522605,0.012777384902863176,0.013769718690019195,0.016436384342549237,-0.12680373500047992
2018-03-30,6890.52001953125,394.6449890136719,,,,,,,,-0.03840241264367461,0.022481144146713428,,,,,,,
2018-03-31,6973.52978515625,396.4570007324219,,,,,,,,0.012046952245941878,0.004591498103849512,,,,,,,
2018-04-01,6844.22998046875,379.60699462890625,,,,,,,,-0.01854151465198095,-0.04250147196893139,,,,,,,
2018-04-02,7083.7998046875,386.42498779296875,1342.0999755859375,127.26000213623047,147.47467041015625,226.93927001953125,2581.8798828125,6870.1201171875,23.6200008392334,0.03500318149775872,0.017960662634068703,,,,,,,
2018-04-03,7456.10986328125,416.89300537109375,1332.800048828125,126.30000305175781,149.13421630859375,229.84791564941406,2614.449951171875,6941.27978515625,21.100000381469727,0.052557958843978625,0.07884587834793066,-0.006929384492203927,-0.007543604183229413,0.011253091082163325,0.012816845800343257,0.012614865848792123,0.010357849172203615,-0.10668926199096018
2018-04-04,6853.83984375,380.5429992675781,1335.800048828125,126.44999694824219,151.48609924316406,232.30711364746094,2644.68994140625,7042.10986328125,20.059999465942383,-0.08077536819799569,-0.08719265047673075,0.002250900277680712,0.0011876001018218396,0.015770243695810926,0.010699239934800486,0.01156648273982852,0.014526150975879393,-0.04928914202488288
2018-04-05,6811.47021484375,383.23199462890625,1324.300048828125,125.80000305175781,152.34910583496094,234.14047241210938,2662.840087890625,7076.5498046875,18.940000534057617,-0.006181881962836755,0.007066206359080507,-0.00860907289986157,-0.005140323544257752,0.005696935864798913,0.007891961360385391,0.0068628636575538415,0.0048905714444793524,-0.05583245073292675
2018-04-06,6636.31982421875,370.2850036621094,1331.9000244140625,126.38999938964844,148.53677368164062,228.92245483398438,2604.469970703125,6915.10986328125,21.489999771118164,-0.025714036045156208,-0.03378369016223137,0.0057388622711769255,0.004689954877408642,-0.025023659524790354,-0.022285842017696122,-0.021920248779842444,-0.022813368924403332,0.1346356475795858
2018-04-07,6911.08984375,385.3139953613281,,,,,,,,0.041403974915207975,0.040587632635895154,,,,,,,
2018-04-08,7023.52001953125,400.50799560546875,,,,,,,,0.016268081926749334,0.0394327754170789,,,,,,,
2018-04-09,6770.72998046875,398.5260009765625,1336.300048828125,126.81999969482422,149.5799102783203,230.05068969726562,2613.159912109375,6950.33984375,21.770000457763672,-0.03599192973886778,-0.004948701775378983,,,,,,,
2018-04-10,6834.759765625,414.2430114746094,1342.0,127.12000274658203,152.88014221191406,233.70855712890625,2656.8701171875,7094.2998046875,20.469999313354492,0.009456851084145068,0.03943785464319349,0.00426547254628451,0.0023655815524343815,0.02206333676396155,0.015900267182220595,0.0167269537832615,0.020712650629156615,-0.05971525572226477
2018-04-11,6968.31982421875,430.5400085449219,1356.5,128.11000061035156,151.99818420410156,232.48341369628906,2642.18994140625,7069.02978515625,20.239999771118164,0.019541295257440083,0.03934163430373627,0.0108047690014903,0.007787899955785216,-0.005768950728669342,-0.0052421847435455415,-0.005525364482924067,-0.003562017426237518,-0.011235933070416815
2018-04-12,7889.25,492.9410095214844,1338.4000244140625,126.62000274658203,153.8284454345703,234.39610290527344,2663.989990234375,7140.25,18.489999771118164,0.13215957347142848,0.1449365906491631,-0.013343144552847352,-0.011630613197024187,0.012041336151825899,0.008227207173940876,0.008250750063987677,0.010074963185655372,-0.08646245157063659
2018-04-13,7895.9599609375,492.7349853515625,1344.800048828125,127.44999694824219,153.0318603515625,233.70855712890625,2656.300048828125,7106.64990234375,17.40999984741211,0.0008505194964667506,-0.0004179489349483978,0.004781847203614964,0.006555000660688037,-0.005178399097497399,-0.0029332645374443578,-0.0028866254882486952,-0.004705731263786261,-0.05840994792185128
2018-04-14,7986.240234375,501.4779968261719,,,,,,,,0.011433729892771805,0.01774384148584729,,,,,,,
2018-04-15,8329.1103515625,531.7020263671875,,,,,,,,0.04293260747550409,0.060269901635369605,,,,,,,
2018-04-16,8058.669921875,511.1470031738281,1347.5,127.62999725341797,154.19827270507812,235.63003540039062,2677.840087890625,7156.27978515625,16.559999465942383,-0.03246930563679795,-0.038658914531133126,,,,,,,
2018-04-17,7902.08984375,502.8940124511719,1347.199951171875,127.75,157.51747131347656,238.15090942382812,2706.389892578125,7281.10009765625,15.25,-0.01943001508226172,-0.016146021929917542,-0.00022267074443416135,0.0009402393572395251,0.021525523925594037,0.010698440965532852,0.010661504701720004,0.01744206714205143,-0.07910625049454578
2018-04-18,8163.419921875,524.7890014648438,1351.199951171875,127.8499984741211,157.83985900878906,238.3271942138672,2708.639892578125,7295.240234375,15.600000381469727,0.03307100821331388,0.04353797911999946,0.002969121247755835,0.0007827669207129961,0.0020466789659854268,0.0007402230395237019,0.0008313658006817715,0.0019420330072514869,0.022950844686539407
2018-04-19,8294.3095703125,567.8889770507812,1346.800048828125,127.5999984741211,156.3889923095703,237.005126953125,2693.1298828125,7238.06005859375,15.960000038146973,0.016033678248838168,0.08212819907740543,-0.0032562925568003775,-0.001955416527053,-0.009192017202308556,-0.005547278249563914,-0.005726124690152989,-0.007838011353185959,0.02307690050475042
2018-04-20,8845.830078125,615.718017578125,1336.699951171875,126.62999725341797,153.91378784179688,234.99542236328125,2670.139892578125,7146.1298828125,16.8799991607666,0.06649384172813311,0.08422251964765093,-0.007499329737208016,-0.007601890535287481,-0.01582722946941051,-0.008479582765486882,-0.00853653230061302,-0.012700941279438771,0.057644055164203234
2018-04-21,8895.580078125,605.39501953125,,,,,,,,0.0056241188854653235,-0.01676578848135657,,,,,,,
2018-04-22,8802.4599609375,621.8599853515625,,,,,,,,-0.010468133204319163,0.027197061900279706,,,,,,,
2018-04-23,8930.8798828125,642.5479736328125,1322.5,125.62000274658203,153.5249786376953,234.960205078125,2670.2900390625,7128.60009765625,16.34000015258789,0.014589094689994253,0.03326792006009871,,,,,,,
2018-04-24,9697.5,708.1580200195312,1331.4000244140625,126.2300033569336,150.27223205566406,231.79588317871094,2634.56005859375,7007.35009765625,18.020000457763672,0.08583925965266448,0.10210917951507215,0.006729697099480125,0.004855919415812648,-0.021187083762489456,-0.013467480156318046,-0.01338056164164636,-0.017008949630919035,0.1028151951950691
2018-04-25,8845.740234375,615.416015625,1321.199951171875,125.41000366210938,150.45237731933594,232.3688507080078,2639.39990234375,7003.740234375,17.84000015258789,-0.0878329224671307,-0.13096230187716207,-0.007661163478404176,-0.006496075996334616,0.001198792759031786,0.0024718624051451865,0.001837059563023713,-0.0005151538357498486,-0.009988917902509331
2018-04-26,9281.509765625,662.8090209960938,1316.300048828125,124.97000122070312,153.6197967529297,234.7310333251953,2666.93994140625,7118.68017578125,16.239999771118164,0.049263206888732425,0.07700970427778464,-0.0037086758438069634,-0.0035085115107064135,0.021052637984382727,0.010165659510688041,0.010434204774367295,0.016411222798086378,-0.08968611927044345
2018-04-27,8987.0498046875,647.031982421875,1320.300048828125,125.5,153.7146759033203,234.95140075683594,2669.909912109375,7119.7998046875,15.40999984741211,-0.031725437819185576,-0.023803294877472347,0.003038820824751154,0.004241008034887361,0.0006176231995882464,0.0009388082543619891,0.0011136248915897262,0.00015728040572171587,-0.05110837040663996
2018-04-28,9348.48046875,683.677978515625,,,,,,,,0.040216831097785066,0.056637070638428266,,,,,,,
2018-04-29,9419.080078125,688.8809814453125,,,,,,,,0.0075519876851644074,0.007610312300805777,,,,,,,
2018-04-30,9240.5498046875,669.9240112304688,1316.199951171875,124.58999633789062,152.6240997314453,233.14450073242188,2648.050048828125,7066.27001953125,15.930000305175781,-0.01895410931393615,-0.027518498442315686,,,,,,,
2018-05-01,9119.009765625,673.6129760742188,1303.800048828125,123.70999908447266,154.36898803710938,233.5587158203125,2654.800048828125,7130.7001953125,15.489999771118164,-0.013152901248456694,0.0055065422076368,-0.009420986782980645,-0.007063145351023148,0.011432587047093712,0.0017766453276375493,0.0025490454770622506,0.009117989491367329,-0.027620874176295995
2018-05-02,9235.919921875,687.1489868164062,1302.5999755859375,123.6500015258789,153.45858764648438,231.9898681640625,2635.669921875,7100.89990234375,15.970000267028809,0.012820488107240013,0.020094640725412782,-0.0009204427038226326,-0.0004849855228984401,-0.005897560139515479,-0.006717144555020482,-0.007205863568357729,-0.004179153821154857,0.030987766494718016
2018-05-03,9743.8603515625,779.5430297851562,1310.699951171875,124.27999877929688,153.43966674804688,231.47857666015625,2629.72998046875,7088.14990234375,15.899999618530273,0.05499619247287524,0.13445998574023377,0.006218313939622133,0.005095004008440096,-0.00012329644582087518,-0.002203938939025818,-0.0022536742393085563,-0.0017955470680260932,-0.004383259068758805
2018-05-04,9700.759765625,785.6240234375,1312.699951171875,124.54000091552734,156.3510284423828,234.4754180908203,2663.419921875,7209.6201171875,14.770000457763672,-0.004423358338729533,0.007800715829656912,0.001525902246514832,0.002092067418605348,0.018973983429698693,0.012946517444091032,0.012811178963797909,0.017137083232901862,-0.07106913131303927
2018-05-05,9858.150390625,816.1199951171875,,,,,,,,0.016224566817716557,0.03881751419241519,,,,,,,
2018-05-06,9654.7998046875,792.3109741210938,,,,,,,,-0.020627661161558675,-0.02917343177295273,,,,,,,
2018-05-07,9373.009765625,753.7249755859375,1312.199951171875,124.56999969482422,157.65020751953125,235.2687225341797,2672.6298828125,7265.2099609375,14.75,-0.02918652325920712,-0.04870057312781695,,,,,,,
2018-05-08,9234.8203125,752.8569946289062,1312.0,124.58999633789062,157.48902893066406,235.2687225341797,2671.919921875,7266.89990234375,14.710000038146973,-0.014743338221176572,-0.001151588424354033,-0.00015237858505967594,0.00016052535213439967,-0.0010223810764551367,0.0,-0.0002656413228280252,0.00023260737340513593,-0.0027118618205442813
2018-05-09,9325.1796875,752.2750244140625,1311.300048828125,124.33000183105469,159.2054901123047,237.54270935058594,2697.7900390625,7339.91015625,13.420000076293945,0.009784638135047707,-0.0007730156178340497,-0.0005334993688071998,-0.0020868008225221057,0.010898925425442352,0.009665487158310615,0.009682220255068819,0.010046960173856645,-0.08769544245463712
2018-05-10,9043.9404296875,727.2769775390625,1320.800048828125,125.18000030517578,160.85556030273438,239.76388549804688,2723.070068359375,7404.97021484375,13.229999542236328,-0.030159124782280555,-0.033229930628722704,0.007244718711396203,0.0068366320405601755,0.010364405079659633,0.00935063910626166,0.009370643723504823,0.008863876697230433,-0.014158012889526561
2018-05-11,8441.490234375,679.5859985351562,1319.0,125.0,160.70388793945312,240.4954833984375,2727.719970703125,7402.8798828125,12.649999618530273,-0.06661368459868511,-0.06557471290412842,-0.001362847336144557,-0.0014379318160805399,-0.0009429102916665988,0.003051326511792629,0.0017075955546570487,-0.00028228770279992155,-0.04383975387560857
2018-05-12,8504.8896484375,686.0479736328125,,,,,,,,0.007510452811321011,0.009508693692314107,,,,,,,
2018-05-13,8723.9404296875,733.4959716796875,,,,,,,,0.025755864015265972,0.06916134129166629,,,,,,,
2018-05-14,8716.7900390625,730.5490112304688,1316.5,124.48999786376953,160.97882080078125,240.61009216308594,2730.1298828125,7411.31982421875,12.930000305175781,-0.0008196285477451992,-0.004017691388911504,,,,,,,
2018-05-15,8510.3798828125,708.8709716796875,1288.9000244140625,122.4800033569336,159.19601440429688,238.9530029296875,2711.449951171875,7351.6298828125,14.630000114440918,-0.023679606291423294,-0.029673627939443503,-0.020964660528627,-0.01614583132241265,-0.011074788519482848,-0.0068870312899230735,-0.006842140279927467,-0.008053888217209981,0.13147716698696743
2018-05-16,8368.830078125,707.0499877929688,1290.199951171875,122.29000091552734,160.24867248535156,239.9578094482422,2722.4599609375,7398.2998046875,13.420000076293945,-0.016632607079429262,-0.002568850974957959,0.0010085551502752033,-0.0015512935679184991,0.006612339416873558,0.004205038255369109,0.004060561678767671,0.006348241494598339,-0.08270676887778083
2018-05-17,8094.31982421875,672.656982421875,1288.199951171875,122.36000061035156,159.6322784423828,239.75514221191406,2720.1298828125,7382.47021484375,13.430000305175781,-0.03280150885412081,-0.04864296155134695,-0.0015501473226560147,0.0005724073456552237,-0.003846484550597995,-0.000844595292789796,-0.0008558723207806596,-0.0021396253546958066,0.0007451735339034649
2018-05-18,8250.9697265625,694.3670043945312,1290.199951171875,122.41000366210938,158.8071746826172,239.15576171875,2712.969970703125,7354.33984375,13.420000076293945,0.019353065575076878,0.032275026558841624,0.0015525540100980173,0.0004086552101045804,-0.005168777692184823,-0.0024999692921467975,-0.00263219493841671,-0.0038104279834666466,-0.0007446186637822816
2018-05-19,8247.1796875,696.530029296875,,,,,,,,-0.0004593446816679725,0.0031151032359750808,,,,,,,
2018-05-20,8513.25,715.3690185546875,,,,,,,,0.03226197592169289,0.027046916091801432,,,,,,,
2018-05-21,8418.990234375,699.2219848632812,1290.199951171875,122.4800033569336,159.69859313964844,240.95379638671875,2733.010009765625,7394.0400390625,13.079999923706055,-0.011072124702669384,-0.022571614471128876,,,,,,,
2018-05-22,8041.77978515625,647.7410278320312,1291.699951171875,122.41000366210938,159.49002075195312,240.2839813232422,2724.43994140625,7378.4599609375,13.220000267028809,-0.04480471395234409,-0.07362605602470584,0.0011626104919919555,-0.0005715193738216051,-0.0013060377276644664,-0.002779848558192244,-0.0031357617896576873,-0.002107113031940666,0.010703390224721554
2018-05-23,7557.81982421875,583.5850219726562,1289.300048828125,122.54000091552734,160.836669921875,240.94497680664062,2733.2900390625,7425.9599609375,12.579999923706055,-0.060180703011888936,-0.09904576536413501,-0.001857941034659527,0.001061982268841355,0.008443469776809653,0.002750892838375485,0.0032484098921563564,0.006437657756696025,-0.04841152272280502
2018-05-24,7587.33984375,601.7550048828125,1303.699951171875,123.58999633789062,160.78919982910156,240.45147705078125,2727.760009765625,7424.43017578125,12.529999732971191,0.0039058908809461723,0.03113510838358624,0.01116877514806447,0.00856859323093273,-0.0002951447129345697,-0.0020481844543926986,-0.002023213496498033,-0.00020600503696455164,-0.003974577983950622
2018-05-25,7480.14013671875,586.7340087890625,1303.300048828125,123.20999908447266,160.95042419433594,239.87850952148438,2721.330078125,7433.85009765625,13.220000267028809,-0.014128760440268784,-0.02496197949641521,-0.00030674415795639565,-0.003074660285441455,0.0010027064342985614,-0.002382882136240161,-0.0023572204364039617,0.0012687737175747227,0.0550678809866183
2018-05-26,7355.8798828125,587.280029296875,,,,,,,,-0.016612022186092146,0.0009306099520962618,,,,,,,
2018-05-27,7368.22021484375,572.6680297851562,,,,,,,,0.0016776146739541087,-0.024880804357017006,,,,,,,
2018-05-28,7135.990234375,516.0360107421875,,,,,,,,-0.03151778498705937,-0.09889153243671556,,,,,,,
2018-05-29,7472.58984375,565.3880004882812,1298.699951171875,123.19000244140625,160.23915100097656,237.11965942382812,2689.860107421875,7396.58984375,17.020000457763672,0.047169292322396306,0.0956367166607488,,,,,,,
2018-05-30,7406.52001953125,559.5900268554688,1301.5,123.37000274658203,161.38662719726562,240.2839813232422,2724.010009765625,7462.4501953125,14.9399995803833,-0.008841623265862797,-0.010254857952070484,0.0021560398347582055,0.001461160009810003,0.007161022690903129,0.013344831496059806,0.012695791223314323,0.00890415082541729,-0.12220921395049544
2018-05-31,7494.169921875,577.64501953125,1300.0999755859375,123.0999984741211,161.2823486328125,238.81202697753906,2705.27001953125,7442.1201171875,15.430000305175781,0.011834154516914053,0.032264679156700726,-0.0010757006638973943,-0.00218857312515075,-0.0006461412959926083,-0.006125894608525639,-0.006879559974886984,-0.002724316758290768,0.03279790753380385
2018-06-01,7541.4501953125,580.0430297851562,1294.800048828125,122.48999786376953,163.81442260742188,241.15655517578125,2734.6201171875,7554.330078125,13.460000038146973,0.006308940673935393,0.004151356235793768,-0.004076553232318814,-0.004955325896935703,0.01569963480860559,0.00981746283013929,0.010849230370481022,0.015077687429198017,-0.12767337835813253
2018-06-02,7643.4501953125,591.8079833984375,,,,,,,,0.013525250098900043,0.02028289800782357,,,,,,,
2018-06-03,7720.25,618.3289794921875,,,,,,,,0.010047792910929054,0.04481351525786126,,,,,,,
2018-06-04,7514.47021484375,592.9849853515625,1293.0999755859375,122.37000274658203,165.29379272460938,242.3024139404297,2746.8701171875,7606.4599609375,12.739999771118164,-0.026654549419546036,-0.040987880208104066,,,,,,,
2018-06-05,7633.759765625,609.302978515625,1297.5,122.8499984741211,165.8058624267578,242.47869873046875,2748.800048828125,7637.85986328125,12.399999618530273,0.015874645500039364,0.027518391809512766,0.0034026946849710082,0.003922495029546447,0.0030979366720780277,0.0007275403788689072,0.0007025929724704394,0.004128057270399443,-0.026687610572700193
2018-06-06,7653.97998046875,607.1240234375,1297.0999755859375,122.91999816894531,166.77316284179688,244.50601196289062,2772.35009765625,7689.240234375,11.640000343322754,0.002648788469189478,-0.0035761438150743174,-0.00030830398000958326,0.0005697980927446,0.00583393373962493,0.008360788980789513,0.008567392465728796,0.006727063865201277,-0.061290266015153305
2018-06-07,7678.240234375,605.18701171875,1298.699951171875,122.86000061035156,165.4170684814453,244.4794921875,2770.3701171875,7635.06982421875,12.130000114440918,0.0031696259943396754,-0.0031904712117678535,0.0012335021324896278,-0.00048810250152531154,-0.008131370403030469,-0.00010846267205344429,-0.0007141884679080501,-0.007044962636760799,0.04209619902625272
2018-06-08,7624.919921875,601.0770263671875,1298.0999755859375,123.01000213623047,165.42652893066406,245.202392578125,2779.030029296875,7645.509765625,12.180000305175781,-0.006944340222814094,-0.006791264967650257,-0.000461981680523027,0.0012209142530825723,5.719149363248022e-05,0.002956895828589934,0.0031259043893263616,0.0013673668540834516,0.004122027226969083
2018-06-09,7531.97998046875,597.56201171875,,,,,,,,-0.012188972783781837,-0.005847860580667441,,,,,,,
2018-06-10,6786.02001953125,526.47900390625,,,,,,,,-0.09903902597615177,-0.11895503130804119,,,,,,,
2018-06-11,6906.919921875,533.2839965820312,1298.9000244140625,123.2300033569336,165.8722381591797,245.52841186523438,2782.0,7659.93017578125,12.350000381469727,0.017816025003725366,0.012925477797388174,,,,,,,
2018-06-12,6582.35986328125,496.8429870605469,1295.0999755859375,122.81999969482422,166.7447052001953,245.84571838378906,2786.85009765625,7703.7900390625,12.34000015258789,-0.04699056341537011,-0.06833321411301518,-0.0029255899273996633,-0.0033271415316106223,0.005259873808288296,0.001292341347154835,0.0017433852107295866,0.0057258829094712915,-0.0008097351071211234
2018-06-13,6349.89990234375,477.4939880371094,1296.9000244140625,123.19000244140625,166.73524475097656,245.06129455566406,2775.6298828125,7695.7001953125,12.9399995803833,-0.03531559589050193,-0.03894389078109206,0.0013898917937285038,0.003012561044629436,-5.6736129686374426e-05,-0.0031907158411457193,-0.004026127868587581,-0.0010501121797167334,0.04862231931736094
2018-06-14,6675.35009765625,519.7420043945312,1304.0,123.37999725341797,168.42327880859375,245.6782684326172,2782.489990234375,7761.0400390625,12.119999885559082,0.05125280718084646,0.08847863515747245,0.005474574332855919,0.0015422908372948463,0.01012403862265776,0.002517630856687436,0.002471549778432225,0.008490435190003698,-0.06336937568895418
2018-06-15,6456.580078125,491.0039978027344,1274.5999755859375,121.33999633789062,167.8352508544922,245.3648223876953,2779.659912109375,7746.3798828125,11.979999542236328,-0.03277281585696323,-0.05529283057519074,-0.022546030992379174,-0.01653429211330959,-0.0034913698288099315,-0.0012758395234613307,-0.001017102715529128,-0.0018889422263270728,-0.011551183551541389
2018-06-16,6550.16015625,499.6419982910156,,,,,,,,0.014493753193281167,0.017592525777665236,,,,,,,
2018-06-17,6499.27001953125,500.447998046875,,,,,,,,-0.007769296552266991,0.001613154535880179,,,,,,,
2018-06-18,6734.81982421875,518.8909912109375,1276.199951171875,121.11000061035156,167.73834228515625,244.86012268066406,2773.75,7747.02978515625,12.3100004196167,0.036242501693211526,0.036852966214353744,,,,,,,
2018-06-19,6769.93994140625,537.9569702148438,1275.5999755859375,120.80000305175781,167.26312255859375,243.92164611816406,2762.590087890625,7725.58984375,13.350000381469727,0.005214707758210091,0.03674370788248216,-0.0004701266328889231,-0.0025596363391253707,-0.0028331013654268045,-0.0038327047794708413,-0.004023402292699374,-0.0027675047083631776,0.0844841532414351
2018-06-20,6776.5498046875,536.2680053710938,1271.199951171875,120.26000213623047,168.45111083984375,244.33778381347656,2767.320068359375,7781.509765625,12.789999961853027,0.0009763547887364776,-0.003139590965938188,-0.00344937637055176,-0.004470206141435118,0.007102511677873569,0.0017060302024647367,0.0017121542893689945,0.0072382721586286,-0.041947595776401614
2018-06-21,6729.740234375,527.3670043945312,1267.199951171875,120.05000305175781,166.98757934570312,242.8060760498047,2749.760009765625,7712.9501953125,14.640000343322754,-0.006907581536569007,-0.01659804591624492,-0.0031466332234457717,-0.001746208886931222,-0.0086881676638636,-0.006268812542071456,-0.006345510515579966,-0.008810574345786137,0.14464428357994286
2018-06-22,6083.68994140625,465.8169860839844,1267.4000244140625,120.33999633789062,166.61691284179688,243.248779296875,2754.8798828125,7692.81982421875,13.770000457763672,-0.09599929127557916,-0.11671192508756267,0.00015788608735545218,0.0024156041546103957,-0.0022197249960662635,0.0018232791134085158,0.0018619345065358228,-0.0026099443901483887,-0.05942622029758937
2018-06-23,6162.47998046875,474.5199890136719,,,,,,,,0.012951028047344604,0.018683309517868008,,,,,,,
2018-06-24,6173.22998046875,457.6719970703125,,,,,,,,0.0017444275736506754,-0.035505336621075356,,,,,,,
2018-06-25,6249.18017578125,460.30999755859375,1265.5999755859375,119.88999938964844,162.86294555664062,239.9374542236328,2717.070068359375,7532.009765625,17.329999923706055,0.012303153382069887,0.0057639543279199845,,,,,,,
2018-06-26,6093.669921875,432.7720031738281,1256.5999755859375,119.26000213623047,163.52830505371094,240.4686279296875,2723.06005859375,7561.6298828125,15.920000076293945,-0.02488490482462502,-0.05982488872894898,-0.007111251717457745,-0.0052547940330739396,0.00408539520635709,0.002213800708077862,0.0022045770199778936,0.003932564894257196,-0.08136179189956849
2018-06-27,6157.1298828125,442.364990234375,1252.800048828125,118.58000183105469,161.30442810058594,238.4766082763672,2699.6298828125,7445.080078125,17.90999984741211,0.010414079159373646,0.022166376267860777,-0.003023974877956359,-0.005701830395735019,-0.013599339590748882,-0.008283906597174817,-0.008604355128821406,-0.015413317828794626,0.1249999850239587
2018-06-28,5903.43994140625,422.364990234375,1247.800048828125,118.22000122070312,162.6919403076172,239.8400421142578,2716.31005859375,7503.68017578125,16.850000381469727,-0.041202629509963784,-0.045211534460273484,-0.0039910598699904876,-0.00303593021413906,0.00860182341780491,0.005717264463567684,0.00617868985946779,0.007870982855970654,-0.05918478363893154
2018-06-29,6218.2998046875,436.0090026855469,1251.300048828125,118.6500015258789,163.12908935546875,240.18540954589844,2718.3701171875,7510.2998046875,16.09000015258789,0.053334982045442514,0.03230384327924685,0.0028049365788109792,0.003637288959023266,0.002686974210431181,0.00143999070628964,0.0007584033300001014,0.0008821843083899328,-0.045103870129143964
2018-06-30,6404.0,455.17999267578125,,,,,,,,0.029863499854496434,0.04396925263504392,,,,,,,
2018-07-01,6385.81982421875,453.9179992675781,,,,,,,,-0.00283887816696593,-0.002772515111625351,,,,,,,
2018-07-02,6614.18017578125,475.34698486328125,1239.800048828125,117.45999908447266,164.22203063964844,240.6988525390625,2726.7099609375,7567.68994140625,15.600000381469727,0.03576053785551925,0.04720893560132011,,,,,,,
2018-07-03,6529.58984375,464.19500732421875,1251.5999755859375,118.6500015258789,162.3212890625,239.8489532470703,2713.219970703125,7502.669921875,16.139999389648438,-0.012789239147277698,-0.023460709532574398,0.009517604688728643,0.01013112932642235,-0.011574217964209876,-0.003530965283078169,-0.00494735062681062,-0.00859179221594375,0.03461532019064184
2018-07-04,6597.5498046875,467.3179931640625,,,,,,,,0.010407998444580624,0.006727745431485133,,,,,,,
2018-07-05,6639.14013671875,474.4119873046875,1257.300048828125,119.05000305175781,164.33604431152344,241.8056182861328,2736.610107421875,7586.43017578125,14.970000267028809,0.006303905732049309,0.015180228975550047,,,,,,,
2018-07-06,6673.5,474.0119934082031,1254.300048828125,118.86000061035156,166.8925323486328,243.85089111328125,2759.820068359375,7688.39013671875,13.369999885559082,0.005175348399594437,-0.0008431361499883216,-0.0023860652855268727,-0.0015959885471287238,0.015556465703063793,0.008458334598033357,0.008481281595267509,0.013439781105874404,-0.10688045109749944
2018-07-07,6856.93017578125,491.6600036621094,,,,,,,,0.02748635285551071,0.037231147100340145,,,,,,,
2018-07-08,6773.8798828125,489.1189880371094,,,,,,,,-0.012111876720297454,-0.005168237412181864,,,,,,,
2018-07-09,6741.75,476.6820068359375,1258.0999755859375,119.1500015258789,168.3940887451172,246.04660034179688,2784.169921875,7756.2001953125,12.6899995803833,-0.004743202325453666,-0.025427312178337047,,,,,,,
2018-07-10,6329.9501953125,434.42401123046875,1253.800048828125,118.93000030517578,168.5176544189453,246.931884765625,2793.840087890625,7759.2001953125,12.640000343322754,-0.06108203429191239,-0.08865028467502645,-0.003417794166802879,-0.001846422307055895,0.000733788666508195,0.0035980355859350777,0.003473267180873929,0.00038678733457819803,-0.00394005033206124
2018-07-11,6394.7099609375,446.51800537109375,1242.800048828125,117.63999938964844,167.66233825683594,245.1257781982422,2774.02001953125,7716.60986328125,13.630000114440918,0.010230691178732654,0.027839147533235575,-0.008773328737928576,-0.010846724226159843,-0.005075528525830375,-0.0073141893728996266,-0.007094202866256172,-0.005489010588614507,0.07832276457501397
2018-07-12,6228.81005859375,430.0740051269531,1245.0,118.12999725341797,170.5514373779297,247.3480682373047,2798.2900390625,7823.919921875,12.579999923706055,-0.025943303661489003,-0.03682718288252296,0.0017701569725150357,0.004165231777556899,0.01723165232652324,0.009065917323739292,0.008749042674663476,0.013906373458683507,-0.07703596345699171
2018-07-13,6238.0498046875,434.0270080566406,1239.5999755859375,117.61000061035156,170.6939697265625,247.54287719726562,2801.31005859375,7825.97998046875,12.180000305175781,0.0014833886419449716,0.009191448175345007,-0.004337369007279102,-0.004401901762097649,0.0008357147311339741,0.0007875903836613851,0.0010792374947172778,0.0002633026173990416,-0.03179647225406612
2018-07-14,6276.1201171875,436.08599853515625,,,,,,,,0.006102918971790272,0.004743922475550111,,,,,,,
2018-07-15,6359.64013671875,449.8500061035156,,,,,,,,0.013307587804530119,0.03156259915382198,,,,,,,
2018-07-16,6741.75,480.6579895019531,1238.0999755859375,117.55000305175781,170.28529357910156,247.32151794433594,2798.429931640625,7805.72021484375,12.829999923706055,0.06008356684760452,0.06848501273855323,,,,,,,
2018-07-17,7321.0400390625,501.00201416015625,1225.699951171875,116.27999877929688,171.32118225097656,248.32196044921875,2809.550048828125,7855.1201171875,12.0600004196167,0.08592576690955611,0.042325364609632654,-0.01001536601129005,-0.01080394929383155,0.0060832538741451,0.004045109027302596,0.00397369863071062,0.006328679607271681,-0.06001555016899285
2018-07-18,7370.77978515625,480.51300048828125,1226.300048828125,116.30999755859375,170.99806213378906,248.8444366455078,2815.6201171875,7854.43994140625,12.100000381469727,0.006794081964906162,-0.040896070460357925,0.0004895958881911966,0.00025798744076199753,-0.0018860488407915765,0.002104027349590476,0.0021605126279586884,-8.659011843270559e-05,0.0033167463069041503
2018-07-19,7466.85986328125,469.6189880371094,1222.4000244140625,115.80999755859375,170.1427459716797,247.90582275390625,2804.489990234375,7825.2998046875,12.869999885559082,0.013035266406750123,-0.022671628946775102,-0.0031803182408656205,-0.004298856594405098,-0.005001905585574229,-0.0037718901987696674,-0.003952993120479142,-0.0037100209481686353,0.06363632064578728
2018-07-20,7354.1298828125,450.697998046875,1229.5,116.55999755859375,170.10472106933594,247.62255859375,2801.830078125,7820.2001953125,12.859999656677246,-0.015097374603627811,-0.040290087224367555,0.005808225985058257,0.006476124823511453,-0.0002234882370482083,-0.001142628103727339,-0.0009484477101494582,-0.0006516823000116689,-0.0007770185680464614
2018-07-21,7419.2900390625,462.4360046386719,,,,,,,,0.008860348850009636,0.02604406197201725,,,,,,,
2018-07-22,7418.490234375,459.6570129394531,,,,,,,,-0.00010780070374505346,-0.006009462220378237,,,,,,,
2018-07-23,7711.10986328125,450.8529968261719,1224.0,116.0,170.64646911621094,248.0829620361328,2806.97998046875,7841.8701171875,12.619999885559082,0.03944463356578143,-0.01915344673407804,,,,,,,
2018-07-24,8424.26953125,479.37298583984375,1223.9000244140625,116.04000091552734,171.34970092773438,249.331298828125,2820.39990234375,7840.77001953125,12.40999984741211,0.09248469813206439,0.06325784505025234,-8.167940027570264e-05,0.0003448354786839136,0.004120986593895148,0.00503193279275016,0.004780911145920941,-0.000140285115643346,-0.016640256739405612
2018-07-25,8181.39013671875,472.4930114746094,1231.4000244140625,116.68000030517578,173.74461364746094,251.45614624023438,2846.070068359375,7932.240234375,12.289999961853027,-0.028830914494162863,-0.0143520276871274,0.006127951507796325,0.005515334234738045,0.013976754594608787,0.008522184828364088,0.009101605057599604,0.01166597344596254,-0.00966961217039064
2018-07-26,7951.580078125,464.0369873046875,1225.300048828125,115.7699966430664,171.1121368408203,250.86300659179688,2837.43994140625,7852.18017578125,12.140000343322754,-0.02808936559110453,-0.017896612149947755,-0.004953691298520191,-0.0077991400388178755,-0.015151415352547826,-0.0023588194494591486,-0.0030322960242857855,-0.01009299469358016,-0.01220501375068006
2018-07-27,8165.009765625,469.6659851074219,1222.5999755859375,115.83000183105469,168.80274963378906,249.16314697265625,2818.820068359375,7737.419921875,13.029999732971191,0.026841166837664243,0.012130493811344234,-0.0022036016768054445,0.0005183138095208317,-0.013496337838265648,-0.006776047382333394,-0.00656220869212365,-0.01461508158717617,0.0733113150312188
2018-07-28,8192.150390625,466.89801025390625,,,,,,,,0.0033240162325662848,-0.005893496530055331,,,,,,,
2018-07-29,8218.4599609375,466.6650085449219,,,,,,,,0.0032115585112559852,-0.0004990419831896187,,,,,,,
2018-07-30,8180.47998046875,457.08099365234375,1221.300048828125,115.6500015258789,166.41737365722656,247.8616485595703,2802.60009765625,7630.0,14.260000228881836,-0.004621301393359478,-0.02053724774107535,,,,,,,
2018-07-31,7780.43994140625,433.86700439453125,1223.699951171875,115.98999786376953,167.69082641601562,249.08346557617188,2816.2900390625,7671.7900390625,12.829999923706055,-0.04890178082675012,-0.0507874743868022,0.001965039095882082,0.002939873181190933,0.007652162336199364,0.004929431494150371,0.004884728797982518,0.0054770693397772074,-0.10028052470009752
2018-08-01,7624.91015625,420.74700927734375,1217.9000244140625,115.13999938964844,168.32754516601562,248.66729736328125,2813.360107421875,7707.2900390625,13.149999618530273,-0.01998984457531061,-0.03023967018532947,-0.004739664124574161,-0.007328204929526905,0.0037969802141735176,-0.0016707982279271505,-0.0010403515262938923,0.004627342487117714,0.024941519620195196
2018-08-02,7567.14990234375,412.6210021972656,1210.5999755859375,114.5199966430664,170.61793518066406,250.02206420898438,2827.219970703125,7802.68994140625,12.1899995803833,-0.007575204523413981,-0.019313285420697324,-0.005993963939393998,-0.005384772884042377,0.013606745184749691,0.005448110226267122,0.004926444803381669,0.01237787884720043,-0.0730038073000544
2018-08-03,7434.39013671875,418.2619934082031,1214.199951171875,114.91999816894531,171.14059448242188,251.09323120117188,2840.35009765625,7812.009765625,11.640000343322754,-0.017544223034868245,0.013671119940328769,0.0029737119267618795,0.003492853105171001,0.0030633315378267856,0.0042842898508834715,0.004644183009877123,0.0011944373400374353,-0.04511888892478966
2018-08-04,7032.85009765625,407.25201416015625,,,,,,,,-0.05401116052267385,-0.026323164479593708,,,,,,,
2018-08-05,7068.47998046875,410.5159912109375,,,,,,,,0.005066208196926381,0.008014636974877254,,,,,,,
2018-08-06,6951.7998046875,406.6579895019531,1208.5999755859375,114.33000183105469,172.14801025390625,252.01394653320312,2850.39990234375,7859.68017578125,11.270000457763672,-0.01650710988835713,-0.009397932824989463,,,,,,,
2018-08-07,6753.1201171875,380.2149963378906,1209.5999755859375,114.58999633789062,172.77523803710938,252.8463134765625,2858.449951171875,7883.66015625,10.930000305175781,-0.02857960428694062,-0.06502514114243285,0.0008274036241935345,0.0022740706959851753,0.003643537803765584,0.0033028606345391065,0.0028241822564987196,0.0030510122463560663,-0.030168601488713476
2018-08-08,6305.7998046875,356.6130065917969,1212.5999755859375,114.91000366210938,172.98431396484375,252.73995971679688,2857.699951171875,7888.330078125,10.850000381469727,-0.06623905761153515,-0.062075378334417564,0.0024801587802172342,0.002792628802213759,0.0012101035432487972,-0.0004206261040681225,-0.0002623799656497061,0.0005923545386843365,-0.007319297481462206
2018-08-09,6568.22998046875,365.5880126953125,1211.9000244140625,114.73999786376953,172.8797607421875,252.39480590820312,2853.580078125,7891.77978515625,11.270000457763672,0.04161727043509522,0.0251673549130782,-0.0005772317218930567,-0.0014794690881722028,-0.0006044086903596035,-0.0013656479528623144,-0.0014416744645237012,0.0004373177842564857,0.03870968309008038
2018-08-10,6184.7099609375,334.1759948730469,1211.0999755859375,114.69000244140625,171.5587615966797,250.70362854003906,2833.280029296875,7839.10986328125,13.15999984741211,-0.058390163053316124,-0.08592190315727055,-0.0006601607492431327,-0.0004357279352805721,-0.007641143994164823,-0.006700523658078605,-0.007113887913551609,-0.0066740232633033525,0.16770180238515042
2018-08-11,6295.72998046875,322.11199951171875,,,,,,,,0.01795072367701156,-0.036100724008949925,,,,,,,
2018-08-12,6322.68994140625,319.57000732421875,,,,,,,,0.004282261313801161,-0.007891640768904473,,,,,,,
2018-08-13,6297.56982421875,286.4949951171875,1191.300048828125,112.95999908447266,171.36868286132812,249.76515197753906,2821.929931640625,7819.7099609375,14.779999732971191,-0.0039730110791915685,-0.10349848686981156,,,,,,,
2018-08-14,6199.7099609375,278.9320068359375,1193.0,113.06999969482422,172.442626953125,251.35887145996094,2839.9599609375,7870.89013671875,13.3100004196167,-0.015539305797755087,-0.026398326009696715,0.0014269714615955387,0.0009738014451408095,0.006266863197320172,0.006380872070436805,0.006389254777276809,0.006545022262579359,-0.0994586833499882
2018-08-15,6308.52001953125,282.364013671875,1177.5,111.19000244140625,170.33285522460938,249.48193359375,2818.3701171875,7774.1201171875,14.640000343322754,0.017550830487124358,0.0123040983172511,-0.012992455993294239,-0.016626844065553037,-0.012234629950801712,-0.007467163801735621,-0.007602164835758152,-0.012294672883287339,0.09992485963755926
2018-08-16,6334.72998046875,288.0459899902344,1176.199951171875,111.0999984741211,170.89358520507812,251.5005645751953,2840.68994140625,7806.52001953125,13.449999809265137,0.0041546925200131035,0.020122877007132445,-0.0011040754378981443,-0.0008094609704913935,0.003291966072718866,0.00809129123046004,0.007919408484583057,0.004167661658856847,-0.08128418757861378
2018-08-17,6580.6298828125,315.72900390625,1176.5,112.12999725341797,170.9315948486328,252.3858642578125,2850.1298828125,7816.330078125,12.640000343322754,0.03881774015655104,0.09610622913707001,0.00025510018753704955,0.009270916232611892,0.0002224170293405603,0.0035200703589375326,0.0033231157222237684,0.0012566493865648898,-0.060223009474275835
2018-08-18,6423.759765625,295.81201171875,,,,,,,,-0.023838161388960444,-0.06308255478934077,,,,,,,
2018-08-19,6506.06982421875,300.8340148925781,,,,,,,,0.012813377460690445,0.016977008961363227,,,,,,,
2018-08-20,6308.52978515625,274.31500244140625,1186.800048828125,112.69000244140625,170.7794647216797,252.926025390625,2857.050048828125,7821.009765625,12.489999771118164,-0.030362422230262642,-0.0881516422291585,,,,,,,
2018-08-21,6488.759765625,281.9440002441406,1192.5999755859375,113.0199966430664,171.40673828125,253.5191192626953,2862.9599609375,7859.169921875,12.859999656677246,0.028569252521058797,0.027811084828887278,0.004887029422976141,0.002928336094692563,0.003673003429262245,0.0023449301872131567,0.0020685364303643095,0.004879185347360426,0.029623690339424025
2018-08-22,6376.7099609375,271.34100341796875,1196.300048828125,113.2699966430664,172.0719757080078,253.36863708496094,2861.820068359375,7889.10009765625,12.25,-0.017268292976586608,-0.037606747499469906,0.00310252667946731,0.002211997942183075,0.003881045946199979,-0.0005935732901408697,-0.0003981517707819515,0.0038083125926495764,-0.04743387814637445
2018-08-23,6534.8798828125,277.10400390625,1187.0,112.19999694824219,171.824951171875,253.03228759765625,2856.97998046875,7878.4599609375,12.40999984741211,0.024804314896540447,0.021238959153563775,-0.007774010238681517,-0.009446452957847074,-0.0014355884223238302,-0.001327510346878058,-0.0016912621251551352,-0.0013487136158800705,0.013061212033641523
2018-08-24,6719.9599609375,282.9670104980469,1206.300048828125,114.16000366210938,173.4215545654297,254.5550994873047,2874.68994140625,7945.97998046875,11.989999771118164,0.028321879123101024,0.021158144628543374,0.016259518810551876,0.01746886601762876,0.009292034612351507,0.006018251283685272,0.006198839704363079,0.008570205327693925,-0.03384368101999047
2018-08-25,6763.18994140625,279.64599609375,,,,,,,,0.0064330711373343785,-0.011736401350997072,,,,,,,
2018-08-26,6707.259765625,275.1969909667969,,,,,,,,-0.008269792252739938,-0.01590941829705872,,,,,,,
2018-08-27,6884.64013671875,285.6029968261719,1209.0,114.58999633789062,175.18917846679688,256.56488037109375,2896.739990234375,8017.89990234375,12.15999984741211,0.026446026737003914,0.03781293473746783,,,,,,,
2018-08-28,7096.27978515625,296.4989929199219,1207.4000244140625,113.68000030517578,175.44577026367188,256.6888732910156,2897.52001953125,8030.0400390625,12.5,0.03074084399978072,0.03815084650663403,-0.0013233875814205875,-0.007941321771505638,0.001464655517655844,0.0004832809531161164,0.00026927832649970007,0.0015141292441429588,0.027960539214994196
2018-08-29,7047.16015625,289.31201171875,1204.5,114.19999694824219,177.46998596191406,258.070068359375,2914.0400390625,8109.68994140625,12.25,-0.006921884479385465,-0.024239479299388078,-0.0024018753978987117,0.004574213948543848,0.011537557703443335,0.005380813942774454,0.005701434129840033,0.009918991929839693,-0.020000000000000018
2018-08-30,6978.22998046875,284.1050109863281,1197.699951171875,113.63999938964844,177.15640258789062,257.0252990722656,2901.1298828125,8088.35986328125,13.529999732971191,-0.009781269937524706,-0.01799787261333541,-0.005645536594541256,-0.004903656511020316,-0.0017669656777384857,-0.004048393886789237,-0.004430329054144866,-0.0026301965030861574,0.10448977412009719
2018-08-31,7037.580078125,283.0039978027344,1200.300048828125,113.51000213623047,177.38449096679688,257.0340881347656,2901.52001953125,8109.5400390625,12.859999656677246,0.008505036065358018,-0.003875374037829782,0.0021709090442110224,-0.0011439392301669793,0.0012874972373244642,3.419532058401842e-05,0.00013447750859452157,0.0026185995849914434,-0.04951959272114581
2018-09-01,7193.25,295.34100341796875,,,,,,,,0.022119808250405715,0.043593043600160586,,,,,,,
2018-09-02,7272.72021484375,294.3710021972656,,,,,,,,0.011047887233691212,-0.0032843432150542196,,,,,,,
2018-09-03,7260.06005859375,289.2590026855469,,,,,,,,-0.0017407731737240084,-0.017365839276156203,,,,,,,
2018-09-04,7361.66015625,285.7229919433594,1192.699951171875,112.93000030517578,176.6241912841797,256.5914611816406,2896.719970703125,8091.25,13.15999984741211,0.01399438804035591,-0.012224375764827933,,,,,,,
2018-09-05,6792.830078125,232.33099365234375,1194.9000244140625,113.31999969482422,174.3433837890625,255.90081787109375,2888.60009765625,7995.169921875,13.90999984741211,-0.07726926617796492,-0.18686629986571002,0.0018446158566753912,0.0034534613352918964,-0.012913335815066707,-0.002691606756383691,-0.002803126684318036,-0.011874565502858037,0.05699088211976577
2018-09-06,6529.169921875,230.21499633789062,1197.9000244140625,113.54000091552734,172.7847442626953,255.1305389404297,2878.050048828125,7922.72998046875,14.649999618530273,-0.03881447838641905,-0.009107684175876596,0.002510670297685369,0.0019414156485668688,-0.008940055495613053,-0.0030100682642291154,-0.0036523050860121087,-0.009060463018809917,0.053199121440381525
2018-09-07,6467.06982421875,217.2030029296875,1193.5999755859375,113.2300033569336,172.1195068359375,254.63470458984375,2871.679931640625,7902.5400390625,14.880000114440918,-0.009511178051622271,-0.056521050388503746,-0.003589655848139972,-0.0027302937827557994,-0.003850093534568111,-0.0019434535459579294,-0.002213344827027508,-0.002548356621520975,0.015699692962430234
2018-09-08,6225.97998046875,197.9510040283203,,,,,,,,-0.03727961044229555,-0.08863597022919345,,,,,,,
2018-09-09,6300.85986328125,196.9239959716797,,,,,,,,0.012027003467310005,-0.005188193218225279,,,,,,,
2018-09-10,6329.7001953125,197.07899475097656,1193.0,113.1500015258789,172.69923400878906,255.07736206054688,2877.1298828125,7924.16015625,14.15999984741211,0.0045772057555697465,0.0007870995026890704,,,,,,,
2018-09-11,6321.2001953125,185.0659942626953,1195.4000244140625,113.22000122070312,174.0297393798828,255.91856384277344,2887.889892578125,7972.47021484375,13.220000267028809,-0.0013428756082783933,-0.06095525554846948,0.0020117555859702207,0.0006186451072049959,0.007704176447163924,0.00329783002078754,0.003739841510076891,0.006096552523064069,-0.06638415187236713
2018-09-12,6351.7998046875,183.33099365234375,1204.699951171875,114.16999816894531,173.51654052734375,255.98057556152344,2888.919921875,7954.22998046875,13.140000343322754,0.004840791057003857,-0.0093750373603958,0.007779761224591786,0.008390716640166218,-0.0029489146761222385,0.0002423103577124941,0.00035667194221011833,-0.0022879024798410086,-0.006051431323006673
2018-09-13,6517.31005859375,211.35400390625,1202.0,113.76000213623047,175.36976623535156,257.4944763183594,2904.179931640625,8013.7099609375,12.369999885559082,0.026057221416850407,0.1528547339193893,-0.002241181440447937,-0.003591101333891067,0.010680397974599742,0.005914123575646357,0.005282254329749936,0.007477779824671904,-0.05859972889231746
2018-09-14,6512.7099609375,211.74899291992188,1195.0,113.0199966430664,174.85655212402344,257.538818359375,2904.97998046875,8010.0400390625,12.069999694824219,-0.000705827652036306,0.0018688503949377822,-0.005823627287853572,-0.006504970809317334,-0.0029264685831842385,0.00017220579505083933,0.00027548183892078804,-0.0004579554155177412,-0.024252238763970202
2018-09-15,6543.2001953125,223.07400512695312,,,,,,,,0.004681650888474609,0.05348319276925251,,,,,,,
2018-09-16,6517.18017578125,220.58900451660156,,,,,,,,-0.0039766503781880624,-0.011139803622288169,,,,,,,
2018-09-17,6281.2001953125,197.875,1199.699951171875,113.61000061035156,172.33810424804688,256.1752624511719,2888.800048828125,7895.7900390625,13.680000305175781,-0.036208908470212964,-0.10296979473830525,,,,,,,
2018-09-18,6371.2998046875,209.97500610351562,1196.800048828125,113.44000244140625,173.7635955810547,257.56536865234375,2904.31005859375,7956.10986328125,12.789999961853027,0.014344330155602991,0.06114974657493688,-0.0024171896822345884,-0.0014963310274801467,0.00827148087317986,0.005426387340724759,0.005369014643958003,0.007639491921686448,-0.06505850317752004
2018-09-19,6398.5400390625,209.968994140625,1202.199951171875,113.87999725341797,173.63055419921875,257.83978271484375,2907.949951171875,7950.0400390625,11.75,0.004275459515334479,-2.86318024329546e-05,0.004511950303676349,0.0038786565809445506,-0.0007656458845194392,0.0010654152145368467,0.0012532727238796504,-0.0007629135749825933,-0.08131352345229803
2018-09-20,6519.669921875,224.59100341796875,1206.199951171875,114.2699966430664,175.55032348632812,259.9292297363281,2930.75,8028.22998046875,11.800000190734863,0.018930862676956428,0.069638897577186,0.003327233540561192,0.0034246522572403126,0.011056632837252112,0.008103664219245799,0.007840591898404803,0.00983516322207989,0.004255335381690539
2018-09-21,6734.9501953125,246.58399963378906,1196.199951171875,113.48999786376953,174.59042358398438,259.6917724609375,2929.669921875,7986.9599609375,11.680000305175781,0.033020118505568075,0.09792465361976621,-0.008290499423652453,-0.006825928084458366,-0.005467947214682911,-0.0009135458741269531,-0.00036853301202766087,-0.005140612517535281,-0.010169481662661628
2018-09-22,6721.97998046875,240.47999572753906,,,,,,,,-0.0019258070910126435,-0.024754257840392202,,,,,,,
2018-09-23,6710.6298828125,244.3300018310547,,,,,,,,-0.001688505126350992,0.01600967303691081,,,,,,,
2018-09-24,6595.41015625,228.72999572753906,1199.300048828125,113.47000122070312,175.0759735107422,258.8291320800781,2919.3701171875,7993.25,12.199999809265137,-0.01716973347876105,-0.06384809882784048,,,,,,,
2018-09-25,6446.47021484375,218.5050048828125,1200.0,113.6500015258789,175.3140411376953,258.5889587402344,2915.56005859375,8007.47021484375,12.420000076293945,-0.022582362260686772,-0.04470332285104606,0.0005836330721065153,0.0015863250483771907,0.0013597961055376029,-0.0009279223629643507,-0.0013050961134796202,0.0017790279102680717,0.01803280905477811
2018-09-26,6495.0,215.8470001220703,1194.0,113.05000305175781,175.43775939941406,257.8153076171875,2905.969970703125,7990.3701171875,12.890000343322754,0.00752811748738158,-0.012164502877944239,-0.0050000000000000044,-0.005279352979018381,0.0007056951109898346,-0.002991818083865061,-0.003289278113945082,-0.002135518109646073,0.03784221128354881
2018-09-27,6676.75,228.49400329589844,1182.300048828125,112.05000305175781,176.9230194091797,258.53564453125,2914.0,8041.97021484375,12.40999984741211,0.027983063895304028,0.05859244356732196,-0.009798954080297295,-0.008845643281780058,0.008466022450641209,0.0027940036637859045,0.0027632870875580196,0.006457785671937444,-0.03723820660402799
2018-09-28,6644.1298828125,222.40199279785156,1191.5,112.76000213623047,176.8849334716797,258.5622863769531,2913.97998046875,8046.35009765625,12.119999885559082,-0.004885628065675718,-0.026661577153767824,0.0077814013295471884,0.006336448595585464,-0.00021526841237040628,0.00010304902347768596,-6.870120538793323e-06,0.0005446280818617311,-0.023368248623588994
2018-09-29,6601.9599609375,231.63499450683594,,,,,,,,-0.006346944237813346,0.04151492346283314,,,,,,,
2018-09-30,6625.56005859375,232.84800720214844,,,,,,,,0.003574710812529469,0.005236741960751967,,,,,,,
2018-10-01,6589.6201171875,230.76800537109375,1187.0999755859375,112.56999969482422,177.24671936035156,259.46063232421875,2924.590087890625,8037.2998046875,12.0,-0.005424438249508223,-0.008932873663157093,,,,,,,
2018-10-02,6556.10009765625,227.18099975585938,1202.4000244140625,113.87000274658203,176.84678649902344,259.3094177246094,2923.429931640625,7999.5498046875,12.050000190734863,-0.005086790882500303,-0.015543773537697203,0.012888593330627529,0.011548397044346626,-0.0022563625593263748,-0.0005828036348127785,-0.0003966902079042267,-0.004696851046664174,0.004166682561238533
2018-10-03,6502.58984375,220.48899841308594,1198.300048828125,113.41999816894531,177.0372314453125,259.45166015625,2925.510009765625,8025.08984375,11.609999656677246,-0.008161903129785819,-0.029456694661811555,-0.0034098265990434307,-0.003951915050342092,0.001076892320517775,0.0005485432534182433,0.0007115197468861023,0.0031926845492646905,-0.03651456656373575
2018-10-04,6576.68994140625,222.21800231933594,1197.199951171875,113.4800033569336,173.6383514404297,257.42388916015625,2901.610107421875,7879.509765625,14.220000267028809,0.011395474639611658,0.007841678807986252,-0.0009180485783387704,0.0005290529796950771,-0.01919867350576332,-0.007815602316333492,-0.008169482334351885,-0.018140616611087346,0.22480626076939414
2018-10-05,6622.47998046875,227.6009979248047,1201.199951171875,113.80000305175781,171.51527404785156,255.98309326171875,2885.570068359375,7788.4501953125,14.819999694824219,0.0069624749639192185,0.0242239402266482,0.003341129437972823,0.002819877382429281,-0.012227007311264915,-0.005596978210290038,-0.005527978766503461,-0.011556501993278179,0.042194051795244825
2018-10-06,6588.31005859375,225.1199951171875,,,,,,,,-0.005159686699812593,-0.010900667528869423,,,,,,,
2018-10-07,6602.9501953125,226.11900329589844,,,,,,,,0.002222138391870798,0.004437669688962531,,,,,,,
2018-10-08,6652.22998046875,229.2550048828125,1184.4000244140625,112.54000091552734,170.46800231933594,255.98309326171875,2884.429931640625,7735.9501953125,15.6899995803833,0.007463298025666587,0.013868810410464727,,,,,,,
2018-10-09,6642.64013671875,227.98199462890625,1187.199951171875,112.5999984741211,171.02015686035156,255.60958862304688,2880.340087890625,7738.02001953125,15.949999809265137,-0.0014415983479458827,-0.005552813359764874,0.002364004306059986,0.0005331220730910857,0.003239050927465348,-0.0014590988565404972,-0.0014179036575431292,0.0002675591448357828,0.016571079403144617
2018-10-10,6585.52978515625,225.7689971923828,1189.300048828125,112.87999725341797,163.49880981445312,247.51611328125,2785.679931640625,7422.0498046875,22.959999084472656,-0.008597538085317824,-0.009706895670097082,0.0017689502549060876,0.00248666770063255,-0.04397930152783147,-0.03166342618598905,-0.0328642290012785,-0.04083347084218203,0.439498392415999
2018-10-11,6256.240234375,189.49899291992188,1223.5,115.77999877929688,161.4709930419922,242.06422424316406,2728.3701171875,7329.06005859375,24.979999542236328,-0.05000198336714945,-0.16065095174052824,0.028756369097582946,0.025691013434101517,-0.012402639351088873,-0.022026400486868547,-0.02057300761734404,-0.012528849649462215,0.0879791175222544
2018-10-12,6274.580078125,196.7270050048828,1218.0999755859375,115.2300033569336,165.96470642089844,245.4261016845703,2767.1298828125,7496.89013671875,21.309999465942383,0.002931448132255543,0.038142746690033036,-0.004413587588118051,-0.004750349180877911,0.02782984915276776,0.013888369716414939,0.014206197825152422,0.02289926358676908,-0.14691753977371724
2018-10-13,6285.990234375,199.84100341796875,,,,,,,,0.001818473285531752,0.015829033807578385,,,,,,,
2018-10-14,6290.93017578125,195.71499633789062,,,,,,,,0.0007858652689651802,-0.020646448974480758,,,,,,,
2018-10-15,6596.5400390625,209.70399475097656,1226.4000244140625,116.0,163.95582580566406,244.04750061035156,2750.7900390625,7430.740234375,21.299999237060547,0.04857943972383971,0.07147637470219581,,,,,,,
2018-10-16,6596.10986328125,210.1199951171875,1227.300048828125,115.80000305175781,168.7257080078125,249.3838348388672,2809.919921875,7645.490234375,17.6200008392334,-6.521233536105342e-05,0.00198375031770337,0.0007338750783967285,-0.0017241116227775244,0.029092483775490452,0.021865965499215045,0.02149560016316343,0.02890021629427375,-0.1727698840206624
2018-10-17,6544.43017578125,207.08299255371094,1223.699951171875,115.79000091552734,168.7923126220703,249.42835998535156,2809.2099609375,7642.7001953125,17.399999618530273,-0.007834873671174969,-0.014453658071821196,-0.0029333476028844396,-8.63742311474347e-05,0.000394750835804647,0.00017854062799682602,-0.00025266233815879335,-0.0003649261168310325,-0.012485880262460669
2018-10-18,6476.7099609375,203.3520050048828,1226.5,115.91999816894531,164.87933349609375,245.82632446289062,2768.780029296875,7485.14013671875,20.059999465942383,-0.010347763368972918,-0.018016870930916418,0.00228818251193319,0.001122698440194414,-0.02318221170852619,-0.014441162675617458,-0.014391922356395415,-0.020615758117842442,0.1528735578005025
2018-10-19,6465.41015625,203.7270050048828,1225.300048828125,116.01000213623047,164.72698974609375,245.69288635253906,2767.780029296875,7449.02978515625,19.889999389648438,-0.001744682833668909,0.0018440929559115915,-0.000978353992560077,0.0007764317521294917,-0.0009239711658806105,-0.0005428145689567732,-0.00036116989772350117,-0.00482427194453694,-0.008474580300092738
2018-10-20,6489.18994140625,205.42999267578125,,,,,,,,0.003678001021058641,0.008359165103603239,,,,,,,
2018-10-21,6482.35009765625,205.14199829101562,,,,,,,,-0.0010540366073054086,-0.0014019101155309244,,,,,,,
2018-10-22,6487.16015625,204.04400634765625,1221.199951171875,115.70999908447266,165.57432556152344,244.59007263183594,2755.8798828125,7468.6298828125,19.639999389648438,0.0007420238835125215,-0.005352350822876106,,,,,,,
2018-10-23,6475.740234375,204.33599853515625,1233.4000244140625,116.38999938964844,164.96505737304688,243.34490966796875,2740.68994140625,7437.5400390625,20.709999084472656,-0.0017603884596555375,0.001431025555352461,0.009990233974772167,0.005876763551604158,-0.003679726228147495,-0.005090815626607403,-0.005511829997012829,-0.00416272385133809,0.054480637885772065
2018-10-24,6495.83984375,203.8520050048828,1227.800048828125,116.66000366210938,157.4151153564453,235.97193908691406,2656.10009765625,7108.39990234375,25.229999542236328,0.0031038319400622516,-0.002368616072268681,-0.004540275235196178,0.0023198236435848507,-0.04576691656299281,-0.03029843768301843,-0.030864433977743855,-0.04425389779282962,0.21825208390050332
2018-10-25,6476.2900390625,202.718994140625,1229.0999755859375,116.4000015258789,162.86093139648438,240.205322265625,2705.570068359375,7318.33984375,24.219999313354492,-0.003009588468581126,-0.005558006967999574,0.0010587446702361447,-0.002228717024418514,0.03459525489472681,0.01794019744505171,0.018625040052811848,0.029534064527943826,-0.04003171808192241
2018-10-26,6474.75,203.32899475097656,1232.5,116.7699966430664,158.6718292236328,235.98074340820312,2658.68994140625,7167.2099609375,24.15999984741211,-0.00023779649354971344,0.003009094500184828,0.0027662716472203197,0.0031786521678458524,-0.025721958832798375,-0.01758736574850006,-0.017327264039978307,-0.02065084240950732,-0.0024772695145908186
2018-10-27,6480.3798828125,204.2100067138672,,,,,,,,0.000869513542993916,0.004332938172293854,,,,,,,
2018-10-28,6486.39013671875,205.36599731445312,,,,,,,,0.0009274539479067201,0.0056607931177714566,,,,,,,
2018-10-29,6332.6298828125,197.2469940185547,1224.5,116.30999755859375,155.40623474121094,234.67337036132812,2641.25,7050.2900390625,24.700000762939453,-0.02370505792364075,-0.03953431143455921,,,,,,,
2018-10-30,6334.27001953125,197.55599975585938,1222.5999755859375,115.80000305175781,157.96734619140625,238.15089416503906,2682.6298828125,7161.64990234375,23.350000381469727,0.0002589977227631657,0.0015665928844301735,-0.001551673674203724,-0.0043847864976440665,0.016480107470978833,0.014818570161397426,0.015666780052058682,0.015795075474094755,-0.05465588420123868
2018-10-31,6317.60986328125,197.38099670410156,1212.300048828125,115.1500015258789,161.68040466308594,240.69456481933594,2711.739990234375,7305.89990234375,21.229999542236328,-0.002630161991615365,-0.0008858402274498633,-0.0084246090000748,-0.005613139108367582,0.023505227891722935,0.010680920024319196,0.010851331974038647,0.020142006655867517,-0.09079232567875262
2018-11-01,6377.77978515625,198.8719940185547,1236.0,116.62999725341797,163.81301879882812,243.25601196289062,2740.3701171875,7434.06005859375,19.34000015258789,0.009524159164166601,0.007553905083822698,0.01954957536691082,0.01285276342099273,0.01319030676714461,0.010641898563340302,0.010557843693063784,0.017542008234863182,-0.08902493784271404
2018-11-02,6388.43994140625,200.63499450683594,1230.9000244140625,116.6500015258789,161.261474609375,241.81521606445312,2723.06005859375,7356.990234375,19.510000228881836,0.0016714525444749828,0.00886500131394441,-0.00412619383975521,0.00017151910256396619,-0.015575954879303966,-0.005922961109209091,-0.0063166863793988615,-0.010367124237805614,0.008790076264358015
2018-11-03,6361.259765625,200.18600463867188,,,,,,,,-0.004254587353178851,-0.0022378442468009574,,,,,,,
2018-11-04,6376.1298828125,207.48599243164062,,,,,,,,0.0023376057157507013,0.036466024716088175,,,,,,,
2018-11-05,6419.66015625,209.09100341796875,1229.800048828125,116.37000274658203,160.86160278320312,243.14923095703125,2738.31005859375,7328.85009765625,19.959999084472656,0.006827068180471185,0.007735514901599627,,,,,,,
2018-11-06,6461.009765625,218.45199584960938,1223.800048828125,116.04000091552734,162.0802764892578,244.68792724609375,2755.449951171875,7375.9599609375,19.90999984741211,0.006441090083988854,0.04476994360646014,-0.004878841894434327,-0.002835798085983776,0.007575914232914371,0.006328197226889154,0.006259295774170726,0.006428002026718449,-0.002504971911518883
2018-11-07,6530.14013671875,217.18299865722656,1226.199951171875,116.02999877929688,167.16429138183594,249.9263458251953,2813.889892578125,7570.75,16.360000610351562,0.01069962337180641,-0.005809043709797179,0.0019610248798798136,-8.619558903444346e-05,0.03136726443649107,0.02140856983856443,0.021208856064105275,0.026408771209997406,-0.17830232366988052
2018-11-08,6453.72021484375,212.2310028076172,1222.9000244140625,115.77999877929688,166.09796142578125,249.47283935546875,2806.830078125,7530.8798828125,16.719999313354492,-0.011702646539741735,-0.022801028995022565,-0.0026911816092136664,-0.0021546152083956605,-0.0063789338455003675,-0.0018145604787250802,-0.0025089163835961825,-0.005266336517187886,0.02200480987605502
2018-11-09,6385.6201171875,210.07400512695312,1206.4000244140625,114.4800033569336,163.29891967773438,247.035888671875,2781.010009765625,7406.89990234375,17.360000610351562,-0.01055206847976109,-0.010163442909513765,-0.013492517516226044,-0.011228151978489587,-0.016851752568303402,-0.009768400800222565,-0.00919901370610332,-0.01646288115040928,0.03827759110527551
2018-11-10,6409.22021484375,212.5330047607422,,,,,,,,0.003695819234960096,0.01170539702093576,,,,,,,
2018-11-11,6411.27001953125,211.33999633789062,,,,,,,,0.0003198212292272462,-0.005613285448039407,,,,,,,
2018-11-12,6371.27001953125,210.41799926757812,1201.300048828125,113.66000366210938,158.35765075683594,242.41989135742188,2726.219970703125,7200.8701171875,20.450000762939453,-0.006239013468180898,-0.004362624615732558,,,,,,,
2018-11-13,6359.490234375,206.8260040283203,1199.199951171875,113.69999694824219,158.49095153808594,241.96636962890625,2722.179931640625,7200.8701171875,20.020000457763672,-0.0018488912132336166,-0.017070760352065006,-0.0017481874393484587,0.0003518677181439944,0.0008417703888186079,-0.0018708107077193281,-0.0014819196931705747,0.0,-0.021026909004084215
2018-11-14,5738.35009765625,181.39700317382812,1207.9000244140625,114.63999938964844,157.28179931640625,240.3121795654297,2701.580078125,7136.39013671875,21.25,-0.09767137204823373,-0.12294876059690363,0.0072548979289781546,0.008267391966898296,-0.007629156175449681,-0.006836446180572664,-0.007567410690302756,-0.008954470698595896,0.061438537168431395
2018-11-15,5648.02978515625,180.80599975585938,1212.800048828125,114.7699966430664,160.03321838378906,242.8201446533203,2730.199951171875,7259.02978515625,19.979999542236328,-0.015739770310788437,-0.0032580660519645477,0.004056647334235608,0.0011339606953078007,0.01749356301454652,0.010436279561135464,0.010593753366266334,0.01718510985077515,-0.059764727424172825
2018-11-16,5575.5498046875,175.177001953125,1220.800048828125,115.62000274658203,159.47158813476562,243.45164489746094,2736.27001953125,7247.8701171875,18.139999389648438,-0.012832790057027754,-0.031132804278260484,0.006596305803030056,0.00740616997802257,-0.0035094604401227913,0.002600691326669846,0.0022233054237545957,-0.0015373497972924755,-0.09209210183905447
2018-11-17,5554.330078125,174.00100708007812,,,,,,,,-0.0038058536477711957,-0.006713180725410273,,,,,,,
2018-11-18,5623.5400390625,177.06700134277344,,,,,,,,0.01246054158899823,0.01762055469761914,,,,,,,
2018-11-19,4871.490234375,149.1750030517578,1223.0999755859375,115.66999816894531,154.29226684570312,239.3337860107422,2690.72998046875,7028.47998046875,20.100000381469727,-0.1337324531280254,-0.15752228297479987,,,,,,,
2018-11-20,4451.8701171875,130.33900451660156,1219.0,115.66999816894531,151.5313262939453,234.90464782714844,2641.889892578125,6908.81982421875,22.479999542236328,-0.08613793664749825,-0.12626779386504117,-0.0033521181160790503,0.0,-0.01789422508464944,-0.018506113396772772,-0.01815124083246611,-0.017025040489909715,0.1184079161988838
2018-11-21,4602.169921875,136.7010040283203,1225.800048828125,115.86000061035156,152.68333435058594,235.70501708984375,2649.929931640625,6972.25,20.799999237060547,0.033761048892067214,0.048811171569968614,0.005578382959905648,0.0016426250921932617,0.0076024415862758765,0.0034072091382553182,0.0030432907461763747,0.009181043563894375,-0.07473311118264614
2018-11-22,4365.93994140625,126.70600128173828,,,,,,,,-0.051330130021037146,-0.07311579616863217,,,,,,,
2018-11-23,4347.10986328125,123.2959976196289,1221.0,115.7699966430664,151.57891845703125,234.13084411621094,2632.56005859375,6938.97998046875,21.520000457763672,-0.004312949417012546,-0.026912724161557544,,,,,,,
2018-11-24,3880.760009765625,113.49400329589844,,,,,,,,-0.10727813839138145,-0.07949969595906803,,,,,,,
2018-11-25,4009.969970703125,116.44999694824219,,,,,,,,0.03329501453641903,0.02604537302853749,,,,,,,
2018-11-26,3779.1298828125,108.33499908447266,1220.199951171875,115.63999938964844,155.08255004882812,237.9107208251953,2673.449951171875,7081.85009765625,18.899999618530273,-0.05756653779882259,-0.06968654423732068,,,,,,,
2018-11-27,3820.719970703125,110.01000213623047,1211.199951171875,114.94999694824219,155.60618591308594,238.71109008789062,2682.169921875,7082.7001953125,19.020000457763672,0.01100520203864308,0.015461328895676196,-0.0073758403213805,-0.00596681464067883,0.003376497640082299,0.003364158033396736,0.003261692144003847,0.00012003892267231642,0.006349250881240609
2018-11-28,4257.419921875,122.43800354003906,1221.4000244140625,115.37999725341797,160.6140594482422,244.20758056640625,2743.7900390625,7291.58984375,18.489999771118164,0.11429781677810569,0.11297155860808394,0.00842146107446462,0.0037407596049732206,0.032182997775894284,0.023025702226452394,0.022973979644221654,0.029492939511367222,-0.027865440267598407
2018-11-29,4278.8466796875,117.54264831542969,1224.0999755859375,115.73999786376953,160.09043884277344,243.67405700683594,2737.800048828125,7273.080078125,18.790000915527344,0.005032803483256965,-0.03998231825961229,0.0022105380038535127,0.0031201301691909933,-0.003260116874372887,-0.002184713342365807,-0.0021831080910337253,-0.002538508887861446,0.01622504857343432
2018-11-30,4017.2685546875,113.17141723632812,1220.199951171875,115.54000091552734,161.25192260742188,245.15927124023438,2760.169921875,7330.5400390625,18.06999969482422,-0.061132857655723294,-0.03718846854097768,-0.003186034222568912,-0.0017279847238081958,0.007255172595217463,0.006095085589504334,0.008170747552017188,0.007900361376512288,-0.03831831748917813
2018-12-01,4214.671875,118.63555908203125,,,,,,,,0.04913869153262418,0.048281995393701926,,,,,,,
2018-12-02,4139.8779296875,116.38890075683594,,,,,,,,-0.017746089738599147,-0.01893747829554082,,,,,,,
2018-12-03,3894.130859375,108.92501831054688,1233.9000244140625,116.41000366210938,164.070068359375,248.4054412841797,2790.3701171875,7441.509765625,16.440000534057617,-0.059360946019741734,-0.06412881638845347,,,,,,,
2018-12-04,3956.893798828125,110.21418762207031,1241.0999755859375,117.12000274658203,157.77687072753906,240.35658264160156,2700.06005859375,7158.43017578125,20.739999771118164,0.016117316474361765,0.011835383014102474,0.005835117132195533,0.00609912432039339,-0.03835676851216685,-0.03240210279198397,-0.03236490314939877,-0.03804061255840796,0.26155712271131226
2018-12-05,3753.994873046875,102.47555541992188,,,,,,,,-0.05127732410744523,-0.0702144829909247,,,,,,,
2018-12-06,3521.101806640625,91.76105499267578,1238.0999755859375,117.13999938964844,158.89080810546875,239.99188232421875,2695.949951171875,7188.259765625,21.190000534057617,-0.06203872788383058,-0.1045566465420994,,,,,,,
2018-12-07,3419.937255859375,93.29456329345703,1246.800048828125,118.08999633789062,153.6448974609375,234.4154815673828,2633.080078125,6969.25,23.229999542236328,-0.02873093603554966,0.01671197329742613,0.007026955345888153,0.00810992789134457,-0.03301582204207254,-0.023235789072658997,-0.023320118765389863,-0.030467703278104552,0.09627177710070955
2018-12-08,3476.11474609375,92.15963745117188,,,,,,,,0.016426468099122626,-0.01216497298685304,,,,,,,
2018-12-09,3614.234375,95.14205932617188,,,,,,,,0.03973390954986766,0.03236147577707382,,,,,,,
2018-12-10,3502.656005859375,91.68565368652344,1243.699951171875,117.68000030517578,155.25392150878906,234.86019897460938,2637.719970703125,7020.52001953125,22.639999389648438,-0.030871924054627797,-0.03632889243861093,,,,,,,
2018-12-11,3424.588134765625,88.94530487060547,1241.9000244140625,117.54000091552734,155.76805114746094,234.91351318359375,2636.780029296875,7031.830078125,21.760000228881836,-0.02228819243544189,-0.02988852351194793,-0.0014472355298531525,-0.001189661703648759,0.0033115404343764254,0.00022700401863384734,-0.00035634616892232795,0.001611000119974726,-0.03886922192979203
2018-12-12,3486.9501953125,90.59329986572266,1244.4000244140625,117.79000091552734,157.13900756835938,236.09640502929688,2651.070068359375,7098.31005859375,21.459999084472656,0.018210090700773618,0.018528184230911737,0.0020130444889712162,0.0021269354947484054,0.008801268365363324,0.0050354355084658575,0.005419503676349802,0.009454150588132038,-0.013786817153199848
2018-12-13,3313.67724609375,86.53931427001953,1242.699951171875,117.52999877929688,157.18663024902344,236.01634216308594,2650.5400390625,7070.330078125,20.649999618530273,-0.04969183369802088,-0.044749287217839995,-0.0013661790492072168,-0.002207336227265433,0.0003030608465777185,-0.0003391109076862353,-0.00019993032368359476,-0.0039417805418171525,-0.03774461791699035
2018-12-14,3242.48486328125,84.30829620361328,1237.0,117.05999755859375,153.35931396484375,231.6584014892578,2599.949951171875,6910.66015625,21.6299991607666,-0.021484404643338006,-0.02578039917724606,-0.004586747723374307,-0.0039989894119348834,-0.024348866555102378,-0.018464571706720223,-0.019086709555430348,-0.022583093025459355,0.04745760582760128
2018-12-15,3236.76171875,84.44081115722656,,,,,,,,-0.00176504895861207,0.001571790198360068,,,,,,,
2018-12-16,3252.839111328125,85.26210021972656,,,,,,,,0.004967122690864523,0.009726210007277025,,,,,,,
2018-12-17,3545.86474609375,95.13382720947266,1247.4000244140625,117.87000274658203,149.88421630859375,227.1136474609375,2545.93994140625,6753.72998046875,24.520000457763672,0.09008303968836118,0.11578095032031754,,,,,,,
2018-12-18,3696.05908203125,101.11245727539062,1249.199951171875,118.1500015258789,150.8267822265625,226.86456298828125,2546.159912109375,6783.91015625,25.579999923706055,0.04235760433416402,0.06284441866039692,0.0014429426988811223,0.0023754880187698557,0.0062886269227182545,-0.0010967393436763784,8.640058610476231e-05,0.004468667812975724,0.043229993725663274
2018-12-19,3745.95068359375,101.2685775756836,1252.0999755859375,117.43000030517578,147.1232147216797,223.46710205078125,2506.9599609375,6636.830078125,25.579999923706055,0.013498594166162725,0.0015440263692509948,0.0023215053853804513,-0.006093958623821227,-0.02455510520220172,-0.014975723368816696,-0.01539571453679811,-0.021680723172534222,0.0
2018-12-20,4134.44140625,116.21687316894531,1263.5999755859375,119.23999786376953,144.9906005859375,219.82955932617188,2467.419921875,6528.41015625,28.3799991607666,0.10370951341077017,0.14761040345501075,0.00918457010161533,0.015413416962360094,-0.014495429152880823,-0.016277754941229627,-0.01577210632742365,-0.016336100306734158,0.10946048652899609
2018-12-21,3896.543701171875,109.49623107910156,1253.800048828125,118.72000122070312,140.49681091308594,215.3253631591797,2416.6201171875,6332.990234375,30.110000610351562,-0.05754047081632285,-0.057828453877552755,-0.007755561053464088,-0.004360924625816387,-0.03099366203527132,-0.02048949277248513,-0.020588228309714296,-0.029933769049102055,0.06095847430385293
2018-12-22,4014.1826171875,116.7594985961914,,,,,,,,0.03019058043163869,0.06633349335871452,,,,,,,
2018-12-23,3998.980224609375,130.7652587890625,,,,,,,,-0.003787170148421448,0.11995392547298889,,,,,,,
2018-12-24,4078.59912109375,140.23800659179688,1267.5,120.0199966430664,137.0127716064453,209.6357879638672,2351.10009765625,6192.919921875,36.06999969482422,0.019909800002112288,0.07244085998418637,,,,,,,
2018-12-25,3815.49072265625,129.84434509277344,,,,,,,,-0.06450950206818629,-0.07411444123900868,,,,,,,
2018-12-26,3857.297607421875,131.86563110351562,1269.199951171875,119.66000366210938,145.56773376464844,220.22764587402344,2467.699951171875,6554.35986328125,30.40999984741211,0.010957144913857908,0.015566992996868478,,,,,,,
2018-12-27,3654.83349609375,116.57591247558594,1277.300048828125,120.56999969482422,146.1310577392578,221.91839599609375,2488.830078125,6579.490234375,29.959999084472656,-0.05248858966405945,-0.11594923180496619,0.006382050084993374,0.007604847107346435,0.0038698409327451166,0.007677283727754558,0.008562680784222065,0.0038341457622024233,-0.014797789056146593
2018-12-28,3923.918701171875,137.6470184326172,1279.9000244140625,121.05999755859375,146.05470275878906,221.6321563720703,2485.739990234375,6584.52001953125,28.34000015258789,0.0736244771111243,0.18075008386869018,0.0020355245334273686,0.004064011487183938,-0.000522510283919142,-0.0012898418030584669,-0.0012415825080966947,0.000764464263503406,-0.05407206212914606
2018-12-29,3820.40869140625,138.01834106445312,,,,,,,,-0.02637924423222937,0.0026976438433914396,,,,,,,
2018-12-30,3865.95263671875,139.8594512939453,,,,,,,,0.011921223353655419,0.01333960555744107,,,,,,,
2018-12-31,3742.700439453125,133.36825561523438,1278.300048828125,121.25,147.286376953125,223.57339477539062,2506.85009765625,6635.27978515625,25.420000076293945,-0.03188145558095512,-0.04641227760194955,,,,,,,
2019-01-01,3843.52001953125,140.8194122314453,,,,,,,,0.02693765683605087,0.0558690415634393,,,,,,,
2019-01-02,3943.409423828125,155.0476837158203,1281.0,121.33000183105469,147.87832641601562,223.80596923828125,2510.030029296875,6665.93994140625,23.219999313354492,0.025989042281366226,0.10103913415708599,,,,,,,
2019-01-03,3836.7412109375,149.135009765625,1291.800048828125,122.43000030517578,143.0470733642578,218.46534729003906,2447.889892578125,6463.5,25.450000762939453,-0.02704974336321264,-0.0381345519552061,0.008430951466139813,0.009066170423806419,-0.03267046070136326,-0.023862732376704998,-0.02475673039503723,-0.030369301731743903,0.09603796363173966
2019-01-04,3857.717529296875,154.58193969726562,1282.699951171875,121.44000244140625,149.16734313964844,225.782958984375,2531.93994140625,6738.85986328125,21.3799991607666,0.005467222626216461,0.03652348258266658,-0.0070445094536923936,-0.00808623590052937,0.04278500518361428,0.033495525881369836,0.03433571464262353,0.04260228410013922,-0.15992147269793522
2019-01-05,3845.194580078125,155.6385955810547,,,,,,,,-0.003246206888826486,0.006835571386013317,,,,,,,
2019-01-06,4076.632568359375,157.74620056152344,,,,,,,,0.06018888861446059,0.013541660232799568,,,,,,,
2019-01-07,4025.248291015625,151.69921875,1286.800048828125,121.86000061035156,150.9431915283203,227.563232421875,2549.68994140625,6823.47021484375,21.399999618530273,-0.01260458883210791,-0.03833361304423322,,,,,,,
2019-01-08,4030.847900390625,150.35963439941406,1283.199951171875,121.52999877929688,152.3085479736328,229.70123291015625,2574.409912109375,6897.0,20.469999313354492,0.0013911214837352137,-0.0088305290009012,-0.002797713335128127,-0.00270804061547536,0.009045498717021205,0.009395192999885227,0.009695285023358924,0.01077601027645625,-0.043457958960452236
2019-01-09,4035.29638671875,150.80311584472656,1289.300048828125,122.30999755859375,153.54983520507812,230.77471923828125,2584.9599609375,6957.080078125,19.979999542236328,0.0011036105648376537,0.0029494714261837363,0.004753816932956623,0.006418158373500793,0.008149819875245656,0.004673402552196393,0.004098045450532162,0.008711045110192828,-0.0239374590891408
2019-01-10,3678.924560546875,128.62518310546875,1284.699951171875,121.58999633789062,153.98899841308594,231.58883666992188,2596.639892578125,6986.06982421875,19.5,-0.08831366819666353,-0.1470654808093831,-0.003567903111794002,-0.005886691481276518,0.002860069549545763,0.003527758301809625,0.004518418782931244,0.004166941557119941,-0.024024001663345507
2019-01-11,3687.365478515625,127.54832458496094,1287.0999755859375,121.80000305175781,153.42568969726562,231.6782989501953,2596.260009765625,6971.47998046875,18.190000534057617,0.0022943982214995717,-0.008372065986680277,0.0018681594965994641,0.001727170986037363,-0.003658110135304593,0.00038629789570099327,-0.00014629784190933748,-0.0020884193999065603,-0.06717945979191708
2019-01-12,3661.301025390625,125.9665298461914,,,,,,,,-0.007068584135981104,-0.012401532861499032,,,,,,,
2019-01-13,3552.953125,116.8978042602539,,,,,,,,-0.029592732102399433,-0.07199313656580575,,,,,,,
2019-01-14,3706.05224609375,129.0687255859375,1289.0999755859375,122.08999633789062,152.06988525390625,230.2648162841797,2582.610107421875,6905.919921875,19.06999969482422,0.04309066731460187,0.10411591049723246,,,,,,,
2019-01-15,3630.67529296875,122.03271484375,1286.199951171875,121.87999725341797,155.039306640625,232.9038543701172,2610.300048828125,7023.830078125,18.600000381469727,-0.020338880328643172,-0.054513676417318746,-0.0022496505073195117,-0.0017200351443329431,0.019526689204511394,0.011460882858806087,0.010721688622945758,0.01707377982714675,-0.024646005289767015
2019-01-16,3655.0068359375,123.54706573486328,1291.5999755859375,122.2699966430664,155.0106658935547,233.4674530029297,2616.10009765625,7034.68994140625,19.040000915527344,0.006701657682214313,0.01240938459045382,0.004198433073444363,0.003199863787636481,-0.000184732166899515,0.0024198767956706835,0.0022219854881162515,0.001546145501878149,0.023655942206107117
2019-01-17,3678.56396484375,123.7419204711914,1291.0,122.11000061035156,156.2327880859375,235.23867797851562,2635.9599609375,7084.4599609375,18.059999465942383,0.006445166852939055,0.0015771700863078664,-0.00046452121189100026,-0.001308546962521917,0.007884116782144845,0.00758660341218409,0.0075914003822110665,0.007074941460931017,-0.051470661894021164
2019-01-18,3657.83935546875,121.01026153564453,1281.300048828125,121.0199966430664,157.779541015625,238.36972045898438,2670.7099609375,7157.22998046875,17.799999237060547,-0.005633885824214646,-0.02207545288730861,-0.007513517561483329,-0.008926410300850951,0.009900309330949764,0.013310066641144314,0.01318305304897005,0.010271780761341276,-0.01439646935605643
2019-01-19,3728.568359375,124.5190200805664,,,,,,,,0.019336279435154813,0.02899554550494332,,,,,,,
2019-01-20,3601.013671875,119.4748306274414,,,,,,,,-0.034210097604695955,-0.04050938924721137,,,,,,,
2019-01-21,3576.032470703125,117.15785217285156,,,,,,,,-0.006937269182559769,-0.019393025647509665,,,,,,,
2019-01-22,3604.5771484375,118.74755096435547,1282.5,121.44999694824219,154.61912536621094,235.1492919921875,2632.89990234375,7020.35986328125,20.799999237060547,0.007982219951364833,0.013568862539051318,,,,,,,
2019-01-23,3585.123046875,117.45260620117188,1283.0999755859375,121.27999877929688,154.81967163085938,235.64125061035156,2638.699951171875,7025.77001953125,19.520000457763672,-0.005397055122244532,-0.010905022905039141,0.0004678172210039744,-0.0013997379433262624,0.0012970340129234703,0.00209211184093383,0.0022029127742235755,0.000770638023600112,-0.06153840510802655
2019-01-24,3600.865478515625,117.36288452148438,1279.0999755859375,121.08999633789062,155.82223510742188,235.76644897460938,2642.330078125,7073.4599609375,18.889999389648438,0.00439104360848841,-0.0007638968822354375,-0.0031174499852775206,-0.0015666428373899421,0.00647568533120868,0.0005313091996139718,0.0013757255543636049,0.006787859732623636,-0.03227464412607961
2019-01-25,3599.765869140625,116.37834167480469,1297.4000244140625,122.86000061035156,157.68406677246094,237.76141357421875,2664.760009765625,7164.85986328125,17.420000076293945,-0.0003053736335224544,-0.0083888773754488,0.014306973010254298,0.01461726258147622,0.011948433827531302,0.008461613636231213,0.008488694060713842,0.01292152678441627,-0.0778189179910741
2019-01-26,3602.46044921875,116.48873901367188,,,,,,,,0.0007485431486600191,0.0009486072518172239,,,,,,,
2019-01-27,3583.9658203125,113.40528869628906,,,,,,,,-0.005133888120898322,-0.026469943305171495,,,,,,,
2019-01-28,3470.450439453125,106.58997344970703,1302.4000244140625,123.29000091552734,155.7362823486328,235.95436096191406,2643.85009765625,7085.68017578125,18.8700008392334,-0.03167312037855241,-0.0600969789410275,,,,,,,
2019-01-29,3448.116943359375,105.59821319580078,1308.199951171875,123.9800033569336,154.26589965820312,235.64125061035156,2640.0,7028.2900390625,19.1299991607666,-0.006435330653293936,-0.009304442264207902,0.004453260633515255,0.005596580714432919,-0.009441490886099801,-0.0013269953998139572,-0.0014562465775435074,-0.008099453446249072,0.013778394804977001
2019-01-30,3486.181640625,108.90753936767578,1309.9000244140625,124.69000244140625,158.19007873535156,239.37161254882812,2681.050048828125,7183.080078125,17.65999984741211,0.01103927096757329,0.031338846290313915,0.0012995515254869971,0.005726722578225818,0.025437760942910836,0.015830682992957534,0.01554926091974429,0.022023854764415374,-0.07684262299233602
2019-01-31,3457.792724609375,107.0610122680664,1319.699951171875,124.75,160.55799865722656,241.473876953125,2704.10009765625,7281.740234375,16.56999969482422,-0.008143269325041613,-0.016954997884723433,0.007481431082647871,0.00048117377030232333,0.014968827001069274,0.008782429887621124,0.008597395948725328,0.01373507676051866,-0.06172141347711391
2019-02-01,3487.9453125,107.60978698730469,1316.9000244140625,124.5,159.88011169433594,241.59027099609375,2706.530029296875,7263.8701171875,16.139999389648438,0.008720183739189036,0.005125812913707728,-0.0021216389038479777,-0.002004008016032066,-0.0042220690875565126,0.0004820150503954679,0.0008986100931438479,-0.0024540997910280637,-0.02595053187056462
2019-02-02,3521.060791015625,110.43025970458984,,,,,,,,0.009494265405179059,0.026210187718501032,,,,,,,
2019-02-03,3464.013427734375,107.49266815185547,,,,,,,,-0.01620175471744556,-0.026601327938489683,,,,,,,
2019-02-04,3459.154052734375,107.82160186767578,1314.300048828125,123.95999908447266,161.86605834960938,243.28988647460938,2724.8701171875,7347.5400390625,15.729999542236328,-0.0014028164443861124,0.003060057225071633,,,,,,,
2019-02-05,3466.357421875,107.44351959228516,1314.199951171875,124.27999877929688,163.29824829101562,244.30972290039062,2737.699951171875,7402.080078125,15.569999694824219,0.0020824077305636735,-0.0035065540563441466,-7.616042952995894e-05,0.002581475453272253,0.008847994174991936,0.0041918570498724605,0.00470842037697472,0.007422897836900866,-0.010171637130852895
2019-02-06,3413.767822265625,104.9192886352539,1309.5,123.44000244140625,162.8113250732422,243.98764038085938,2731.610107421875,7375.27978515625,15.380000114440918,-0.015171430181290635,-0.023493561702091714,-0.003576283173412076,-0.006758902044908588,-0.0029818030681241225,-0.0013183368869137402,-0.0022244379802809355,-0.003620643479385177,-0.012202927688332643
2019-02-07,3399.4716796875,104.5353012084961,1309.4000244140625,123.73999786376953,160.62484741210938,241.66177368164062,2706.050048828125,7288.35009765625,16.3700008392334,-0.004187789950119369,-0.003659836353758772,-7.634638101372548e-05,0.002430293392984062,-0.013429518248495365,-0.009532723442827407,-0.009357140143940179,-0.011786629122187087,0.06436935743992156
2019-02-08,3666.7802734375,119.26774597167969,1313.699951171875,124.20999908447266,160.93991088867188,241.95693969726562,2707.8798828125,7298.2001953125,15.720000267028809,0.07863239318839477,0.14093272409288482,0.003283890848968518,0.0037982966608789415,0.001961486542328972,0.0012214013458904383,0.0006762010869560964,0.0013514852503335728,-0.03970681361522943
2019-02-09,3671.20361328125,119.4308853149414,,,,,,,,0.0012063280354683847,0.0013678412544197993,,,,,,,
2019-02-10,3690.188232421875,124.80648803710938,,,,,,,,0.005171224791767015,0.04501015552210297,,,,,,,
2019-02-11,3648.4306640625,121.29839324951172,1307.0,123.5999984741211,160.78712463378906,242.09112548828125,2709.800048828125,7307.89990234375,15.970000267028809,-0.011315836951756086,-0.02810827259681059,,,,,,,
2019-02-12,3653.528564453125,122.5722885131836,1309.199951171875,123.86000061035156,163.1645965576172,245.20436096191406,2744.72998046875,7414.6201171875,15.430000305175781,0.0013972858086190865,0.010502161071923366,0.0016832067114576077,0.002103577179937588,0.014786457119891239,0.012859767029268943,0.0128902247439735,0.014603404024393196,-0.03381339717118825
2019-02-13,3632.070556640625,122.55360412597656,1310.800048828125,123.37000274658203,163.2791748046875,246.0004425048828,2753.030029296875,7420.3798828125,15.649999618530273,-0.005873228423961097,-0.00015243565600087106,0.001222195016748806,-0.003956062177902009,0.0007022249280030923,0.003246604341969217,0.003023994668760688,0.0007768119652749039,0.014257894297040163
2019-02-14,3616.880859375,121.39020538330078,1309.800048828125,124.05999755859375,163.4796600341797,245.45477294921875,2745.72998046875,7426.9501953125,16.219999313354492,-0.004182104127314679,-0.009492978611056468,-0.0007628928614200614,0.005592889654295163,0.0012278677285819661,-0.0022181649354278132,-0.002651641555101225,0.0008854415277603778,0.036421706627348005
2019-02-15,3620.810791015625,122.10038757324219,1318.0999755859375,124.80000305175781,164.16712951660156,248.1295928955078,2775.60009765625,7472.41015625,14.90999984741211,0.0010865526937218206,0.005850407680742853,0.0063367891650625285,0.005964900110646543,0.004205229459604665,0.010897404495949337,0.01087875260858695,0.006120945979440018,-0.08076445877921923
2019-02-16,3629.78759765625,123.26021575927734,,,,,,,,0.00247922555437019,0.009498972190726596,,,,,,,
2019-02-17,3673.836181640625,133.598876953125,,,,,,,,0.01213530621263259,0.08387670855646312,,,,,,,
2019-02-18,3915.71435546875,146.09837341308594,,,,,,,,0.06583804009467542,0.09355989170737233,,,,,,,
2019-02-19,3947.094482421875,145.34619140625,1340.0999755859375,126.69999694824219,164.49171447753906,248.5589599609375,2779.760009765625,7486.77001953125,14.880000114440918,0.008013895832135631,-0.0051484625684995455,,,,,,,
2019-02-20,3999.820556640625,149.55433654785156,1343.300048828125,126.4800033569336,164.4630584716797,249.0598907470703,2784.699951171875,7489.06982421875,14.020000457763672,0.013358199164869689,0.02895256560138937,0.002387936199154339,-0.0017363346220005127,-0.00017420941808765633,0.002015339886405787,0.0017771107537685182,0.00030718249411965104,-0.05779567540746344
2019-02-21,3954.1181640625,146.13084411621094,1323.5,125.05000305175781,163.86158752441406,248.17428588867188,2774.8798828125,7459.7099609375,14.460000038146973,-0.011426110729454764,-0.02289129496786768,-0.014739855660243828,-0.011306137470128319,-0.003657179629607765,-0.0035557907607765005,-0.003526436790880272,-0.003920361803318229,0.03138370656326539
2019-02-22,4005.526611328125,149.0924530029297,1329.199951171875,125.5,165.0741424560547,249.71299743652344,2792.669921875,7527.5400390625,13.510000228881836,0.013001242029855531,0.02026682939272928,0.004306725479316098,0.0035985360836492397,0.0073998729657123175,0.006200124812857588,0.006411102394986878,0.009092857293405476,-0.0656984651977136
2019-02-23,4142.52685546875,158.79542541503906,,,,,,,,0.03420280463327119,0.06508023858135004,,,,,,,
2019-02-24,3810.427490234375,135.8526611328125,,,,,,,,-0.08016830712779921,-0.14448000767189428,,,,,,,
2019-02-25,3882.6962890625,139.82286071777344,1325.9000244140625,125.37000274658203,165.6756591796875,250.05299377441406,2796.110107421875,7554.4599609375,14.850000381469727,0.018966060635805304,0.029224304859803762,,,,,,,
2019-02-26,3854.35791015625,138.0896759033203,1325.0999755859375,125.58000183105469,165.84751892089844,249.8740234375,2793.89990234375,7549.2998046875,15.170000076293945,-0.007298633937987575,-0.012395575412746607,-0.0006034005682129528,0.001675034536747555,0.0010373264368577217,-0.0007157296307979122,-0.0007904570968998437,-0.0006830609039801816,0.021548800444713967
2019-02-27,3851.04736328125,136.12596130371094,1317.699951171875,124.69000244140625,165.74253845214844,249.76666259765625,2792.3798828125,7554.509765625,14.699999809265137,-0.0008589100836423613,-0.014220575048522921,-0.005584502717080109,-0.0070871108191714605,-0.0006329939056856082,-0.0004296598676677421,-0.0005440493877303387,0.0006901250542818982,-0.030982219160517688
2019-02-28,3854.785400390625,136.74624633789062,1312.800048828125,123.98999786376953,165.36056518554688,249.30152893066406,2784.489990234375,7532.52978515625,14.779999732971191,0.0009706546704713048,0.004556699017873367,-0.003718526618591955,-0.005613959130088775,-0.0023046181756885,-0.001862272819577404,-0.0028255083152146643,-0.0029095177782103576,0.005442171751297131
2019-03-01,3859.583740234375,136.44361877441406,1296.4000244140625,121.87999725341797,166.50636291503906,250.85800170898438,2803.68994140625,7595.35009765625,13.569999694824219,0.0012447748305945971,-0.002213059382476845,-0.012492400825778516,-0.017017506627186707,0.0069290869210958395,0.006243334266727185,0.00689532059343434,0.008339869113268561,-0.08186739242272834
2019-03-02,3864.4150390625,134.2069549560547,,,,,,,,0.0012517668104363722,-0.016392586465016845,,,,,,,
2019-03-03,3847.17578125,132.24942016601562,,,,,,,,-0.0044610264783262465,-0.014585941471364494,,,,,,,
2019-03-04,3761.55712890625,127.77412414550781,1284.800048828125,121.55999755859375,166.5349884033203,249.945556640625,2792.81005859375,7577.56982421875,14.630000114440918,-0.022254936403225956,-0.033839815818397345,,,,,,,
2019-03-05,3896.375,137.8223876953125,1282.0,121.72000122070312,166.6591339111328,249.60565185546875,2789.64990234375,7576.35986328125,14.739999771118164,0.035840973956695166,0.07864083293078838,-0.0021793654434236753,0.0013162525939691694,0.0007454620137352652,-0.0013599152940533266,-0.001131532823106185,-0.00015967664641414192,0.007518773466629547
2019-03-06,3903.942626953125,138.7893524169922,1284.9000244140625,121.61000061035156,165.7138671875,248.09378051757812,2771.449951171875,7505.919921875,15.739999771118164,0.0019422224383240927,0.007016020675954193,0.0022621095273498426,-0.0009037184460104486,-0.0056718566900560985,-0.006057039681000687,-0.006524098653592381,-0.009297333109483996,0.0678426062094939
2019-03-07,3911.484375,138.0345001220703,1283.800048828125,121.51000213623047,163.68014526367188,246.0183868408203,2748.929931640625,7421.4599609375,16.59000015258789,0.0019318286070102442,-0.005438834332578524,-0.0008560787337824616,-0.0008222882461903502,-0.012272490880482767,-0.008365359552456653,-0.00812571755868352,-0.011252446311257991,0.05400256631702249
2019-03-08,3901.131591796875,135.1270751953125,1297.0,122.83999633789062,163.431884765625,245.52633666992188,2743.070068359375,7408.14013671875,16.049999237060547,-0.0026467658337827604,-0.021063030794378546,0.01028193696045121,0.010945553273622899,-0.0015167416771714182,-0.0020000544561606937,-0.0021316888487414865,-0.0017947714181385521,-0.03254978363837502
2019-03-09,3963.313720703125,137.96533203125,,,,,,,,0.01593951074016675,0.02100435336023576,,,,,,,
2019-03-10,3951.599853515625,136.75868225097656,,,,,,,,-0.0029555740506511663,-0.008746036141891955,,,,,,,
2019-03-11,3905.227294921875,133.8340301513672,1288.800048828125,122.23999786376953,166.83102416992188,249.08680725097656,2783.300048828125,7558.06005859375,14.329999923706055,-0.01173513521428382,-0.021385494883916167,,,,,,,
2019-03-12,3909.15625,134.44288635253906,1296.300048828125,122.9800033569336,167.74757385253906,250.02606201171875,2791.52001953125,7591.02978515625,13.770000457763672,0.0010060759032475275,0.004549337716896584,0.005819366632410894,0.006053709964792153,0.005493880332974932,0.003770792885854579,0.0029533182046204143,0.0043621943073888225,-0.03907881848735939
2019-03-13,3906.71728515625,133.26307678222656,1307.5,123.83999633789062,169.0078582763672,251.6811065673828,2810.919921875,7643.41015625,13.40999984741211,-0.0006239108103570645,-0.008775544785752154,0.008639937321609947,0.006992949727453013,0.007512981528638996,0.006619488153944975,0.006949583813841809,0.006900298454391107,-0.026143834305291547
2019-03-14,3924.369140625,133.7115936279297,1293.4000244140625,122.41000366210938,168.72145080566406,251.5201416015625,2808.47998046875,7630.91015625,13.5,0.004518334494236109,0.0033656497848693068,-0.010783920142208414,-0.011547098821608426,-0.001694639963041089,-0.000639559194631989,-0.0008680223820187738,-0.0016353956865416963,0.006711420851004624
2019-03-15,3960.9111328125,137.69178771972656,1301.800048828125,122.97000122070312,170.28733825683594,252.76263427734375,2822.47998046875,7688.52978515625,12.880000114440918,0.009311558336655423,0.029767008109052195,0.006494529345526967,0.004574769560006908,0.009280903190996614,0.004939933111796302,0.00498490290027398,0.00755081998430529,-0.04592591744882091
2019-03-16,4048.725830078125,142.39817810058594,,,,,,,,0.02217032756381765,0.0341806178770756,,,,,,,
2019-03-17,4025.22900390625,140.00054931640625,,,,,,,,-0.0058035113164038865,-0.016837496210703407,,,,,,,
2019-03-18,4032.50732421875,139.37460327148438,1300.300048828125,123.04000091552734,170.69287109375,253.67916870117188,2832.93994140625,7714.47998046875,13.100000381469727,0.0018081754616785517,-0.004471025635101045,,,,,,,
2019-03-19,4071.190185546875,140.51919555664062,1305.0,123.37999725341797,171.26686096191406,253.74205017089844,2832.570068359375,7723.9501953125,13.5600004196167,0.009592756619634768,0.008212344704771946,0.0036145128011881855,0.002763299214570525,0.003362705568698443,0.00024787793987379736,-0.0001305615560248663,0.0012275895287467975,0.0351145057062483
2019-03-20,4087.476318359375,140.6863555908203,1300.5,124.18000030517578,171.94598388671875,252.97830200195312,2824.22998046875,7728.97021484375,13.90999984741211,0.004000337019458566,0.0011895886075743434,-0.0034482758620689724,0.006484057947534483,0.0039652908974359136,-0.003009939300289033,-0.0029443536044478913,0.0006499290394565982,0.025811166442818223
2019-03-21,4029.326904296875,136.6360626220703,1306.0999755859375,123.68000030517578,174.63380432128906,255.8356475830078,2854.8798828125,7838.9599609375,13.630000114440918,-0.014226238767748978,-0.028789522279829893,0.004306017367118331,-0.004026413261163153,0.0156317721054835,0.011294824727824393,0.010852481049954399,0.014230840983513016,-0.020129384330890843
2019-03-22,4023.96826171875,137.1814422607422,1311.5999755859375,123.97000122070312,170.79811096191406,250.9116973876953,2800.7099609375,7642.669921875,16.479999542236328,-0.0013299101079167208,0.00399147654144838,0.004211009955445988,0.002344768069306058,-0.021964208901491644,-0.01924653675838861,-0.018974501239482744,-0.0250403165777906,0.20909753513324247
2019-03-23,4035.826416015625,138.2398681640625,,,,,,,,0.002946880672416219,0.007715518118759368,,,,,,,
2019-03-24,4022.168212890625,136.98692321777344,,,,,,,,-0.0033842394882989124,-0.00906355715561069,,,,,,,
2019-03-25,3963.070556640625,135.03102111816406,1321.9000244140625,124.91999816894531,170.47293090820312,250.7230224609375,2798.360107421875,7637.5400390625,16.329999923706055,-0.014692984758966188,-0.014278020512220713,,,,,,,
2019-03-26,3985.080810546875,135.46035766601562,1314.300048828125,124.30000305175781,171.26686096191406,252.59201049804688,2818.4599609375,7691.52001953125,14.680000305175781,0.00555383851780511,0.0031795401108301036,-0.005749281674539808,-0.004963137418149799,0.0046572206477664135,0.007454393373071966,0.007182725862306283,0.007067718164836645,-0.10104100589339193
2019-03-27,4087.066162109375,140.9881591796875,1309.9000244140625,123.6500015258789,170.1668243408203,251.2711639404297,2805.3701171875,7643.3798828125,15.149999618530273,0.025591790081793686,0.04080752191206338,-0.003347808149277376,-0.005229296137734152,-0.006422939119193449,-0.005229169976567416,-0.0046443248906916645,-0.006258858664673128,0.032016301334052644
2019-03-28,4069.107177734375,139.41647338867188,1289.800048828125,121.9000015258789,170.55897521972656,252.22352600097656,2815.43994140625,7669.169921875,14.430000305175781,-0.00439410170099408,-0.011147643888395842,-0.015344663876106557,-0.014152850613865509,0.0023045084165220775,0.0037901764994119347,0.003589481529391092,0.0033741668552276227,-0.04752470834876099
2019-03-29,4098.37451171875,142.49742126464844,1293.0,122.01000213623047,171.8502655029297,253.81398010253906,2834.39990234375,7729.31982421875,13.710000038146973,0.007192568960710188,0.022098879716942355,0.0024809668558956055,0.0009023839948698598,0.007570931295404426,0.006305732564996003,0.0067342800173637585,0.007843078580405782,-0.049896067345927775
2019-03-30,4106.66015625,142.09268188476562,,,,,,,,0.0020216904305738748,-0.002840327749729088,,,,,,,
2019-03-31,4105.404296875,141.51409912109375,,,,,,,,-0.0003058103975535076,-0.004071868839389592,,,,,,,
2019-04-01,4158.18310546875,141.830322265625,1288.4000244140625,121.52999877929688,174.12681579589844,256.823974609375,2867.18994140625,7828.91015625,13.399999618530273,0.01285593446519373,0.002234569887348492,,,,,,,
2019-04-02,4879.8779296875,163.9617462158203,1290.0,121.9800033569336,174.786865234375,256.9498291015625,2867.239990234375,7848.68994140625,13.359999656677246,0.1735601357404375,0.15604155441984235,0.0012418313843676199,0.0037028271386223555,0.0037906248699237644,0.0004900418365494374,1.745570720723677e-05,0.0025265055750396392,-0.0029850718650553665
2019-04-03,4973.02197265625,161.45880126953125,1289.9000244140625,121.80000305175781,175.79122924804688,257.3541564941406,2873.39990234375,7895.5498046875,13.739999771118164,0.01908737151027773,-0.015265420160837206,-7.750045421506258e-05,-0.0014756542074283452,0.005746221332621815,0.001573565524413345,0.002148376881724312,0.005970405714976534,0.028443123069318066
2019-04-04,4922.798828125,158.0525360107422,1289.0,122.11000061035156,175.72422790527344,258.0368957519531,2879.389892578125,7891.77978515625,13.579999923706055,-0.010099119772122078,-0.02109680755713539,-0.0006977474199765243,0.00254513588527594,-0.0003811415567206433,0.002652917159424506,0.0020846350796801527,-0.00047748663798075075,-0.011644821694133722
2019-04-05,5036.68115234375,165.5148468017578,1290.4000244140625,121.9800033569336,176.63296508789062,259.2859802246094,2892.739990234375,7938.68994140625,12.819999694824219,0.023133653881632465,0.04721411613736115,0.0010861322064099621,-0.0010645913747292512,0.005171382418063919,0.0048407204288218875,0.004636432770241061,0.005944179580154252,-0.05596467107154646
2019-04-06,5059.8173828125,165.94720458984375,,,,,,,,0.004593546775932822,0.0026121994276668836,,,,,,,
2019-04-07,5198.89697265625,174.53164672851562,,,,,,,,0.027487076967675605,0.05172995929572455,,,,,,,
2019-04-08,5289.77099609375,180.25881958007812,1297.0999755859375,122.51000213623047,177.08253479003906,259.4836730957031,2895.77001953125,7953.8798828125,13.180000305175781,0.017479481496835758,0.03281452366327087,,,,,,,
2019-04-09,5204.95849609375,176.1145782470703,1303.5,123.1500015258789,176.46078491210938,258.15380859375,2878.199951171875,7909.27978515625,14.279999732971191,-0.016033302776742198,-0.022990505222779234,0.004934102640138827,0.0052240582686200465,-0.0035110739671017077,-0.005125041148398735,-0.006067494393846573,-0.005607338596177014,0.08345974220982688
2019-04-10,5324.5517578125,177.3374786376953,1309.0999755859375,123.52999877929688,177.40771484375,259.0343017578125,2888.2099609375,7964.240234375,13.300000190734863,0.02297679449480783,0.006943777186402933,0.004296107085490997,0.003085645543724258,0.005366234385233426,0.003410730869549683,0.0034778715639784963,0.006948856370196488,-0.06862742020741086
2019-04-11,5064.48779296875,165.4970245361328,1288.5999755859375,121.94999694824219,176.9868927001953,258.96240234375,2888.320068359375,7947.35986328125,13.020000457763672,-0.04884241466188555,-0.0667679172644201,-0.015659613766950464,-0.012790430232882732,-0.002372062251775886,-0.0002775671545219849,3.8123067008344336e-05,-0.0021195205816232354,-0.021052611199678495
2019-04-12,5089.5390625,164.736328125,1290.5999755859375,121.83000183105469,177.7520751953125,260.7145690917969,2907.409912109375,7984.16015625,12.010000228881836,0.004946456691243162,-0.004596435574989677,0.0015520720455473036,-0.0009839698252590567,0.004323385101818511,0.0067661047788745154,0.006609324208602496,0.00463050542593102,-0.07757297952163933
2019-04-13,5096.58642578125,164.5133514404297,,,,,,,,0.0013846761356397508,-0.00135353681308914,,,,,,,
2019-04-14,5167.72216796875,167.83851623535156,,,,,,,,0.013957526910101548,0.020212127257804413,,,,,,,
2019-04-15,5067.1083984375,161.5741729736328,1286.800048828125,121.5999984741211,177.78077697753906,260.5437927246094,2905.580078125,7976.009765625,12.319999694824219,-0.019469655345422332,-0.03732363346762779,,,,,,,
2019-04-16,5235.5595703125,167.62344360351562,1272.5999755859375,120.51000213623047,178.3929901123047,260.7145690917969,2907.06005859375,8000.22998046875,12.180000305175781,0.03324404347200138,0.03743958900454958,-0.011035182393037135,-0.008963785785923273,0.0034436407871194508,0.0006554612773599366,0.0005093580038946222,0.003036633047784676,-0.011363587103598194
2019-04-17,5251.93798828125,166.9507598876953,1272.199951171875,120.27999877929688,179.01467895507812,260.07666015625,2900.449951171875,7996.080078125,12.600000381469727,0.003128303240330199,-0.004013064648710096,-0.00031433633642674597,-0.0019085831288392363,0.003484939864408787,-0.0024467713398950153,-0.0022738117853239315,-0.0005187228809523381,0.03448276402057804
2019-04-18,5298.3857421875,173.81402587890625,1271.9000244140625,120.37000274658203,179.2442626953125,260.5887756347656,2905.030029296875,7998.06005859375,12.09000015258789,0.008843926567657423,0.04110952232758769,-0.00023575441701295663,0.0007482870651696061,0.0012824855569077975,0.001969094336292887,0.0015790922795098083,0.0002476188894313669,-0.040476207415983234
2019-04-19,5303.8125,173.70843505859375,,,,,,,,0.0010242285247921146,-0.000607493093716549,,,,,,,
2019-04-20,5337.88623046875,173.7512664794922,,,,,,,,0.00642438443454596,0.00024657076027412295,,,,,,,
2019-04-21,5314.53125,170.04652404785156,,,,,,,,-0.004375323763073036,-0.02132210318062855,,,,,,,
2019-04-22,5399.365234375,171.87466430664062,1273.5,120.37000274658203,179.7512664794922,260.8133850097656,2907.969970703125,8015.27001953125,12.420000076293945,0.015962646635110156,0.010750824040805629,,,,,,,
2019-04-23,5572.3623046875,171.4477996826172,1269.300048828125,120.12000274658203,182.037353515625,263.1585998535156,2933.679931640625,8120.81982421875,12.279999732971191,0.032040260809014454,-0.002483580845062061,-0.0032979593026108978,-0.002076929420084306,0.01271805801932202,0.008991926712895504,0.008841205788409079,0.013168590007610614,-0.011272169280415079
2019-04-24,5464.86669921875,165.8260955810547,1275.5,120.47000122070312,181.46339416503906,262.5746154785156,2927.25,8102.009765625,13.140000343322754,-0.019290850018550354,-0.03278959608679355,0.004884543396653118,0.0029137401441747812,-0.0031529756915339435,-0.002219134678954293,-0.002191763174733685,-0.002316275819548741,0.07003262451565884
2019-04-25,5210.515625,154.4593963623047,1275.800048828125,120.56999969482422,182.199951171875,262.41290283203125,2926.169921875,8118.68017578125,13.25,-0.04654296037177108,-0.06854590152967832,0.00023524016317133523,0.0008300695036758121,0.004058983963267204,-0.0006158731154939368,-0.0003689736527457965,0.00205756480657171,0.008371358736922963
2019-04-26,5279.34814453125,156.3470916748047,1284.9000244140625,121.37000274658203,182.36256408691406,263.6347961425781,2939.8798828125,8146.39990234375,12.729999542236328,0.013210308630683842,0.012221304478441386,0.007132760023246698,0.006635175033447016,0.0008924970286390277,0.004656376639105231,0.0046852921407636305,0.003414314391296136,-0.039245317567069615
2019-04-27,5268.291015625,158.4349365234375,,,,,,,,-0.00209441177273062,0.013353909089498295,,,,,,,
2019-04-28,5285.13916015625,157.29507446289062,,,,,,,,0.0031980284462800324,-0.007194512053711466,,,,,,,
2019-04-29,5247.3525390625,155.20199584960938,1278.5999755859375,120.83000183105469,182.7165069580078,264.04815673828125,2943.030029296875,8161.85009765625,13.109999656677246,-0.007149598137096702,-0.013306701563468581,,,,,,,
2019-04-30,5350.7265625,162.16603088378906,1282.800048828125,121.19999694824219,181.30078125,264.18292236328125,2945.830078125,8095.39013671875,13.119999885559082,0.019700224573813152,0.04487078272452005,0.003284900142644487,0.0030621129817147708,-0.00774820913325136,0.0005103827523915694,0.0009514170090862972,-0.008142756867904777,0.0007627939850283205
2019-05-01,5402.697265625,160.81834411621094,1281.4000244140625,120.4000015258789,180.71731567382812,262.1970520019531,2923.72998046875,8049.64013671875,14.800000190734863,0.009712831055362026,-0.008310536801285462,-0.0010913816345279326,-0.0066006224629272525,-0.0032182187641393023,-0.0075170277607775615,-0.007502163081421376,-0.005651364446598972,0.12804880486507653
2019-05-02,5505.28369140625,162.12278747558594,1269.699951171875,119.94000244140625,179.9329833984375,261.631103515625,2917.52001953125,8036.77001953125,14.420000076293945,0.018988001869725712,0.008111284608380176,-0.009130695348267603,-0.0038205903541769226,-0.004340105830291541,-0.0021584853147925687,-0.0021239857917741967,-0.0015988437953632362,-0.02567568307727497
2019-05-03,5768.28955078125,167.95240783691406,1279.199951171875,120.6500015258789,182.8025665283203,264.19189453125,2945.639892578125,8164.0,12.869999885559082,0.047773352676729886,0.03595805655763229,0.007482082669399093,0.005919618726200282,0.01594806619489275,0.009787792740292733,0.009638279380647763,0.01583098435808794,-0.10748961043925498
2019-05-04,5831.16748046875,164.02658081054688,,,,,,,,0.010900619522295596,-0.023374639738295788,,,,,,,
2019-05-05,5795.70849609375,163.45069885253906,,,,,,,,-0.006080940822531411,-0.003510906312635731,,,,,,,
2019-05-06,5746.80712890625,172.65321350097656,1281.699951171875,120.80999755859375,181.68344116210938,263.10467529296875,2932.469970703125,8123.2900390625,15.4399995803833,-0.008437513242851802,0.05630147018667553,,,,,,,
2019-05-07,5829.50146484375,169.7986602783203,1283.5,121.20999908447266,178.14430236816406,258.7109375,2884.050048828125,7963.759765625,19.31999969482422,0.014389613933892154,-0.016533449709814407,0.001404422951314821,0.003310996887363693,-0.01947969925771864,-0.016699580834419914,-0.016511651392423388,-0.01963862827381102,0.2512953510290572
2019-05-08,5982.45751953125,170.9481658935547,1279.4000244140625,120.91000366210938,177.69476318359375,258.3515319824219,2879.419921875,7943.31982421875,19.399999618530273,0.026238273651690402,0.0067698155765787416,-0.0031943713174424904,-0.0024750055657883907,-0.0025234553033375295,-0.001389216555941375,-0.0016054253132695706,-0.0025666195374799416,0.004140782865927672
2019-05-09,6174.52880859375,170.289306640625,1283.5,121.19999694824219,176.73814392089844,257.56976318359375,2870.719970703125,7910.58984375,19.100000381469727,0.03210575059420551,-0.0038541463693734235,0.0032046080254024556,0.002398422606480155,-0.005383497214866861,-0.003025988631959464,-0.0030214249424966866,-0.004120440973427564,-0.015463878503069517
2019-05-10,6378.84912109375,173.1427459716797,1285.699951171875,121.43000030517578,176.95823669433594,258.8636474609375,2881.39990234375,7916.93994140625,16.040000915527344,0.03309083475578345,0.0167564211009239,0.001714025065738145,0.001897717514232511,0.001245304316062068,0.005023432336743294,0.0037202972597878414,0.0008027337760745379,-0.16020939292289793
2019-05-11,7204.771484375,194.30433654785156,,,,,,,,0.12947827227172803,0.12222048609321012,,,,,,,
2019-05-12,6972.37158203125,187.3253173828125,,,,,,,,-0.03225638770747363,-0.03591797943902464,,,,,,,
2019-05-13,7814.9150390625,196.84628295898438,1300.0999755859375,122.66999816894531,170.8172607421875,252.3583221435547,2811.8701171875,7647.02001953125,20.549999237060547,0.1208402976115901,0.050825834485122456,,,,,,,
2019-05-14,7994.416015625,217.14857482910156,1294.699951171875,122.45999908447266,172.69204711914062,254.64060974121094,2834.409912109375,7734.490234375,18.059999465942383,0.02296902470023965,0.10313779648228083,-0.004153545508397416,-0.001711902564663248,0.010975391882572794,0.009043837263896348,0.008015944543135589,0.01143847075335791,-0.12116787657235606
2019-05-15,8205.16796875,247.15306091308594,1296.300048828125,122.38999938964844,175.13121032714844,256.1320495605469,2850.9599609375,7822.14990234375,16.440000534057617,0.026362395040874453,0.13817491598827325,0.0012358829972933805,-0.0005716127335255727,0.014124351692495818,0.00585703836026652,0.00583897507464215,0.011333606393238105,-0.08970094018772068
2019-05-16,7884.9091796875,264.010009765625,1285.0,121.51000213623047,176.89120483398438,258.50421142578125,2876.320068359375,7898.0498046875,15.289999961853027,-0.03903135076359554,0.06820449154164843,-0.00871715529004291,-0.007190107507202059,0.010049576563470497,0.009261480042440429,0.008895287120600504,0.009703202225900487,-0.06995137073275715
2019-05-17,7343.8955078125,243.76458740234375,1274.5,120.6500015258789,175.0833282470703,256.8330078125,2859.530029296875,7816.27978515625,15.960000038146973,-0.06861381146516154,-0.07668429837661883,-0.008171206225680905,-0.007077611679961793,-0.010220274030078524,-0.006464898981969114,-0.005837333350761975,-0.010353191174195864,0.043819494961774064
2019-05-18,7271.2080078125,234.59523010253906,,,,,,,,-0.009897676229553398,-0.0376156249663544,,,,,,,
2019-05-19,8197.689453125,261.2922058105469,,,,,,,,0.12741781617539316,0.11380016420768158,,,,,,,
2019-05-20,7978.30908203125,251.86441040039062,1276.0999755859375,120.63999938964844,172.12767028808594,255.1348419189453,2840.22998046875,7702.3798828125,16.309999465942383,-0.026761244415049346,-0.03608142608353193,,,,,,,
2019-05-21,7963.32763671875,255.21588134765625,1272.0,120.36000061035156,173.92599487304688,257.4350280761719,2864.360107421875,7785.72021484375,14.949999809265137,-0.0018777719888342093,0.013306647580488828,-0.003212895278095207,-0.002320944800343727,0.010447620547882508,0.009015570511366366,0.008495835590448308,0.010820075522011141,-0.08338440841258887
2019-05-22,7680.06640625,244.69891357421875,1273.5999755859375,120.23999786376953,173.1511688232422,256.6442565917969,2856.27001953125,7750.83984375,14.75,-0.03557071156568237,-0.0412081243451744,0.001257842441774848,-0.0009970317877491253,-0.004454918026314925,-0.0030717322746810494,-0.0028243962306494508,-0.004480044251686466,-0.013377913833897748
2019-05-23,7881.8466796875,245.96566772460938,1284.800048828125,121.16999816894531,170.50155639648438,253.50843811035156,2822.239990234375,7628.27978515625,16.920000076293945,0.02627324592835456,0.005176786982368009,0.008794027525820924,0.007734533613593886,-0.015302307485216105,-0.012218541428078655,-0.01191414994527018,-0.01581248755805198,0.1471186492402674
2019-05-24,7987.37158203125,249.4849853515625,1283.0,121.30000305175781,170.41551208496094,254.08349609375,2826.06005859375,7637.009765625,15.850000381469727,0.013388347506898546,0.014308166092893426,-0.0014010342152204203,0.0010729131367257505,-0.0005046541119152481,0.0022683978004238714,0.0013535590072402126,0.0011444232139645738,-0.06323875236403576
2019-05-25,8052.5439453125,251.75987243652344,,,,,,,,0.008159425489589589,0.00911833263935824,,,,,,,
2019-05-26,8673.2158203125,267.06964111328125,,,,,,,,0.077077738316635,0.060810996321972954,,,,,,,
2019-05-27,8805.7783203125,272.8626403808594,,,,,,,,0.015284123299404317,0.02169096885527666,,,,,,,
2019-05-28,8719.9619140625,271.7687072753906,1276.5,120.83000183105469,169.774658203125,251.72039794921875,2802.389892578125,7607.35009765625,17.5,-0.00974546520800379,-0.00400909814528605,,,,,,,
2019-05-29,8659.4873046875,269.4556884765625,1280.5999755859375,120.87000274658203,168.37811279296875,250.03114318847656,2783.02001953125,7547.31005859375,17.899999618530273,-0.006935191916087824,-0.00851098282071261,0.0032118884339502607,0.00033105118696652447,-0.008225876729407777,-0.006710837796637281,-0.0069119122568113145,-0.007892372283615279,0.02285712105887283
2019-05-30,8319.47265625,255.85894775390625,1287.0999755859375,121.69000244140625,169.08590698242188,250.7140655517578,2788.860107421875,7567.72021484375,17.299999237060547,-0.039264986075266295,-0.050460024798618774,0.005075745840949164,0.0067841455794739325,0.004203599729873497,0.002731349201433142,0.0020984713906617714,0.0027042954498417426,-0.03351957509812453
2019-05-31,8574.501953125,268.1135559082031,1305.800048828125,123.33000183105469,166.38845825195312,247.33563232421875,2752.06005859375,7453.14990234375,18.709999084472656,0.030654502684543283,0.04789595307053229,0.014528842822543409,0.013476862164072179,-0.015953125713482286,-0.013475244079760751,-0.01319537280847849,-0.015139343058068633,0.08150288494762292
2019-06-01,8564.0166015625,265.3912658691406,,,,,,,,-0.001222852548150466,-0.01015349645354957,,,,,,,
2019-06-02,8742.9580078125,270.22552490234375,,,,,,,,0.020894565549692157,0.018215592051875618,,,,,,,
2019-06-03,8208.9951171875,252.60792541503906,1322.699951171875,125.11000061035156,162.72496032714844,246.7067413330078,2744.449951171875,7333.02001953125,18.860000610351562,-0.061073482241120636,-0.06519591179875206,,,,,,,
2019-06-04,7707.77099609375,241.3387908935547,1323.4000244140625,125.1500015258789,167.30682373046875,252.06182861328125,2803.27001953125,7527.1201171875,16.969999313354492,-0.06105791439007158,-0.0446111676938441,0.0005292759265373981,0.0003197259638094696,0.028157102598819206,0.021706286789484608,0.021432370568193138,0.02646932602655805,-0.1002121546040522
2019-06-05,7824.2314453125,247.05101013183594,1328.300048828125,125.47000122070312,168.55023193359375,254.2451934814453,2826.14990234375,7575.47998046875,16.09000015258789,0.015109484866347334,0.023668881480394477,0.0037026026323612182,0.00255692921232642,0.00743190370482516,0.008662021061165204,0.008161854781411959,0.0064247497752591975,-0.05185616949754901
2019-06-06,7822.0234375,249.47433471679688,1337.5999755859375,125.87999725341797,169.889404296875,255.89857482910156,2843.489990234375,7615.5498046875,15.930000305175781,-0.00028220123956368415,0.009809004964876467,0.007001375002596122,0.003267681746441209,0.007945241889722565,0.006503097757782905,0.006135586748687638,0.00528941061451671,-0.009944055058717649
2019-06-07,8043.951171875,250.93035888671875,1341.199951171875,126.58999633789062,173.17030334472656,258.4593200683594,2873.340087890625,7742.10009765625,16.299999237060547,0.02837216433167966,0.005836368585068197,0.0026913693567918173,0.0056402851919619135,0.019311969816071084,0.010006875735701026,0.01049769746289475,0.016617354782560323,0.023226548951449155
2019-06-08,7954.1279296875,245.73809814453125,,,,,,,,-0.011166557363197271,-0.020692038879725705,,,,,,,
2019-06-09,7688.0771484375,233.08670043945312,,,,,,,,-0.033448139582594405,-0.051483257177473485,,,,,,,
2019-06-10,8000.32958984375,247.52012634277344,1324.699951171875,125.33000183105469,175.1885528564453,259.6454162597656,2886.72998046875,7823.169921875,15.9399995803833,0.04061515452790565,0.06192299207165419,,,,,,,
2019-06-11,7927.71435546875,245.78182983398438,1326.4000244140625,125.18000030517578,175.42770385742188,259.5824890136719,2885.719970703125,7822.56982421875,15.989999771118164,-0.009076530355347279,-0.007022849149575072,0.0012833647654955094,-0.0011968524989021123,0.0013651063216015835,-0.00024235839399833203,-0.00034988023558091275,-7.670773640899853e-05,0.003136774909103357
2019-06-12,8145.857421875,260.9032897949219,1331.9000244140625,125.83000183105469,174.41380310058594,259.12420654296875,2879.840087890625,7792.72021484375,15.90999984741211,0.027516514423324256,0.06152391318410899,0.0041465620467171505,0.00519253494403471,-0.005779593157418161,-0.0017654598830778578,-0.0020375791387226005,-0.003815831631516442,-0.00500312225460775
2019-06-13,8230.923828125,256.1687927246094,1339.199951171875,126.5999984741211,175.4468994140625,260.1933898925781,2891.639892578125,7837.1298828125,15.819999694824219,0.010442903901259237,-0.018146559493496417,0.005480836867634897,0.006119340633088832,0.005923248591057639,0.0041261423001486275,0.004097381912668174,0.005698865960073629,-0.005656829255251683
2019-06-14,8693.8330078125,264.08746337890625,1340.0999755859375,126.55999755859375,174.70077514648438,259.90594482421875,2886.97998046875,7796.66015625,15.279999732971191,0.05624024585256682,0.030911925570925147,0.0006720612655899405,-0.00031596300165459557,-0.004252707058773564,-0.001104736244368243,-0.001611511904139773,-0.005163845332109895,-0.03413400583248416
2019-06-15,8838.375,269.0193176269531,,,,,,,,0.01662580728863916,0.018675079024750074,,,,,,,
2019-06-16,8994.48828125,269.22320556640625,,,,,,,,0.017663120341691707,0.0007578933039145141,,,,,,,
2019-06-17,9320.3525390625,274.3511047363281,1338.699951171875,126.4800033569336,175.75296020507812,260.00469970703125,2889.669921875,7845.02001953125,15.350000381469727,0.03622932707487103,0.01904701773063544,,,,,,,
2019-06-18,9081.7626953125,265.0518493652344,1346.5999755859375,127.12000274658203,178.306884765625,262.7273254394531,2917.75,7953.8798828125,15.149999618530273,-0.025598800340442818,-0.033895454439780814,0.005901265931284261,0.005060083591572395,0.014531331691749694,0.010471448152628238,0.009717399870633026,0.013876301527622426,-0.013029365340009424
2019-06-19,9273.521484375,269.4317932128906,1344.5999755859375,127.88999938964844,178.9764404296875,263.3203125,2926.4599609375,7987.31982421875,14.329999923706055,0.021114710381221036,0.016524856771026775,-0.0014852220676223604,0.006057242183997058,0.0037550746564980475,0.0022570437222508843,0.002985163546397107,0.004204230124031705,-0.05412539376048964
2019-06-20,9527.16015625,271.69500732421875,1392.9000244140625,131.11000061035156,180.64083862304688,265.836181640625,2954.179931640625,8051.33984375,14.75,0.027350847496536934,0.00839995192972598,0.0359215005987763,0.025177896911959374,0.009299537913277645,0.009554405874499405,0.009472185190685156,0.008015206720173085,0.029309147140966996
2019-06-21,10144.556640625,294.9102783203125,1396.199951171875,131.97999572753906,180.37295532226562,265.4497985839844,2950.4599609375,8031.7099609375,15.399999618530273,0.06480383180815696,0.08544607140458238,0.0023691052480243613,0.006635612181659978,-0.0014829609008860656,-0.0014534630096476597,-0.0012592227925193322,-0.002438088963259699,0.044067770747815205
2019-06-22,10701.69140625,309.38031005859375,,,,,,,,0.0549195775982847,0.04906587800430895,,,,,,,
2019-06-23,10855.37109375,307.8277893066406,,,,,,,,0.014360317604584338,-0.005018162764330758,,,,,,,
2019-06-24,11011.1025390625,310.4246826171875,1414.300048828125,133.94000244140625,180.3787384033203,265.1246337890625,2945.35009765625,8005.7001953125,15.260000228881836,0.014346026862422256,0.008436188676779866,,,,,,,
2019-06-25,11790.9169921875,318.1263122558594,1414.9000244140625,134.1999969482422,177.28231811523438,262.5244445800781,2917.3798828125,7884.72021484375,16.280000686645508,0.07082074209722089,0.024809978297278157,0.00042422086206861387,0.0019411266395166216,-0.01716621546139463,-0.009807422161507318,-0.009496397343734198,-0.015111730081971642,0.06684144446034601
2019-06-26,13016.2314453125,336.753173828125,1411.5999755859375,132.97000122070312,178.10675048828125,262.26251220703125,2913.780029296875,7909.97021484375,16.209999084472656,0.10392020009443503,0.05855177913508958,-0.002332354775024914,-0.009165393111099984,0.004650392559234273,-0.0009977446994159367,-0.0012339337557076835,0.0032023964467964294,-0.004299852531964188
2019-06-27,11182.806640625,294.26763916015625,1408.4000244140625,132.83999633789062,178.7873992919922,263.1925354003906,2924.919921875,7967.759765625,15.819999694824219,-0.14085680731712602,-0.1261622397942206,-0.002266896590549128,-0.000977700846950591,0.0038215778000829648,0.003546153758434256,0.003823175554131808,0.007305912564980588,-0.024059186408098787
2019-06-28,12407.33203125,311.2261047363281,1409.699951171875,133.1999969482422,179.01748657226562,264.5467834472656,2941.760009765625,8006.240234375,15.079999923706055,0.1095007210601795,0.05762939351595553,0.0009229812093713985,0.0027100317696175935,0.0012869323072239869,0.005145465257268,0.0057574526279098315,0.004829521707722106,-0.04677621905139906
2019-06-29,11959.37109375,320.05889892578125,,,,,,,,-0.03610453370408184,0.028380634063252197,,,,,,,
2019-06-30,10817.1552734375,290.69598388671875,,,,,,,,-0.09550801721584046,-0.09174222350202954,,,,,,,
2019-07-01,10583.134765625,293.64111328125,1385.5999755859375,130.6199951171875,181.4332733154297,266.9486083984375,2964.330078125,8091.16015625,14.0600004196167,-0.021634200665230252,0.010131304035073674,,,,,,,
2019-07-02,10801.677734375,291.596435546875,1404.5999755859375,133.41000366210938,182.15223693847656,267.6437072753906,2973.010009765625,8109.08984375,12.930000305175781,0.020650116774459715,-0.006963186154442247,0.013712471373251489,0.021359735486276676,0.003962688926396174,0.002603867767370538,0.002928125887423194,0.0022159600296813853,-0.08036984926859081
2019-07-03,11961.26953125,303.0999755859375,1417.699951171875,133.6300048828125,183.52310180664062,269.78363037109375,2995.820068359375,8170.22998046875,12.569999694824219,0.1073529339969792,0.039450208016048594,0.009326481427904598,0.001649060899963084,0.007525929361092976,0.007995417181623665,0.007672378673070135,0.0075397039491273965,-0.027842273925349992
2019-07-04,11215.4375,284.5232238769531,,,,,,,,-0.06235391898004139,-0.06128918906401337,,,,,,,
2019-07-05,10978.4599609375,287.9975280761719,1396.699951171875,132.13999938964844,183.1492156982422,269.47662353515625,2990.409912109375,8161.7900390625,13.279999732971191,-0.02112958491922401,0.01221096876338379,,,,,,,
2019-07-06,11208.55078125,287.547119140625,,,,,,,,0.02095838770931313,-0.0015639333384408483,,,,,,,
2019-07-07,11450.8466796875,305.7005615234375,,,,,,,,0.021617058544519452,0.06313206140637617,,,,,,,
2019-07-08,12285.9580078125,313.25140380859375,1397.0,131.2899932861328,181.8646240234375,267.9959411621094,2975.949951171875,8098.3798828125,13.960000038146973,0.07293009429655473,0.024700125663908334,,,,,,,
2019-07-09,12573.8125,308.8810119628906,1397.5,131.75,182.77536010742188,268.3299255371094,2979.6298828125,8141.72998046875,14.09000015258789,0.023429552014133215,-0.013951707135440583,0.0003579098067287845,0.0035037454291328984,0.005007769316736521,0.0012462292285164711,0.0012365569653400854,0.005352934572537604,0.009312329089232074
2019-07-10,12156.5126953125,290.0023193359375,1410.0999755859375,133.8300018310547,184.59677124023438,269.6119689941406,2993.070068359375,8202.5302734375,13.029999732971191,-0.03318800918078746,-0.061119628257438,0.00901608270907861,0.015787490178783115,0.0099652991067396,0.0047778623814136445,0.0045106896075925995,0.007467736355124099,-0.0752306890090424
2019-07-11,11358.662109375,268.70404052734375,1404.300048828125,132.6999969482422,184.46253967285156,270.2441101074219,2999.909912109375,8196.0400390625,12.930000305175781,-0.06563153479411477,-0.07344175335343406,-0.004113131592249353,-0.008443584154164463,-0.0007271609708066062,0.0023446329761975804,0.002285226738359958,-0.0007912478416589597,-0.007674553326533884
2019-07-12,11815.986328125,276.2767028808594,1409.9000244140625,133.52999877929688,185.5266571044922,271.4538269042969,3013.77001953125,8244.1396484375,12.390000343322754,0.04026215537942113,0.028182167780781864,0.00398773438098976,0.006254723814186791,0.005768745424018729,0.004476385429433183,0.004620174547884881,0.005868640117148827,-0.041763337131312306
2019-07-13,11392.37890625,269.45880126953125,,,,,,,,-0.03585036493032401,-0.02467780142239595,,,,,,,
2019-07-14,10256.05859375,227.57806396484375,,,,,,,,-0.09974390088768914,-0.1554253826832529,,,,,,,
2019-07-15,10895.08984375,229.7760009765625,1411.4000244140625,133.52999877929688,186.12103271484375,271.544189453125,3014.300048828125,8258.1904296875,12.680000305175781,0.06230768322534974,0.009657947578191495,,,,,,,
2019-07-16,9477.6416015625,199.1886749267578,1409.199951171875,132.39999389648438,185.162353515625,270.6684265136719,3004.0400390625,8222.7998046875,12.859999656677246,-0.13009972955850602,-0.1331180189393436,-0.001558787873126799,-0.008462554430785363,-0.005150837523492324,-0.003225121263750297,-0.003403778522185874,-0.0042855181533201225,0.014195532111145992
2019-07-17,9693.802734375,211.48497009277344,1421.300048828125,134.5800018310547,184.2516326904297,268.8265380859375,2984.419921875,8185.2099609375,13.970000267028809,0.022807481217359316,0.06173189901753706,0.008586501614755049,0.01646531748539748,-0.004918498862774845,-0.006804962261238612,-0.006531243569450895,-0.004571416627286884,0.0863142021761425
2019-07-18,10666.482421875,226.566162109375,1426.0999755859375,136.47999572753906,184.46253967285156,269.8106689453125,2995.110107421875,8207.240234375,13.529999732971191,0.10034036323545137,0.07131094001614291,0.00337713824872532,0.014117951186161548,0.0011446681874252018,0.003660839686371986,0.003581997784064761,0.002691473223366936,-0.03149610061898722
2019-07-19,10530.732421875,221.3334197998047,1425.0999755859375,134.47000122070312,183.11083984375,268.3119812011719,2976.610107421875,8146.490234375,14.449999809265137,-0.012726782329064878,-0.023095868601261782,-0.0007012131106650665,-0.014727392803034478,-0.007327774145898802,-0.005554590372571222,-0.00617673452276668,-0.007402000948571796,0.0679970505876657
2019-07-20,10767.1396484375,229.1192169189453,,,,,,,,0.02244926725812757,0.03517678047076145,,,,,,,
2019-07-21,10599.10546875,225.63076782226562,,,,,,,,-0.015606204170657723,-0.01522547581817979,,,,,,,
2019-07-22,10343.1064453125,217.5600128173828,1425.300048828125,134.4499969482422,184.5680389404297,268.9709777832031,2985.030029296875,8204.1396484375,13.529999732971191,-0.024152889523769483,-0.03576974489241791,,,,,,,
2019-07-23,9900.767578125,212.728515625,1420.0999755859375,133.69000244140625,185.77593994140625,270.8941955566406,3005.469970703125,8251.400390625,12.609999656677246,-0.04276653919461193,-0.022207652637152187,-0.003648405994557402,-0.005652618252780628,0.006544475456914833,0.007150279890002276,0.006847482673755456,0.005760596992824274,-0.0679970505876657
2019-07-24,9811.92578125,217.04637145996094,1422.800048828125,134.3699951171875,187.07965087890625,272.1672058105469,3019.56005859375,8321.5,12.069999694824219,-0.00897322315406024,0.02029749430759198,0.0019013261661902092,0.005086339018351538,0.007017652220794535,0.004699289518885541,0.004688147952890187,0.008495480288975621,-0.04282315436599449
2019-07-25,9911.841796875,219.6179962158203,1413.9000244140625,133.4199981689453,185.30618286132812,270.8670349121094,3003.669921875,8238.5400390625,12.739999771118164,0.01018311979244002,0.011848273429135636,-0.006255288240531676,-0.007070008058076338,-0.0094797483812179,-0.004777103452142328,-0.005262401280453521,-0.009969351792044723,0.05550953547921389
2019-07-26,9870.3037109375,219.62960815429688,1418.5,133.63999938964844,187.21388244628906,272.68194580078125,3025.860107421875,8330.2099609375,12.15999984741211,-0.004190753523789725,5.287334679593414e-05,0.003253395223501654,0.001648937368628589,0.010294851232182323,0.006700375663139635,0.007387691099234761,0.011126961990881146,-0.04552589749812441
2019-07-27,9477.677734375,207.40830993652344,,,,,,,,-0.039778510171619375,-0.05564503948478372,,,,,,,
2019-07-28,9552.8603515625,211.18655395507812,,,,,,,,0.007932599028432463,0.01821645439235775,,,,,,,
2019-07-29,9519.1455078125,211.26805114746094,1419.5999755859375,134.52999877929688,186.57159423828125,272.185302734375,3020.969970703125,8293.330078125,12.829999923706055,-0.0035292930608459283,0.0003859014262819205,,,,,,,
2019-07-30,9607.423828125,210.52259826660156,1429.699951171875,134.97999572753906,185.766357421875,271.5171203613281,3013.179931640625,8273.6103515625,13.9399995803833,0.00927376519668166,-0.0035284695286892376,0.007114663116113862,0.003344956160896251,-0.0043159668527987805,-0.0024548804301125493,-0.0025786549148275606,-0.002377781467364226,0.08651595193124617
2019-07-31,10085.6279296875,218.65414428710938,1426.0999755859375,133.2100067138672,183.1971893310547,268.546630859375,2980.3798828125,8175.419921875,16.1200008392334,0.04977443590680308,0.03862552565596866,-0.0025179937811333764,-0.013112972808538625,-0.013830104258252374,-0.010940339592582893,-0.010885526112695776,-0.011867905970330939,0.15638460003383692
2019-08-01,10399.6689453125,217.80844116210938,1420.9000244140625,136.41000366210938,182.2864227294922,266.2080993652344,2953.56005859375,8111.1201171875,17.8700008392334,0.031137477786643997,-0.0038677662742561125,-0.0036462739365369368,0.02402219643390402,-0.004971509687938802,-0.00870810215215545,-0.00899879386967306,-0.007865015534609165,0.10856078839281391
2019-08-02,10518.1748046875,217.87156677246094,1445.5999755859375,135.88999938964844,179.6022186279297,264.2037658691406,2932.050048828125,8004.06982421875,17.610000610351562,0.01139515690337567,0.0002898216892548433,0.017383313918979404,-0.0038120684590625675,-0.014725200381740855,-0.007529198025428285,-0.007282739927037873,-0.01319796667070805,-0.014549536467340696
2019-08-03,10821.7265625,222.49034118652344,,,,,,,,0.028859736926716506,0.021199528155439573,,,,,,,
2019-08-04,10970.1845703125,222.6697235107422,,,,,,,,0.013718514042569074,0.0008062476926509188,,,,,,,
2019-08-05,11805.6533203125,234.21502685546875,1464.5999755859375,137.7899932861328,173.2559814453125,256.25836181640625,2844.739990234375,7726.0400390625,24.59000015258789,0.07615813067183441,0.05184945291482146,,,,,,,
2019-08-06,11478.1689453125,226.02064514160156,1472.4000244140625,138.91000366210938,175.68141174316406,259.8517761230469,2881.77001953125,7833.27001953125,20.170000076293945,-0.027739623222421628,-0.03498657547247741,0.0053257196218403635,0.008128386897085838,0.013999114360257359,0.014022622642125171,0.013017017169932643,0.01387903504597432,-0.17974786697302148
2019-08-07,11941.96875,226.39100646972656,1507.300048828125,141.02000427246094,176.63043212890625,260.0053405761719,2883.97998046875,7862.830078125,19.489999771118164,0.040407124768529146,0.0016386172506186458,0.023702814340790912,0.015189695160357397,0.005401939660694355,0.0005909694188592773,0.0007668762331907164,0.003773655002322851,-0.03371345079839605
2019-08-08,11966.4072265625,220.94186401367188,1497.699951171875,141.72999572753906,180.474609375,265.10662841796875,2938.090087890625,8039.16015625,16.90999984741211,0.002046436150864972,-0.02406960656709367,-0.006369068762197561,0.005034686098196239,0.021763957658713196,0.019619934846309084,0.018762303409984193,0.022425777534677227,-0.13237557485912876
2019-08-09,11862.9365234375,210.48890686035156,1496.5999755859375,141.25999450683594,178.77783203125,263.3008728027344,2918.64990234375,7959.14013671875,17.969999313354492,-0.008646764326666112,-0.04731089420280021,-0.0007344432274815071,-0.0033161732510501585,-0.00940175102539964,-0.006811431407846236,-0.00661660635492356,-0.009953778501233024,0.0626847708756546
2019-08-10,11354.0244140625,206.73353576660156,,,,,,,,-0.042899336801604404,-0.0178411829381655,,,,,,,
2019-08-11,11523.5791015625,216.09286499023438,,,,,,,,0.014933443976921312,0.045272428534281595,,,,,,,
2019-08-12,11382.6162109375,211.28807067871094,1505.300048828125,142.6300048828125,176.72634887695312,260.0955810546875,2882.699951171875,7863.41015625,21.09000015258789,-0.01223256154903185,-0.022234858664771595,,,,,,,
2019-08-13,10895.830078125,208.70904541015625,1502.199951171875,141.77999877929688,180.59921264648438,264.14056396484375,2926.320068359375,8016.35986328125,17.520000457763672,-0.0427657511938907,-0.012206203882075273,-0.0020594549629248116,-0.005959518154781018,0.021914467164303675,0.015551909393284769,0.015131688322181258,0.01945081128824011,-0.16927452200071014
2019-08-14,10051.7041015625,186.6077423095703,1515.9000244140625,142.75,175.20205688476562,256.3305969238281,2840.60009765625,7773.93994140625,22.100000381469727,-0.07747238810719048,-0.1058952814294768,0.009120006448875229,0.0068415942238304606,-0.029884713685233266,-0.02956746560916368,-0.029292752911742603,-0.030240648624745403,0.26141551392919693
2019-08-15,10311.5458984375,188.50205993652344,1519.5999755859375,143.6999969482422,175.00076293945312,257.0077209472656,2847.60009765625,7766.6201171875,21.18000030517578,0.025850521886593203,0.010151334577589877,0.0024407619976820616,0.0066549698650941735,-0.001148924555405717,0.0026416043639094777,0.0024642680276520945,-0.0009415848686664674,-0.041628962009672255
2019-08-16,10374.3388671875,185.44007873535156,1512.5,142.77999877929688,177.80958557128906,260.7998046875,2888.679931640625,7895.990234375,18.469999313354492,0.006089578552864294,-0.016243754589222892,-0.004672266188474938,-0.006402214255277094,0.01605034506511105,0.014754746379827433,0.014426124657807904,0.01665719646841035,-0.12795094205730695
2019-08-17,10231.744140625,185.68768310546875,,,,,,,,-0.013744945908168327,0.0013352257602874396,,,,,,,
2019-08-18,10345.810546875,194.4935302734375,,,,,,,,0.011148285637548438,0.04742289321886317,,,,,,,
2019-08-19,10916.0537109375,203.09193420410156,1500.4000244140625,141.11000061035156,180.63755798339844,263.9419250488281,2923.64990234375,8002.81005859375,16.8799991607666,0.05511826854733437,0.04420920283865293,,,,,,,
2019-08-20,10763.232421875,196.56541442871094,1504.5999755859375,142.2100067138672,179.2379608154297,261.9194641113281,2900.510009765625,7948.56005859375,17.5,-0.013999682770833077,-0.03213579013350509,0.0027992209434382076,0.007795380191040424,-0.00774809615228178,-0.007662522492877355,-0.007914727601131322,-0.00677886887265855,0.036729909363647284
2019-08-21,10138.0498046875,186.89163208007812,1504.5999755859375,141.75999450683594,180.82928466796875,264.0502624511719,2924.429931640625,8020.2099609375,15.800000190734863,-0.0580850243386819,-0.04921406126682193,0.0,-0.003164420123660472,0.008878274698615574,0.008135318797605873,0.00824679859557964,0.009014199026688319,-0.09714284624372205
2019-08-22,10131.0556640625,191.33291625976562,1497.300048828125,141.39999389648438,180.2445526123047,263.9690246582031,2922.949951171875,7991.39013671875,16.68000030517578,-0.0006898901425563819,0.02376395417096333,-0.0048517392504739965,-0.0025395077899371676,-0.0032336137188051506,-0.0003076603379016385,-0.0005060748601761755,-0.003593400217589915,0.05569620910238671
2019-08-23,10407.96484375,194.70620727539062,1526.5999755859375,144.1699981689453,174.5405731201172,257.18829345703125,2847.110107421875,7751.77001953125,19.8700008392334,0.027332707357414776,0.017630479279609146,0.019568507181138672,0.019589847185487175,-0.03164578018874398,-0.025687601831130835,-0.025946336754618105,-0.029984785261139457,0.19124703091688589
2019-08-24,10159.9609375,191.28956604003906,,,,,,,,-0.0238282805498643,-0.017547674946588154,,,,,,,
2019-08-25,10138.517578125,186.84239196777344,,,,,,,,-0.0021105749822180053,-0.023248388107769413,,,,,,,
2019-08-26,10370.8203125,188.92938232421875,1526.300048828125,144.19000244140625,177.17689514160156,260.03240966796875,2878.3798828125,7853.740234375,19.31999969482422,0.022912889639430167,0.011169790401769575,,,,,,,
2019-08-27,10185.5,187.51666259765625,1541.0,145.57000732421875,176.80296325683594,259.0120544433594,2869.159912109375,7826.9501953125,20.309999465942383,-0.017869397686568034,-0.007477501430339428,0.009631101815898768,0.00957073902105865,-0.002110500268484694,-0.003923954040622291,-0.003203180635808267,-0.0034111185579124292,0.051242224987373186
2019-08-28,9754.4228515625,173.8899688720703,1537.800048828125,145.16000366210938,177.4356689453125,260.83599853515625,2887.93994140625,7856.8798828125,19.350000381469727,-0.0423226300562074,-0.072669241958641,-0.002076541967472423,-0.002816539407023644,0.0035785921051416647,0.007041927433519168,0.006545480165679685,0.003823927168710606,-0.04726731214751967
2019-08-29,9510.2001953125,169.51673889160156,1526.5,144.1199951171875,180.14866638183594,264.16754150390625,2924.580078125,7973.39013671875,17.8799991607666,-0.02503712008044423,-0.025149409185794447,-0.007348191227290024,-0.007164566813753437,0.015290034143921716,0.012772558187749361,0.012687291793508804,0.014829074090991767,-0.07596905383582586
2019-08-30,9598.173828125,168.83486938476562,1519.0999755859375,143.75,179.71728515625,264.0502624511719,2926.4599609375,7962.8798828125,18.979999542236328,0.009250450148868827,-0.004022431715560382,-0.004847706789428474,-0.0025672712303844714,-0.0023945846186371744,-0.0004439570890000244,0.0006427872591217021,-0.001318166266297216,0.06152127701904009
2019-08-31,9630.6640625,172.46978759765625,,,,,,,,0.0033850433381186207,0.021529428287748065,,,,,,,
2019-09-01,9757.970703125,171.62942504882812,,,,,,,,0.013218884990569668,-0.004872520344192388,,,,,,,
2019-09-02,10346.7607421875,178.34735107421875,,,,,,,,0.06033939401703048,0.03914204119415654,,,,,,,
2019-09-03,10623.5400390625,179.49932861328125,1545.9000244140625,145.75,177.9725341796875,262.50628662109375,2906.27001953125,7874.16015625,19.65999984741211,0.02675033314982045,0.0064591794165931304,,,,,,,
2019-09-04,10594.4931640625,175.99288940429688,1550.300048828125,146.66000366210938,180.54173278808594,265.4859313964844,2937.780029296875,7976.8798828125,17.329999923706055,-0.002734199230500889,-0.019534553338295457,0.002846254184988517,0.006243592878966586,0.014435927544889982,0.011350755876149643,0.010842079212828093,0.013045166027130906,-0.11851474780213478
2019-09-05,10575.533203125,174.21713256835938,1515.4000244140625,143.13999938964844,183.84901428222656,268.8988037109375,2976.0,8116.830078125,16.270000457763672,-0.0017896052830365106,-0.010089935121516014,-0.022511786954043878,-0.024001119491110168,0.018318653770885263,0.01285519084382769,0.013009813642266721,0.01754447821309757,-0.061165578223251416
2019-09-06,10353.302734375,169.9561767578125,1506.199951171875,141.9199981689453,183.66685485839844,269.10638427734375,2978.7099609375,8103.06982421875,15.0,-0.021013642005712985,-0.024457731267474303,-0.006071052589394554,-0.008523132778435305,-0.0009908099020237149,0.0007719653770918988,0.0009106051537297599,-0.0016952743588083408,-0.07805780098535009
2019-09-07,10517.2548828125,178.2626190185547,,,,,,,,0.015835734030373416,0.04887402399371976,,,,,,,
2019-09-08,10441.2763671875,181.35552978515625,,,,,,,,-0.007224177456150227,0.017350304756150958,,,,,,,
2019-09-09,10334.974609375,181.1494598388672,1502.199951171875,141.38999938964844,183.28343200683594,269.2418212890625,2978.429931640625,8087.43994140625,15.270000457763672,-0.010180916017754393,-0.0011362760569428865,,,,,,,
2019-09-10,10115.9755859375,179.78717041015625,1490.300048828125,140.17999267578125,182.75616455078125,269.1786193847656,2979.389892578125,8084.16015625,15.199999809265137,-0.02119008819226731,-0.007520251122596244,-0.007921650066934682,-0.008557937047107611,-0.0028767873357752327,-0.00023474029403858232,0.0003223043548219451,-0.0004055405888652164,-0.004584194263265062
2019-09-11,10178.3720703125,178.72549438476562,1494.4000244140625,141.02999877929688,184.47216796875,271.0927734375,3000.929931640625,8169.68017578125,14.609999656677246,0.006168113381149309,-0.0059051823496002465,0.0027511074626627163,0.006063676329913781,0.009389578853258973,0.007111092467556812,0.007229681189480308,0.010578714161808556,-0.038815799999435296
2019-09-12,10410.126953125,181.01609802246094,1498.699951171875,141.32000732421875,185.2390594482422,272.0318298339844,3009.570068359375,8194.4697265625,14.220000267028809,0.022769346729666573,0.012816322850751405,0.0028773599354687818,0.002056360685188219,0.004157220506142201,0.003463966909102778,0.002879153101061016,0.0030343355245090464,-0.02669400402553701
2019-09-13,10360.546875,181.10972595214844,1490.9000244140625,140.14999389648438,184.57763671875,271.8511962890625,3007.389892578125,8176.7099609375,13.739999771118164,-0.004762677568511009,0.0005172353769105076,-0.005204461874915967,-0.008279177519783909,-0.0035706439638719667,-0.0006640162110150838,-0.0007244143620946941,-0.0021672867455269085,-0.03375530850189912
2019-09-14,10358.048828125,188.1055145263672,,,,,,,,-0.00024111148814232042,0.03862734890376407,,,,,,,
2019-09-15,10347.712890625,189.78912353515625,,,,,,,,-0.0009978652998753335,0.00895034371016834,,,,,,,
2019-09-16,10276.7939453125,197.11317443847656,1503.0999755859375,141.32000732421875,183.75315856933594,271.01141357421875,2997.9599609375,8153.5400390625,14.670000076293945,-0.006853586494147135,0.0385904669714312,,,,,,,
2019-09-17,10241.2724609375,208.60874938964844,1505.0999755859375,141.60000610351562,184.63514709472656,271.6976623535156,3005.699951171875,8186.02001953125,14.4399995803833,-0.003456475294145833,0.05831966830182567,0.001330583482459513,0.0019813102518067005,0.0047998550460717215,0.002532176671994346,0.0025817523700197853,0.0039835433827690725,-0.015678288664927487
2019-09-18,10198.248046875,211.39303588867188,1507.5,140.7100067138672,184.55845642089844,271.8603515625,3006.72998046875,8177.39013671875,13.949999809265137,-0.004201080893668663,0.013346930592172068,0.0015945946800830502,-0.006285306153149484,-0.00041536335326652907,0.0005987876655806357,0.00034269198975556137,-0.0010542220507535616,-0.033933503141082344
2019-09-19,10266.4150390625,221.28085327148438,1498.4000244140625,141.27999877929688,184.86521911621094,271.8421936035156,3006.7900390625,8182.8798828125,14.050000190734863,0.0066841865263698175,0.04677456540252267,-0.006036468050373167,0.004050828215713009,0.0016621438066912742,-6.679149379451577e-05,1.997472142156731e-05,0.0006713322957527801,0.0071684862248750925
2019-09-20,10181.6416015625,218.050048828125,1507.300048828125,142.9499969482422,182.90957641601562,270.55780029296875,2992.070068359375,8117.669921875,15.319999694824219,-0.008257355384274523,-0.014600469925861947,0.005939685176889142,0.011820485442912032,-0.010578748720525666,-0.004724775405616999,-0.0048955765157830955,-0.007969072242459352,0.09039142255149901
2019-09-21,10019.716796875,215.51620483398438,,,,,,,,-0.015903604843314323,-0.011620469739669237,,,,,,,
2019-09-22,10070.392578125,211.54537963867188,,,,,,,,0.005057606145695059,-0.018424717521224432,,,,,,,
2019-09-23,9729.32421875,201.9213104248047,1523.699951171875,143.75,182.990234375,270.4942932128906,2991.780029296875,8112.4599609375,14.90999984741211,-0.033868427345709606,-0.04549411209219267,,,,,,,
2019-09-24,8620.56640625,168.11073303222656,1532.0999755859375,144.50999450683594,180.5600128173828,268.37176513671875,2966.60009765625,7993.6298828125,17.049999237060547,-0.1139604136496184,-0.1674443243333108,0.0055129124389627915,0.005286918308423871,-0.013280607929256782,-0.007846849746664941,-0.008416371322106486,-0.01464784771785399,0.1435277942018136
2019-09-25,8486.9931640625,170.8927001953125,1504.5999755859375,141.8300018310547,182.58680725097656,269.9591369628906,2984.8701171875,8077.3798828125,15.960000038146973,-0.015494717619790932,0.01654842087062125,-0.01794922031082391,-0.018545379403875573,0.011225045911154474,0.005914824256431084,0.006158571742003405,0.010477092538406785,-0.0639295746444557
2019-09-26,8118.9677734375,166.7271270751953,1507.5,141.7899932861328,181.91441345214844,269.396728515625,2977.6201171875,8030.66015625,16.06999969482422,-0.043363460239767226,-0.024375371887484842,0.001927438828339234,-0.0002820880237280887,-0.0036825979321927216,-0.002083309546744183,-0.002428916406865711,-0.005784019971861509,0.00689220904851684
2019-09-27,8251.845703125,174.71099853515625,1499.0999755859375,141.05999755859375,179.65707397460938,267.9454345703125,2961.7900390625,7939.6298828125,17.219999313354492,0.01636635757099958,0.047885857568697565,-0.005572155498548947,-0.005148429100112373,-0.012408799471696819,-0.005387199589650282,-0.005316352490240539,-0.01133534126290403,0.0715618942357954
2019-09-28,8245.9150390625,174.57289123535156,,,,,,,,-0.0007187075808087195,-0.0007904900147250871,,,,,,,
2019-09-29,8104.185546875,170.50347900390625,,,,,,,,-0.017187842891431715,-0.023310676718752976,,,,,,,
2019-09-30,8293.8681640625,179.87220764160156,1465.699951171875,138.8699951171875,181.36683654785156,269.1880798339844,2976.739990234375,7999.33984375,16.239999771118164,0.023405512631758718,0.054947433873068885,,,,,,,
2019-10-01,8343.2763671875,177.34042358398438,1482.0,139.6300048828125,179.8876190185547,265.9862365722656,2940.25,7908.68017578125,18.559999465942383,0.005957196587605074,-0.014075459965787518,0.01112099977563119,0.005472814807717441,-0.008155942715065256,-0.011894446677183534,-0.012258373372913245,-0.011333393722431251,0.14285712607891754
2019-10-02,8393.0419921875,180.71051025390625,1501.0,141.25999450683594,176.79446411132812,261.28759765625,2887.610107421875,7785.25,20.559999465942383,0.005964758065035269,0.019003488329472074,0.012820512820512775,0.011673634369571584,-0.017194929390374036,-0.017664970099830923,-0.017903202985502964,-0.015606924674894551,0.10775862379037249
2019-10-03,8259.9921875,175.1993408203125,1507.0999755859375,141.89999389648438,178.7349395751953,263.42828369140625,2910.6298828125,7872.259765625,19.1200008392334,-0.015852393543526522,-0.03049722689538259,0.004063941096560608,0.004530648552570016,0.010975883626340499,0.008192834464238574,0.00797191259701524,0.011176232699656508,-0.07003884553082507
2019-10-04,8205.939453125,176.98500061035156,1506.199951171875,141.89999389648438,181.36683654785156,266.9930114746094,2952.010009765625,7982.47021484375,17.040000915527344,-0.006543920762636879,0.010192160436667708,-0.0005971895883765121,0.0,0.014725139801493592,0.01353206168013088,0.014216897585460186,0.013999849153859767,-0.10878660211342595
2019-10-05,8151.50048828125,176.3515167236328,,,,,,,,-0.006634092921928403,-0.0035793083285821092,,,,,,,
2019-10-06,7988.15576171875,173.05914306640625,,,,,,,,-0.02003860844973604,-0.01866938100898885,,,,,,,
2019-10-07,8245.623046875,181.18634033203125,1497.699951171875,140.69000244140625,180.8193359375,265.841064453125,2938.7900390625,7956.2900390625,17.860000610351562,0.03223112979219778,0.046961964110191046,,,,,,,
2019-10-08,8228.783203125,182.0215606689453,1497.199951171875,141.9199981689453,178.11048889160156,261.7139587402344,2893.06005859375,7823.77978515625,20.280000686645508,-0.0020422766908295698,0.004609731260002858,-0.0003338452402357195,0.00874259511120079,-0.014980958932593103,-0.015524711057641527,-0.015560819201407838,-0.016654779206850545,0.13549831990998507
2019-10-09,8595.740234375,193.2932586669922,1506.0999755859375,142.0500030517578,179.84915161132812,264.1993103027344,2919.39990234375,7903.740234375,18.639999389648438,0.0445943248463081,0.06192507061593355,0.005944446102269962,0.0009160434363713055,0.00976170876036786,0.00949644250716819,0.0091044925499415,0.010220181474235313,-0.08086791131506321
2019-10-10,8586.4736328125,191.65966796875,1494.800048828125,140.80999755859375,181.2419891357422,265.9862365722656,2938.1298828125,7950.77978515625,17.56999969482422,-0.0010780457889411066,-0.00845135888084203,-0.007502773349037706,-0.008729359144837523,0.0077444764789555975,0.0067635538771229076,0.006415695380997066,0.005951555768073602,-0.05740341898393164
2019-10-11,8321.7568359375,182.56968688964844,1482.699951171875,140.02999877929688,183.57618713378906,268.7437438964844,2970.27001953125,8057.0400390625,15.579999923706055,-0.030829512579344187,-0.047427720059411094,-0.00809479345798525,-0.005539370732339566,0.012878903002430997,0.0103671053049752,0.010938977513132997,0.013364758775564756,-0.11326122969167607
2019-10-12,8336.5556640625,180.82664489746094,,,,,,,,0.0017783297946283305,-0.009547269439318606,,,,,,,
2019-10-13,8321.005859375,182.0751495361328,,,,,,,,-0.0018652553061611066,0.006904428489395764,,,,,,,
2019-10-14,8374.6865234375,186.96090698242188,1491.699951171875,140.58999633789062,183.55702209472656,268.4443359375,2966.14990234375,8048.64990234375,14.569999694824219,0.006451222961466829,0.02683374122573201,,,,,,,
2019-10-15,8205.369140625,181.40606689453125,1477.5999755859375,139.61000061035156,185.89120483398438,271.10198974609375,2995.679931640625,8148.7099609375,13.539999961853027,-0.020217757684260373,-0.02971123844843615,-0.009452286684638267,-0.006970593591764218,0.012716390321767301,0.009900204447645722,0.009955676641137279,0.012431905947929645,-0.07069318836959781
2019-10-16,8047.52685546875,176.0135040283203,1488.0,140.41000366210938,185.4301300048828,270.6665954589844,2989.68994140625,8124.18017578125,13.680000305175781,-0.019236463643636514,-0.029726474745445763,0.007038457353749195,0.0057302703836425994,-0.002480347736265043,-0.0016060165678501992,-0.0019995427986508885,-0.0030102660757148625,0.01033975950643895
2019-10-17,8103.9111328125,178.02835083007812,1492.300048828125,140.61000061035156,185.9199981689453,271.4648132324219,2997.949951171875,8156.85009765625,13.789999961853027,0.007006410585064904,0.01144711488405803,0.0028898177608367437,0.0014243781997433924,0.00264179377995144,0.00294908121958648,0.0027628315736780706,0.0040213192184475055,0.008040910396444056
2019-10-18,7973.20751953125,173.621337890625,1488.199951171875,140.4600067138672,184.1333465576172,270.27655029296875,2986.199951171875,8089.5400390625,14.25,-0.016128460830725944,-0.024754556894477253,-0.0027475021926520737,-0.0010667370445437419,-0.009609787160736682,-0.004377226371639398,-0.003919344949506964,-0.00825196709365672,0.03335750829727768
2019-10-19,7988.560546875,172.91302490234375,,,,,,,,0.0019255772919670733,-0.004079642496059188,,,,,,,
2019-10-20,8222.078125,175.5343780517578,,,,,,,,0.029231496307097427,0.01515995195211306,,,,,,,
2019-10-21,8243.720703125,174.92098999023438,1482.4000244140625,139.7899932861328,185.766357421875,272.1088562011719,3006.719970703125,8162.990234375,14.0,0.002632251578733369,-0.003494404163625231,,,,,,,
2019-10-22,8078.203125,172.3008575439453,1481.699951171875,140.1999969482422,184.2870635986328,271.2199401855469,2995.989990234375,8104.2998046875,14.460000038146973,-0.020078018662405217,-0.014978948189324437,-0.00047225663158245723,0.002932997222985456,-0.007963195509522292,-0.0032667662053887936,-0.003568666378412577,-0.007189819906968653,0.03285714558192665
2019-10-23,7514.671875,162.4027862548828,1489.9000244140625,140.52999877929688,184.64247131347656,272.00909423828125,3004.52001953125,8119.7900390625,14.010000228881836,-0.06975948008239763,-0.057446442404025744,0.005534233321464299,0.0023537934253772264,0.001928554874680799,0.002909646142516209,0.0028471487971184484,0.0019113599876994236,-0.031120318677592684
2019-10-24,7493.48876953125,162.16854858398438,1498.9000244140625,141.52999877929688,186.438720703125,272.4534912109375,3010.2900390625,8185.7998046875,13.710000038146973,-0.002818899590176671,-0.0014423254446559453,0.006040673771744887,0.007115918371069618,0.009728256867830076,0.001633757775271194,0.0019204463587332299,0.008129491687277834,-0.02141328949562815
2019-10-25,8660.7001953125,181.52320861816406,1499.5,141.86000061035156,187.92759704589844,273.56927490234375,3022.550048828125,8243.1201171875,12.649999618530273,0.15576341830619223,0.11934903656214346,0.000400277254096304,0.0023316740895991117,0.007985875129149056,0.004095318017203864,0.004072700506109195,0.007002408300674112,-0.07731585825436416
2019-10-26,9244.97265625,179.83547973632812,,,,,,,,0.0674624969992299,-0.009297592823990342,,,,,,,
2019-10-27,9551.71484375,184.24221801757812,,,,,,,,0.03317935043243514,0.02450427628469698,,,,,,,
2019-10-28,9256.1484375,182.66281127929688,1490.0,140.63999938964844,189.78150939941406,275.1112060546875,3039.419921875,8325.990234375,13.109999656677246,-0.030943805493041765,-0.008572447483945034,,,,,,,
2019-10-29,9427.6875,190.3425750732422,1487.0,140.25,188.31185913085938,275.02960205078125,3036.889892578125,8276.849609375,13.199999809265137,0.018532445072405368,0.04204338989507139,-0.00201342281879191,-0.0027730332148816483,-0.007743906522851285,-0.00029662188275247914,-0.0008324053147991117,-0.005902075743148938,0.0068650003771777435
2019-10-30,9205.7265625,184.69216918945312,1493.199951171875,141.02000427246094,189.2244415283203,275.8731689453125,3046.77001953125,8303.98046875,12.329999923706055,-0.02354351875791383,-0.029685454668325395,0.004169435892316775,0.005490226541611021,0.004846122818142673,0.003067185816512552,0.00325337015914573,0.0032779210273761183,-0.06590908319168498
2019-10-31,9199.5849609375,183.9669189453125,1511.4000244140625,142.42999267578125,189.3108673095703,275.138427734375,3037.56005859375,8292.3603515625,13.220000267028809,-0.000667150118005666,-0.003926805599411609,0.012188637715869088,0.009998499224238566,0.0004567368810919348,-0.002663329724113761,-0.0030228605633046968,-0.0013993430296747045,0.07218169901295868
2019-11-01,9261.1044921875,183.9698944091797,1508.0,142.55999755859375,191.03030395507812,277.687255859375,3066.909912109375,8386.400390625,12.300000190734863,0.006687207250242189,1.617390715802358e-05,-0.002249586052098018,0.000912763389017579,0.009082609307875078,0.00926380275553762,0.009662312168146059,0.011340563491645694,-0.06959153235332838
2019-11-02,9324.7177734375,183.92572021484375,,,,,,,,0.006868865512063227,-0.0002401164303420522,,,,,,,
2019-11-03,9235.3544921875,182.42501831054688,,,,,,,,-0.009583483749455834,-0.008159282467639084,,,,,,,
2019-11-04,9412.6123046875,186.35519409179688,1508.0,142.14999389648438,192.21180725097656,278.8030090332031,3078.27001953125,8433.2001953125,12.829999923706055,0.01919339562438549,0.02154406132255149,,,,,,,
2019-11-05,9342.52734375,189.30416870117188,1480.800048828125,139.85000610351562,192.3174285888672,278.4945068359375,3074.6201171875,8434.6796875,13.100000381469727,-0.007445856545328811,0.01582448304565287,-0.018037102899121304,-0.016180006273117664,0.0005495049414561137,-0.0011065239157045381,-0.001185699214361291,0.00017543662586394504,0.021044462928233587
2019-11-06,9360.8798828125,191.59384155273438,1490.199951171875,140.4499969482422,191.88514709472656,278.5580749511719,3076.780029296875,8410.6298828125,12.619999885559082,0.001964408386214478,0.012095205653800845,0.006347853885599886,0.004290245395359271,-0.002247749968957602,0.00022825626241829156,0.0007024972279667807,-0.0028513002957469835,-0.036641258162833146
2019-11-07,9267.5615234375,187.97654724121094,1464.199951171875,138.27000427246094,192.52877807617188,279.5376281738281,3085.179931640625,8434.51953125,12.729999542236328,-0.009968973060571096,-0.018880013481685,-0.01744732307872776,-0.015521486102876958,0.0033542511819717458,0.003516513469688398,0.0027300951851503275,0.0028404113330822156,0.008716296170740545
2019-11-08,8804.880859375,184.2114715576172,1461.300048828125,137.38999938964844,193.29725646972656,280.22705078125,3093.080078125,8475.3095703125,12.069999694824219,-0.049924746967407674,-0.02002949697103662,-0.0019805371127277205,-0.006364394703267995,0.003991498835829388,0.002466296261887102,0.0025606760900243053,0.004836083301647864,-0.051846022870803976
2019-11-09,8813.58203125,185.02871704101562,,,,,,,,0.0009882214210468199,0.0044364527164793,,,,,,,
2019-11-10,9055.5263671875,189.47727966308594,,,,,,,,0.02745130584586919,0.024042552384364146,,,,,,,
2019-11-11,8757.7880859375,185.48963928222656,1455.5,137.05999755859375,193.03790283203125,279.6918640136719,3087.010009765625,8464.2802734375,12.6899995803833,-0.032879179981060824,-0.021045480428840246,,,,,,,
2019-11-12,8815.662109375,186.84341430664062,1452.0999755859375,137.42999267578125,193.59503173828125,280.281494140625,3091.840087890625,8486.08984375,12.680000305175781,0.006608292284490114,0.0072983862044944114,-0.00233598379530231,0.0026995120660886496,0.0028861114738423232,0.0021081418618751346,0.0015646460846321375,0.0025766597522700607,-0.0007879649754265472
2019-11-13,8808.2626953125,188.2587432861328,1461.699951171875,137.97999572753906,193.64308166503906,280.3722229003906,3094.0400390625,8482.099609375,13.0,-0.0008393486468396549,0.0075749471007278135,0.006611098235205004,0.004002059820052306,0.00024819813983012473,0.00032370585166097143,0.0007115345908383919,-0.0004702088297990903,0.025236568385065494
2019-11-14,8708.0947265625,185.9996337890625,1471.800048828125,138.55999755859375,193.48939514160156,280.7803649902344,3096.6298828125,8479.01953125,13.050000190734863,-0.011372046022572246,-0.012000024315665936,0.006909829646058796,0.004203521155341949,-0.000793658736041758,0.0014557151404714919,0.0008370427393644686,-0.00036312685146910884,0.0038461685180664062
2019-11-15,8491.9921875,180.52117919921875,1467.300048828125,138.2100067138672,194.91102600097656,282.81219482421875,3120.4599609375,8540.830078125,12.050000190734863,-0.024816282533459022,-0.029454114926144026,-0.003057480534521595,-0.0025259154943226836,0.0073473321798056546,0.00723636723691512,0.007695488006902673,0.0072898224431721115,-0.07662835137044455
2019-11-16,8550.7607421875,183.34835815429688,,,,,,,,0.006920467352055093,0.01566120367493351,,,,,,,
2019-11-17,8577.9755859375,185.11923217773438,,,,,,,,0.0031827394743637605,0.009658521304822587,,,,,,,
2019-11-18,8309.2861328125,180.55960083007812,1470.9000244140625,138.6199951171875,195.06472778320312,283.020751953125,3122.030029296875,8549.9404296875,12.460000038146973,-0.031323177646423006,-0.02463078143754671,,,,,,,
2019-11-19,8206.1455078125,177.45555114746094,1473.300048828125,138.69000244140625,195.3529052734375,282.93914794921875,3120.179931640625,8570.66015625,12.859999656677246,-0.012412693864603863,-0.017191274617063157,0.0016316706602941267,0.0005050304911609071,0.0014773428979668601,-0.00028833222773627654,-0.0005925944462060739,0.0024233767162349373,0.032102698018110276
2019-11-20,8027.26806640625,175.69834899902344,1473.300048828125,138.75999450683594,194.1810302734375,281.88702392578125,3108.4599609375,8526.73046875,12.779999732971191,-0.021797985575073398,-0.0099022100862729,0.0,0.0005046655432805469,-0.005998759006730525,-0.0037185523143878907,-0.003756184245747196,-0.005125589709442102,-0.006220834046796964
2019-11-21,7642.75,161.4627227783203,1463.0999755859375,138.0,193.7487335205078,281.4334716796875,3103.5400390625,8506.2099609375,13.130000114440918,-0.04790148568918984,-0.08102310751242314,-0.0069232830408855195,-0.005477043362080103,-0.002226256356354428,-0.001608985897176951,-0.0015827522106851566,-0.0024066091789468613,0.02738657189223237
2019-11-22,7296.57763671875,150.26817321777344,1463.0999755859375,137.74000549316406,193.87356567382812,282.05926513671875,3110.2900390625,8519.8798828125,12.34000015258789,-0.045294215208040334,-0.06933209949590902,0.0,-0.0018840181654777854,0.0006442991964492606,0.002223592855875811,0.0021749356911917594,0.0016070520170294866,-0.06016755178731126
2019-11-23,7397.796875,153.41778564453125,,,,,,,,0.013872152579023078,0.020959943541692505,,,,,,,
2019-11-24,7047.9169921875,142.83470153808594,,,,,,,,-0.047295145936607,-0.06898212004549653,,,,,,,
2019-11-25,7146.1337890625,146.47653198242188,1456.5999755859375,137.0800018310547,196.1693878173828,284.2453308105469,3133.639892578125,8632.490234375,11.869999885559082,0.013935577984796277,0.025496818386005815,,,,,,,
2019-11-26,7218.37109375,148.96507263183594,1459.800048828125,137.74000549316406,196.54403686523438,284.8892822265625,3140.52001953125,8647.9296875,11.539999961853027,0.010108585540066883,0.016989347137961408,0.0021969472029548243,0.004814733391401704,0.001909824218854883,0.002265477551308681,0.0021955703874654287,0.001788528304789594,-0.027801173284553227
2019-11-27,7531.66357421875,153.01055908203125,1453.4000244140625,137.00999450683594,197.91763305664062,286.1592712402344,3153.6298828125,8705.1796875,11.75,0.04340210227484875,0.027157281762240082,-0.00438417879160935,-0.005299919828770094,0.006988745185630307,0.004457833596779093,0.004174424362754614,0.006620081576605763,0.018197577022630362
2019-11-28,7463.10595703125,151.7175750732422,,,,,,,,-0.009102586236349741,-0.008450292689250793,,,,,,,
2019-11-29,7761.24365234375,155.3041534423828,1465.5999755859375,137.86000061035156,197.0146942138672,285.0979309082031,3140.97998046875,8665.4697265625,12.619999885559082,0.039948206152910615,0.023639834524175507,,,,,,,
2019-11-30,7569.6298828125,152.53968811035156,,,,,,,,-0.02468853937775628,-0.017800330968333444,,,,,,,
2019-12-01,7424.29248046875,151.18572998046875,,,,,,,,-0.019200067188720915,-0.008876103961241388,,,,,,,
2019-12-02,7321.98828125,149.0591583251953,1462.300048828125,137.7899932861328,194.99749755859375,282.6761474609375,3113.8701171875,8567.990234375,14.90999984741211,-0.013779656376399996,-0.014065954872514497,,,,,,,
2019-12-03,7320.1455078125,147.9564208984375,1478.199951171875,139.11000061035156,193.47015380859375,280.7803649902344,3093.199951171875,8520.6396484375,15.960000038146973,-0.00025167664392733435,-0.007397985062762902,0.010873214670608755,0.00957984896245434,-0.00783263256771316,-0.006706552667182897,-0.00663809511563529,-0.005526451903216212,0.07042254872437903
2019-12-04,7252.03466796875,146.74774169921875,1474.0,138.9199981689453,194.44993591308594,282.51275634765625,3112.760009765625,8566.669921875,14.800000190734863,-0.00930457458407874,-0.008169156781971831,-0.002841260526727396,-0.0013658431498282386,0.005064254538514001,0.006169916324035407,0.00632356747139462,0.005402208676427378,-0.07268169452628592
2019-12-05,7448.3076171875,149.24899291992188,1476.9000244140625,139.0,194.8341827392578,283.020751953125,3117.429931640625,8570.7001953125,14.520000457763672,0.02706453543109233,0.01704456362830986,0.001967452112661139,0.0005758841931267078,0.0019760707267273414,0.0017981333375389763,0.0015002511791302187,0.00047045975557069575,-0.0189189006326147
2019-12-06,7546.99658203125,149.19444274902344,1459.0999755859375,137.6199951171875,196.9186248779297,285.6058349609375,3145.909912109375,8656.5302734375,13.619999885559082,0.013249850827323328,-0.0003654977486361455,-0.012052304512072065,-0.009928092682104261,0.010698544317869763,0.009133899157474756,0.009135724328457329,0.01001436010700063,-0.061983508528291376
2019-12-07,7556.23779296875,148.76815795898438,,,,,,,,0.0012244885547587625,-0.0028572430861661946,,,,,,,
2019-12-08,7564.34521484375,151.2647247314453,,,,,,,,0.0010729442478032425,0.016781593633425462,,,,,,,
2019-12-09,7400.8994140625,148.2251739501953,1459.300048828125,137.5800018310547,196.02532958984375,284.7080078125,3135.9599609375,8621.830078125,15.859999656677246,-0.021607395767781146,-0.020094247265159848,,,,,,,
2019-12-10,7278.11962890625,146.2670440673828,1462.5999755859375,137.97000122070312,195.86203002929688,284.3904724121094,3132.52001953125,8616.1796875,15.680000305175781,-0.01658984648851669,-0.013210508246530694,0.002261307919822597,0.0028347098739491816,-0.0008330533655449557,-0.0011153019643892481,-0.0010969340964486207,-0.0006553586157230784,-0.011349265788015539
2019-12-11,7217.42724609375,143.60800170898438,1469.4000244140625,138.9199981689453,196.89939880371094,285.19769287109375,3141.6298828125,8654.0498046875,14.989999771118164,-0.008339019679128423,-0.018179367576290573,0.004649288213888214,0.00688553265084435,0.005296426133533316,0.0028384230038995817,0.002908158040315856,0.004395232987357556,-0.04400513524415284
2019-12-12,7243.13427734375,145.60400390625,1466.699951171875,138.42999267578125,198.36912536621094,287.65582275390625,3168.570068359375,8717.3203125,13.9399995803833,0.0035617998454939848,0.013898962268902304,-0.001837534502059257,-0.003527249493396556,0.007464352717324374,0.008619038457381656,0.008575225775086182,0.00731108662885549,-0.07004671159221365
2019-12-13,7269.6845703125,144.9447479248047,1475.5999755859375,139.0500030517578,199.02232360839844,287.8282775878906,3168.800048828125,8734.8798828125,12.630000114440918,0.0036655806660659263,-0.004527732505692494,0.006068060755679117,0.004478873140076667,0.0032928422756395292,0.000599517966761054,7.258178414493166e-05,0.002014331203055608,-0.09397413955347922
2019-12-14,7124.673828125,142.86923217773438,,,,,,,,-0.01994732244362929,-0.014319358078066169,,,,,,,
2019-12-15,7152.3017578125,143.114990234375,,,,,,,,0.003877781685729609,0.001720160827454409,,,,,,,
2019-12-16,6932.48046875,133.61402893066406,1475.0,139.0399932861328,201.02032470703125,289.80560302734375,3191.449951171875,8814.23046875,12.140000343322754,-0.030734342104957735,-0.06638690530007729,,,,,,,
2019-12-17,6640.51513671875,122.60388946533203,1474.5999755859375,139.00999450683594,201.13558959960938,289.8690490722656,3192.52001953125,8823.3603515625,12.289999961853027,-0.04211556503438585,-0.08240257069896073,-0.00027120299258476255,-0.00021575647831872935,0.0005733991960570339,0.00021892621902108722,0.00033529222633799094,0.0010358116735056377,0.012355816662952268
2019-12-18,7276.802734375,133.09219360351562,1472.5999755859375,139.02000427246094,201.2892608642578,289.8872985839844,3191.139892578125,8827.740234375,12.579999923706055,0.0958190117115909,0.08554625945328853,-0.0013563000360183874,7.200752478642158e-05,0.0007640182672512541,6.295777964959726e-05,-0.00043230017186479675,0.0004963962297792612,0.023596416822877053
2019-12-19,7202.84423828125,129.32113647460938,1478.199951171875,139.3800048828125,202.547607421875,291.0755310058594,3205.3701171875,8887.2197265625,12.5,-0.010163597776861044,-0.028334172176471162,0.003802781256810217,0.002589559770448613,0.006251434141167467,0.00409894613416717,0.004459292004863613,0.006737793660475999,-0.00635929445081318
2019-12-20,7218.81640625,129.06605529785156,1474.699951171875,139.52000427246094,203.36416625976562,292.3515930175781,3221.219970703125,8924.9599609375,12.510000228881836,0.0022174806840695727,-0.0019724631542183957,-0.0023677446323991935,0.0010044438566789715,0.004031441537543534,0.004383954938806056,0.004944781081796634,0.004246573792048958,0.0008000183105467684
2019-12-21,7191.15869140625,128.13095092773438,,,,,,,,-0.0038313365082680573,-0.007245161153792146,,,,,,,
2019-12-22,7511.5888671875,132.3725128173828,,,,,,,,0.0445589076158448,0.0331033357587478,,,,,,,
2019-12-23,7355.62841796875,128.6140899658203,1482.5,139.9499969482422,203.90130615234375,292.79827880859375,3224.010009765625,8945.650390625,12.609999656677246,-0.020762644491902904,-0.028392774085564954,,,,,,,
2019-12-24,7322.5322265625,129.0638885498047,1499.0999755859375,141.27000427246094,204.00717163085938,292.8074035644531,3223.3798828125,8952.8798828125,12.670000076293945,-0.004499437644974069,0.003497272997879941,0.011197285386804312,0.009431992518777577,0.0005191996094253692,3.116396686664302e-05,-0.00019544819997963092,0.0008081572464619935,0.004758161875518141
2019-12-25,7275.15576171875,126.45463562011719,,,,,,,,-0.006469956481979233,-0.020216754345508625,,,,,,,
2019-12-26,7238.966796875,126.36122131347656,1509.300048828125,142.3800048828125,205.807373046875,294.3660888671875,3239.909912109375,9022.3896484375,12.649999618530273,-0.004974321654276248,-0.0007387179298136148,,,,,,,
2019-12-27,7290.08837890625,127.21460723876953,1513.800048828125,142.3300018310547,205.63404846191406,294.2930908203125,3240.02001953125,9006.6201171875,13.430000305175781,0.007061999794407026,0.006753542870370666,0.0029815145129650222,-0.0003511943393945671,-0.000842168977694846,-0.0002479838868529871,3.398471712534601e-05,-0.001747822014396272,0.061660135191065724
2019-12-28,7317.990234375,128.3227081298828,,,,,,,,0.003827368615925586,0.008710484708988497,,,,,,,
2019-12-29,7422.65283203125,134.7579803466797,,,,,,,,0.014302095835631912,0.05014913034942636,,,,,,,
2019-12-30,7292.9951171875,132.63348388671875,1514.5,142.6300048828125,204.2863311767578,292.6705322265625,3221.2900390625,8945.990234375,14.819999694824219,-0.017467840376992116,-0.0157652738227112,,,,,,,
2019-12-31,7193.59912109375,129.61085510253906,1519.5,142.89999389648438,204.6714324951172,293.38165283203125,3230.780029296875,8972.599609375,13.779999732971191,-0.013628967865274233,-0.02278933415306572,0.003301419610432399,0.0018929327941459295,0.001885105656071362,0.0024297649649205333,0.0029460216619106028,0.0029744471324988364,-0.07017543746753518
2020-01-01,7200.17431640625,130.802001953125,,,,,,,,0.0009140341575637478,0.009190178165583207,,,,,,,
2020-01-02,6985.47021484375,127.4101791381836,1524.5,143.9499969482422,208.08889770507812,296.1252746582031,3257.85009765625,9092.1904296875,12.470000267028809,-0.029819292162590716,-0.025930970201487602,,,,,,,
2020-01-03,7344.88427734375,134.1717071533203,1549.199951171875,145.86000061035156,206.1827850341797,293.8829650878906,3234.85009765625,9020.76953125,14.020000457763672,0.05145166344511276,0.053068978168561154,0.01620200142464734,0.013268521727000326,-0.009160088269581479,-0.0075721654387679305,-0.007059870562045378,-0.007855191660339544,0.12429832859211132
2020-01-04,7410.65673828125,135.06936645507812,,,,,,,,0.008954866877941559,0.0066903769863495555,,,,,,,
2020-01-05,7411.3173828125,136.2767791748047,,,,,,,,8.914790612779555e-05,0.008939204731726713,,,,,,,
2020-01-06,7769.21923828125,144.3041534423828,1566.199951171875,147.38999938964844,207.51126098632812,295.0041198730469,3246.280029296875,9071.4697265625,13.850000381469727,0.04829126010697582,0.05890493095145177,,,,,,,
2020-01-07,8163.6923828125,143.5439910888672,1571.800048828125,147.97000122070312,207.4823455810547,294.17474365234375,3237.179931640625,9068.580078125,13.789999961853027,0.050773846435889336,-0.005267778753292318,0.003575595601353454,0.003935150508558971,-0.00013934378855395835,-0.0028114055527768134,-0.0028032386528962228,-0.00031854247708495986,-0.004332160141813035
2020-01-08,8079.86279296875,141.2581329345703,1557.4000244140625,146.86000061035156,209.0418701171875,295.74249267578125,3253.050048828125,9129.240234375,13.449999809265137,-0.010268587535248286,-0.015924443349786155,-0.009161486173001832,-0.007501524641443713,0.007516420405627056,0.005329312108758977,0.004902451368978156,0.006689046766684248,-0.024655558631502927
2020-01-09,7879.0712890625,138.9792022705078,1551.699951171875,146.02999877929688,210.81320190429688,297.7478332519531,3274.699951171875,9203.4296875,12.539999961853027,-0.024850855645838776,-0.016133093484380745,-0.0036599930350791343,-0.005651653463197515,0.008473574151036667,0.006780698160850029,0.006655262605488987,0.008126574744484083,-0.0676579821796911
2020-01-10,8166.55419921875,143.96377563476562,1557.5,146.91000366210938,210.27410888671875,296.8909606933594,3265.35009765625,9178.8603515625,12.5600004196167,0.03648690303834745,0.03586560638444225,0.0037378675070167677,0.006026192495848015,-0.002557207104244119,-0.0028778464959261507,-0.002855178689662563,-0.0026695847930331418,0.0015949328408704222
2020-01-11,8037.53759765625,142.92710876464844,,,,,,,,-0.015798168776598898,-0.007200886928300676,,,,,,,
2020-01-12,8192.494140625,145.87393188476562,,,,,,,,0.019279106453440997,0.0206176641057616,,,,,,,
2020-01-13,8144.1943359375,144.22659301757812,1548.4000244140625,145.82000732421875,212.6999969482422,298.9327697753906,3288.1298828125,9273.9296875,12.319999694824219,-0.005895616628883604,-0.01129289411687917,,,,,,,
2020-01-14,8827.7646484375,165.95535278320312,1542.4000244140625,145.69000244140625,211.86248779296875,298.47698974609375,3283.14990234375,9251.330078125,12.390000343322754,0.08393344808628167,0.15065709666300386,-0.0038749676475047234,-0.0008915435213457945,-0.003937513715513763,-0.0015246907511656804,-0.001514532772802224,-0.002436896778014286,0.005681870960430491
2020-01-15,8807.0107421875,166.23068237304688,1552.0999755859375,146.5399932861328,211.94912719726562,299.15142822265625,3289.2900390625,9258.7001953125,12.420000076293945,-0.002350980919464507,0.0016590582058744197,0.0062888686581550335,0.005834242779070742,0.00040894169231853184,0.002259599566238668,0.0018701968845122874,0.0007966548728952638,0.0024212858869983034
2020-01-16,8723.7861328125,164.39100646972656,1549.0,146.30999755859375,213.98036193847656,301.6400146484375,3316.81005859375,9357.1298828125,12.319999694824219,-0.009449813541879348,-0.01106700566380281,-0.001997278290509108,-0.0015695082440052577,0.009583595686716073,0.008318818467846434,0.00836655302646827,0.010631048141058974,-0.008051560455349493
2020-01-17,8929.0380859375,170.7799530029297,1558.800048828125,146.5800018310547,215.039306640625,302.5788269042969,3329.6201171875,9388.9404296875,12.100000381469727,0.02352785247141642,0.038864331269726105,0.006326693885167822,0.0018454259925253513,0.004948793863863488,0.0031123598006503883,0.003862162248501333,0.003399605143178608,-0.017857087565263163
2020-01-18,8942.80859375,175.3656768798828,,,,,,,,0.0015422162701026476,0.02685165206055795,,,,,,,
2020-01-19,8706.2451171875,166.9698486328125,,,,,,,,-0.026452928527155417,-0.047876120324395366,,,,,,,
2020-01-20,8657.642578125,167.12051391601562,,,,,,,,-0.005582491465413786,0.0009023502412968121,,,,,,,
2020-01-21,8745.89453125,169.69715881347656,1556.4000244140625,146.74000549316406,214.94300842285156,301.9862976074219,3320.7900390625,9370.8095703125,12.850000381469727,0.010193531591149663,0.01541788519604359,,,,,,,
2020-01-22,8680.8759765625,168.29415893554688,1555.300048828125,146.7899932861328,215.510986328125,302.0227966308594,3321.75,9383.76953125,12.90999984741211,-0.007434180055016837,-0.008267668638293424,-0.000706743490544226,0.0003406555206315609,0.0026424581540984704,0.00012086317732507013,0.0002890760711180551,0.0013830140117838674,0.004669219000873026
2020-01-23,8406.515625,162.92855834960938,1564.5999755859375,147.1199951171875,216.20413208007812,302.3692321777344,3325.5400390625,9402.48046875,12.979999542236328,-0.03160514587505292,-0.03188227458323378,0.005979506504111276,0.002248122121045526,0.0032162896368437277,0.00114705098667911,0.0011409766124783616,0.0019939681423002398,0.005422129794854458
2020-01-24,8445.4345703125,163.05117797851562,1571.0999755859375,147.97999572753906,214.38462829589844,299.68023681640625,3295.469970703125,9314.91015625,14.5600004196167,0.004629616722148233,0.0007525975197246737,0.004154416529097649,0.005845572586286041,-0.008415675346601481,-0.008893085258580569,-0.009042160974207403,-0.009313533039611022,0.12172580378289855
2020-01-25,8367.84765625,161.283935546875,,,,,,,,-0.00918684685986848,-0.01083857506306074,,,,,,,
2020-01-26,8596.830078125,168.0771026611328,,,,,,,,0.027364554337216074,0.04211930401638453,,,,,,,
2020-01-27,8909.8193359375,170.93089294433594,1576.800048828125,148.99000549316406,209.95645141601562,294.87652587890625,3243.6298828125,9139.3095703125,18.229999542236328,0.036407519395889265,0.016979054481661038,,,,,,,
2020-01-28,9358.58984375,176.3703155517578,1569.199951171875,147.66000366210938,213.1813507080078,297.9665832519531,3276.239990234375,9269.6796875,16.280000686645508,0.05036808165148732,0.03182234945202822,-0.004819950165462217,-0.008926785569624784,0.015359848531647513,0.010479156873666629,0.010053584595046017,0.014264766521421501,-0.10696647858234709
2020-01-29,9316.6298828125,175.0503387451172,1569.800048828125,148.4600067138672,213.52792358398438,297.7204284667969,3273.39990234375,9275.16015625,16.389999389648438,-0.004483577295090302,-0.007484121137455557,0.000382422683483874,0.005417872354848807,0.0016257185482011494,-0.0008261154068679444,-0.0008668741908683941,0.0005912252564013176,0.006756676803653994
2020-01-30,9508.9931640625,184.6904754638672,1583.5,148.47000122070312,214.2884063720703,298.6866455078125,3283.659912109375,9298.9296875,15.489999771118164,0.02064730312029206,0.05507065446349446,0.008727195022131706,6.732120695107646e-05,0.003561514462940174,0.0032453837514323514,0.003134358792605374,0.002562708443798023,-0.054911510191921864
2020-01-31,9350.529296875,180.16017150878906,1582.9000244140625,149.3300018310547,210.8901824951172,293.2631530761719,3225.52001953125,9150.9404296875,18.84000015258789,-0.016664631518128026,-0.02452916937757532,-0.00037889206563779254,0.005792420039608892,-0.01585817886504215,-0.01815780020033997,-0.01770582037552626,-0.015914654996416755,0.216268588183969
2020-02-01,9392.875,183.6739501953125,,,,,,,,0.00452869583961979,0.019503637552609865,,,,,,,
2020-02-02,9344.365234375,188.61753845214844,,,,,,,,-0.0051645279666768795,0.026915021164291897,,,,,,,
2020-02-03,9293.521484375,189.8650665283203,1577.199951171875,148.36000061035156,214.07662963867188,295.4416809082031,3248.919921875,9273.400390625,17.969999313354492,-0.005441113304621492,0.006614061907548319,,,,,,,
2020-02-04,9180.962890625,189.25059509277344,1550.4000244140625,146.42999267578125,218.97659301757812,299.9446716308594,3297.590087890625,9467.9697265625,16.049999237060547,-0.012111511652417528,-0.00323635857181348,-0.01699209205395924,-0.01300895070524588,0.02288882904769496,0.015241555317495603,0.014980414164082134,0.02098144453400308,-0.106844749563629
2020-02-05,9613.423828125,204.23023986816406,1557.800048828125,146.61000061035156,219.69859313964844,303.4084167480469,3334.68994140625,9508.6796875,15.149999618530273,0.047104093835473426,0.07915243155799523,0.004772977488090024,0.0012293105482077404,0.003297156614416652,0.01154794682084015,0.01125059589785371,0.0042997561370825554,-0.05607474525307843
2020-02-06,9729.8017578125,212.33908081054688,1565.0999755859375,147.39999389648438,221.59500122070312,304.42926025390625,3345.780029296875,9572.150390625,14.960000038146973,0.012105773319493585,0.03970440884570903,0.004686048612788207,0.005388399719282511,0.008631862653072364,0.0033645853229808953,0.003325672876785646,0.006675027996624783,-0.012541226743722711
2020-02-07,9795.943359375,222.72605895996094,1568.5999755859375,147.7899932861328,220.64199829101562,302.8067321777344,3327.7099609375,9520.509765625,15.470000267028809,0.006797836503646293,0.04891694034731886,0.0022362788669072486,0.002645857569860688,-0.004300651749532647,-0.005329737604127249,-0.005400853672730133,-0.005394882329740391,0.03409092430356764
2020-02-08,9865.119140625,223.14651489257812,,,,,,,,0.007061676319697785,0.0018877716176568526,,,,,,,
2020-02-09,10116.673828125,228.5785675048828,,,,,,,,0.02549940694219166,0.02434298655714895,,,,,,,
2020-02-10,9856.611328125,223.522705078125,1574.699951171875,148.1699981689453,223.3085174560547,305.0672607421875,3352.090087890625,9628.3896484375,15.039999961853027,-0.025706324471686526,-0.02211870728715548,,,,,,,
2020-02-11,10208.236328125,235.8511962890625,1565.5999755859375,147.66000366210938,223.3470458984375,305.59600830078125,3357.75,9638.9404296875,15.180000305175781,0.03567402510806805,0.055155431331365135,-0.005778863191787997,-0.0034419552752806837,0.00017253458498456276,0.0017332163317276272,0.0016884725532351208,0.0010957991559588098,0.009308533489218451
2020-02-12,10326.0546875,265.4061279296875,1567.4000244140625,147.5399932861328,225.52268981933594,307.5648498535156,3379.449951171875,9725.9599609375,13.739999771118164,0.011541499979814906,0.12531177329455678,0.001149750163640162,-0.0008127480224853212,0.009741091099489063,0.00644262850055477,0.006462646466197652,0.009027914622439681,-0.09486169335363148
2020-02-13,10214.3798828125,268.0992431640625,1575.0999755859375,148.3800048828125,225.23387145996094,307.2366638183594,3373.93994140625,9711.9697265625,14.149999618530273,-0.010814856987217514,0.010147147902660691,0.004912562876061788,0.00569345014846645,-0.0012806620903926813,-0.001067046625492285,-0.0016304457368023773,-0.0014384425219915453,0.02983987294337087
2020-02-14,10312.1162109375,284.2174987792969,1582.699951171875,149.0,225.87881469726562,307.7289123535156,3380.159912109375,9731.1796875,13.680000305175781,0.009568503349817403,0.060120481598565645,0.004825075045227001,0.004178427664004669,0.00286343804830147,0.00160218031610726,0.0018435333204338544,0.001977967547093895,-0.03321550007245233
2020-02-15,9889.4248046875,264.72857666015625,,,,,,,,-0.0409897830477971,-0.06857045116097638,,,,,,,
2020-02-16,9934.43359375,259.89471435546875,,,,,,,,0.004551203932625647,-0.018259692118138604,,,,,,,
2020-02-17,9690.142578125,266.3634338378906,,,,,,,,-0.024590331529186438,0.02488976929932618,,,,,,,
2020-02-18,10141.99609375,281.944580078125,1600.0,150.91000366210938,225.96546936035156,306.9359436035156,3370.2900390625,9732.740234375,14.829999923706055,0.0466302236506857,0.05849581534422277,,,,,,,
2020-02-19,9633.38671875,259.76397705078125,1607.5,151.7899932861328,228.1314697265625,308.4034118652344,3386.14990234375,9817.1796875,14.380000114440918,-0.05014884351152826,-0.07867008126631714,0.004687499999999956,0.005831221275388376,0.009585536995286636,0.004781024485077445,0.004705785881164548,0.008675814939226312,-0.030343884799743148
2020-02-20,9608.4755859375,257.949462890625,1616.5999755859375,152.41000366210938,226.0136260986328,307.13641357421875,3373.22998046875,9750.9697265625,15.5600004196167,-0.0025859164113087862,-0.006985241682689214,0.0056609490425738596,0.004084659090851872,-0.009283434812689895,-0.0041082499164091235,-0.00381551976362815,-0.006744295515116572,0.08205843503372323
2020-02-21,9686.44140625,265.6006164550781,1644.5999755859375,154.6999969482422,221.67201232910156,303.9735412597656,3337.75,9576.58984375,17.079999923706055,0.008114275736580634,0.029661444062387243,0.017320302129691267,0.015025216397275942,-0.019209522206579566,-0.010297939855603677,-0.01051810302712286,-0.017883337524623233,0.09768634081610128
2020-02-22,9663.181640625,262.33172607421875,,,,,,,,-0.002401270461409255,-0.012307540639357906,,,,,,,
2020-02-23,9924.515625,273.754150390625,,,,,,,,0.02704430011708836,0.04354190965516169,,,,,,,
2020-02-24,9650.1748046875,265.2164306640625,1672.4000244140625,156.08999633789062,213.1235809326172,293.8920593261719,3225.889892578125,9221.2802734375,25.030000686645508,-0.027642741538078885,-0.031187544424001845,,,,,,,
2020-02-25,9341.705078125,247.81759643554688,1646.9000244140625,153.3000030517578,207.328369140625,284.9864196777344,3128.2099609375,8965.6103515625,27.850000381469727,-0.031965195740564556,-0.06560239946277657,-0.015247548210802098,-0.017874260693127697,-0.02719179063448851,-0.030302416706515012,-0.030279995565056117,-0.027726076455074633,0.11266478695419302
2020-02-26,8820.5224609375,225.68026733398438,1640.0,153.97000122070312,208.3969268798828,283.9383239746094,3116.389892578125,8980.7802734375,27.559999465942383,-0.05579095174048332,-0.08932912521133274,-0.004189704482223999,0.004370503298157802,0.005153938863682761,-0.003677704026424089,-0.0037785406053220116,0.0016920121754293582,-0.010412959122266252
2020-02-27,8784.494140625,226.75338745117188,1640.0,154.0,197.961669921875,271.18609619140625,2978.760009765625,8566.48046875,39.15999984741211,-0.0040846016176541156,0.0047550462867866905,0.0,0.00019483522153040944,-0.050073948374596444,-0.04491196399519304,-0.04416324258407911,-0.04613182731047061,0.4208998768597427
2020-02-28,8672.455078125,226.760498046875,1564.0999755859375,148.3800048828125,198.11566162109375,270.0467224121094,2954.219970703125,8567.3701171875,40.11000061035156,-0.012754184897438958,3.135827774425337e-05,-0.046280502691501524,-0.03649347478693177,0.0007778864427618881,-0.004201446148229815,-0.008238340444361891,0.00010385226940567982,0.024259467993900774
2020-02-29,8599.5087890625,219.8485107421875,,,,,,,,-0.008411261679117432,-0.030481443479889903,,,,,,,
2020-03-01,8562.4541015625,218.97059631347656,,,,,,,,-0.0043089307085921735,-0.003993269846346403,,,,,,,
2020-03-02,8869.669921875,230.5697784423828,1592.300048828125,149.1999969482422,208.33917236328125,281.74151611328125,3090.22998046875,8952.169921875,33.41999816894531,0.03587941221856461,0.05297141408109862,,,,,,,
2020-03-03,8787.7861328125,224.47962951660156,1642.0999755859375,153.88999938964844,201.65830993652344,273.67449951171875,3003.3701171875,8684.08984375,36.81999969482422,-0.009231886844013548,-0.026413474337024234,0.03127546645147916,0.031434333360162325,-0.03206724088885404,-0.028632686843066968,-0.028107896121075893,-0.029945821009265572,0.10173553896356191
2020-03-04,8755.24609375,224.51797485351562,1641.0999755859375,154.16000366210938,210.0719451904297,285.1778869628906,3130.1201171875,9018.08984375,31.989999771118164,-0.0037028710724991143,0.00017081878207236834,-0.0006089763198755538,0.0017545277375516921,0.041722234291037275,0.042033099436359134,0.04220259077449118,0.038461140546626416,-0.13117870623950623
2020-03-05,9078.7626953125,229.2681884765625,1666.4000244140625,157.49000549316406,203.68951416015625,275.6980895996094,3023.93994140625,8738.58984375,39.619998931884766,0.03695117168590434,0.02115738673549905,0.015416518922981348,0.021600945458936538,-0.030382119918429762,-0.03324169859114923,-0.033922077046888544,-0.030993259641753035,0.23851201048320303
2020-03-06,9122.5458984375,243.52529907226562,1670.800048828125,157.5500030517578,200.25277709960938,271.1405944824219,2972.3701171875,8575.6201171875,41.939998626708984,0.004822595830994203,0.06218529788383864,0.0026404370796919707,0.00038096105467699815,-0.016872429956530044,-0.016530746091879878,-0.01705385200037013,-0.018649430797928912,0.05855627858074386
2020-03-07,8909.9541015625,237.85308837890625,,,,,,,,-0.02330399860322019,-0.023292079775564356,,,,,,,
2020-03-08,8108.1162109375,200.68905639648438,,,,,,,,-0.08999349283790192,-0.15624784288366522,,,,,,,
2020-03-09,7923.64453125,201.986328125,1674.5,157.80999755859375,186.34237670898438,249.96592712402344,2746.56005859375,7950.68017578125,54.459999084472656,-0.022751484424786028,0.006464088036532978,,,,,,,
2020-03-10,7909.7294921875,200.76724243164062,1659.0999755859375,154.47999572753906,196.48883056640625,262.9003601074219,2882.22998046875,8344.25,47.29999923706055,-0.0017561412564156553,-0.0060354861869905685,-0.009196789736675148,-0.02110133630677158,0.0544505980691008,0.051744784308066505,0.04939630628156144,0.04950140308971451,-0.13147263987842284
2020-03-11,7911.43017578125,194.8685302734375,1641.4000244140625,153.92999267578125,187.93075561523438,250.08441162109375,2741.3798828125,7952.0498046875,53.900001525878906,0.00021501160000858555,-0.029380849618490856,-0.010668405420007354,-0.0035603512879937016,-0.043555020030920044,-0.04874831088512577,-0.048868445131273974,-0.047002450227701664,0.13953493436099507
2020-03-12,4970.7880859375,112.34712219238281,1589.300048828125,147.7899932861328,170.69912719726562,226.15708923339844,2480.639892578125,7201.7998046875,75.47000122070312,-0.37169538560117077,-0.42347221465293294,-0.031741181193497225,-0.0398882588306293,-0.09169136984288206,-0.0956769845533112,-0.09511268097833658,-0.09434674309481184,0.40018551176604067
2020-03-13,5563.70703125,133.20181274414062,1515.699951171875,143.27999877929688,185.1582794189453,245.49037170410156,2711.02001953125,7874.8798828125,57.83000183105469,0.11928067241286833,0.18562727860573336,-0.04630975611591981,-0.03051623730778741,0.08470548419951918,0.08548607755890769,0.09287124972971839,0.09345998172386105,-0.2337352471753954
2020-03-14,5200.3662109375,123.30602264404297,,,,,,,,-0.06530552710121185,-0.07429170741922175,,,,,,,
2020-03-15,5392.31494140625,125.21430206298828,,,,,,,,0.036910617960911996,0.015475962795865161,,,,,,,
2020-03-16,5014.47998046875,110.60587310791016,1485.9000244140625,141.63999938964844,162.9785614013672,218.62791442871094,2386.1298828125,6904.58984375,82.69000244140625,-0.07006915676163483,-0.1166674150987117,,,,,,,
2020-03-17,5225.62939453125,113.9427490234375,1524.9000244140625,143.55999755859375,175.33909606933594,230.43212890625,2529.18994140625,7334.77978515625,75.91000366210938,0.04210793838741411,0.030169066268947553,0.026246718728858642,0.0135554799295321,0.07584147609162217,0.05399225669962715,0.05995484974402432,0.06230492341201921,-0.08199296866753814
2020-03-18,5238.4384765625,114.84226989746094,1477.300048828125,140.6999969482422,170.0060272216797,218.7646484375,2398.10009765625,6989.83984375,76.44999694824219,0.0024512036855608432,0.007894498612091683,-0.031215145139910194,-0.019921988429849713,-0.030415742793309164,-0.05063304550511205,-0.051830762729157875,-0.047027988775385166,0.00711359847295534
2020-03-19,6191.19287109375,136.59385681152344,1478.5999755859375,138.0399932861328,171.02645874023438,219.22950744628906,2409.389892578125,7150.580078125,72.0,0.18187755736638023,0.1894040141620661,0.0008799341466505517,-0.018905499074657994,0.006002325536518249,0.002124927460214643,0.0047078080405855705,0.022996268579562162,-0.05820794147650399
2020-03-20,6198.7783203125,132.73716735839844,1484.0,140.11000061035156,164.3262939453125,209.781982421875,2304.919921875,6879.52001953125,66.04000091552734,0.001225199953657663,-0.02823472111521519,0.003652119912907814,0.014995707221804766,-0.03917618855161176,-0.043094221824718115,-0.04335951230846191,-0.037907422283539605,-0.0827777650621202
2020-03-21,6185.06640625,132.81871032714844,,,,,,,,-0.00221203491300348,0.0006143190364296114,,,,,,,
2020-03-22,5830.2548828125,123.32115173339844,,,,,,,,-0.05736583896317804,-0.07150768570449428,,,,,,,
2020-03-23,6416.31494140625,134.91160583496094,1567.0,146.3000030517578,164.4449462890625,204.41824340820312,2237.39990234375,6860.669921875,61.59000015258789,0.10052048673231173,0.09398593784316334,,,,,,,
2020-03-24,6734.8037109375,138.76144409179688,1660.199951171875,153.39999389648438,177.1791534423828,222.93922424316406,2447.330078125,7417.85986328125,61.66999816894531,0.04963733427047878,0.028536004986446484,0.059476675923340716,0.048530353360380474,0.07743750988209785,0.09060336556153836,0.09382773976227554,0.08121509236724389,0.0012988799506288284
2020-03-25,6681.06298828125,136.19589233398438,1632.300048828125,151.3000030517578,175.86712646484375,226.2766571044922,2475.56005859375,7384.2998046875,63.95000076293945,-0.007979552925792555,-0.01848893815284358,-0.016805145864542737,-0.01368964099270864,-0.007405086614581502,0.01497014656195228,0.011535011448221999,-0.004524223861369192,0.03697101770212585
2020-03-26,6716.4404296875,138.36155700683594,1650.0999755859375,153.24000549316406,185.12835693359375,239.48890686035156,2630.070068359375,7797.5400390625,61.0,0.005295181540467819,0.015901101242766114,0.010904812978834055,0.012822223412266576,0.0526603843191884,0.05838980443200592,0.062414163303876835,0.055962006595761116,-0.0461298002774857
2020-03-27,6469.79833984375,133.9379425048828,1623.9000244140625,152.25,178.76129150390625,232.3555450439453,2541.469970703125,7502.3798828125,65.54000091552734,-0.03672214358569481,-0.031971413141401506,-0.01587779623023844,-0.006460489804721581,-0.034392707498459574,-0.02978577133247251,-0.033687352562252526,-0.03785298373222423,0.07442624451684177
2020-03-28,6242.19384765625,130.9864959716797,,,,,,,,-0.035179534234601295,-0.022035925578709925,,,,,,,
2020-03-29,5922.04296875,125.58373260498047,,,,,,,,-0.051288198783903005,-0.04124672033266197,,,,,,,
2020-03-30,6429.841796875,132.904541015625,1622.0,152.9199981689453,185.26344299316406,239.90147399902344,2626.64990234375,7774.14990234375,57.08000183105469,0.08574723804008189,0.05829424129056493,,,,,,,
2020-03-31,6438.64453125,133.59356689453125,1583.4000244140625,148.0500030517578,183.68130493164062,236.32566833496094,2584.590087890625,7700.10009765625,53.540000915527344,0.0013690436954885143,0.005184366716448396,-0.023797765466052723,-0.03184668568859872,-0.008539936621936861,-0.014905309269075406,-0.016012721914555605,-0.00952513208745509,-0.06201823409195106
2020-04-01,6606.7763671875,135.63455200195312,1578.199951171875,149.4499969482422,175.87681579589844,225.68983459472656,2470.5,7360.580078125,57.060001373291016,0.026112924097839496,0.01527757028175758,-0.0032841184552284686,0.009456223354449733,-0.042489294915705966,-0.04500498746145287,-0.04414243033166543,-0.04409293583528773,0.06574524463152964
2020-04-02,6793.62451171875,142.02914428710938,1625.699951171875,151.89999389648438,179.4462127685547,230.89772033691406,2526.89990234375,7487.31005859375,50.90999984741211,0.028281287899985408,0.047145747088574996,0.03009758045216593,0.0163934225377782,0.020294869204355415,0.023075411223280717,0.02282934723487151,0.017217390358319706,-0.10778130700777788
2020-04-03,6733.38720703125,142.09130859375,1633.699951171875,152.64999389648438,176.8993682861328,227.560302734375,2488.64990234375,7373.080078125,46.79999923706055,-0.008866740365705117,0.0004376869758151436,0.004920957273962578,0.0049374590529023266,-0.014192801526030197,-0.014454095075816631,-0.015137125124949469,-0.01525647790392215,-0.0807307134682792
2020-04-04,6867.52734375,145.21939086914062,,,,,,,,0.01992164308903499,0.02201459263306571,,,,,,,
2020-04-05,6791.12939453125,143.54664611816406,,,,,,,,-0.011124520572645125,-0.011518742372937596,,,,,,,
2020-04-06,7271.78125,169.13587951660156,1677.0,156.8800048828125,189.54676818847656,242.84466552734375,2663.679931640625,7913.240234375,45.2400016784668,0.0707764242948763,0.17826423737809294,,,,,,,
2020-04-07,7176.41455078125,165.10194396972656,1664.800048828125,156.0399932861328,189.4696044921875,243.0922088623047,2659.409912109375,7887.259765625,46.70000076293945,-0.013114627068677276,-0.023850264996428838,-0.007274866530635027,-0.005354484768834378,-0.00040709581612241585,0.0010193484564440247,-0.0016030527844311804,-0.0032831644156512407,0.032272303941305536
2020-04-08,7334.0986328125,172.64173889160156,1665.4000244140625,154.64999389648438,193.492431640625,251.2524871826172,2749.97998046875,8090.89990234375,43.349998474121094,0.02197254365887824,0.045667511481618295,0.0003603889766581325,-0.008907968786563414,0.021232044893002122,0.03356865429173306,0.03405645287963033,0.025818870275615025,-0.07173452321390283
2020-04-09,7302.08935546875,170.80714416503906,1736.199951171875,158.69000244140625,193.77218627929688,255.07582092285156,2789.820068359375,8153.580078125,41.66999816894531,-0.004364445986660415,-0.010626600139346465,0.04251226475316172,0.026123560972308058,0.001445816956765933,0.015217098079731484,0.014487410153376512,0.007746996815903406,-0.03875433366344183
2020-04-10,6865.4931640625,158.41244506835938,,,,,,,,-0.05979058460566089,-0.07256546063848213,,,,,,,
2020-04-11,6859.0830078125,158.2160186767578,,,,,,,,-0.0009336774645052337,-0.0012399681825301379,,,,,,,
2020-04-12,6971.091796875,161.14242553710938,,,,,,,,0.016329994685138294,0.01849627417518529,,,,,,,
2020-04-13,6845.03759765625,156.27955627441406,1744.800048828125,161.41000366210938,195.8656768798828,252.74693298339844,2761.6298828125,8192.419921875,41.16999816894531,-0.018082418492216368,-0.030177461003746964,,,,,,,
2020-04-14,6842.427734375,157.5963897705078,1756.699951171875,162.67999267578125,204.38401794433594,260.2012023925781,2846.06005859375,8515.740234375,37.7599983215332,-0.0003812781513637953,0.008426140484949274,0.006820209772313124,0.007868093580683189,0.04349072895337924,0.029493016279921846,0.030572589146256046,0.039465788568367355,-0.08282730141057637
2020-04-15,6642.10986328125,153.28689575195312,1727.199951171875,161.85000610351562,202.0397491455078,254.67247009277344,2783.360107421875,8393.1796875,40.84000015258789,-0.029275847531044064,-0.02734513160377705,-0.016792850697309403,-0.005101958505246418,-0.01146992226890553,-0.02124791218859634,-0.022030438529415775,-0.014392236435332606,0.08156784872784995
2020-04-16,7116.80419921875,172.15737915039062,1720.4000244140625,161.7100067138672,205.72499084472656,255.9010009765625,2799.550048828125,8532.3603515625,40.11000061035156,0.07146740203164859,0.12310565300359055,-0.0039369655801569925,-0.0008649946516461338,0.018240181522719334,0.004823964220952215,0.005816689462164515,0.016582590775434225,-0.01787462143753371
2020-04-17,7096.1845703125,171.63858032226562,1689.199951171875,158.57000732421875,207.6929931640625,262.81427001953125,2874.56005859375,8650.1396484375,38.150001525878906,-0.002897315751431484,-0.003013514905287895,-0.018135359683463026,-0.019417471147623044,0.00956618012840904,0.02701540445948436,0.026793594848223412,0.01380383528380058,-0.048865595977249154
2020-04-18,7257.6650390625,186.91400146484375,,,,,,,,0.02275595669052466,0.08899759665861406,,,,,,,
2020-04-19,7189.4248046875,181.61495971679688,,,,,,,,-0.009402505352301915,-0.02835015946648367,,,,,,,
2020-04-20,6881.95849609375,172.2971649169922,1701.5999755859375,159.6999969482422,205.2329864501953,258.18408203125,2823.159912109375,8560.73046875,43.83000183105469,-0.04276646838190479,-0.05130521634525309,,,,,,,
2020-04-21,6880.3232421875,172.73770141601562,1678.199951171875,158.61000061035156,197.6599884033203,250.3447265625,2736.56005859375,8263.23046875,45.40999984741211,-0.00023761461322069355,0.0025568412529346496,-0.013751777591560432,-0.006825274631933054,-0.03689951687524051,-0.03036343451956558,-0.030674795694063395,-0.03475170735558031,0.03604832193362939
2020-04-22,7117.20751953125,182.59957885742188,1728.699951171875,161.72999572753906,203.5254669189453,255.9010009765625,2799.31005859375,8495.3798828125,41.97999954223633,0.034429236680519004,0.05709163292415953,0.030091765861830932,0.019670860003665247,0.029674586966263794,0.022194493530405257,0.022930247703843776,0.028094268330097538,-0.07553403031714068
2020-04-23,7429.724609375,185.02867126464844,1733.300048828125,163.33999633789062,203.09133911132812,255.8826446533203,2797.800048828125,8494.75,41.380001068115234,0.043910071328696176,0.013302836854422573,0.002661015668526945,0.00995486708021609,-0.002133039241669299,-7.173212754985059e-05,-0.0005394221197431159,-7.41441608484994e-05,-0.014292484055828392
2020-04-24,7550.90087890625,189.2369384765625,1723.5,162.63999938964844,206.294189453125,259.4493408203125,2836.739990234375,8634.51953125,35.93000030517578,0.016309658285092787,0.022743865494742277,-0.005653982895085452,-0.004285520778353313,0.015770492015128035,0.013938796716066904,0.013918057304545428,0.016453636805085603,-0.13170615326877966
2020-04-25,7569.93603515625,195.5153045654297,,,,,,,,0.002520911948821203,0.0331772757444222,,,,,,,
2020-04-26,7679.8671875,197.31753540039062,,,,,,,,0.014522071498782596,0.009217850433584918,,,,,,,
2020-04-27,7795.60107421875,197.22471618652344,1711.9000244140625,161.55999755859375,207.9534912109375,263.190185546875,2878.47998046875,8730.16015625,33.290000915527344,0.015069777105927384,-0.00047040529712094603,,,,,,,
2020-04-28,7807.05859375,198.41539001464844,1710.5,160.83999633789062,204.0367431640625,261.9798889160156,2863.389892578125,8607.73046875,33.56999969482422,0.001469741643032707,0.006037143067803674,-0.0008178190280367925,-0.004456556273727319,-0.018834730900968877,-0.004598562930241967,-0.005242380698498916,-0.014023761913732113,0.00841089731440281
2020-04-29,8801.0380859375,216.96823120117188,1703.4000244140625,161.72999572753906,211.27210998535156,268.83819580078125,2939.510009765625,8914.7099609375,31.229999542236328,0.1273180520232342,0.09350505112105334,-0.004150818816683666,0.005533445721913166,0.03546109739396908,0.026178753312488867,0.026583916282167053,0.03566323240510094,-0.06970509901281496
2020-04-30,8658.5537109375,207.60205078125,1684.199951171875,158.8000030517578,211.18527221679688,266.3351135253906,2912.429931640625,8889.5498046875,34.150001525878906,-0.01618949646720247,-0.04316844161041067,-0.011271617334156159,-0.018116569301821484,-0.00041102334122899986,-0.009310739003937862,-0.009212446303987654,-0.0028223191063138087,0.0934999047852525
2020-05-01,8864.7666015625,214.21910095214844,1694.5,159.77999877929688,205.2329864501953,259.2843017578125,2830.7099609375,8604.9501953125,37.189998626708984,0.023816089558295506,0.03187372256679111,0.006115692392080874,0.00617125761149806,-0.0281851367006839,-0.026473459223039897,-0.028059034078492195,-0.03201507563689321,0.08901894480228245
2020-05-02,8988.5966796875,215.32537841796875,,,,,,,,0.013968791699848548,0.005164233538947682,,,,,,,
2020-05-03,8897.46875,210.9331512451172,,,,,,,,-0.010138170944239966,-0.020398093365129433,,,,,,,
2020-05-04,8912.654296875,208.17401123046875,1706.9000244140625,160.33999633789062,207.62547302246094,259.99951171875,2842.739990234375,8710.7099609375,35.970001220703125,0.0017067266322232655,-0.013080637151445917,,,,,,,
2020-05-05,9003.0703125,206.77439880371094,1704.4000244140625,161.02000427246094,209.97938537597656,262.4017333984375,2868.43994140625,8809.1201171875,33.61000061035156,0.010144678859214995,-0.006723281251511781,-0.0014646434848216705,0.004241037483481591,0.011337300376726756,0.009239331504153236,0.009040556385797371,0.0112976045226294,-0.06561024548960048
2020-05-06,9268.76171875,204.0557861328125,1684.199951171875,158.9499969482422,211.27210998535156,260.62298583984375,2848.419921875,8854.3896484375,34.119998931884766,0.029511199738283755,-0.013147723734789785,-0.01185172081250807,-0.012855591040204617,0.006156435818974959,-0.006778718781910054,-0.006979410390386298,0.005138939036791523,0.015174005125609291
2020-05-07,9951.5185546875,212.28941345214844,1721.800048828125,161.38999938964844,213.9925994873047,263.767822265625,2881.18994140625,8979.66015625,31.440000534057617,0.07366214135771076,0.04034988409481799,0.022325198163132498,0.015350754880484763,0.012876709103448292,0.012066611913170933,0.011504630788313985,0.014147842232649754,-0.07854626265309517
2020-05-08,9842.666015625,212.9915771484375,1709.9000244140625,160.4199981689453,216.92535400390625,268.1321716308594,2929.800048828125,9121.3203125,27.979999542236328,-0.010938284289408906,0.00330757754176636,-0.006911385803573311,-0.006010293229887331,0.013704934299728189,0.01654617810370862,0.016871538638701944,0.01577567010165759,-0.11005092026233321
2020-05-09,9593.896484375,211.60012817382812,,,,,,,,-0.025274608612654736,-0.006532882629624592,,,,,,,
2020-05-10,8756.4306640625,188.5995635986328,,,,,,,,-0.0872915214038874,-0.10869825445616221,,,,,,,
2020-05-11,8601.7958984375,185.912841796875,1695.300048828125,159.4199981689453,218.86436462402344,268.18719482421875,2930.18994140625,9192.33984375,27.56999969482422,-0.017659566044374797,-0.014245641667949727,,,,,,,
2020-05-12,8804.4775390625,189.3125,1704.4000244140625,160.0399932861328,214.2820281982422,262.8418884277344,2870.1201171875,9002.5498046875,33.040000915527344,0.023562712138033515,0.018286301098228597,0.005367766957965925,0.0038890673962401756,-0.020936877657781405,-0.019931251378306536,-0.020500317528877154,-0.020646542913830723,0.1984041088593127
2020-05-13,9269.9873046875,199.1932830810547,1713.9000244140625,161.5800018310547,211.6000518798828,258.1932067871094,2820.0,8863.169921875,35.279998779296875,0.05287193516704303,0.05219297764835762,0.005573808885191767,0.00962264814750724,-0.012516104784476623,-0.017686228281315608,-0.01746272460422804,-0.015482267339407163,0.0677965436349861
2020-05-14,9733.7216796875,202.9490966796875,1738.0999755859375,163.00999450683594,214.00221252441406,261.28314208984375,2852.5,8943.7197265625,32.61000061035156,0.05002535168149658,0.018855121721672363,0.01411981494086767,0.008850059782004704,0.011352363211587724,0.011967531373829443,0.01152482269503552,0.009088148528969997,-0.07568022282676867
2020-05-15,9328.197265625,195.62266540527344,1753.4000244140625,163.92999267578125,215.3914337158203,262.4842529296875,2863.699951171875,9014.5595703125,31.889999389648438,-0.04166180495059313,-0.03609984668213273,0.00880274382546209,0.0056438144895878395,0.0064916206940979215,0.004596970283795576,0.0039263632504382695,0.00792062429456597,-0.022079153855476208
2020-05-16,9377.013671875,200.6771240234375,,,,,,,,0.005233209039209763,0.025837796493022314,,,,,,,
2020-05-17,9670.7392578125,207.15869140625,,,,,,,,0.03132400103227817,0.03229848650838507,,,,,,,
2020-05-18,9726.5751953125,214.52505493164062,1731.800048828125,162.69000244140625,219.40460205078125,270.47930908203125,2953.909912109375,9234.830078125,29.299999237060547,0.005773698991511145,0.035559036772175645,,,,,,,
2020-05-19,9729.0380859375,213.45111083984375,1744.199951171875,164.25999450683594,218.854736328125,267.70123291015625,2922.93994140625,9185.099609375,30.530000686645508,0.00025321252090737545,-0.005006147613569434,0.007160123567464316,0.00965020617044443,-0.002506172238488369,-0.010270937844759409,-0.010484399194493177,-0.005385098407798439,0.04197957275129127
2020-05-20,9522.9814453125,210.09674072265625,1750.5999755859375,164.64999389648438,223.2249298095703,272.24896240234375,2971.610107421875,9375.7802734375,27.989999771118164,-0.02117954918100662,-0.015714933991157976,0.0036693180789062474,0.0023742810342795018,0.019968466548940356,0.016988078249582816,0.01665110025908012,0.020759781839260194,-0.08319688366854172
2020-05-21,9081.76171875,199.88360595703125,1720.5,162.25,220.7938690185547,270.36944580078125,2948.510009765625,9284.8798828125,29.530000686645508,-0.04633209978369557,-0.04861158117206166,-0.017194091172006765,-0.0145763375976391,-0.010890633017958673,-0.006903668557549314,-0.007773596407737116,-0.009695234740358605,0.055019683033953104
2020-05-22,9182.5771484375,207.169189453125,1734.5999755859375,163.2100067138672,221.555908203125,270.8828125,2955.449951171875,9324.58984375,28.15999984741211,0.01110086707949609,0.036449129788362455,0.008195277876162477,0.005916836449104457,0.003451360257228364,0.0018987600381332737,0.002353711326488428,0.004276841643477525,-0.04639352547841158
2020-05-23,9209.287109375,208.69439697265625,,,,,,,,0.0029087652089092586,0.007362134898328376,,,,,,,
2020-05-24,8790.3681640625,202.37034606933594,,,,,,,,-0.045488748514099786,-0.03030292616887509,,,,,,,
2020-05-25,8906.9345703125,205.3197479248047,,,,,,,,0.013260696716498988,0.014574278854364575,,,,,,,
2020-05-26,8835.052734375,201.90231323242188,1704.800048828125,160.88999938964844,220.95777893066406,274.2203063964844,2991.77001953125,9340.2197265625,28.010000228881836,-0.008070322664891605,-0.016644452016541522,,,,,,,
2020-05-27,9181.017578125,208.86343383789062,1710.300048828125,161.17999267578125,222.1637420654297,278.3004150390625,3036.1298828125,9412.3603515625,27.6200008392334,0.039158209254817056,0.034477666422055187,0.003226184797320286,0.0018024320171106112,0.005457889469209665,0.014878944218955414,0.014827297215913804,0.00772365395161323,-0.013923576810481397
2020-05-28,9525.7509765625,219.84042358398438,1713.300048828125,161.72000122070312,221.87428283691406,277.78692626953125,3029.72998046875,9368.990234375,28.59000015258789,0.037548495632866885,0.05255582341240994,0.0017540781818112805,0.003350344766475555,-0.0013029094028780275,-0.0018450880479613518,-0.0021079145460738413,-0.0046077833367589305,0.03511945271111783
2020-05-29,9439.1240234375,220.6751251220703,1736.9000244140625,162.91000366210938,225.12538146972656,279.0247802734375,3044.31005859375,9489.8701171875,27.510000228881836,-0.009093976247976698,0.0037968519368642983,0.013774572411924924,0.0073584122707384125,0.014652886270745347,0.004456127653412967,0.004812335824971425,0.012902124966358564,-0.037775443089960836
2020-05-30,9700.4140625,242.34559631347656,,,,,,,,0.02768159825145977,0.0982007880562834,,,,,,,
2020-05-31,9461.05859375,230.9757080078125,,,,,,,,-0.024674768232348376,-0.046916009527802616,,,,,,,
2020-06-01,10167.2685546875,246.99176025390625,1737.800048828125,163.66000366210938,225.80064392089844,280.1524658203125,3055.72998046875,9552.0498046875,28.229999542236328,0.07464386293982206,0.06934085140049451,,,,,,,
2020-06-02,9529.8037109375,237.21905517578125,1725.199951171875,162.60000610351562,227.31524658203125,282.4721984863281,3080.820068359375,9608.3798828125,26.84000015258789,-0.06269774820259899,-0.03956692752858926,-0.007250602659809369,-0.0064768271714218395,0.006707698591255529,0.008280250752829232,0.008210832780053412,0.005897171735574247,-0.0492383780442075
2020-06-03,9656.7177734375,244.1793212890625,1697.800048828125,159.60000610351562,228.3378448486328,286.2313537597656,3122.8701171875,9682.91015625,25.65999984741211,0.013317594606312655,0.02934109196296908,-0.015882160398357326,-0.01845018380928054,0.004498590754371312,0.013308054008789316,0.013648979133831007,0.007756799205120846,-0.04396424360906748
2020-06-04,9800.63671875,244.4263916015625,1718.9000244140625,161.27999877929688,226.73643493652344,285.4795227050781,3112.35009765625,9615.8095703125,25.809999465942383,0.014903505382374727,0.0010118396234197746,0.012427833065796756,0.010526269495827023,-0.007013335494915229,-0.00262665513338034,-0.0033687022311144066,-0.006929795366756419,0.005845659369534406
2020-06-05,9665.533203125,241.22198486328125,1676.199951171875,158.00999450683594,231.23202514648438,292.79620361328125,3193.929931640625,9814.080078125,24.520000457763672,-0.013785177382049874,-0.01310990485636565,-0.02484151063802742,-0.02027532426346157,0.019827383328222092,0.025629442136071656,0.026211650818398713,0.02061922153956064,-0.049980590270097824
2020-06-06,9653.6796875,241.9313201904297,,,,,,,,-0.0012263695520872142,0.0029405915366731428,,,,,,,
2020-06-07,9758.8525390625,245.16725158691406,,,,,,,,0.010894586827723485,0.013375413294720584,,,,,,,
2020-06-08,9771.4892578125,246.30990600585938,1698.300048828125,159.72000122070312,233.02638244628906,296.33538818359375,3232.389892578125,9924.75,25.809999465942383,0.0012948980117710729,0.00466071390672762,,,,,,,
2020-06-09,9795.7001953125,244.9114532470703,1714.699951171875,161.25999450683594,234.714599609375,294.1257629394531,3207.179931640625,9953.75,27.56999969482422,0.0024777121338637187,-0.005677614763718863,0.009656657759072873,0.00964183116931494,0.0072447469053211755,-0.007456501424567108,-0.007799170822611612,0.0029219879593944675,0.06819063406817372
2020-06-10,9870.0947265625,247.4449462890625,1713.300048828125,163.57000732421875,237.53158569335938,292.48455810546875,3190.139892578125,10020.349609375,27.56999969482422,0.007594610876882513,0.01034452659686913,-0.0008164124241055726,0.014324773012967418,0.012001750588470195,-0.005579942462647258,-0.0053130910724373814,0.0066909063795053125,0.0
2020-06-11,9321.78125,231.70266723632812,1732.0,162.38999938964844,225.7620849609375,275.6230773925781,3002.10009765625,9492.73046875,40.790000915527344,-0.05555301055894357,-0.06361931932262788,0.010914580423122988,-0.007214084989501601,-0.04954920289049758,-0.05764913136648553,-0.05894405927443824,-0.05265476367524757,0.47950675977645907
2020-06-12,9480.84375,237.4932098388672,1729.300048828125,162.6199951171875,227.55645751953125,278.92388916015625,3041.31005859375,9588.8095703125,36.09000015258789,0.01706353064227928,0.02499126432857568,-0.0015588632632073107,0.0014163170663434865,0.007948068688788945,0.01197581784081403,0.013060843963234703,0.010121334623245826,-0.11522433580407998
2020-06-13,9475.27734375,238.90884399414062,,,,,,,,-0.0005871213994007585,0.005960735282637852,,,,,,,
2020-06-14,9386.7880859375,234.1147003173828,,,,,,,,-0.009338962291258746,-0.020066832171668714,,,,,,,
2020-06-15,9450.7021484375,229.9289093017578,1720.300048828125,162.3300018310547,230.32518005371094,281.5278015136719,3066.590087890625,9726.01953125,34.400001525878906,0.006808938469139436,-0.017879231889114333,,,,,,,
2020-06-16,9538.0244140625,234.41616821289062,1729.5999755859375,162.25,234.28053283691406,286.9465026855469,3124.739990234375,9895.8701171875,33.66999816894531,0.009239764861221245,0.01951585350776286,0.005405991102626295,-0.0004928345355281749,0.01717290650670833,0.019247481572834513,0.01896239819380252,0.017463525072283215,-0.021221026876537152
2020-06-17,9480.2548828125,233.0282745361328,1729.199951171875,162.55999755859375,235.02334594726562,285.754638671875,3113.489990234375,9910.5302734375,33.470001220703125,-0.006056760681470541,-0.005920639720965681,-0.00023128146375406278,0.0019106166939522051,0.0031706138848022203,-0.004153610525018281,-0.0036002995561740248,0.0014814418617457026,-0.005939915625735037
2020-06-18,9411.8408203125,232.10116577148438,1724.800048828125,162.24000549316406,235.66004943847656,285.86474609375,3115.340087890625,9943.0498046875,32.939998626708984,-0.007216479234543938,-0.003978524779853165,-0.00254447285912085,-0.001968455156468263,0.0027091074235399137,0.00038532155553716585,0.0005942198825281686,0.0032813109241147664,-0.01583515311216377
2020-06-19,9288.0185546875,227.13829040527344,1745.9000244140625,164.02999877929688,235.62149047851562,284.23089599609375,3097.739990234375,9946.1201171875,35.119998931884766,-0.013156009327927487,-0.021382380177690008,0.012233287910835555,0.011032995719469696,-0.0001636211146217592,-0.005715465512912243,-0.005649494809462974,0.00030878981402193695,0.06618094705711841
2020-06-20,9332.3408203125,229.27426147460938,,,,,,,,0.004771982890003024,0.009403835282570938,,,,,,,
2020-06-21,9303.6298828125,228.9898223876953,,,,,,,,-0.0030764990320015784,-0.0012406062725255351,,,,,,,
2020-06-22,9648.7177734375,242.53318786621094,1756.699951171875,165.08999633789062,238.44717407226562,286.05438232421875,3117.860107421875,10056.48046875,31.770000457763672,0.03709174751916078,0.05914396254513776,,,,,,,
2020-06-23,9629.658203125,244.14215087890625,1772.0999755859375,166.47999572753906,240.4766082763672,287.371337890625,3131.2900390625,10131.3701171875,31.3700008392334,-0.0019753474772544743,0.0066339911121064965,0.00876645121085673,0.008419646377624934,0.008511043219520342,0.00460386432714599,0.004307419569164139,0.007446904378745289,-0.0125904819882533
2020-06-24,9313.6103515625,235.7724609375,1765.800048828125,165.89999389648438,235.51902770996094,280.04083251953125,3050.330078125,9909.169921875,33.84000015258789,-0.03282025643027875,-0.03428203573727662,-0.0035550628320105693,-0.0034839130582626776,-0.02061564574592123,-0.025508825705797378,-0.025855145939064572,-0.021931899905181185,0.07873762343880286
2020-06-25,9264.8134765625,232.94448852539062,1762.0999755859375,165.8000030517578,237.76101684570312,283.04302978515625,3083.760009765625,10017.0,32.220001220703125,-0.005239308190707503,-0.01199449842812228,-0.002095408959039924,-0.0006027175913517757,0.009519354582692818,0.010720569706261118,0.010959447267809841,0.010881847720358495,-0.04787230864598202
2020-06-26,9162.91796875,229.6680450439453,1772.5,166.5399932861328,232.14630126953125,276.3202819824219,3009.050048828125,9757.2197265625,34.72999954223633,-0.010998117562784016,-0.014065340211250277,0.005902062628770022,0.004463149702982783,-0.02361495442213557,-0.02375168117666515,-0.024226905044785974,-0.025933939646351156,0.07790186922526843
2020-06-27,9045.390625,222.9597930908203,,,,,,,,-0.012826410118569775,-0.029208468909296514,,,,,,,
2020-06-28,9143.58203125,225.34716796875,,,,,,,,0.010855408054862181,0.01070764753067932,,,,,,,
2020-06-29,9190.8544921875,228.1948699951172,1774.800048828125,166.6300048828125,234.67820739746094,280.3814697265625,3053.239990234375,9874.150390625,31.780000686645508,0.005170015512075743,0.012636955023823893,,,,,,,
2020-06-30,9137.9931640625,226.31500244140625,1793.0,167.3699951171875,239.2782745361328,283.9730529785156,3100.2900390625,10058.76953125,30.43000030517578,-0.005751513982724221,-0.008237992176384878,0.010254648789249421,0.004440918278166173,0.019601594837824088,0.012809631305006564,0.015409875731554612,0.018697217818384404,-0.04247955797046343
2020-07-01,9228.3251953125,231.11341857910156,1773.199951171875,166.6199951171875,242.0710906982422,285.9622497558594,3115.860107421875,10154.6298828125,28.6200008392334,0.00988532488788163,0.021202377597294486,-0.01104297201791693,-0.004481089931769877,0.011671833422919553,0.007004878654786495,0.005022132820864389,0.009530027630585192,-0.05948075740355885
2020-07-02,9123.41015625,229.39219665527344,1784.0,166.97999572753906,243.71400451660156,287.5369567871094,3130.010009765625,10207.6298828125,27.68000030517578,-0.011368806022981404,-0.00744752050491182,0.0060907112144839015,0.0021606086958432247,0.006786906332435061,0.005506695490731461,0.004541250844364075,0.005219294116244111,-0.03284418261683031
2020-07-03,9087.3037109375,225.38706970214844,,,,,,,,-0.00395756024273064,-0.017459734949675898,,,,,,,
2020-07-04,9132.48828125,229.07411193847656,,,,,,,,0.004972274697731871,0.016358712330749814,,,,,,,
2020-07-05,9073.9423828125,227.6645965576172,,,,,,,,-0.00641072801130238,-0.006153097654430395,,,,,,,
2020-07-06,9375.474609375,241.51022338867188,1788.5,167.97999572753906,249.7056121826172,291.9757995605469,3179.719970703125,10433.650390625,27.940000534057617,0.0332305643833104,0.06081589777420948,,,,,,,
2020-07-07,9252.27734375,239.07553100585938,1804.199951171875,169.0399932861328,247.98541259765625,288.96441650390625,3145.320068359375,10343.8896484375,29.43000030517578,-0.01314037643510968,-0.01008111519525301,0.008778278541724971,0.006310260659329048,-0.006888910385013269,-0.010313810463651651,-0.010818532028197159,-0.008603004588705887,0.0533285519913258
2020-07-08,9428.3330078125,246.67001342773438,1815.5,170.08999633789062,251.2518768310547,291.1746520996094,3169.93994140625,10492.5,28.079999923706055,0.019028359994139876,0.03176603807977685,0.006263190962168652,0.006211565862881185,0.013172001526953192,0.007648815803842135,0.007827461915415501,0.01436696993233566,-0.04587157211929438
2020-07-09,9277.9677734375,243.01596069335938,1799.199951171875,169.6300048828125,253.36819458007812,289.5169372558594,3152.050048828125,10547.75,29.260000228881836,-0.015948231171979632,-0.014813526312331904,-0.008978269803428862,-0.0027044004055614135,0.008423092299710389,-0.005693197645456172,-0.005643606159361103,0.005265665951870391,0.042022803005052234
2020-07-10,9278.8076171875,240.9849853515625,1798.199951171875,169.19000244140625,255.09812927246094,292.4731140136719,3185.0400390625,10617.4404296875,27.290000915527344,9.052022711308894e-05,-0.008357374289335584,-0.0005558025940077815,-0.0025938951172596036,0.006827750007256883,0.010210721299527936,0.01046620127324438,0.006607137037519806,-0.06732738543897732
2020-07-11,9240.3466796875,239.4581756591797,,,,,,,,-0.004145030168397623,-0.006335704650459517,,,,,,,
2020-07-12,9276.5,242.13169860839844,,,,,,,,0.003912550206798482,0.011164884814891307,,,,,,,
2020-07-13,9243.6142578125,239.60458374023438,1811.0,169.39999389648438,249.85061645507812,289.94061279296875,3155.219970703125,10390.83984375,32.189998626708984,-0.003545059255915528,-0.010436943542246335,,,,,,,
2020-07-14,9243.2138671875,240.21148681640625,1810.5999755859375,170.19000244140625,251.61900329589844,293.6980285644531,3197.52001953125,10488.580078125,29.520000457763672,-4.331537576462985e-05,0.0025329360010484248,-0.00022088592714664124,0.004663568910189042,0.007077776576702055,0.012959259950820812,0.013406370782667931,0.00940638445445674,-0.08294496063538004
2020-07-15,9192.8369140625,238.42352294921875,1811.4000244140625,170.33999633789062,252.13128662109375,296.39617919921875,3226.56005859375,10550.490234375,27.760000228881836,-0.005450155524782674,-0.007443290455772633,0.00044186945703783564,0.0008813320073604025,0.002035948471637905,0.009186819019364023,0.009082050740923053,0.005902625120736804,-0.05962060303488104
2020-07-16,9132.2275390625,233.64088439941406,1798.699951171875,168.72999572753906,250.4110107421875,295.42010498046875,3215.570068359375,10473.830078125,28.0,-0.006593108913667822,-0.020059424047782937,-0.007011191934976124,-0.009451688651900159,-0.006822936978430172,-0.003293140354869273,-0.0034061012455366413,-0.00726602788562658,0.008645524824904882
2020-07-17,9151.392578125,232.77308654785156,1808.300048828125,170.1199951171875,250.7010498046875,296.2764892578125,3224.72998046875,10503.1904296875,25.68000030517578,0.002098616025556055,-0.0037142380015947607,0.005337242406658893,0.008238009985450212,0.0011582520338877522,0.0028988693149383238,0.002848612194617406,0.0028032106061965933,-0.08285713195800781
2020-07-18,9159.0400390625,235.4838104248047,,,,,,,,0.0008356608977502233,0.01164534919888971,,,,,,,
2020-07-19,9185.8173828125,238.48751831054688,,,,,,,,0.002923597193133398,0.01275547512299724,,,,,,,
2020-07-20,9164.2314453125,236.15316772460938,1815.9000244140625,170.94000244140625,257.8135681152344,298.6708984375,3251.840087890625,10767.08984375,24.459999084472656,-0.0023499201650132306,-0.009788145738083509,,,,,,,
2020-07-21,9374.8876953125,245.0167236328125,1842.4000244140625,173.0,255.12704467773438,299.3062744140625,3257.300048828125,10680.3603515625,24.84000015258789,0.02298678850016933,0.037533080727248036,0.014593314413633873,0.012050997596656066,-0.010420411373769145,0.0021273447794427636,0.0016790373419135474,-0.00805505419255359,0.015535612524060216
2020-07-22,9525.36328125,262.1906433105469,1864.0999755859375,175.6300048828125,256.02587890625,301.010009765625,3276.02001953125,10706.1298828125,24.31999969482422,0.016050921443329758,0.07009284681918926,0.011778088842989476,0.015202340363078104,0.0035230848601370823,0.0056922807745938275,0.005747082068739751,0.002412796048237187,-0.020933995755611834
2020-07-23,9581.072265625,274.6890563964844,1889.0999755859375,177.17999267578125,249.33843994140625,297.4184265136719,3235.659912109375,10461.419921875,26.079999923706055,0.00584848921034431,0.047669180441096026,0.0134112978528107,0.008825301770064575,-0.026120167982286335,-0.011931773480721275,-0.012319859824193036,-0.022856995349024745,0.07236843137199545
2020-07-24,9536.892578125,279.2154235839844,1897.300048828125,178.6999969482422,246.97068786621094,295.5029602050781,3215.6298828125,10363.1796875,25.84000015258789,-0.004611142289210002,0.01647814895460087,0.004340730161538575,0.008578870839228259,-0.009496137361538537,-0.006440308124304073,-0.006190400054688405,-0.009390717044975738,-0.009202445238506662
2020-07-25,9677.11328125,304.0567626953125,,,,,,,,0.014702976045533722,0.08896836282346765,,,,,,,
2020-07-26,9905.1669921875,309.64361572265625,,,,,,,,0.023566295475673238,0.018374375158832335,,,,,,,
2020-07-27,10990.873046875,321.51409912109375,1931.0,182.22999572753906,251.3774871826172,297.65789794921875,3239.409912109375,10536.26953125,24.739999771118164,0.1096100707382146,0.03833595396673628,,,,,,,
2020-07-28,10912.8232421875,316.6572570800781,1944.699951171875,183.75,248.17874145507812,295.77001953125,3218.43994140625,10402.08984375,25.440000534057617,-0.007101328925793737,-0.015106155699835644,0.007094744263011377,0.00834113103275036,-0.012724869531436145,-0.006342443560126254,-0.006473392152297919,-0.012735028000378179,0.02829429140725548
2020-07-29,11100.4677734375,318.1908874511719,1953.5,185.1300048828125,251.03927612304688,299.40765380859375,3258.43994140625,10542.9404296875,24.100000381469727,0.017194865809297744,0.004843187189946141,0.004525144777641543,0.0075102306547618625,0.011526106753533272,0.012298860726684957,0.01242838167815008,0.013540604633609066,-0.052672960867039875
2020-07-30,11111.2138671875,334.5866394042969,1942.300048828125,183.75999450683594,252.35348510742188,298.33935546875,3246.219970703125,10587.8095703125,24.760000228881836,0.0009680757576464583,0.05152803741320544,-0.005733274211351391,-0.007400261112960993,0.005235073191219852,-0.0035680395148706134,-0.003750251937389204,0.00425584692659875,0.02738588535125408
2020-07-31,11323.466796875,345.5546569824219,1962.800048828125,185.42999267578125,256.8569641113281,300.6968078613281,3271.1201171875,10745.26953125,24.459999084472656,0.0191025870102548,0.032780799608892464,0.010554496980200723,0.00908793109962347,0.017845915628980524,0.007901915551416616,0.007670504990141325,0.014871816487803668,-0.012116362747817577
2020-08-01,11759.5927734375,385.19970703125,,,,,,,,0.03851523428168302,0.11472873899322056,,,,,,,
2020-08-02,11053.6142578125,370.6717224121094,,,,,,,,-0.060034265575901635,-0.037715461237258996,,,,,,,
2020-08-03,11246.3486328125,386.295166015625,1966.0,185.63999938964844,260.3262634277344,302.7873229980469,3294.610107421875,10902.7998046875,24.280000686645508,0.017436321777176023,0.042149003171452204,,,,,,,
2020-08-04,11205.892578125,389.87548828125,2001.199951171875,189.58999633789062,261.2926940917969,303.9568786621094,3306.510009765625,10941.169921875,23.760000228881836,-0.00359726129861071,0.009268358966418422,0.01790434952791209,0.021277725496816835,0.003712382497783606,0.0038626308805869147,0.0036119303819721615,0.0035192902625804656,-0.021416822201726027
2020-08-05,11747.0224609375,401.590576171875,2031.0999755859375,191.35000610351562,261.9400939941406,305.8447570800781,3327.77001953125,10998.400390625,22.989999771118164,0.04828976175167332,0.030048280137513927,0.014941047943037189,0.009283241730161151,0.002477680842145169,0.006211007384594902,0.006429743053199433,0.005230744898274242,-0.03240742636137206
2020-08-06,11779.7734375,394.9619445800781,2051.5,193.88999938964844,265.4095153808594,307.8892517089844,3349.159912109375,11108.0703125,22.649999618530273,0.002788023660583505,-0.016505944076137702,0.010043830761298445,0.013274069532868138,0.013245094837586624,0.006684746367487726,0.00642769555966427,0.00997144293532748,-0.014789045496860997
2020-08-07,11601.47265625,379.5128479003906,2010.0999755859375,190.80999755859375,262.34600830078125,308.11029052734375,3351.280029296875,11010.98046875,22.209999084472656,-0.01513618086086388,-0.03911540565284821,-0.02018036773778331,-0.01588530528005727,-0.011542566873241289,0.0007179166441584339,0.0006330295486443038,-0.008740477960491821,-0.019426072470996703
2020-08-08,11754.0458984375,393.98736572265625,,,,,,,,0.013151196120374076,0.038139730716217235,,,,,,,
2020-08-09,11675.7392578125,391.1204528808594,,,,,,,,-0.006662100973708895,-0.007276661870967205,,,,,,,
2020-08-10,11878.111328125,395.8875732421875,2024.4000244140625,190.14999389648438,261.2250671386719,309.0312194824219,3360.469970703125,10968.3603515625,22.1299991607666,0.017332698670629254,0.01218836889304864,,,,,,,
2020-08-11,11410.525390625,380.3840637207031,1932.5999755859375,179.94000244140625,256.2770080566406,306.480224609375,3333.68994140625,10782.8203125,24.030000686645508,-0.03936534391564839,-0.039161394722536436,-0.045346792986082574,-0.05369440853432972,-0.01894174680948424,-0.008254812822210633,-0.007969132154236114,-0.01691593210976783,0.08585637586680717
2020-08-12,11584.9345703125,391.024169921875,1934.9000244140625,179.10000610351562,262.7228698730469,310.7532958984375,3380.35009765625,11012.240234375,22.280000686645508,0.015284938573538076,0.027972008335723553,0.0011901318727005616,-0.004668202325739945,0.02515193175261987,0.013942404585838286,0.013996549490237653,0.021276430027220572,-0.07282563254243057
2020-08-13,11784.1376953125,428.7417907714844,1956.699951171875,183.3300018310547,263.3221130371094,310.1914978027344,3373.429931640625,11042.5,22.1299991607666,0.017195015111304723,0.09645854080361627,0.011266694135483313,0.023618065792215592,0.002280894557645796,-0.0018078588485405112,-0.002047174350497949,0.0027478301400056804,-0.006732563790665225
2020-08-14,11768.87109375,437.3978271484375,1937.0,182.5399932861328,263.0127868652344,310.2007141113281,3372.85009765625,11019.2998046875,22.049999237060547,-0.0012955213149429268,0.020189392691058572,-0.010067946881726408,-0.0043092158240957135,-0.0011747064016283115,2.9711673785515202e-05,-0.00017188262276812694,-0.002100991198777491,-0.0036149989489328016
2020-08-15,11865.6982421875,433.35491943359375,,,,,,,,0.008227394765919493,-0.009243090532024323,,,,,,,
2020-08-16,11892.8037109375,433.78662109375,,,,,,,,0.0022843551383793237,0.0009961849763249209,,,,,,,
2020-08-17,12254.40234375,429.53125,1985.0,186.5,266.0666809082031,311.1861267089844,3381.989990234375,11129.73046875,21.350000381469727,0.03040482644811049,-0.009809825584340293,,,,,,,
2020-08-18,11991.2333984375,423.6693115234375,1999.4000244140625,188.17999267578125,268.6275634765625,311.8583679199219,3389.780029296875,11210.83984375,21.510000228881836,-0.021475461465219614,-0.013647292197162653,0.007254420359729119,0.009008003623491856,0.009624965289219745,0.0021602544369407894,0.002303389154016955,0.007287631558350771,0.007494137918188315
2020-08-19,11758.283203125,406.4637756347656,1958.699951171875,182.24000549316406,266.8204040527344,310.5599060058594,3374.85009765625,11146.4599609375,22.540000915527344,-0.019426708460436926,-0.04061076745635395,-0.020356143215570333,-0.03156545548841261,-0.006727378979431542,-0.004163626978243906,-0.0044043954214108005,-0.005742645841862681,0.04788473620109546
2020-08-20,11878.3720703125,416.4397888183594,1933.800048828125,183.5,270.521728515625,311.52685546875,3385.510009765625,11264.9501953125,22.719999313354492,0.01021312934149976,0.024543424978067163,-0.012712463860966805,0.006913929262821528,0.013871969334695589,0.0031135682494454198,0.0031586327691348615,0.010630301888693516,0.00798573161117977
2020-08-21,11592.4892578125,389.1263427734375,1934.5999755859375,182.02999877929688,272.3964538574219,312.6319580078125,3397.159912109375,11311.7998046875,22.540000915527344,-0.024067507803910648,-0.06558798361324525,0.00041365536126503066,-0.008010905834894388,0.006930036090201153,0.00354737487206247,0.0034411070444764214,0.0041588829566681085,-0.007922464932529683
2020-08-22,11681.8251953125,395.83514404296875,,,,,,,,0.007706363621583279,0.017240676181713432,,,,,,,
2020-08-23,11664.84765625,391.3844909667969,,,,,,,,-0.0014533293195752028,-0.011243703706330654,,,,,,,
2020-08-24,11774.595703125,408.1441955566406,1927.699951171875,181.0,274.09722900390625,315.7999572753906,3431.280029296875,11379.7197265625,22.3700008392334,0.00940844236539995,0.04282158587440188,,,,,,,
2020-08-25,11366.134765625,384.00103759765625,1911.800048828125,181.22000122070312,276.25244140625,316.90496826171875,3443.6201171875,11466.4697265625,22.030000686645508,-0.034690018052305094,-0.05915350070348824,-0.008248120945422155,0.0012154763574758753,0.007862948524419489,0.003499085293936499,0.0035963511532906,0.007623210596084284,-0.015198933385446534
2020-08-26,11488.36328125,386.46612548828125,1940.699951171875,183.36000061035156,282.14727783203125,320.0821533203125,3478.72998046875,11665.0595703125,23.270000457763672,0.010753745063331488,0.006419482369232066,0.015116592533547024,0.011808847672626355,0.02133858580859549,0.01002567134248844,0.010195626139483993,0.017319179179443367,0.0562868693812546
2020-08-27,11323.3974609375,382.63262939453125,1921.5999755859375,181.24000549316406,281.2679443359375,320.781982421875,3484.550048828125,11625.33984375,24.469999313354492,-0.01435938403704018,-0.00991935862142268,-0.00984179732390067,-0.011561927956646234,-0.0031165762181027956,0.0021864046286335093,0.0016730440109038458,-0.003405017035968405,0.05156849299461275
2020-08-28,11542.5,395.8746643066406,1964.5999755859375,184.38999938964844,282.6981506347656,322.85406494140625,3508.010009765625,11695.6298828125,22.959999084472656,0.01934954061432026,0.034607699121382396,0.022377185962904944,0.0173802350530341,0.005084853527140387,0.006459472891485962,0.00673256535528588,0.006046278217000989,-0.061708225224908486
2020-08-29,11506.865234375,399.9214782714844,,,,,,,,-0.0030872658111327222,0.010222462637086371,,,,,,,
2020-08-30,11711.505859375,428.3957214355469,,,,,,,,0.017784220187846422,0.07119958469630605,,,,,,,
2020-08-31,11680.8203125,435.0797424316406,1967.5999755859375,184.8300018310547,284.9692077636719,321.6844787597656,3500.31005859375,11775.4599609375,26.40999984741211,-0.0026201196706430174,0.015602445733341463,,,,,,,
2020-09-01,11970.478515625,477.0519104003906,1968.199951171875,185.0500030517578,289.83984375,324.7142639160156,3526.64990234375,11939.669921875,26.1200008392334,0.024797762089964426,0.09647005795804109,0.0003049276242030885,0.0011902895553947967,0.017091797477176485,0.00941849966753483,0.007525003016613407,0.013945099510527026,-0.010980651641583683
2020-09-02,11414.0341796875,440.0404968261719,1934.4000244140625,182.6199951171875,292.5843811035156,329.4110107421875,3580.840087890625,12056.4404296875,26.56999969482422,-0.04648471948812871,-0.07758361882075893,-0.017173014732414726,-0.013131628719242117,0.009469151369964512,0.014464245486261351,0.015365910154807594,0.009780044890400408,0.01722813327459405
2020-09-03,10245.296875,385.67193603515625,1927.5999755859375,181.13999938964844,277.750244140625,318.0745849609375,3455.06005859375,11458.099609375,33.599998474121094,-0.10239476124641311,-0.123553539238214,-0.003515327100031884,-0.00810423703378893,-0.05070037199847088,-0.034414228460998286,-0.03512584371534122,-0.04962831474198304,0.2645840745216983
2020-09-04,10511.8134765625,388.24114990234375,1923.9000244140625,181.63999938964844,274.0489196777344,315.4775695800781,3426.9599609375,11313.1298828125,30.75,0.02601355576262887,0.006661656260499305,-0.0019194600636733838,0.0027602959130217375,-0.013326088962919647,-0.008164800030088237,-0.008133027264274895,-0.012652161484430269,-0.0848213870103649
2020-09-05,10169.5673828125,335.26007080078125,,,,,,,,-0.03255823502891142,-0.13646435756459385,,,,,,,
2020-09-06,10280.3515625,353.3622741699219,,,,,,,,0.010893696409813414,0.053994510368928994,,,,,,,
2020-09-07,10369.5634765625,352.6734924316406,,,,,,,,0.00867790498409815,-0.0019492226211732522,,,,,,,
2020-09-08,10131.5166015625,337.60211181640625,1933.0,181.2899932861328,260.8770751953125,306.85772705078125,3331.840087890625,10847.6904296875,31.459999084472656,-0.022956306264775628,-0.04273465666874776,,,,,,,
2020-09-09,10242.34765625,351.1100158691406,1944.699951171875,183.0500030517578,268.54058837890625,312.91741943359375,3398.9599609375,11141.5595703125,28.809999465942383,0.010939236349907233,0.04001131385125989,0.006052742458290128,0.00970825655471863,0.029375954854815367,0.019747563279740143,0.02014498633677464,0.02709047999938785,-0.08423393819608227
2020-09-10,10363.138671875,368.1018981933594,1954.199951171875,182.4600067138672,263.1867370605469,307.4841003417969,3339.18994140625,10919.58984375,29.709999084472656,0.011793293850096198,0.04839475251697656,0.004885072370303334,-0.0032231430104036063,-0.019936842138757793,-0.017363428030410133,-0.01758479659017942,-0.01992268004866704,0.03123914041005804
2020-09-11,10400.9150390625,374.6955871582031,1937.800048828125,182.4499969482422,261.3603820800781,307.6405944824219,3340.969970703125,10853.5498046875,26.8700008392334,0.0036452631180188266,0.01791267308646205,-0.008392131180801399,-5.486005292487661e-05,-0.006939388363056409,0.0005089503504442927,0.0005330721905940639,-0.006047849782590431,-0.09559065408128964
2020-09-12,10442.1708984375,387.18310546875,,,,,,,,0.003966560559340859,0.03332710268956118,,,,,,,
2020-09-13,10323.755859375,365.57000732421875,,,,,,,,-0.011340078630605377,-0.05582138745017029,,,,,,,
2020-09-14,10680.837890625,377.26885986328125,1953.0999755859375,183.88999938964844,265.9120178222656,311.692626953125,3383.5400390625,11056.650390625,25.850000381469727,0.0345883839286778,0.03200167493140915,,,,,,,
2020-09-15,10796.951171875,364.8392028808594,1956.300048828125,183.4499969482422,269.68084716796875,313.26739501953125,3401.199951171875,11190.3203125,25.59000015258789,0.010871177190313608,-0.0329464164811436,0.0016384584927493506,-0.0023927480714920346,0.014173219309787655,0.005052310931445536,0.005219359577689042,0.012089549470456262,-0.010058035785106334
2020-09-16,10974.9052734375,365.8122863769531,1960.199951171875,183.97000122070312,265.3804626464844,312.0241394042969,3385.489990234375,11050.4697265625,26.040000915527344,0.01648188444401355,0.002667157170638479,0.0019935093014418204,0.0028345831622316187,-0.015946199244939008,-0.003968672242947169,-0.004618946596211537,-0.012497460486567302,0.017585023847447978
2020-09-17,10948.990234375,389.01922607421875,1940.0,182.9600067138672,261.234619140625,309.27984619140625,3357.010009765625,10910.2802734375,26.459999084472656,-0.0023612995663134795,0.06343947582272258,-0.010305046258060946,-0.005489995652194879,-0.015622263464745267,-0.008795131101490772,-0.008412365876402483,-0.012686289053217337,0.01612896137399411
2020-09-18,10944.5859375,384.3645324707031,1952.0999755859375,183.1999969482422,257.900634765625,305.71917724609375,3319.469970703125,10793.2802734375,25.829999923706055,-0.00040225598714782596,-0.011965201952840232,0.006237100817493513,0.0013117087099276947,-0.01276241405510381,-0.011512773913851748,-0.011182581807410497,-0.010723830833645143,-0.02380949291628287
2020-09-19,11094.3466796875,385.54437255859375,,,,,,,,0.013683545731443925,0.003069586260487034,,,,,,,
2020-09-20,10938.271484375,371.0528259277344,,,,,,,,-0.014067993350005525,-0.03758723421298804,,,,,,,
2020-09-21,10462.259765625,341.78607177734375,1901.199951171875,179.52000427246094,258.5190734863281,302.31658935546875,3281.06005859375,10778.7998046875,27.780000686645508,-0.04351800185522625,-0.07887489895061617,,,,,,,
2020-09-22,10538.4599609375,344.503173828125,1898.5999755859375,178.64999389648438,263.3221130371094,305.3955078125,3315.570068359375,10963.6396484375,26.860000610351562,0.0072833400259153525,0.00794971555350954,-0.0013675445259373475,-0.004846314367596194,0.018579052934116547,0.010184417810466195,0.010517945160813724,0.01714846245401236,-0.03311735253974313
2020-09-23,10246.1865234375,321.1163024902344,1859.9000244140625,174.7899932861328,255.28172302246094,298.3131408691406,3236.919921875,10632.990234375,28.579999923706055,-0.027733979972724532,-0.06788579355602253,-0.020383414973937142,-0.021606497297661065,-0.030534427670779518,-0.02319080262211204,-0.023721455093028143,-0.030158726906864608,0.0640357138596499
2020-09-24,10760.06640625,349.3555908203125,1868.300048828125,175.44000244140625,256.4703674316406,299.1082763671875,3246.590087890625,10672.26953125,28.510000228881836,0.050153282066164984,0.08794099866959249,0.004516384915210114,0.003718800733685912,0.004656206465180945,0.0026654390608815692,0.0029874591429570607,0.003694096957600479,-0.0024492545490231166
2020-09-25,10692.716796875,352.1832580566406,1857.699951171875,174.94000244140625,262.4329528808594,303.9440002441406,3298.4599609375,10913.5595703125,26.3799991607666,-0.006259218747560857,0.008093951580075087,-0.005673659144257326,-0.0028499771605223767,0.023248633005557684,0.01616713497762512,0.0159767237756141,0.022609065331040012,-0.0747106647146728
2020-09-26,10750.7236328125,355.48809814453125,,,,,,,,0.005424892199001441,0.009383864826871147,,,,,,,
2020-09-27,10775.26953125,357.4385070800781,,,,,,,,0.0022831856976197606,0.005486566064312859,,,,,,,
2020-09-28,10709.65234375,355.159423828125,1872.800048828125,176.6999969482422,267.8834228515625,308.9922790527344,3351.60009765625,11117.5302734375,26.190000534057617,-0.006089609852421796,-0.006376154798124589,,,,,,,
2020-09-29,10844.640625,359.75738525390625,1894.300048828125,178.19000244140625,266.6754150390625,307.3094177246094,3335.469970703125,11085.25,26.270000457763672,0.012604356977915954,0.012946190125610713,0.01148013639440748,0.008432402483858015,-0.004509453401935093,-0.005446289251252789,-0.0048126645432444715,-0.0029035471587268713,0.0030545980173624088
2020-09-30,10784.4912109375,359.9378662109375,1887.5,177.1199951171875,268.5018615722656,309.6395263671875,3363.0,11167.509765625,26.3700008392334,-0.00554646448346463,0.0005016740848944323,-0.003589742201786761,-0.006004867330144381,0.006848949810148719,0.007582288430438622,0.008253718228220741,0.007420650470219448,0.0038066379797176975
2020-10-01,10619.4521484375,353.2059020996094,1908.4000244140625,178.6999969482422,272.7637023925781,311.6274108886719,3380.800048828125,11326.509765625,26.700000762939453,-0.015303370300178809,-0.01870312835433363,0.011072860616721858,0.008920516455577454,0.01587266768042661,0.006419996002471118,0.005292907769290922,0.014237731001536469,0.012514217413868156
2020-10-02,10575.974609375,346.2389221191406,1900.199951171875,178.5399932861328,265.09051513671875,308.6686096191406,3348.419921875,11075.01953125,27.6299991607666,-0.00409414143543152,-0.01972498177140869,-0.004296831449006722,-0.0008953758525005462,-0.028131262292427905,-0.00949467590509323,-0.009577652178616392,-0.02220368318034316,0.03483139967239324
2020-10-03,10549.3291015625,346.5220947265625,,,,,,,,-0.0025194375739971964,0.0008178531913418663,,,,,,,
2020-10-04,10669.5830078125,352.5790100097656,,,,,,,,0.011399199427022166,0.017479160421163265,,,,,,,
2020-10-05,10793.33984375,353.956787109375,1912.5,179.41000366210938,270.743896484375,314.1423034667969,3408.60009765625,11332.490234375,27.959999084472656,0.01159903211277169,0.003907711634822508,,,,,,,
2020-10-06,10604.40625,340.81585693359375,1901.0999755859375,177.3000030517578,265.9120178222656,309.676513671875,3360.969970703125,11154.599609375,29.479999542236328,-0.017504646058134066,-0.03712580364145024,-0.005960797079248348,-0.011760774579356315,-0.017846676231123237,-0.01421581794504756,-0.013973515692226712,-0.01569739936421055,0.05436339440396454
2020-10-07,10668.96875,341.80865478515625,1883.5999755859375,177.22000122070312,270.5119934082031,315.0669250488281,3419.43994140625,11364.599609375,28.059999465942383,0.0060882710901424275,0.0029130036979352347,-0.009205197109429464,-0.0004512229536247636,0.017298863073620385,0.01740658764540548,0.01739675486921799,0.01882631446703864,-0.048168252996730776
2020-10-08,10915.685546875,350.7661437988281,1888.5999755859375,177.85000610351562,271.95196533203125,317.85919189453125,3446.830078125,11420.98046875,26.360000610351562,0.023124708925124526,0.02620615039517382,0.0026544914338537673,0.0035549310375408982,0.005323135235838494,0.008862456271061747,0.008010123642494982,0.004961095094673684,-0.06058442223615079
2020-10-09,11064.4580078125,365.5904846191406,1919.5,181.0800018310547,276.10736083984375,320.69769287109375,3477.139892578125,11579.9404296875,25.0,0.013629236597062944,0.042262747082040475,0.01636133898840897,0.018161347296547614,0.015279887765249578,0.00893005786506973,0.00879353312061526,0.013918241202884873,-0.051593345176839334
2020-10-10,11296.361328125,370.96759033203125,,,,,,,,0.02095930231275278,0.014708002366342399,,,,,,,
2020-10-11,11384.181640625,375.1420593261719,,,,,,,,0.0077742124166433335,0.011252921017721018,,,,,,,
2020-10-12,11555.36328125,387.73126220703125,1922.5,180.55999755859375,284.6309509277344,325.8570861816406,3534.219970703125,11876.259765625,25.06999969482422,0.01503679807902314,0.033558494889834645,,,,,,,
2020-10-13,11425.8994140625,381.1907653808594,1888.5,177.72000122070312,284.6213073730469,323.73040771484375,3511.929931640625,11863.900390625,26.06999969482422,-0.011203790312466544,-0.01686863418993423,-0.01768530559167747,-0.015728823528417535,-3.388090668310362e-05,-0.0065264146675988455,-0.006306918994084421,-0.0010406790726970039,0.03988831320993014
2020-10-14,11429.5068359375,379.4840393066406,1901.300048828125,178.27000427246094,282.2439880371094,321.6962890625,3488.669921875,11768.73046875,26.399999618530273,0.0003157232305546209,-0.0044773541995790644,0.00677789188674871,0.003094772946095059,-0.008352569798372844,-0.006283372225371786,-0.006623141753502759,-0.008021807225404909,0.012658225069775098
2020-10-15,11495.349609375,377.44183349609375,1903.199951171875,178.9199981689453,280.349853515625,321.2987365722656,3483.340087890625,11713.8701171875,26.969999313354492,0.005760771167350187,-0.005381532815657342,0.0009992648687517924,0.003646120384284801,-0.006710982702084478,-0.0012358006720964987,-0.0015277553060997207,-0.004661535218957846,0.02159089784320045
2020-10-16,11322.123046875,366.22900390625,1900.800048828125,178.3000030517578,278.8133239746094,321.1044921875,3483.81005859375,11671.5595703125,27.40999984741211,-0.01506927308750361,-0.02970743726519065,-0.001260982768664043,-0.0034652086045857677,-0.005480757424151772,-0.0006045600640633975,0.00013491955745537076,-0.003612004098706767,0.016314443650717658
2020-10-17,11358.1015625,368.8559265136719,,,,,,,,0.0031777181254826203,0.0071728961371237965,,,,,,,
2020-10-18,11483.359375,378.21368408203125,,,,,,,,0.011028058853915557,0.025369682024107387,,,,,,,
2020-10-19,11742.037109375,379.93560791015625,1906.4000244140625,178.38999938964844,274.2615661621094,316.2226867675781,3426.919921875,11478.8798828125,29.18000030517578,0.02252631185070797,0.004552780347713448,,,,,,,
2020-10-20,11916.3349609375,369.13690185546875,1910.4000244140625,179.25,274.85107421875,317.4893798828125,3443.1201171875,11516.490234375,29.350000381469727,0.014843919324981414,-0.02842246378033897,0.002098195524955271,0.0048209014703402,0.0021494373597070737,0.00400569968012876,0.004727334073110212,0.0032764827183890954,0.005825910709938986
2020-10-21,12823.689453125,392.1899719238281,1924.5999755859375,180.60000610351562,274.638427734375,316.8883056640625,3435.56005859375,11484.6904296875,28.649999618530273,0.07614375520341321,0.06245127472350509,0.007432972670857296,0.007531414803434444,-0.0007736789276863165,-0.0018932104720222886,-0.0021956999281005363,-0.0027612409718876796,-0.02385011086341937
2020-10-22,12965.8916015625,413.7729797363281,1901.0999755859375,178.8300018310547,274.62884521484375,318.6266174316406,3453.489990234375,11506.009765625,28.110000610351562,0.011089019970212055,0.055032023655851914,-0.012210329573991374,-0.009800687777642758,-3.4891401069714334e-05,0.005485566164820543,0.005218925396392127,0.0018563265651803107,-0.018848133171682435
2020-10-23,12931.5390625,409.7666931152344,1902.0,178.63999938964844,275.1700134277344,319.70843505859375,3465.389892578125,11548.2802734375,27.549999237060547,-0.0026494544392426933,-0.009682330208334755,0.0004734229791283351,-0.001062475196895396,0.0019705439625881116,0.003395251896007201,0.003445761353703114,0.0036737764588716804,-0.01992178445861703
2020-10-24,13108.0625,412.4576110839844,,,,,,,,0.0136506131750318,0.006566951423729428,,,,,,,
2020-10-25,13031.173828125,406.2177734375,,,,,,,,-0.0058657541398662305,-0.015128433756102622,,,,,,,
2020-10-26,13075.248046875,393.8883056640625,1902.699951171875,178.5500030517578,271.0435485839844,313.8001403808594,3400.969970703125,11358.9404296875,32.459999084472656,0.003382214014740148,-0.030351866854822607,,,,,,,
2020-10-27,13654.21875,403.9970397949219,1908.800048828125,179.02000427246094,273.1599426269531,312.7184143066406,3390.679931640625,11431.349609375,33.349998474121094,0.04427990207523247,0.025663961040470307,0.00320602187039154,0.0026323226696718383,0.007808317349833338,-0.0034471816134494793,-0.0030256189119989285,0.006374642083539106,0.02741834302990398
2020-10-28,13271.28515625,388.6507568359375,1876.199951171875,176.1300048828125,262.51031494140625,302.030029296875,3271.030029296875,11004.8701171875,40.279998779296875,-0.02804507535445777,-0.037986127241859236,-0.017078843683110856,-0.01614344386479838,-0.03898678401792888,-0.034178943486471436,-0.035287878760604796,-0.037307886361706455,0.2077961206071215
2020-10-29,13437.8828125,386.7301025390625,1865.5999755859375,175.39999389648438,267.1006774902344,305.0997619628906,3310.110107421875,11185.58984375,37.59000015258789,0.012553242153156674,-0.004941851425972588,-0.005649704648652554,-0.004144728133141373,0.01748640829543291,0.010163667080263394,0.011947330894238384,0.01642179549945344,-0.06678249027384753
2020-10-30,13546.5224609375,382.8199768066406,1877.4000244140625,176.1999969482422,260.3262634277344,301.91912841796875,3269.9599609375,10911.58984375,38.02000045776367,0.00808458072996765,-0.010110735385608915,0.006325069137299355,0.004561020978312902,-0.025362773790596926,-0.010424896841803255,-0.012129550130175693,-0.024495802530529853,0.011439220628632452
2020-10-31,13780.9951171875,386.59033203125,,,,,,,,0.01730869726353168,0.009848898837674147,,,,,,,
2020-11-01,13737.109375,396.3581848144531,,,,,,,,-0.003184511845067406,0.02526667630791546,,,,,,,
2020-11-02,13550.4892578125,383.15673828125,1890.4000244140625,177.91000366210938,260.906005859375,305.3030700683594,3310.239990234375,10957.6103515625,37.130001068115234,-0.013585108198026608,-0.033306859903456054,,,,,,,
2020-11-03,13950.30078125,387.6021728515625,1908.5,178.9199981689453,265.4191589355469,310.69354248046875,3369.159912109375,11160.5703125,35.54999923706055,0.02950532012761009,0.011602130737028649,0.009574680148212389,0.005676996717700833,0.017298003782267868,0.01765613562583046,0.01779929009643455,0.018522283091455094,-0.04255323957993329
2020-11-04,14133.70703125,402.1419982910156,1894.5999755859375,178.82000732421875,277.26702880859375,317.6372985839844,3443.43994140625,11590.7802734375,29.56999969482422,0.013147117963686394,0.03751223924387381,-0.007283219499115812,-0.0005588578456844351,0.044638337038525266,0.02234921282263902,0.02204704770168342,0.03854730976029597,-0.1682137741370816
2020-11-05,15579.8486328125,414.0673522949219,1945.300048828125,182.92999267578125,284.4956970214844,323.8320007324219,3510.449951171875,11890.9296875,27.579999923706055,0.10231863433740651,0.02965458483467409,0.02676030502244031,0.022983923404670703,0.02607114247933473,0.019502439342146793,0.01946019413896294,0.02589553136041678,-0.0672979300526162
2020-11-06,15565.880859375,454.71929931640625,1950.300048828125,183.19000244140625,284.708251953125,323.75811767578125,3509.43994140625,11895.23046875,24.860000610351562,-0.0008965281862933772,0.0981771366329065,0.0025702975759509528,0.0014213621387162423,0.0007471288102631757,-0.00022815242617624243,-0.00028771518741854685,0.0003616858700730141,-0.09862216536906332
2020-11-07,14833.75390625,435.713134765625,,,,,,,,-0.0470340843373509,-0.04179757617359503,,,,,,,
2020-11-08,15479.5673828125,453.5547790527344,,,,,,,,0.04353675277640923,0.040948144234179695,,,,,,,
2020-11-09,15332.3154296875,444.1630554199219,1853.199951171875,175.0800018310547,278.890625,327.82635498046875,3550.5,11713.7802734375,25.75,-0.009512665921690977,-0.02070692244149086,,,,,,,
2020-11-10,15290.90234375,449.67962646484375,1875.4000244140625,175.66000366210938,273.89434814453125,327.3455810546875,3545.530029296875,11553.8603515625,24.799999237060547,-0.0027010327388199418,0.01242014836129579,0.01197931892246662,0.0033127817282887495,-0.017914825410387136,-0.0014665505639712695,-0.0013997945931910616,-0.013652289708527277,-0.03689323351221174
2020-11-11,15701.33984375,462.9605407714844,1860.699951171875,174.89999389648438,280.02130126953125,329.7773132324219,3572.659912109375,11786.4296875,23.450000762939453,0.02684194109497806,0.029534169495399443,-0.007838366775525851,-0.004326595410341194,0.022369768366913734,0.0074286390850288875,0.007651855318760337,0.020129145485651367,-0.054435424018226874
2020-11-12,16276.34375,461.0052795410156,1872.5999755859375,175.9600067138672,278.70703125,326.5781555175781,3537.010009765625,11709.58984375,25.350000381469727,0.03662132734990031,-0.004223386354289427,0.006395455864105282,0.006060679556170845,-0.004693464438500716,-0.009700963609310054,-0.009978532303877019,-0.006519348588783558,0.08102343525434108
2020-11-13,16317.80859375,474.6264343261719,1885.699951171875,177.16000366210938,281.1518859863281,331.0994567871094,3585.14990234375,11829.2900390625,23.100000381469727,0.002547552717421464,0.029546635124694687,0.006995608115309526,0.006819714153532219,0.008772131529523941,0.01384446936558148,0.013610335409063534,0.010222407181613713,-0.08875739511407266
2020-11-14,16068.138671875,460.14984130859375,,,,,,,,-0.015300456580341737,-0.030501025586850417,,,,,,,
2020-11-15,15955.587890625,447.55908203125,,,,,,,,-0.007004593596581565,-0.027362302769762148,,,,,,,
2020-11-16,16716.111328125,459.9403076171875,1887.300048828125,177.14999389648438,283.3457336425781,335.23248291015625,3626.909912109375,11924.1298828125,22.450000762939453,0.04766502135260464,0.027663890831452376,,,,,,,
2020-11-17,17645.40625,480.3600769042969,1884.5,176.5,282.4469909667969,333.4294738769531,3609.530029296875,11899.33984375,22.709999084472656,0.05559276937282975,0.044396563964784974,-0.0014836267449171991,-0.0036691725592956637,-0.0031718941528688926,-0.005378384032332373,-0.004791925698091615,-0.0020789809660017866,0.011581216601222133
2020-11-18,17804.005859375,479.48406982421875,1873.5,175.49000549316406,280.3595275878906,329.4165954589844,3567.7900390625,11801.599609375,23.84000015258789,0.008988152900985202,-0.001823646722940775,-0.005837092066861227,-0.005722348480656891,-0.007390637697222369,-0.012035164052262681,-0.011563829610944043,-0.008213920743371017,0.04975786497886037
2020-11-19,17817.08984375,471.63043212890625,1861.0999755859375,175.16000366210938,282.5532531738281,330.8035888671875,3581.8701171875,11904.7099609375,23.110000610351562,0.0007348899162549216,-0.016379350617824917,-0.00661864126718037,-0.0018804594035273237,0.007824687125176366,0.00421045395806674,0.003946442467421596,0.00873698100049003,-0.03062078597164286
2020-11-20,18621.314453125,509.74456787109375,1872.5999755859375,175.69000244140625,280.6204528808594,328.53826904296875,3557.5400390625,11854.9697265625,23.700000762939453,0.045137820846602006,0.08081356321758748,0.006179141449066616,0.0030257979459697992,-0.0068404814712208495,-0.006847930011812053,-0.006792562915180156,-0.00417819791815266,0.025530079489639368
2020-11-21,18642.232421875,549.4866333007812,,,,,,,,0.0011233347035009,0.07796466688339021,,,,,,,
2020-11-22,18370.001953125,558.068115234375,,,,,,,,-0.014602889964538845,0.015617271492200935,,,,,,,
2020-11-23,18364.12109375,608.4540405273438,1837.800048828125,172.22999572753906,280.630126953125,330.5077209472656,3577.590087890625,11880.6298828125,22.65999984741211,-0.000320133845930215,0.09028633587462331,,,,,,,
2020-11-24,19107.46484375,603.8977661132812,1804.800048828125,169.58999633789062,284.5729675292969,335.8334045410156,3635.409912109375,12036.7900390625,21.639999389648438,0.040478046632625775,-0.007488280314670304,-0.0179562515634073,-0.015328336846880064,0.014049954717906932,0.016113643513337994,0.016161668273416252,0.01314409739132727,-0.04501325969250447
2020-11-25,18732.12109375,570.6866455078125,1805.699951171875,169.50999450683594,286.3221435546875,335.31561279296875,3629.64990234375,12094.400390625,21.25,-0.01964382784787766,-0.05499460748003315,0.0004986160900950498,-0.0004717367343725076,0.006146669659375048,-0.0015418113298006908,-0.001584418237524976,0.004786188956984239,-0.01802215344955116
2020-11-26,17150.623046875,518.8011474609375,,,,,,,,-0.08442706722639481,-0.09091766638538712,,,,,,,
2020-11-27,17108.40234375,517.4937133789062,1781.9000244140625,167.7899932861328,288.9603271484375,336.24945068359375,3638.35009765625,12205.849609375,20.84000015258789,-0.0024617591448197196,-0.0025201063807008817,,,,,,,
2020-11-28,17717.4140625,538.2297973632812,,,,,,,,0.03559722915754793,0.04007021428140933,,,,,,,
2020-11-29,18177.484375,575.758056640625,,,,,,,,0.02596712538731971,0.06972534679646114,,,,,,,
2020-11-30,19625.8359375,614.842529296875,1775.699951171875,166.6699981689453,289.5498962402344,334.7608642578125,3621.6298828125,12198.740234375,20.56999969482422,0.07967832801396635,0.06788350107386454,,,,,,,
2020-12-01,18802.998046875,587.3241577148438,1814.0999755859375,170.17999267578125,293.2608947753906,338.4222717285156,3662.449951171875,12355.1103515625,20.770000457763672,-0.04192625951044282,-0.04475677961558855,0.02162528888324866,0.0210595460814611,0.012816438836079858,0.010937382058744172,0.011271187194776155,0.012818546356685445,0.009722934657591553
2020-12-02,19201.091796875,598.3523559570312,1825.699951171875,171.4600067138672,293.6377258300781,339.13427734375,3669.010009765625,12349.3701171875,21.170000076293945,0.021171823185194727,0.018777021338771238,0.006394341955817895,0.00752153069206285,0.0012849686453288989,0.0021038970384477107,0.0017911667548251575,-0.0004646040554606712,0.019258527188946495
2020-12-03,19445.3984375,616.708740234375,1836.800048828125,172.80999755859375,294.0533447265625,339.041748046875,3666.719970703125,12377.1796875,21.280000686645508,0.012723580680175761,0.030678218435329363,0.006079913432174289,0.007873502810363364,0.0014154138243287484,-0.0002728397070320687,-0.000624157213091503,0.0022519019228190995,0.005196060933166491
2020-12-04,18699.765625,569.3541870117188,1835.9000244140625,172.32000732421875,295.2516174316406,341.96356201171875,3699.1201171875,12464.23046875,20.790000915527344,-0.038344949058079725,-0.07678592848328947,-0.0004899958569996032,-0.002835427586930339,0.004075018110038409,0.00861785895594136,0.008836275129611826,0.007033167769060933,-0.023026304290754473
2020-12-05,19154.23046875,596.595458984375,,,,,,,,0.024303237423597412,0.047845914887590935,,,,,,,
2020-12-06,19345.12109375,601.9089965820312,,,,,,,,0.009965977245154134,0.008906433191264718,,,,,,,
2020-12-07,19191.630859375,591.8433837890625,1861.800048828125,174.88999938964844,296.9234619140625,341.2608642578125,3691.9599609375,12519.9501953125,21.299999237060547,-0.007934312410408761,-0.01672281499383932,,,,,,,
2020-12-08,18321.14453125,554.8277587890625,1870.800048828125,175.5,297.9284973144531,342.2594299316406,3702.25,12582.76953125,20.68000030517578,-0.0453576006387062,-0.06254293959158741,0.004834031455560828,0.003487910186290799,0.0033848298612437766,0.0029261066193448926,0.002787148065356293,0.005017538804668709,-0.029107932117012014
2020-12-09,18553.916015625,573.4791259765625,1834.5999755859375,172.5,291.1831359863281,339.1897277832031,3672.820068359375,12338.9501953125,22.270000457763672,0.012705073309037251,0.033616499701109914,-0.019350049335771224,-0.017094017094017144,-0.022640873192487865,-0.008968933738511153,-0.007949201604598555,-0.019377239274069313,0.07688588632128535
2020-12-10,18264.9921875,559.6785278320312,1833.5999755859375,172.1699981689453,292.3524475097656,339.0787658691406,3668.10009765625,12405.8095703125,22.520000457763672,-0.015572121156616547,-0.024064691319026776,-0.000545077953399975,-0.001913054093070632,0.0040157254281800725,-0.00032713819132346167,-0.0012851080682624305,0.005418562676863692,0.011225864160808507
2020-12-11,18058.904296875,545.79736328125,1839.800048828125,172.49000549316406,291.70489501953125,338.6811218261719,3663.4599609375,12377.8701171875,23.309999465942383,-0.011283218109780502,-0.024802031631535493,0.0033813663420267925,0.0018586706605219216,-0.002214972016653771,-0.001172718798682304,-0.0012649972997506032,-0.002252126551407052,0.03507988419717645
2020-12-12,18803.65625,568.5673217773438,,,,,,,,0.041240151721379625,0.041718703731370654,,,,,,,
2020-12-13,19142.3828125,589.6632080078125,,,,,,,,0.018013866983980886,0.037103585490145585,,,,,,,
2020-12-14,19246.64453125,586.0111694335938,1828.699951171875,171.5399932861328,293.8214111328125,337.1649169921875,3647.489990234375,12440.0400390625,24.719999313354492,0.005446642655266398,-0.006193431308962327,,,,,,,
2020-12-15,19417.076171875,589.3555908203125,1852.300048828125,173.94000244140625,296.962158203125,341.72308349609375,3694.6201171875,12595.0595703125,22.889999389648438,0.008855135259981495,0.005707094951707736,0.012905396339692787,0.013990959829817351,0.010689306331364667,0.013519100814429752,0.012921249154708825,0.012461337002391382,-0.07402912518356886
2020-12-16,21310.59765625,636.1818237304688,1856.0999755859375,174.89999389648438,298.5953063964844,342.2594299316406,3701.169921875,12658.1904296875,22.5,0.09751836309514528,0.07945327683237835,0.0020514639408537594,0.005519095329445722,0.005499516178227193,0.0015695352800273454,0.0017727951669590514,0.005012350995449388,-0.017037981653455492
2020-12-17,22805.162109375,642.8689575195312,1887.199951171875,176.74000549316406,300.54742431640625,344.1732482910156,3722.47998046875,12764.75,21.93000030517578,0.07013245133867341,0.010511356250089365,0.01675554980604943,0.010520363984510617,0.006537671149223545,0.005591718421775083,0.005757654753379748,0.008418230939438498,-0.025333319769965224
2020-12-18,23137.9609375,654.8119506835938,1885.699951171875,176.44000244140625,299.6390075683594,342.799072265625,3709.409912109375,12755.6396484375,21.56999969482422,0.014593135822884129,0.018577647939548747,-0.0007948283376483234,-0.0016974258370123785,-0.0030225404530185296,-0.003992686916295951,-0.0035111185091528663,-0.0007137117109617952,-0.016415896276417152
2020-12-19,23869.83203125,659.2979125976562,,,,,,,,0.03163075154837203,0.006850763657229253,,,,,,,
2020-12-20,23477.294921875,638.2908325195312,,,,,,,,-0.01644490454985592,-0.03186280386564,,,,,,,
2020-12-21,22803.08203125,609.81787109375,1879.199951171875,175.8800048828125,299.07855224609375,341.5733947753906,3694.919921875,12742.51953125,25.15999984741211,-0.028717656479103182,-0.04460813155249255,,,,,,,
2020-12-22,23783.029296875,634.8541870117188,1866.5999755859375,174.49000549316406,299.89166259765625,340.9976501464844,3687.260009765625,12807.919921875,24.229999542236328,0.042974334095805755,0.04105539884074627,-0.006704968025398328,-0.007903112071065643,0.002718718361634398,-0.0016855663752290972,-0.002073092860288006,0.00513245363011694,-0.03696344637583293
2020-12-23,23241.345703125,583.714599609375,1874.699951171875,175.64999389648438,298.38140869140625,341.3040771484375,3690.010009765625,12771.1103515625,23.309999465942383,-0.022776055438033516,-0.0805532804990381,0.00433942767163864,0.00664787877129025,-0.005035998310750633,0.0008986191013971023,0.000745811250824957,-0.002873969429620815,-0.03796946321399031
2020-12-24,23735.94921875,611.607177734375,1879.9000244140625,176.35000610351562,299.6980285644531,342.6319274902344,3703.06005859375,12804.73046875,21.530000686645508,0.021281190940612982,0.04778461622112218,0.0027738162786727916,0.003985267471422693,0.004412539905958246,0.0038905200104579762,0.0035365890047962534,0.0026325132476352486,-0.07636202574339757
2020-12-25,24664.791015625,626.4107055664062,,,,,,,,0.03913227940938091,0.02420430689984565,,,,,,,
2020-12-26,26437.037109375,635.8358154296875,,,,,,,,0.07185327832809496,0.015046214535492375,,,,,,,
2020-12-27,26272.294921875,682.642333984375,,,,,,,,-0.0062314920850786715,0.07361415859069909,,,,,,,
2020-12-28,27084.80859375,730.3973388671875,1877.199951171875,175.7100067138672,302.7186584472656,345.5754089355469,3735.360107421875,12899.419921875,21.700000762939453,0.03092663485588698,0.06995611391998069,,,,,,,
2020-12-29,27362.4375,731.5201416015625,1879.699951171875,176.35000610351562,302.98968505859375,344.91619873046875,3727.0400390625,12850.2197265625,23.079999923706055,0.010250355112868093,0.0015372492130329984,0.0013317707569933113,0.003642361648136694,0.000895308577007814,-0.0019075726687516337,-0.00222738052560012,-0.0038141401404465647,0.06359442913584812
2020-12-30,28840.953125,751.6189575195312,1891.0,177.6999969482422,302.9994812011719,345.4083251953125,3732.0400390625,12870.0,22.770000457763672,0.054034499850387885,0.027475410142453693,0.006011623728074289,0.007655178894261816,3.2331604213675647e-05,0.0014268000942116998,0.0013415471654707467,0.0015392945691514726,-0.013431519365993294
2020-12-31,29001.720703125,737.8034057617188,1893.0999755859375,178.36000061035156,303.7449645996094,347.1631774902344,3756.070068359375,12888.2802734375,22.75,0.005574281038085438,-0.018381058140691575,0.0011105106218600724,0.003714145601823482,0.00246034546159013,0.005080515340588843,0.006438845522919845,0.0014203786664723772,-0.0008783687905835613
2021-01-01,29374.15234375,730.3675537109375,,,,,,,,0.012841708408869223,-0.010078365039673964,,,,,,,
2021-01-02,32127.267578125,774.5349731445312,,,,,,,,0.09372577639540935,0.06047286631119175,,,,,,,
2021-01-03,32782.0234375,975.5076904296875,,,,,,,,0.020380066800975483,0.2594753293956862,,,,,,,
2021-01-04,31971.9140625,1040.2330322265625,1944.699951171875,182.3300018310547,299.45599365234375,342.43695068359375,3700.64990234375,12698.4501953125,26.969999313354492,-0.024712000360334718,0.06635041674388553,,,,,,,
2021-01-05,33992.4296875,1100.006103515625,1952.699951171875,182.8699951171875,301.9248352050781,344.7954406738281,3726.860107421875,12818.9599609375,25.34000015258789,0.06319658000613337,0.057461231702209625,0.004113745153939696,0.0029616260665272787,0.008244421901939303,0.006887370026880113,0.007082595157549276,0.009490116019786887,-0.06043749359531836
2021-01-06,36824.36328125,1207.1121826171875,1906.9000244140625,179.89999389648438,297.74249267578125,346.8567810058594,3748.139892578125,12740.7900390625,25.06999969482422,0.08331071417326141,0.09736862255513934,-0.023454666821867143,-0.01624105266038789,-0.013852264012849669,0.00597844428569827,0.005709842747752214,-0.006097992513683037,-0.010655108766291721
2021-01-07,39371.04296875,1225.6781005859375,1912.300048828125,179.47999572753906,304.94537353515625,352.01019287109375,3803.7900390625,13067.48046875,22.3700008392334,0.0691574669750421,0.015380441218393326,0.002831834047367865,-0.00233462025122122,0.024191645588251376,0.014857463216633171,0.014847403800101189,0.025641300789502663,-0.10769840001825937
2021-01-08,40797.609375,1224.1971435546875,1834.0999755859375,173.33999633789062,308.8663635253906,354.0158386230469,3824.679931640625,13201.98046875,21.559999465942383,0.0362338992996023,-0.0012082756724967059,-0.040893202554750374,-0.03420993723985433,0.012858007795885973,0.005697692261677156,0.005491862685268911,0.010292726308001487,-0.03620926879315989
2021-01-09,40254.546875,1281.0772705078125,,,,,,,,-0.013311135341493308,0.04646320835871487,,,,,,,
2021-01-10,38356.44140625,1262.2467041015625,,,,,,,,-0.047152573214749416,-0.014699009060386903,,,,,,,
2021-01-11,35566.65625,1090.1453857421875,1849.5999755859375,173.0,304.4032287597656,351.6294860839844,3799.610107421875,13036.4296875,24.079999923706055,-0.07273315912449108,-0.13634523092842832,,,,,,,
2021-01-12,33922.9609375,1043.4345703125,1842.9000244140625,174.1199951171875,303.919189453125,351.7037658691406,3801.18994140625,13072.4296875,23.329999923706055,-0.046214502171538774,-0.0428482439504031,-0.00362237849281577,0.006473960214956609,-0.0015901254024562883,0.00021124447208187291,0.0004157884466327033,0.002761492284541589,-0.03114617950067544
2021-01-13,37316.359375,1130.7393798828125,1853.5999755859375,173.3699951171875,305.9715576171875,352.6509094238281,3809.840087890625,13128.9501953125,22.209999084472656,0.10003249550509552,0.08367061246989871,0.005806039953402786,-0.004307374345463466,0.006753006178239485,0.0026930151070372332,0.0022756417379066196,0.004323642135673156,-0.048006894251865995
2021-01-14,39187.328125,1218.4530029296875,1850.300048828125,173.27999877929688,304.33551025390625,351.41595458984375,3795.5400390625,13112.6396484375,23.25,0.050138030111625875,0.07757191852287426,-0.001780279888474512,-0.0005190998467168306,-0.005347057014129963,-0.003501918755865585,-0.0037534511943366766,-0.001242334431341141,0.046825797316417894
2021-01-15,36825.3671875,1171.8345947265625,1829.300048828125,171.1300048828125,301.9248352050781,348.8531494140625,3768.25,12998.5,24.34000015258789,-0.06027358971670127,-0.03826032525754719,-0.011349510590620282,-0.012407628760563338,-0.007921109984230568,-0.0072927968759199935,-0.007190027975370938,-0.008704551600417165,0.046881726993027506
2021-01-16,36178.140625,1233.53759765625,,,,,,,,-0.017575563040677422,0.052655044668727724,,,,,,,
2021-01-17,35791.27734375,1230.1722412109375,,,,,,,,-0.010693288117263444,-0.0027282155417935883,,,,,,,
2021-01-18,36630.07421875,1257.279541015625,,,,,,,,0.023435790428599335,0.02203536943575002,,,,,,,
2021-01-19,36069.8046875,1377.2958984375,1839.5,172.5800018310547,306.329833984375,351.59234619140625,3798.909912109375,13197.1796875,23.239999771118164,-0.015295342507474663,0.09545717838129009,,,,,,,
2021-01-20,35547.75,1382.2740478515625,1865.9000244140625,175.38999938964844,313.455322265625,356.45794677734375,3851.85009765625,13457.25,21.579999923706055,-0.014473454791977813,0.00361443711529974,0.01435173928462219,0.016282289539807593,0.023260836819483544,0.013838755702857863,0.013935625421946263,0.0197065068945248,-0.07142856556629995
2021-01-21,30825.69921875,1121.5709228515625,1865.300048828125,175.27999877929688,315.96282958984375,356.7828674316406,3853.070068359375,13530.91015625,21.31999969482422,-0.1328368400602007,-0.18860451399286926,-0.0003215475524342981,-0.0006271772092728556,0.007999568506588783,0.0009115259099548023,0.0003167233075522802,0.005473641067082813,-0.012048203419881442
2021-01-22,33005.76171875,1236.51220703125,1855.699951171875,173.89999389648438,315.05279541015625,355.52008056640625,3841.469970703125,13543.0595703125,21.90999984741211,0.07072224005462169,0.1024824037765284,-0.005146677427195323,-0.007873145210082533,-0.002880193790101293,-0.0035393708064648255,-0.0030106116552376383,0.0008979007267215788,0.02767355351938039
2021-01-23,32067.642578125,1230.9906005859375,,,,,,,,-0.02842289017956734,-0.004465468609136769,,,,,,,
2021-01-24,32289.37890625,1391.609375,,,,,,,,0.006914643868341619,0.13047928581876245,,,,,,,
2021-01-25,32366.392578125,1324.414794921875,1854.9000244140625,174.0500030517578,317.6570739746094,356.9221496582031,3855.360107421875,13635.990234375,23.190000534057617,0.0023851084933719235,-0.04828551839708972,,,,,,,
2021-01-26,32569.849609375,1357.05810546875,1850.699951171875,173.6199951171875,318.1217956542969,356.3650207519531,3849.6201171875,13626.0595703125,23.020000457763672,0.006286058316783416,0.0246473466409749,-0.002264312462616047,-0.0024705999829396363,0.0014629665691772153,-0.0015609255597712757,-0.0014888337468982327,-0.0007282686399603389,-0.007330749132337333
2021-01-27,30432.546875,1253.1871337890625,1844.9000244140625,172.52000427246094,309.2535705566406,347.65533447265625,3750.77001953125,13270.599609375,37.209999084472656,-0.06562212475675022,-0.07654128534445381,-0.0031339098237614937,-0.006335623059913753,-0.027876823338735868,-0.024440351246929004,-0.025677883699462,-0.026086775791876904,0.6164204319953999
2021-01-28,33466.09765625,1332.4921875,1837.9000244140625,172.67999267578125,311.08343505859375,350.645263671875,3787.3798828125,13337.16015625,30.209999084472656,0.09968113394222766,0.06328269064744974,-0.0037942435402282815,0.0009273614616172043,0.005917035973616924,0.008600268434695746,0.009760625975629766,0.005015639747580014,-0.1881214773509905
2021-01-29,34316.38671875,1382.5228271484375,1847.300048828125,172.61000061035156,304.5387878417969,343.6254577636719,3714.239990234375,13070.6904296875,33.09000015258789,0.02540747568580648,0.03754666640282833,0.005114546106532281,-0.0004053281700162614,-0.021038237589102615,-0.020019679817412483,-0.019311475173124593,-0.019979495142946724,0.0953327095463401
2021-01-30,34269.5234375,1376.115478515625,,,,,,,,-0.0013656239986477026,-0.004634533699547028,,,,,,,
2021-01-31,33114.359375,1314.9862060546875,,,,,,,,-0.03370820328466961,-0.04442161534791822,,,,,,,
2021-02-01,33537.17578125,1369.04052734375,1860.800048828125,174.22999572753906,312.14837646484375,349.34527587890625,3773.860107421875,13403.3896484375,30.239999771118164,0.012768370405776608,0.041106378941601296,,,,,,,
2021-02-02,35510.2890625,1515.1937255859375,1830.5,172.11000061035156,317.2408447265625,354.2850646972656,3826.31005859375,13612.7802734375,25.559999465942383,0.05883361479570781,0.10675593258422955,-0.016283344815692047,-0.012167796413785958,0.0163142551609341,0.014140133442284375,0.013898223484416938,0.015622214267598356,-0.15476191602506528
2021-02-03,37472.08984375,1660.9095458984375,1832.199951171875,171.85000610351562,315.982177734375,354.56365966796875,3830.169921875,13610.5400390625,22.90999984741211,0.055245981743407446,0.09616976222373852,0.0009286813285305229,-0.0015106298641213156,-0.003967543943694807,0.0007863582139460146,0.0010087690809532646,-0.0001645684665440017,-0.1036776085250426
2021-02-04,36926.06640625,1594.7626953125,1788.9000244140625,168.14999389648438,319.71923828125,358.59356689453125,3871.739990234375,13777.740234375,21.770000457763672,-0.014571470120209207,-0.03982567909810919,-0.023632751834819055,-0.021530474690833024,0.011826807998065236,0.011365821388284125,0.010853322230420792,0.012284611399153267,-0.049759903851645415
2021-02-05,38144.30859375,1718.65087890625,1810.9000244140625,169.80999755859375,320.80352783203125,360.00494384765625,3886.830078125,13856.2998046875,20.8700008392334,0.032991388091470286,0.07768440029221635,0.012298060092657215,0.009872160109213546,0.0033913803767648965,0.00393586802280832,0.003897495164625342,0.005701919834175451,-0.0413412769685686
2021-02-06,39266.01171875,1677.8468017578125,,,,,,,,0.029406828078771152,-0.023741923184774527,,,,,,,
2021-02-07,38903.44140625,1614.227783203125,,,,,,,,-0.009233693380855112,-0.03791706041817189,,,,,,,
2021-02-08,46196.46484375,1746.6168212890625,1831.9000244140625,171.52000427246094,322.9527893066406,362.6048583984375,3915.590087890625,13987.6396484375,21.239999771118164,0.18746473766529936,0.08201385173983122,,,,,,,
2021-02-09,46481.10546875,1768.0350341796875,1835.300048828125,172.0800018310547,322.8850402832031,362.3634033203125,3911.22998046875,14007.7001953125,21.6299991607666,0.006161523959955284,0.012262685569933707,0.0018560098088049592,0.0032649110578624185,-0.0002097799606652906,-0.0006658903556655549,-0.0011135249921484514,0.0014341624018918697,0.01836155338281853
2021-02-10,44918.18359375,1744.243408203125,1840.5999755859375,172.7100067138672,322.1493225097656,362.2055969238281,3909.8798828125,13972.5302734375,21.989999771118164,-0.03362488605290981,-0.01345653537210656,0.002887771272711781,0.0036611162023989507,-0.002278574977621184,-0.0004354920917465366,-0.00034518493235935477,-0.00251075632577924,0.016643579487721327
2021-02-11,47909.33203125,1783.7979736328125,1824.9000244140625,171.2100067138672,323.92095947265625,362.79052734375,3916.3798828125,14025.76953125,21.25,0.0665910372634968,0.022677205052725746,-0.008529800815017974,-0.008685078696598514,0.005499427871175966,0.001614912703971516,0.0016624551635393559,0.003810280369455299,-0.033651649787194926
2021-02-12,47504.8515625,1843.5325927734375,1821.5999755859375,170.69000244140625,325.7314147949219,364.58270263671875,3934.830078125,14095.4697265625,19.969999313354492,-0.008442623839676311,0.03348732312940794,-0.0018083449964250153,-0.0030372306060941767,0.0055891885638184036,0.004939972678147164,0.0047110331133788375,0.004969438229909917,-0.06023532643037688
2021-02-13,47105.515625,1814.10986328125,,,,,,,,-0.008406213773231364,-0.015959972504702824,,,,,,,
2021-02-14,48717.2890625,1805.0841064453125,,,,,,,,0.03421623595697554,-0.004975308838028325,,,,,,,
2021-02-15,47945.05859375,1779.791015625,,,,,,,,-0.01585126109458379,-0.014012139783403876,,,,,,,
2021-02-16,49199.87109375,1781.0675048828125,1797.199951171875,168.24000549316406,324.85040283203125,364.26690673828125,3932.590087890625,14047.5,21.459999084472656,0.026171883752032166,0.0007172130023165302,,,,,,,
2021-02-17,52149.0078125,1848.458251953125,1771.0999755859375,166.3300018310547,323.2916564941406,364.3505554199219,3931.330078125,13965.490234375,21.5,0.05994196027730325,0.03783727842182305,-0.014522577506703604,-0.011352850687983307,-0.0047983512543051665,0.00022963568771494636,-0.0003204020092266724,-0.005838032790532077,0.0018639756399749796
2021-02-18,51679.796875,1937.44921875,1773.4000244140625,166.32000732421875,321.8782043457031,362.79986572265625,3913.969970703125,13865.3603515625,22.489999771118164,-0.008997504596578998,0.04814334686912458,0.0012986555585965398,-6.0088418961767864e-05,-0.004372065038007356,-0.004256037692816017,-0.004415835627354592,-0.007169807943156803,0.04604650098224017
2021-02-19,55888.1328125,1960.164794921875,1775.800048828125,167.00999450683594,320.4743347167969,362.15911865234375,3906.7099609375,13874.4599609375,22.049999237060547,0.08143096900475189,0.0117244756414987,0.0013533463296615533,0.004148551901348441,-0.00436149329141422,-0.0017661171650000806,-0.0018548966445751658,0.0006562836554027118,-0.019564274723678277
2021-02-20,56099.51953125,1919.5340576171875,,,,,,,,0.0037823185014820293,-0.02072822520328288,,,,,,,
2021-02-21,57539.9453125,1935.60107421875,,,,,,,,0.025676258785917394,0.00837026909619265,,,,,,,
2021-02-22,54207.3203125,1781.992919921875,1806.699951171875,169.50999450683594,312.167724609375,359.37353515625,3876.5,13533.0498046875,23.450000762939453,-0.05791845963531039,-0.0793594074434344,,,,,,,
2021-02-23,48824.42578125,1570.2039794921875,1804.4000244140625,169.1199951171875,311.2383117675781,359.8099670410156,3881.3701171875,13465.2001953125,23.110000610351562,-0.09930198541853996,-0.11884948478862234,-0.0012729987380144525,-0.0023007456922117253,-0.0029772867869664044,0.0012144241077070017,0.0012563181187927874,-0.0050136229714826674,-0.014498939937146127
2021-02-24,49705.33203125,1626.57568359375,1796.4000244140625,169.0,313.8039245605469,363.7747802734375,3925.429931640625,13597.9697265625,21.34000015258789,0.018042326886684945,0.03590087965500732,-0.004433606679094204,-0.0007095264939214196,0.008243242222971014,0.011019186780809598,0.01135161376597904,0.009860197347546285,-0.07659023846891821
2021-02-25,47093.8515625,1475.7037353515625,1774.4000244140625,165.82000732421875,302.8638916015625,355.0094299316406,3829.340087890625,13119.4296875,28.889999389648438,-0.052539242009451814,-0.09275433646521236,-0.012246715487089666,-0.018816524708764826,-0.034862639064520584,-0.02409554157440008,-0.02447880752512621,-0.03519202121238085,0.3537956505658677
2021-02-26,46339.76171875,1446.03369140625,1728.0999755859375,161.80999755859375,304.1321105957031,353.18017578125,3811.14990234375,13192.349609375,27.950000762939453,-0.016012490351298148,-0.02010569143015961,-0.026093354480996478,-0.024182906697045592,0.0041874222358901925,-0.005152691720732183,-0.004750214169902844,0.005558162482053319,-0.03253716325953937
2021-02-27,46188.453125,1459.97314453125,,,,,,,,-0.003265200081699504,0.009639784472410318,,,,,,,
2021-02-28,45137.76953125,1416.0489501953125,,,,,,,,-0.022747754528746222,-0.03008561801322729,,,,,,,
2021-03-01,49631.2421875,1564.7076416015625,1722.5,161.52999877929688,313.2811279296875,361.74127197265625,3901.820068359375,13588.830078125,23.350000381469727,0.09955017057586457,0.10498132242232572,,,,,,,
2021-03-02,48378.98828125,1492.6087646484375,1733.0999755859375,162.41000366210938,308.2564697265625,358.9185791015625,3870.2900390625,13358.7900390625,24.100000381469727,-0.025231161886280384,-0.046078177824534605,0.006153831980225011,0.005447934683729505,-0.016038815476471124,-0.007803071116826099,-0.008080851690870694,-0.016928612525136666,0.03211991382215107
2021-03-03,50538.2421875,1575.8531494140625,1715.300048828125,160.6199951171875,299.3108215332031,354.1644287109375,3819.719970703125,12997.75,26.670000076293945,0.04463205996986197,0.055771067902868676,-0.010270571235681092,-0.011021541189334294,-0.029020147415866338,-0.013245762876152867,-0.01306622187199813,-0.027026402691170515,0.10663898979853403
2021-03-04,48561.16796875,1541.914306640625,1700.199951171875,159.0399932861328,294.41204833984375,349.78167724609375,3768.469970703125,12723.4697265625,28.56999969482422,-0.039120359814156846,-0.02153680549869552,-0.00880318149968351,-0.009836893780889033,-0.016366842896844425,-0.012374905861652352,-0.013417213930100202,-0.02110213486468815,0.0712410803560184
2021-03-05,48927.3046875,1533.2750244140625,1698.0,159.13999938964844,298.8460693359375,356.2164611816406,3841.93994140625,12920.150390625,24.65999984741211,0.007539701660092213,-0.005602958730816177,-0.0012939367339462882,0.0006288110395962221,0.015060596266683657,0.018396572359676844,0.01949596819778221,0.0154580997392475,-0.1368568389631607
2021-03-06,48912.3828125,1654.7415771484375,,,,,,,,-0.0003049805235605385,0.07922032955620151,,,,,,,
2021-03-07,51206.69140625,1723.15380859375,,,,,,,,0.046906498146797926,0.04134315133557287,,,,,,,
2021-03-08,52246.5234375,1834.7279052734375,1677.699951171875,157.49000549316406,290.3844909667969,354.44293212890625,3821.35009765625,12609.16015625,25.469999313354492,0.020306565464276005,0.06474993475523938,,,,,,,
2021-03-09,54824.1171875,1868.048828125,1716.5999755859375,160.83999633789062,301.8376770019531,359.5035705566406,3875.43994140625,13073.8203125,24.030000686645508,0.049335220420617,0.01816123402047265,0.02318652056161219,0.02127113294736649,0.039441452251889775,0.014277724194804664,0.01415464230382213,0.03685099962979543,-0.05653705007969756
2021-03-10,56008.55078125,1799.166259765625,1721.5,161.66000366210938,300.97607421875,361.74127197265625,3898.81005859375,13068.830078125,22.559999465942383,0.021604243798385436,-0.03687407273423038,0.002854494048556644,0.005098279923459348,-0.0028545236358864523,0.006224420560137611,0.006030313342701321,-0.00038169672335397475,-0.06117358213477153
2021-03-11,57805.12109375,1826.1949462890625,1722.300048828125,161.52000427246094,307.9078674316406,365.4090881347656,3939.340087890625,13398.669921875,21.90999984741211,0.032076714848716215,0.015022895397648561,0.00046473937155089295,-0.000866011298261804,0.02303104401532119,0.010139335614396394,0.010395487004435822,0.025238666489519668,-0.028812040510530323
2021-03-12,57332.08984375,1772.1024169921875,1719.5,161.49000549316406,305.41009521484375,365.9012756347656,3943.340087890625,13319.8603515625,20.690000534057617,-0.008183206626845796,-0.02962034771084776,-0.0016257613358544587,-0.00018572795011984056,-0.00811207663393465,0.0013469492576454467,0.0010153984958789497,-0.005881895051674801,-0.05568230588091916
2021-03-13,61243.0859375,1924.6854248046875,,,,,,,,0.06821652767950437,0.08610281570039335,,,,,,,
2021-03-14,59302.31640625,1854.5643310546875,,,,,,,,-0.031689610370558396,-0.036432495849089586,,,,,,,
2021-03-15,55907.19921875,1791.7022705078125,1728.9000244140625,162.1999969482422,308.6727294921875,368.0832824707031,3968.93994140625,13459.7099609375,20.030000686645508,-0.05725100456855314,-0.03389586410902523,,,,,,,
2021-03-16,56804.90234375,1806.9718017578125,1730.5999755859375,162.35000610351562,310.3669738769531,367.6190490722656,3962.7099609375,13471.5703125,19.790000915527344,0.01605702194966918,0.008522359714190797,0.0009832559129330232,0.0009248406787658592,0.005488804882611165,-0.0012612183724329817,-0.0015696837343783798,0.0008811743787140447,-0.011982015121855594
2021-03-17,58870.89453125,1823.4493408203125,1726.800048828125,163.50999450683594,311.64495849609375,368.87255859375,3974.1201171875,13525.2001953125,19.229999542236328,0.036369962842253134,0.009118868953279069,-0.0021957279622206727,0.00714498527693741,0.004117656602365516,0.0034098056796778575,0.00287938213053085,0.003980967442432259,-0.028297187841544558
2021-03-18,57858.921875,1782.8551025390625,1732.199951171875,162.55999755859375,302.0990295410156,363.50555419921875,3915.4599609375,13116.169921875,21.579999923706055,-0.017189693893861602,-0.022262334013067764,0.003127115005246095,-0.005810023730399405,-0.030630782545445157,-0.014549752399560023,-0.014760539319459198,-0.030242086440928184,0.12220491094179375
2021-03-19,58346.65234375,1817.6241455078125,1741.4000244140625,163.24000549316406,303.1640319824219,362.8329772949219,3913.10009765625,13215.240234375,20.950000762939453,0.008429650137686817,0.019501889367920855,0.0053112074249646035,0.004183119739068708,0.00352534214699185,-0.0018502520705041547,-0.0006027039747036333,0.0075532959004116496,-0.029193659082201173
2021-03-20,58313.64453125,1812.6346435546875,,,,,,,,-0.0005657190459794625,-0.00274506804140795,,,,,,,
2021-03-21,57523.421875,1788.217041015625,,,,,,,,-0.013551247955811196,-0.013470780019506856,,,,,,,
2021-03-22,54529.14453125,1691.333984375,1737.800048828125,163.0,308.8493347167969,365.73016357421875,3940.590087890625,13377.5400390625,18.8799991607666,-0.05205318540083803,-0.0541785781135381,,,,,,,
2021-03-23,54738.9453125,1678.650146484375,1724.699951171875,161.80999755859375,307.501953125,362.8515625,3910.52001953125,13227.7001953125,20.299999237060547,0.0038474981233158623,-0.0074993100167096705,-0.00753832275760602,-0.007300628474884996,-0.004362585378506201,-0.007870833092044394,-0.007630854183940605,-0.011200851824211822,0.07521187179100952
2021-03-24,52774.265625,1593.4134521484375,1732.9000244140625,162.3699951171875,302.3158264160156,361.0070495605469,3889.139892578125,12961.8896484375,21.200000762939453,-0.035891807492523076,-0.050776926040515424,0.00475449265051342,0.0034608341081703298,-0.01686534558977648,-0.005083381553450339,-0.00546733601831495,-0.02009499330572939,0.04433505220216083
2021-03-25,51704.16015625,1595.3592529296875,1724.9000244140625,161.77999877929688,301.7923278808594,363.0379333496094,3909.52001953125,12977.6796875,19.809999465942383,-0.020277031922222966,0.0012211524752892,-0.004616538685031757,-0.003633653726877295,-0.0017316279513460708,0.005625607011094935,0.005240265846959469,0.0012181895920093666,-0.06556609655538248
2021-03-26,55137.3125,1702.842041015625,1732.199951171875,162.24000549316406,306.3193359375,368.88824462890625,3974.5400390625,13138.73046875,18.860000610351562,0.06639992475218648,0.06737215325548651,0.004232086877204555,0.0028434090575977233,0.01500040802371827,0.016114876000197453,0.016631202604519668,0.012409828654125432,-0.04795552151447913
2021-03-27,55973.51171875,1716.49462890625,,,,,,,,0.015165759461888806,0.008017530435460829,,,,,,,
2021-03-28,55950.74609375,1691.35595703125,,,,,,,,-0.0004067213991215679,-0.014645354230451879,,,,,,,
2021-03-29,57750.19921875,1819.6849365234375,1712.0999755859375,160.30999755859375,306.2320861816406,368.7019348144531,3971.090087890625,13059.650390625,20.739999771118164,0.03216137854506651,0.07587343099405097,,,,,,,
2021-03-30,58917.69140625,1846.03369140625,1683.9000244140625,157.57000732421875,304.6907653808594,367.7237243652344,3958.550048828125,13045.3896484375,19.610000610351562,0.020216245195582738,0.014479844479645232,-0.016470972241106496,-0.017091823816998808,-0.005033178658708559,-0.0026531199238513103,-0.0031578329337678124,-0.0010919696746045648,-0.054484048854243516
2021-03-31,58918.83203125,1918.362060546875,1713.800048828125,159.9600067138672,309.35345458984375,369.2142639160156,3972.889892578125,13246.8701171875,19.399999618530273,1.9359634988669328e-05,0.039180416629085224,0.017756413077116395,0.015167857324082767,0.015303021091420677,0.0040534223168609,0.0036224990395776757,0.015444572694241598,-0.01070887227359063
2021-04-01,59095.80859375,1977.27685546875,1726.5,161.97999572753906,314.62677001953125,373.2014465332031,4019.8701171875,13480.1103515625,17.329999923706055,0.0030037350775407035,0.03071098836529318,0.007410404253727965,0.012628087827510459,0.01704624710488245,0.010799102328544974,0.011825201774944727,0.017607195685596322,-0.10670101729522818
2021-04-02,59384.3125,2143.2255859375,,,,,,,,0.004881969011259368,0.08392791834374091,,,,,,,
2021-04-03,57603.890625,2028.4224853515625,,,,,,,,-0.029981350293480258,-0.053565570203716883,,,,,,,
2021-04-04,58758.5546875,2093.122802734375,,,,,,,,0.0200448971410081,0.031896864607867226,,,,,,,
2021-04-05,59057.87890625,2107.88720703125,1727.0,161.9199981689453,320.9082336425781,378.55804443359375,4077.909912109375,13705.58984375,17.90999984741211,0.005094138552963257,0.007053768788714887,,,,,,,
2021-04-06,58192.359375,2118.37890625,1741.5,163.22000122070312,320.6852722167969,378.33453369140625,4073.93994140625,13698.3798828125,18.1200008392334,-0.014655445594718208,0.004977353239657756,0.008396062536189852,0.00802867506459215,-0.0006947825029306465,-0.0005904266082151777,-0.0009735307519511682,-0.0005260598791950732,0.011725348610297948
2021-04-07,56048.9375,1971.0772705078125,1740.0999755859375,162.75999450683594,321.4608154296875,378.7723388671875,4079.949951171875,13688.83984375,17.15999984741211,-0.036833390122360865,-0.06953507481952037,-0.0008039186988587632,-0.002818323186048577,0.0024183936091906055,0.0011571906257394904,0.001475232784985625,-0.0006964355744338846,-0.05298018473281174
2021-04-08,58323.953125,2088.57373046875,1756.800048828125,164.50999450683594,324.81475830078125,380.5702209472656,4097.169921875,13829.3095703125,16.950000762939453,0.04058980823677527,0.059610275923209555,0.009597191814547434,0.01075202788807239,0.010433442304968343,0.004746603422665752,0.0042206328286402695,0.010261623933502051,-0.012237708994171426
2021-04-09,58245.00390625,2072.10888671875,1743.300048828125,163.27000427246094,326.7826232910156,383.3370361328125,4128.7998046875,13900.1904296875,16.690000534057617,-0.0013536328475677317,-0.007883295432574822,-0.007684426015928891,-0.00753747660190629,0.006058422346721493,0.007270183091730331,0.007719934348738189,0.005125408395453057,-0.015339245851263672
2021-04-10,59793.234375,2135.942138671875,,,,,,,,0.026581343719059625,0.030805935133171092,,,,,,,
2021-04-11,60204.96484375,2157.656982421875,,,,,,,,0.006885903949730876,0.010166400745060589,,,,,,,
2021-04-12,59893.453125,2139.353271484375,1731.199951171875,162.27999877929688,326.3561096191406,383.4768371582031,4127.990234375,13850.0,16.90999984741211,-0.005174186540237491,-0.008483142170705449,,,,,,,
2021-04-13,63503.45703125,2299.187744140625,1746.199951171875,163.42999267578125,330.16558837890625,384.6133728027344,4141.58984375,13996.099609375,16.649999618530273,0.06027376479221824,0.07471158447120319,0.008664510410739235,0.007086479573175097,0.01167276679517748,0.002963766085466002,0.0032944868090414303,0.010548708258122819,-0.015375531119335095
2021-04-14,63109.6953125,2435.10498046875,1734.9000244140625,162.72000122070312,326.200927734375,383.2998962402344,4124.66015625,13857.83984375,16.989999771118164,-0.00620063437737306,0.05911532743444026,-0.006471152831168725,-0.004344315528953313,-0.012008097706358467,-0.003415056925682336,-0.004087726727828533,-0.009878449674107004,0.020420430052712657
2021-04-15,63314.01171875,2519.1162109375,1765.4000244140625,165.35000610351562,331.14471435546875,387.4174499511719,4170.419921875,14038.759765625,16.56999969482422,0.003237480473297971,0.03450004461515177,0.017580263744765956,0.016162763416190717,0.015155648561243407,0.010742381491167352,0.01109419052516647,0.013055420174782562,-0.024720428602236777
2021-04-16,61572.7890625,2431.946533203125,1779.0,166.35000610351562,331.53253173828125,388.7123718261719,4185.47021484375,14052.33984375,16.25,-0.027501379378466195,-0.034603277671709454,0.007703622633885132,0.006047777218550321,0.0011711416972708388,0.0033424459201907286,0.0036088195555097347,0.0009673274813244426,-0.019311991594313294
2021-04-17,60683.8203125,2344.89501953125,,,,,,,,-0.014437688523377457,-0.03579499486660964,,,,,,,
2021-04-18,56216.18359375,2237.136962890625,,,,,,,,-0.0736215468265391,-0.04595432023313606,,,,,,,
2021-04-19,55724.265625,2166.188720703125,1769.4000244140625,165.88999938964844,328.4983825683594,386.8025817871094,4163.259765625,13914.76953125,17.290000915527344,-0.008750468945115109,-0.03171385720426667,,,,,,,
2021-04-20,56473.03125,2330.2109375,1777.300048828125,166.47999572753906,326.1040344238281,383.9705810546875,4134.93994140625,13786.26953125,18.68000030517578,0.013436976092944253,0.07571926454479683,0.004464804060731575,0.0035565515706876827,-0.007288766921197842,-0.007321566260849233,-0.006802319771775922,-0.009234791831184364,0.08039325136184017
2021-04-21,53906.08984375,2364.751708984375,1792.300048828125,168.1300048828125,328.8958435058594,387.603759765625,4173.419921875,13950.2197265625,17.5,-0.045454287638402646,0.014823023499079602,0.00843976795583301,0.009911155680072392,0.008561099487664814,0.009462127804056975,0.009306055472153574,0.01189228129776998,-0.06316918018726325
2021-04-22,51762.2734375,2403.53515625,1781.199951171875,167.0399932861328,324.9311218261719,384.063720703125,4134.97998046875,13818.41015625,18.709999084472656,-0.0397694659817468,0.016400642451499525,-0.0061932139451247314,-0.006483147356353358,-0.012054642094061263,-0.0091331391229037,-0.009210657476561801,-0.00944856589330434,0.06914280482700885
2021-04-23,51093.65234375,2363.586181640625,1777.0,166.39999389648438,329.0218505859375,388.2279052734375,4180.169921875,14016.8095703125,17.329999923706055,-0.012917150838772984,-0.01662092376951263,-0.0023579335768069143,-0.003831414124593202,0.012589525856356865,0.010842431466030922,0.010928696540176919,0.014357615081555863,-0.07375730776554967
2021-04-24,50050.8671875,2211.625732421875,,,,,,,,-0.02040928977310741,-0.06429232426518516,,,,,,,
2021-04-25,49004.25390625,2316.0595703125,,,,,,,,-0.02091099195802515,0.047220393740067035,,,,,,,
2021-04-26,54021.75390625,2534.481689453125,1779.199951171875,166.83999633789062,331.1641540527344,389.0382995605469,4187.6201171875,14138.7802734375,17.639999389648438,0.10238907033660749,0.09430764300727978,,,,,,,
2021-04-27,55033.1171875,2662.865234375,1778.0,166.4199981689453,329.7294006347656,388.9544677734375,4186.72021484375,14090.2197265625,17.559999465942383,0.018721407731506323,0.050654753378619466,-0.0006744330062985471,-0.002517371003141977,-0.004332453861356833,-0.00021548466360266083,-0.00021489588801437698,-0.0034345640809080313,-0.004535143224154603
2021-04-28,54824.703125,2746.380126953125,1773.199951171875,166.91000366210938,328.61468505859375,388.84271240234375,4183.18017578125,14051.0302734375,17.280000686645508,-0.003787066282106566,0.03136279354284577,-0.0026996900045697103,0.002944390689552989,-0.0033806981543833547,-0.000287322502640186,-0.0008455399168898481,-0.002781323065609853,-0.015945261264952326
2021-04-29,53555.109375,2756.876953125,1768.0999755859375,166.22000122070312,329.79730224609375,391.3207702636719,4211.47021484375,14082.5498046875,17.610000610351562,-0.02315733013830157,0.003822058741562495,-0.0028761424127984325,-0.004133978948338446,0.003598795918962505,0.0063729055021199965,0.006762806734045723,0.0022432185139893424,0.019097217048208215
2021-04-30,57750.17578125,2773.20703125,1767.300048828125,165.66000366210938,327.6356201171875,388.7495422363281,4181.169921875,13962.6796875,18.610000610351562,0.07833176806484676,0.005923397526498064,-0.00045242167799219857,-0.0033690142851713345,-0.006554577961020436,-0.0065706403102785416,-0.007194706699326425,-0.008511961175354799,0.05678591512439679
2021-05-01,57828.05078125,2945.892822265625,,,,,,,,0.0013484807439372304,0.062269347030246225,,,,,,,
2021-05-02,56631.078125,2952.05615234375,,,,,,,,-0.020698824187899145,0.0020921772956372653,,,,,,,
2021-05-03,57200.29296875,3431.086181640625,1791.4000244140625,167.80999755859375,325.89080810546875,389.58795166015625,4192.66015625,13895.1201171875,18.309999465942383,0.010051280367532334,0.16226995848861292,,,,,,,
2021-05-04,53333.5390625,3253.62939453125,1775.800048828125,166.5800018310547,320.026123046875,387.18450927734375,4164.66015625,13633.5,19.479999542236328,-0.06760024652955021,-0.051720294307653125,-0.008708259112053973,-0.007329692780131181,-0.01799585908141277,-0.006169190737471908,-0.006678337608227225,-0.018828201194453165,0.06389951449590203
2021-05-05,57424.0078125,3522.783203125,1784.0999755859375,167.27000427246094,318.95013427734375,387.3056335449219,4167.58984375,13582.419921875,19.149999618530273,0.07669599321369813,0.08272417536125909,0.004673908395987247,0.004142168530566259,-0.0033621904339778963,0.0003128334545310363,0.0007034637617677753,-0.0037466591942640903,-0.016940448226939298
2021-05-06,56396.515625,3490.88037109375,1815.5,170.05999755859375,321.3541564941406,390.3985290527344,4201.6201171875,13632.83984375,18.389999389648438,-0.01789307689659958,-0.00905614401787469,0.017599924244015464,0.01667957921247054,0.007537298023854833,0.007985671366315783,0.008165456466051824,0.0037121457122524237,-0.03968669681572368
2021-05-07,57356.40234375,3484.72900390625,1831.0999755859375,171.58999633789062,323.9617614746094,393.2397155761719,4232.60009765625,13752.240234375,16.690000534057617,0.017020319573156195,-0.0017621248893077146,0.008592660746867153,0.00899681760120985,0.00811442742461077,0.007277656835263713,0.007373341616968343,0.008758291888812941,-0.09244148515566208
2021-05-08,58803.77734375,3902.647705078125,,,,,,,,0.02523475916996243,0.11992860871057798,,,,,,,
2021-05-09,58232.31640625,3928.8447265625,,,,,,,,-0.009718099130935132,0.006712627801450655,,,,,,,
2021-05-10,55859.796875,3952.2939453125,1837.5,172.11000061035156,315.78033447265625,389.34576416015625,4188.43017578125,13401.8603515625,19.65999984741211,-0.04074231762821234,0.005968476837850734,,,,,,,
2021-05-11,56704.57421875,4168.701171875,1835.9000244140625,172.13999938964844,315.34405517578125,385.8710021972656,4152.10009765625,13389.4296875,21.84000015258789,0.01512317249631967,0.05475484100041772,-0.0008707350127551416,0.000174300035968189,-0.0013815910911728624,-0.0089246173523575,-0.00867391280271812,-0.0009275327257869392,0.11088506216152072
2021-05-12,49150.53515625,3785.8486328125,1822.5999755859375,170.42999267578125,307.18212890625,377.6730651855469,4063.0400390625,13031.6796875,27.59000015258789,-0.1332174549686006,-0.09183976573938502,-0.007244429789890039,-0.009933813872024522,-0.025882607062250096,-0.02124527877201765,-0.021449400664502738,-0.026718837795905892,0.26327838643896095
2021-05-13,49716.19140625,3715.1484375,1823.800048828125,171.1300048828125,309.55694580078125,382.20989990234375,4112.5,13124.990234375,23.1299991607666,0.011508648851976444,-0.0186748605582725,0.0006584402821587787,0.004107329913244362,0.007730973487901194,0.01201259802461152,0.012173141406923493,0.007160285482193274,-0.1616528077982975
2021-05-14,49880.53515625,4079.057373046875,1837.9000244140625,172.69000244140625,316.39105224609375,388.0788269042969,4173.85009765625,13429.98046875,18.809999465942383,0.00330563837155351,0.09795273100628976,0.007731097274066512,0.009115862292308208,0.022077057349282336,0.015355245909257409,0.014917956876899785,0.023237368480184983,-0.18677042159827906
2021-05-15,46760.1875,3638.1220703125,,,,,,,,-0.06255641898138342,-0.10809735250304064,,,,,,,
2021-05-16,46456.05859375,3587.506103515625,,,,,,,,-0.0065040138312105755,-0.013912663131868785,,,,,,,
2021-05-17,43537.51171875,3282.397705078125,1867.5,174.6999969482422,314.4716491699219,387.09130859375,4163.2900390625,13379.0498046875,19.719999313354492,-0.06282381595309616,-0.08504749250140786,,,,,,,
2021-05-18,42909.40234375,3380.070068359375,1867.800048828125,175.0399932861328,312.3487243652344,383.75634765625,4127.830078125,13303.6396484375,21.34000015258789,-0.014426855146374762,0.029756407375664207,0.0001606687165327525,0.001946172546249958,-0.006750766914254913,-0.008615437400585013,-0.008517292959364653,-0.005636435871819501,0.08215014683780053
2021-05-19,37002.44140625,2460.67919921875,1881.300048828125,175.16000366210938,312.7073669433594,382.7502136230469,4115.68017578125,13299.740234375,22.18000030517578,-0.13766122609163733,-0.2720034941722024,0.007227754388629659,0.000685616890880425,0.001148212078835531,-0.0026218042759370563,-0.002943411456817757,-0.0002931088157486217,0.0393627060253805
2021-05-20,40782.73828125,2784.294189453125,1881.800048828125,175.9600067138672,318.7562561035156,386.8677673339844,4159.1201171875,13535.740234375,20.670000076293945,0.10216344466291027,0.13151449824793127,0.0002657736602469374,0.004567270124640199,0.019343609392009853,0.010757809047215128,0.010554741756143349,0.017744707478573485,-0.06807936014903804
2021-05-21,37304.69140625,2430.621337890625,1876.699951171875,176.0399932861328,316.9919738769531,386.5510559082031,4155.85986328125,13470.990234375,20.149999618530273,-0.08528232829817228,-0.12702423935739582,-0.00271022293756773,0.0004545724551812125,-0.005534894430400006,-0.0008186555007252405,-0.0007838806801412357,-0.004783631990481263,-0.02515725475782904
2021-05-22,37536.6328125,2295.70556640625,,,,,,,,0.006217486259949112,-0.05550670085100928,,,,,,,
2021-05-23,34770.58203125,2109.579833984375,,,,,,,,-0.0736893688644572,-0.08107561141354924,,,,,,,
2021-05-24,38705.98046875,2643.591064453125,1884.5999755859375,176.35000610351562,322.3235778808594,390.4916076660156,4197.0498046875,13661.169921875,18.399999618530273,0.11318183957815453,0.2531362984543515,,,,,,,
2021-05-25,38402.22265625,2706.62890625,1898.0999755859375,177.9499969482422,322.7694091796875,389.6252746582031,4188.1298828125,13657.169921875,18.84000015258789,-0.007847826326095597,0.023845534449147276,0.007163323875032379,0.009072814229376336,0.0013831792937992748,-0.0022185701070264185,-0.0021252837802967495,-0.00029280069151282895,0.023913072998898333
2021-05-26,39294.19921875,2888.69873046875,1901.300048828125,177.63999938964844,323.8938293457031,390.3985290527344,4195.990234375,13738.0,17.360000610351562,0.023227211885217036,0.06726811488576234,0.0016859350315305832,-0.0017420486873281904,0.0034836639843698336,0.0019846104573415513,0.0018768165702687245,0.005918508635931463,-0.07855623833596592
2021-05-27,38436.96875,2736.488525390625,1895.699951171875,177.7100067138672,322.68212890625,390.6034240722656,4200.8798828125,13736.2802734375,16.739999771118164,-0.021815700174415475,-0.052691616288219056,-0.0029454044666445967,0.00039409662496781017,-0.0037410420627674856,0.0005248355316000985,0.0011653145418315525,-0.00012518027096375395,-0.035714332801561
2021-05-28,35697.60546875,2419.90625,1902.5,178.3800048828125,323.699951171875,391.3021545410156,4204.10986328125,13748.740234375,16.760000228881836,-0.07126897282320166,-0.115689239130076,0.0035870913136444305,0.003770176937892389,0.003154256695513169,0.0017888488059458751,0.0007688818911402162,0.0009070840642058098,0.0011947704920629576
2021-05-29,34616.06640625,2279.51416015625,,,,,,,,-0.03029724398312339,-0.05801550776760467,,,,,,,
2021-05-30,35678.12890625,2390.305419921875,,,,,,,,0.03068120125307594,0.048603014494119634,,,,,,,
2021-05-31,37332.85546875,2714.9453125,,,,,,,,0.04637929771620186,0.1358152351044477,,,,,,,
2021-06-01,36684.92578125,2633.518310546875,1902.9000244140625,177.89999389648438,322.6240234375,390.9573974609375,4202.0400390625,13736.48046875,17.899999618530273,-0.017355481635803582,-0.0299921333878157,,,,,,,
2021-06-02,37575.1796875,2706.125,1907.5,178.77000427246094,323.2540283203125,391.5722961425781,4208.1201171875,13756.330078125,17.479999542236328,0.02426756732611457,0.027570223894910928,0.0024173501113669005,0.004890446350902078,0.0019527525448970184,0.0015728022685694842,0.0014469348384307246,0.0014450287626555092,-0.023463691913108042
2021-06-03,39208.765625,2855.12646484375,1871.199951171875,175.27000427246094,319.8904113769531,390.1190185546875,4192.85009765625,13614.509765625,18.040000915527344,0.043475133082156336,0.05506082122730849,-0.019030169765727356,-0.019578228541437537,-0.010405491188578031,-0.0037113902137791976,-0.0036287033416374515,-0.010309458387126047,0.03203669267484277
2021-06-04,36894.40625,2688.195068359375,1889.800048828125,177.16000366210938,325.31890869140625,393.68695068359375,4229.89013671875,13814.490234375,16.420000076293945,-0.05902658087058821,-0.05846725128986907,0.009940197809753748,0.010783359066451448,0.016969865683333252,0.00914575285799879,0.008834095710505974,0.014688774858050868,-0.089800485422317
2021-06-05,35551.95703125,2630.576904296875,,,,,,,,-0.03638625350557034,-0.021433773441770665,,,,,,,
2021-06-06,35862.37890625,2715.0927734375,,,,,,,,0.008731498936251025,0.032128263957071024,,,,,,,
2021-06-07,33560.70703125,2590.26318359375,1896.800048828125,177.8699951171875,326.28826904296875,393.304931640625,4226.52001953125,13881.7197265625,16.420000076293945,-0.06418068028941804,-0.04597617844406354,,,,,,,
2021-06-08,33472.6328125,2517.438720703125,1892.199951171875,177.32000732421875,326.44329833984375,393.38885498046875,4227.259765625,13924.91015625,17.06999969482422,-0.0026243254847995168,-0.028114696356679736,-0.002425188495272401,-0.0030920774052216604,0.00047512985167896815,0.00021337983099689595,0.00017502486450582388,0.0031113169361038917,0.039585847473210256
2021-06-09,37345.12109375,2608.26708984375,1893.199951171875,176.97999572753906,326.5208435058594,392.8019714355469,4219.5498046875,13911.75,17.889999389648438,0.11569117681725527,0.03607967431090309,0.0005284853745930462,-0.0019175027218333307,0.00023754559033672962,-0.0014918662221659051,-0.0018238673194856947,-0.0009450801550839882,0.048037475658119
2021-06-10,36702.59765625,2471.5185546875,1894.199951171875,177.74000549316406,329.9233093261719,394.6278991699219,4239.18017578125,14020.330078125,16.100000381469727,-0.01720501684509279,-0.05242888494385056,0.0005282062253282316,0.004294325821970535,0.010420363318250025,0.004648468865117827,0.004652243012262192,0.007804918728772536,-0.10005584512285925
2021-06-11,37334.3984375,2353.768798828125,1877.4000244140625,175.74000549316406,330.7861022949219,395.27984619140625,4247.43994140625,14069.419921875,15.649999618530273,0.01721406171757467,-0.04764267524354615,-0.00886914116295856,-0.011252390785353672,0.0026151318938698598,0.0016520550697396441,0.0019484346695590737,0.003501332955533787,-0.02795035728430051
2021-06-12,35552.515625,2372.484375,,,,,,,,-0.047727642256857994,0.007951323078627226,,,,,,,
2021-06-13,39097.859375,2508.3916015625,,,,,,,,0.09972131894675185,0.05728477202826676,,,,,,,
2021-06-14,40218.4765625,2537.89111328125,1864.0,174.7100067138672,333.95599365234375,396.16497802734375,4255.14990234375,14174.1396484375,16.389999389648438,0.028661855288592664,0.011760329487777943,,,,,,,
2021-06-15,40406.26953125,2610.936767578125,1854.5,174.0500030517578,331.7747802734375,395.4383239746094,4246.58984375,14072.8603515625,17.020000457763672,0.004669320789865594,0.028782028478138377,-0.005096566523605128,-0.0037777095572453234,-0.006531439532050931,-0.0018342208247499325,-0.0020116937805257917,-0.0071453576292487275,0.0384381385952417
2021-06-16,38347.0625,2367.66357421875,1859.5,171.11000061035156,330.5631408691406,393.23040771484375,4223.7001953125,14039.6796875,18.149999618530273,-0.05096256237308472,-0.09317467829181958,0.0026961445133459883,-0.016891711518855712,-0.003651993690714783,-0.005583465551779465,-0.005390124612855707,-0.0023577768295566237,0.06639242834163106
2021-06-17,38053.50390625,2372.001953125,1773.800048828125,165.85000610351562,334.7604675292969,393.1000061035156,4221.85986328125,14161.349609375,17.75,-0.007655308506355651,0.0018323460112703582,-0.04608763171383434,-0.030740427140865334,0.012697503566551083,-0.0003316162961198854,-0.00043571559205179966,0.008666146563395483,-0.022038546938694892
2021-06-18,35787.24609375,2231.733154296875,1767.9000244140625,164.92999267578125,332.13348388671875,387.7969970703125,4166.4501953125,14030.3798828125,20.700000762939453,-0.0595545108824469,-0.05913519533292433,-0.0033262060275397465,-0.005547261946798776,-0.00784735324922503,-0.013490228824383887,-0.013124468779900589,-0.009248392997500465,0.166197226081096
2021-06-19,35615.87109375,2178.4990234375,,,,,,,,-0.004788717174578294,-0.023853268817950024,,,,,,,
2021-06-20,35698.296875,2246.364501953125,,,,,,,,0.002314299179515533,0.03115240254206708,,,,,,,
2021-06-21,31676.693359375,1888.447509765625,1781.800048828125,166.9499969482422,334.1977233886719,393.3487243652344,4224.7900390625,14141.48046875,17.889999389648438,-0.11265533282181261,-0.1593316631723415,,,,,,,
2021-06-22,32505.66015625,1874.9500732421875,1776.300048828125,166.25,337.31298828125,395.45166015625,4246.43994140625,14253.26953125,16.65999984741211,0.02616961270137308,-0.0071473718245484985,-0.0030867661069026164,-0.0041928539145718036,0.009321622125340046,0.005346237729407344,0.005124491902218642,0.00790504662839453,-0.06875347032979973
2021-06-23,33723.02734375,1989.736328125,1782.300048828125,166.13999938964844,337.4778747558594,394.9749755859375,4241.83984375,14271.73046875,16.31999969482422,0.0374509295196066,0.06122096610515215,0.003377807709884495,-0.0006616578066259704,0.0004888233786950469,-0.0012054180531804182,-0.0010832833431588806,0.0012952072125995695,-0.020408172611160347
2021-06-24,34662.4375,1988.456298828125,1775.5999755859375,166.0399932861328,339.56451416015625,397.3115234375,4266.490234375,14369.7099609375,15.970000267028809,0.027856637741157764,-0.0006433160408149119,-0.0037592285578361695,-0.0006019387497473438,0.006183040609125667,0.005915685792742487,0.005811249724885448,0.006865284655006576,-0.021446043770847023
2021-06-25,31637.779296875,1813.21728515625,1776.5999755859375,166.58999633789062,339.1472473144531,398.72283935546875,4280.7001953125,14360.3896484375,15.619999885559082,-0.0872604012088013,-0.08812816946248714,0.0005631899153806241,0.0033124733437563947,-0.0012288293632070069,0.0035521645729230666,0.0033305973193167304,-0.0006486082548177174,-0.021916116193956947
2021-06-26,32186.27734375,1829.2392578125,,,,,,,,0.017336806155961115,0.008836212177885328,,,,,,,
2021-06-27,34649.64453125,1978.8946533203125,,,,,,,,0.07653470332064805,0.0818129147779052,,,,,,,
2021-06-28,34434.3359375,2079.657470703125,1779.5999755859375,166.5800018310547,343.27178955078125,399.5265808105469,4290.60986328125,14500.509765625,15.760000228881836,-0.006213875976586625,0.05091873749506903,,,,,,,
2021-06-29,35867.77734375,2160.768310546875,1762.800048828125,164.8300018310547,344.5139465332031,399.7415771484375,4291.7998046875,14528.330078125,16.020000457763672,0.04162825758718758,0.03900201883549914,-0.009440282641204889,-0.010505462725200698,0.0036185816027800577,0.0005381277447285004,0.00027733619326086867,0.0019185747914842732,0.01649747621230091
2021-06-30,35040.8359375,2274.547607421875,1770.800048828125,165.6300048828125,343.970458984375,400.0780334472656,4297.5,14503.9501953125,15.829999923706055,-0.02305527321430456,0.052656870391718735,0.0045382345010247516,0.004853503869870712,-0.0015775487590478088,0.0008416845233569781,0.0013281596467464851,-0.0016780925737093222,-0.011860207779553322
2021-07-01,33572.1171875,2113.60546875,1775.9000244140625,166.1999969482422,344.10638427734375,402.2930603027344,4319.93994140625,14522.3798828125,15.479999542236328,-0.04191448950075438,-0.07075786769497328,0.0028800403463464797,0.0034413575356286863,0.00039516560047081484,0.005536487060744166,0.0052216268542757405,0.0012706667667650162,-0.02210994208190664
2021-07-02,33897.046875,2150.040283203125,1782.5999755859375,167.2899932861328,348.0563659667969,405.3680419921875,4352.33984375,14639.330078125,15.069999694824219,0.00967855812266083,0.017238228700587443,0.0037727074045654785,0.006558341503640763,0.011478954968384247,0.007643635928343162,0.007500081663913916,0.008053101231080717,-0.026485779039815083
2021-07-03,34668.546875,2226.1142578125,,,,,,,,0.022760094790705843,0.035382581063104546,,,,,,,
2021-07-04,35287.78125,2321.72412109375,,,,,,,,0.017861561294527206,0.0429492165308718,,,,,,,
2021-07-05,33746.00390625,2198.58251953125,,,,,,,,-0.043691535402215154,-0.05303886040710504,,,,,,,
2021-07-06,34235.1953125,2324.679443359375,1793.5,168.1199951171875,349.5605773925781,404.629638671875,4343.5400390625,14663.6396484375,16.440000534057617,0.014496276584600176,0.057353737104673064,,,,,,,
2021-07-07,33855.328125,2315.161865234375,1801.5,168.75999450683594,350.29815673828125,406.05963134765625,4358.1298828125,14665.0595703125,16.200000762939453,-0.011095808977648836,-0.004094146464876158,0.004460551993309192,0.003806801143447114,0.002110018673171954,0.0035340779298198566,0.003358975310182588,9.683284021178018e-05,-0.014598525749495717
2021-07-08,32877.37109375,2120.0263671875,1799.5999755859375,168.64999389648438,348.1824035644531,402.7510681152344,4320.81982421875,14559.7802734375,19.0,-0.028886355129662422,-0.08428589852706492,-0.0010546902104149325,-0.0006518168637834609,-0.006039863850636484,-0.008147973787596685,-0.008561024934316985,-0.007178920506270892,0.17283945093793274
2021-07-09,33798.01171875,2146.6923828125,1810.0,169.2100067138672,350.35638427734375,407.05035400390625,4369.5498046875,14701.919921875,16.18000030517578,0.02800225791699673,0.012578152818153887,0.005779075658564725,0.003320562334123478,0.00624379833855726,0.01067479698760665,0.011277947808795874,0.009762485818334499,-0.14842103656969574
2021-07-10,33520.51953125,2111.403564453125,,,,,,,,-0.008210311003178261,-0.016438693611583566,,,,,,,
2021-07-11,34240.1875,2139.664794921875,,,,,,,,0.021469475378479208,0.013385044405790802,,,,,,,
2021-07-12,33155.84765625,2036.7210693359375,1805.5,169.0,351.7247619628906,408.5083923339844,4384.6298828125,14733.240234375,16.170000076293945,-0.031668630428790756,-0.04811208084100682,,,,,,,
2021-07-13,32702.025390625,1940.083984375,1809.4000244140625,169.22000122070312,351.7247619628906,407.11578369140625,4369.2099609375,14677.650390625,17.1200008392334,-0.013687548281983153,-0.04744738315710828,0.002160079985634278,0.001301782371024407,0.0,-0.003409008648810219,-0.0035168126585656267,-0.0037730901597803346,0.058750819941689736
2021-07-14,32822.34765625,1994.331298828125,1824.300048828125,171.0399932861328,352.3555908203125,407.7232971191406,4374.2998046875,14644.9501953125,16.329999923706055,0.003679352094793975,0.02796132275201524,0.00823478734001215,0.010755182911599048,0.001793529843908015,0.0014922374716743736,0.0011649345752446916,-0.0022278903259194127,-0.04614491102809537
2021-07-15,31780.73046875,1911.1756591796875,1828.4000244140625,171.07000732421875,349.8807678222656,406.33062744140625,4360.02978515625,14543.1298828125,17.010000228881836,-0.031734999531688124,-0.04169600090882597,0.0022474239303842403,0.00017547964957964624,-0.007023651852054558,-0.0034157225931767954,-0.0032622408541723713,-0.006952588512905256,0.041641170137951544
2021-07-16,31421.5390625,1880.3829345703125,1814.5,169.41000366210938,347.0469970703125,403.1436767578125,4327.16015625,14427.240234375,18.450000762939453,-0.011302175908234458,-0.016111927996504405,-0.007602288464482521,-0.00970365108457183,-0.008099246979452857,-0.007843245053077652,-0.007538854211077806,-0.00796868689005259,0.08465611491366087
2021-07-17,31533.068359375,1898.8251953125,,,,,,,,0.003549453661488622,0.009807715440898646,,,,,,,
2021-07-18,31796.810546875,1895.5521240234375,,,,,,,,0.008363987433579023,-0.001723734916274866,,,,,,,
2021-07-19,30817.83203125,1817.296630859375,1808.699951171875,169.61000061035156,344.2034606933594,397.1899719238281,4258.490234375,14274.98046875,22.5,-0.030788575922789052,-0.04128374639361532,,,,,,,
2021-07-20,29807.34765625,1787.5107421875,1810.9000244140625,169.38999938964844,348.20184326171875,402.8819274902344,4323.06005859375,14498.8798828125,19.729999542236328,-0.03278895069501786,-0.01639021839697663,0.001216383757163264,-0.001297100524211059,0.01161633459554734,0.014330562120782542,0.015162609437855634,0.01568474398635078,-0.12311113145616315
2021-07-21,32110.693359375,1990.9708251953125,1802.9000244140625,168.75999450683594,350.89013671875,406.1438293457031,4358.68994140625,14631.9501953125,17.90999984741211,0.07727442675168827,0.1138231386284283,-0.004417692800345763,-0.0037192566567244567,0.007720503234127429,0.008096421390229258,0.008241819990835397,0.009177971924420714,-0.09224529838067741
2021-07-22,32313.10546875,2025.2027587890625,1805.0,169.08999633789062,353.20953369140625,406.99432373046875,4367.47998046875,14684.599609375,17.690000534057617,0.006303573302191001,0.01719358875607435,0.0011647765031341795,0.001955450591350383,0.006610037530109691,0.0020940719107704897,0.0020166699583279435,0.0035982499502607013,-0.012283602190330645
2021-07-23,33581.55078125,2124.776611328125,1801.4000244140625,168.55999755859375,357.334228515625,411.18145751953125,4411.7900390625,14836.990234375,17.200000762939453,0.03925482537500802,0.04916734984036908,-0.0019944463079986097,-0.0031344183025339145,0.011677756206383894,0.010287941489413477,0.010145452020822843,0.010377581211183262,-0.027699251346815612
2021-07-24,34292.4453125,2189.21875,,,,,,,,0.021169199000986128,0.03032890061397775,,,,,,,
2021-07-25,35350.1875,2191.373779296875,,,,,,,,0.030844758309330533,0.0009843828063664795,,,,,,,
2021-07-26,37337.53515625,2233.36669921875,1798.699951171875,168.16000366210938,357.6155700683594,412.1908264160156,4422.2998046875,14840.7099609375,17.579999923706055,0.05621887171744144,0.01916282850447759,,,,,,,
2021-07-27,39406.94140625,2298.33349609375,1799.5,168.44000244140625,353.6754455566406,410.3122253417969,4401.4599609375,14660.580078125,19.360000610351562,0.055424286615063156,0.029089175950248514,0.0004447928225070896,0.0016650735799190741,-0.011017765560279114,-0.004557600397255612,-0.0047124448070912095,-0.0121375515919806,0.10125146156828113
2021-07-28,39995.90625,2296.54541015625,1799.5,169.2899932861328,355.0340881347656,410.1440124511719,4400.64013671875,14762.580078125,18.309999465942383,0.014945713184850051,-0.0007779923760146135,0.0,0.005046252863966982,0.003841495346069701,-0.0004099631457115116,-0.0001862618826539153,0.006957432752077386,-0.05423559459227267
2021-07-29,40008.421875,2380.956787109375,1831.199951171875,171.1699981689453,355.6649475097656,411.84503173828125,4419.14990234375,14778.259765625,17.700000762939453,0.00031292265067750513,0.03675580573317805,0.01761597731140596,0.011105233370970247,0.0017768980390426847,0.00414737076604732,0.004206152980007483,0.0010621237898131852,-0.0333150584814359
2021-07-30,42235.546875,2466.96142578125,1812.5999755859375,169.82000732421875,353.8113098144531,409.844970703125,4395.259765625,14672.6796875,18.239999771118164,0.055666404612466414,0.03612188139554173,-0.010157260857305284,-0.007886842666167015,-0.005211752544890924,-0.004856343724032652,-0.0054060480514769305,-0.0071442835489050616,0.03050841722613762
2021-07-31,41626.1953125,2536.2099609375,,,,,,,,-0.014427457617713135,0.028070376144742504,,,,,,,
2021-08-01,39974.89453125,2561.85205078125,,,,,,,,-0.039669750474507826,0.010110397103823221,,,,,,,
2021-08-02,39201.9453125,2610.1533203125,1818.0999755859375,169.61000061035156,353.84039306640625,408.9850769042969,4387.16015625,14681.0703125,19.459999084472656,-0.019335866368471732,0.01885404331468732,,,,,,,
2021-08-03,38152.98046875,2502.349609375,1810.0999755859375,169.49000549316406,355.9852294921875,412.31231689453125,4423.14990234375,14761.2900390625,18.040000915527344,-0.02675797936526192,-0.04130167760589376,-0.00440019806799774,-0.0007074766626713469,0.00606159293232178,0.00813535793388609,0.0082034265474622,0.005464160640535676,-0.07297010461209863
2021-08-04,39747.50390625,2724.619873046875,1810.5,169.52999877929688,356.49945068359375,410.2842712402344,4402.66015625,14780.5302734375,17.969999313354492,0.041792893187100555,0.0888246242008488,0.0002209957568410914,0.0002359625041987723,0.0014445014815356316,-0.004918712275131076,-0.004632387901412294,0.0013034249936207942,-0.003880354690702914
2021-08-05,40869.5546875,2827.328857421875,1805.0999755859375,168.86000061035156,358.7607727050781,412.8825378417969,4429.10009765625,14895.1201171875,17.280000686645508,0.02822946527400849,0.03769662894668069,-0.0029826149760080467,-0.0039520921003340925,0.006343129048721474,0.006332844770549739,0.006005446813494242,0.0077527559316279415,-0.03839725392733928
2021-08-06,42816.5,2890.941650390625,1760.0,164.63999938964844,357.1886291503906,413.5647277832031,4436.52001953125,14835.759765625,16.149999618530273,0.04763803587748594,0.02249925501300054,-0.024984752199831983,-0.024991124040327772,-0.004382150096381654,0.0016522615487013503,0.001675266241764728,-0.003985221407782014,-0.06539357773223542
2021-08-07,44555.80078125,3157.23876953125,,,,,,,,0.04062220829002827,0.09211431822037741,,,,,,,
2021-08-08,43798.1171875,3013.732666015625,,,,,,,,-0.017005273846830926,-0.045453041087839874,,,,,,,
2021-08-09,46365.40234375,3167.856201171875,1723.4000244140625,161.72000122070312,357.84857177734375,413.228271484375,4432.35009765625,14860.1796875,16.719999313354492,0.058616336068955555,0.0511404136452529,,,,,,,
2021-08-10,45585.03125,3141.691162109375,1728.800048828125,161.77000427246094,356.0142517089844,413.7423400878906,4436.75,14788.08984375,16.790000915527344,-0.016830892309838696,-0.008259541279942217,0.0031333551918095726,0.00030919522248562537,-0.005125967275064869,0.0012440305733898427,0.0009926793341701323,-0.00485120942451589,0.004186698866484928
2021-08-11,45593.63671875,3164.2451171875,1750.4000244140625,164.0,355.40289306640625,414.7704162597656,4442.41015625,14765.1396484375,16.170000076293945,0.00018877838873909702,0.007178921769949609,0.012494201166051155,0.01378497662510525,-0.001717230812090853,0.002484822248688845,0.0012757437876824707,-0.0015519377793203892,-0.03692679007897037
2021-08-12,44428.2890625,3043.414306640625,1749.0,164.0399932861328,356.6839599609375,416.0135192871094,4460.830078125,14816.259765625,15.59000015258789,-0.02555943636254754,-0.03818629912409377,-0.0007998311211925291,0.0002438615008097944,0.0036045483014452984,0.002997087011541444,0.004146380281677686,0.003462216978957544,-0.0358688881242718
2021-08-13,47793.3203125,3322.211669921875,1775.199951171875,166.38999938964844,357.9359436035156,416.7705078125,4468.0,14822.900390625,15.449999809265137,0.07574073458615982,0.09160677291715547,0.014979960647155455,0.014325811995228088,0.0035100643233725304,0.0018196248205775145,0.001607306655808216,0.00044819847282950853,-0.0089801373927193
2021-08-14,47096.9453125,3265.443359375,,,,,,,,-0.01457055076832292,-0.017087505609842735,,,,,,,
2021-08-15,47047.00390625,3310.504150390625,,,,,,,,-0.0010603958689597848,0.013799287280931383,,,,,,,
2021-08-16,46004.484375,3156.509521484375,1786.9000244140625,167.22000122070312,358.0911560058594,417.7519226074219,4479.7099609375,14793.759765625,16.1200008392334,-0.02215910567498447,-0.04651697201106941,,,,,,,
2021-08-17,44695.359375,3014.845947265625,1785.0,166.97000122070312,354.9371337890625,415.0134582519531,4448.080078125,14656.1796875,17.90999984741211,-0.028456465011732934,-0.04487981843695865,-0.001063307621077203,-0.0014950364679763295,-0.00880787521249271,-0.006555240580046862,-0.00706069881494753,-0.009299872399218145,0.1110421163144204
2021-08-18,44801.1875,3020.08984375,1781.5999755859375,167.10000610351562,351.52093505859375,410.4711608886719,4400.27001953125,14525.91015625,21.56999969482422,0.002367765389513554,0.0017393580222999638,-0.0019047755821078871,0.0007786122169375354,-0.009624799451102173,-0.010944939912101881,-0.010748470745585936,-0.008888368867441265,0.20435510209906327
2021-08-19,46717.578125,3182.7021484375,1780.199951171875,166.61000061035156,353.2193298339844,411.1066589355469,4405.7998046875,14541.7900390625,21.670000076293945,0.04277544261522093,0.05384353217968729,-0.0007858242216253197,-0.002932408589264246,0.004831560814742231,0.001548216068332664,0.0012566922329095842,0.0010932108653904926,0.004636086364605774
2021-08-20,49339.17578125,3286.935302734375,1781.0,166.6999969482422,356.87799072265625,414.3778076171875,4441.669921875,14714.66015625,18.559999465942383,0.056115872471717454,0.03274989283808627,0.0004494151500220589,0.0005401616803368814,0.010358042665421063,0.00795693431507627,0.008141567655737925,0.011887815511235633,-0.1435164097555205
2021-08-21,48905.4921875,3226.083984375,,,,,,,,-0.008789842693618932,-0.01851308673728791,,,,,,,
2021-08-22,49321.65234375,3242.115478515625,,,,,,,,0.00850947690403503,0.004969335646024975,,,,,,,
2021-08-23,49546.1484375,3319.25732421875,1803.199951171875,168.72999572753906,362.21575927734375,418.02294921875,4479.52978515625,14942.650390625,17.149999618530273,0.004551674225862445,0.023793676139643116,,,,,,,
2021-08-24,47706.1171875,3172.456298828125,1805.5999755859375,168.64999389648438,363.32208251953125,418.6865234375,4486.22998046875,15019.7998046875,17.219999313354492,-0.037137725293038826,-0.04422706980850821,0.0013309807448158573,-0.00047414113127741686,0.0030543211162172845,0.0015874109782492152,0.0014957363013194946,0.005163034136896005,0.004081614949343004
2021-08-25,48960.7890625,3224.915283203125,1788.199951171875,167.47999572753906,363.7393798828125,419.5650939941406,4496.18994140625,15041.8603515625,16.790000915527344,0.02630002081428562,0.01653576265002532,-0.009636699517796554,-0.006937433805443538,0.0011485604188641307,0.002098397028467369,0.002220118224179668,0.0014687643751494228,-0.024970871949668183
2021-08-26,46942.21875,3100.325439453125,1792.199951171875,167.6699981689453,361.4296569824219,417.08831787109375,4470.0,14945.8095703125,18.84000015258789,-0.04122830434622349,-0.03863352454525626,0.002236886315413855,0.0011344784228162208,-0.0063499390721311055,-0.005903198713383628,-0.005824918819612557,-0.006385565282822414,0.12209643390577263
2021-08-27,49058.66796875,3270.600830078125,1816.5999755859375,170.19000244140625,364.94281005859375,420.8174743652344,4509.3701171875,15129.5,16.389999389648438,0.04508626296557394,0.05492177964873113,0.013614565940651913,0.015029547921398434,0.009720157182183664,0.008940927698898538,0.008807632480425154,0.012290430225497584,-0.13004250228750225
2021-08-28,48902.40234375,3244.4033203125,,,,,,,,-0.003185280633781984,-0.008009999118418598,,,,,,,
2021-08-29,48829.83203125,3227.002685546875,,,,,,,,-0.0014839825657210204,-0.005363277326429605,,,,,,,
2021-08-30,47054.984375,3224.374267578125,1809.0,169.35000610351562,369.038330078125,422.6681213378906,4528.7900390625,15265.8896484375,16.190000534057617,-0.0363476092875793,-0.0008145075244350153,,,,,,,
2021-08-31,47166.6875,3433.732666015625,1815.0,169.69000244140625,368.73748779296875,422.0419006347656,4522.68017578125,15259.240234375,16.479999542236328,0.0023738850726162664,0.0649299309148601,0.0033167495854062867,0.0020076547129428413,-0.0008152060657020677,-0.0014815896243671745,-0.0013491160395050494,-0.00043557330857424414,0.01791222968576589
2021-09-01,48847.02734375,3834.828125,1813.0999755859375,169.6999969482422,369.3487548828125,422.2662048339844,4524.08984375,15309.3798828125,16.110000610351562,0.03562556399047523,0.11681033382537342,-0.0010468454071970168,5.8898619200498104e-05,0.0016577297130877522,0.0005314737680817139,0.0003116886257619189,0.003285854843843916,-0.022451392121492608
2021-09-02,49327.72265625,3790.989990234375,1808.699951171875,169.25,369.1741943359375,423.5653991699219,4536.9501953125,15331.1796875,16.40999984741211,0.009840830417728652,-0.011431577462321041,-0.002426796356136185,-0.0026517204262498373,-0.0004726171255955425,0.00307671871692472,0.002842638410522902,0.0014239508624365182,0.018621925865588196
2021-09-03,50025.375,3940.61474609375,1830.9000244140625,171.05999755859375,370.3095703125,423.4624938964844,4535.43017578125,15363.51953125,16.40999984741211,0.014143210068944922,0.039468517786860335,0.012274049782443841,0.01069422486613747,0.003075447834604894,-0.00024295014096797907,-0.0003350311257153127,0.0021094165230068906,0.0
2021-09-04,49944.625,3887.828369140625,,,,,,,,-0.0016141808032423821,-0.013395467548673934,,,,,,,
2021-09-05,51753.41015625,3952.133544921875,,,,,,,,0.03621581213694158,0.016540127206146282,,,,,,,
2021-09-06,52633.53515625,3928.37939453125,,,,,,,,0.017006125728580734,-0.0060104624807395535,,,,,,,
2021-09-07,46811.12890625,3426.394287109375,1795.9000244140625,167.7100067138672,370.83367919921875,421.9483947753906,4520.02978515625,15374.330078125,18.139999389648438,-0.1106216071695616,-0.1277842736169259,,,,,,,
2021-09-08,46091.390625,3497.315185546875,1790.699951171875,167.2899932861328,369.54290771484375,421.4343566894531,4514.06982421875,15286.6396484375,17.959999084472656,-0.015375366885328479,0.02069840552335589,-0.0028955249019967377,-0.0025044029033459703,-0.003480728846318115,-0.0012182487060085068,-0.001318566739775151,-0.005703691103410624,-0.009922839648963677
2021-09-09,46391.421875,3427.340087890625,1797.4000244140625,168.02999877929688,368.27154541015625,419.6304626464844,4493.27978515625,15248.25,18.799999237060547,0.006509485739778498,-0.020008233157088995,0.0037415945858505495,0.004423489287242344,-0.0034403645101708236,-0.0042803677828715525,-0.004605608657393345,-0.002511320298010933,0.04677061221646239
2021-09-10,44883.91015625,3211.505859375,1789.5999755859375,167.17999267578125,365.4765930175781,416.3219299316406,4458.580078125,15115.490234375,20.950000762939453,-0.032495484247323514,-0.06297426662682348,-0.0043396287538539635,-0.005058656845151166,-0.007589379161687004,-0.007884395937267752,-0.007722578759925436,-0.008706557514796764,0.11436178793244811
2021-09-11,45201.45703125,3270.278076171875,,,,,,,,0.0070748487352050304,0.01830051675767863,,,,,,,
2021-09-12,46063.26953125,3410.134521484375,,,,,,,,0.019066033632592516,0.04276591838826538,,,,,,,
2021-09-13,44963.07421875,3285.51171875,1792.0,167.74000549316406,365.2242431640625,417.3873596191406,4468.72998046875,15105.580078125,19.3700008392334,-0.023884438158555232,-0.036544834800279036,,,,,,,
2021-09-14,47092.4921875,3429.169677734375,1804.699951171875,168.82000732421875,364.18585205078125,415.1349182128906,4443.0498046875,15037.759765625,19.459999084472656,0.0473592610325122,0.043724683179346746,0.007087026323590928,0.006438546534438316,-0.0028431604218966955,-0.005396525204561353,-0.00574663850657553,-0.004489752273612702,0.004646269558077121
2021-09-15,48176.34765625,3615.28271484375,1792.4000244140625,167.8300018310547,366.8935241699219,418.6023864746094,4480.7001953125,15161.5302734375,18.18000030517578,0.023015462091804384,0.054273499009923176,-0.006815496808666444,-0.005864266379652205,0.007434863556322613,0.00835262973455908,0.008473996979569742,0.008230648031459342,-0.06577589103373593
2021-09-16,47783.359375,3571.294921875,1754.5999755859375,164.02999877929688,367.14581298828125,417.9388732910156,4473.75,15181.919921875,18.690000534057617,-0.008157286726135138,-0.012167179288121388,-0.021089069578919428,-0.02264197706190263,0.0006876349723810016,-0.001585067847275634,-0.0015511404489350067,0.001344827868280607,0.0280528173993837
2021-09-17,47267.51953125,3398.538818359375,1749.4000244140625,163.77000427246094,362.7980041503906,413.86767578125,4432.990234375,15043.9697265625,20.809999465942383,-0.010795386730801604,-0.04837351921216426,-0.0029636106487113123,-0.0015850424237688898,-0.011842185540678951,-0.009741131466684094,-0.009110872450405094,-0.009086478918501784,0.11342958112931156
2021-09-18,48278.36328125,3432.018310546875,,,,,,,,0.021385589090024082,0.009851143087328929,,,,,,,
2021-09-19,47260.21875,3329.447998046875,,,,,,,,-0.021089044077959085,-0.029886295240556526,,,,,,,
2021-09-20,42843.80078125,2958.993408203125,1761.800048828125,164.94000244140625,355.301513671875,406.96673583984375,4357.72998046875,14713.900390625,25.709999084472656,-0.09344895316951951,-0.11126606874805267,,,,,,,
2021-09-21,40693.67578125,2764.43115234375,1776.0,166.0399932861328,355.7386779785156,406.582275390625,4354.18994140625,14746.400390625,24.360000610351562,-0.050185206746199196,-0.06575285207462656,0.00805991076076995,0.006669036185550814,0.0012304037270280954,-0.0009446974785920492,-0.0008123585165593639,0.0022087957059100383,-0.05250869397877245
2021-09-22,43574.5078125,3077.867919921875,1776.699951171875,165.4199981689453,359.0613708496094,410.5484313964844,4395.64013671875,14896.849609375,20.8700008392334,0.07079311406361999,0.11338201253895797,0.000394116650830556,-0.0037340107339023376,0.00934026316726344,0.009754866962778719,0.009519611195260236,0.010202436849988672,-0.14326763890289562
2021-09-23,44895.09765625,3155.523681640625,1747.699951171875,163.50999450683594,362.3744201660156,415.5366516113281,4448.97998046875,15052.240234375,18.6299991607666,0.0303064775724482,0.0252303749670717,-0.01632239590082285,-0.011546389089901132,0.009226972282111445,0.01215013828667244,0.012134715784494876,0.010431106514105393,-0.10733117337761822
2021-09-24,42839.75,2931.669189453125,1749.699951171875,163.3000030517578,362.7143859863281,416.2210998535156,4455.47998046875,15047.7001953125,17.75,-0.04578111561282838,-0.07094052042452526,0.0011443611923540598,-0.00128427290155253,0.0009381617503707584,0.0016471428922897324,0.001461009046688222,-0.0003016188282812804,-0.04723559851896364
2021-09-25,42716.59375,2925.565673828125,,,,,,,,-0.002874812528084303,-0.002081925084507441,,,,,,,
2021-09-26,43208.5390625,3062.265380859375,,,,,,,,0.011516492054097771,0.046725906122755845,,,,,,,
2021-09-27,42235.73046875,2934.138916015625,1750.0,163.63999938964844,359.8192138671875,415.03033447265625,4443.10986328125,14969.9697265625,18.760000228881836,-0.02251426719942695,-0.04184041841853481,,,,,,,
2021-09-28,41034.54296875,2807.296630859375,1735.800048828125,162.0500030517578,349.63720703125,406.666748046875,4352.6298828125,14546.6796875,23.25,-0.02844007873591181,-0.04322981589722885,-0.00811425781249997,-0.009716428402719801,-0.02829756289694907,-0.020151747308803647,-0.020364110556098214,-0.028275944894625926,0.23933900406917985
2021-09-29,41564.36328125,2853.143310546875,1721.5,161.32000732421875,349.06396484375,407.3511962890625,4359.4599609375,14512.4404296875,22.559999465942383,0.012911568502261384,0.01633125590773976,-0.008238304197409896,-0.004504756024632184,-0.0016395342828853243,0.001683069111194202,0.0015691842194003325,-0.0023537507216799813,-0.029677442325058756
2021-09-30,43790.89453125,3001.678955078125,1755.300048828125,164.22000122070312,347.7814636230469,402.372314453125,4307.5400390625,14448.580078125,23.139999389648438,0.05356827518164842,0.0520603518169509,0.019634068445033348,0.01797665363761114,-0.0036741152048657133,-0.01222257816177963,-0.011909714125195148,-0.004400386817909885,0.02570921708494045
2021-10-01,48116.94140625,3307.51611328125,1757.0,164.58999633789062,349.9383544921875,407.1543273925781,4357.0400390625,14566.7001953125,21.100000381469727,0.09878873042688929,0.10188869721917504,0.0009684675694106026,0.0022530453929923144,0.006201856897923852,0.01188454763830471,0.01149147763018199,0.00817520590596521,-0.0881589914428128
2021-10-02,47711.48828125,3391.6943359375,,,,,,,,-0.008426411013467638,0.02545058580916182,,,,,,,
2021-10-03,48199.953125,3418.358642578125,,,,,,,,0.010237887379882071,0.00786164789618482,,,,,,,
2021-10-04,49112.90234375,3380.089111328125,1766.199951171875,165.36000061035156,342.5934143066406,401.9035949707031,4300.4599609375,14255.48046875,22.959999084472656,0.018940873580984396,-0.01119529436534994,,,,,,,
2021-10-05,51514.8125,3518.5185546875,1759.5999755859375,164.58999633789062,347.218017578125,406.08538818359375,4345.72021484375,14433.830078125,21.299999237060547,0.048905889117254686,0.040954376881792376,-0.003736822425772557,-0.004656532835140448,0.01349880960451011,0.010404965930189025,0.010524514660609219,0.01251095042120598,-0.07229964780507026
2021-10-06,55361.44921875,3580.56201171875,1760.5,165.02999877929688,349.44293212890625,407.7730712890625,4363.5498046875,14501.91015625,21.0,0.0746704982911468,0.01763340339603814,0.0005114937636678807,0.0026733243283083574,0.006407831501084482,0.0041559808714559665,0.004102792854185466,0.004716702202846257,-0.014084471727988102
2021-10-07,53805.984375,3587.974853515625,1757.9000244140625,164.16000366210938,352.6490478515625,411.2986145019531,4399.759765625,14654.01953125,19.540000915527344,-0.02809653406297008,0.0020703011908782543,-0.0014768392990273105,-0.005271739220885419,0.009174933666918683,0.008645846087250497,0.008298280656405366,0.010488919967170274,-0.06952376592726939
2021-10-08,53967.84765625,3563.75927734375,1756.300048828125,164.22999572753906,350.8905944824219,410.5484313964844,4391.33984375,14579.5400390625,18.770000457763672,0.0030082765538104184,-0.00674909305681104,-0.0009101630147998474,0.00042636491147840516,-0.004986411787735179,-0.0018239378374205195,-0.0019137230947889883,-0.00508252988394553,-0.039406367537669684
2021-10-09,54968.22265625,3575.716796875,,,,,,,,0.01853649985027972,0.003355310670748457,,,,,,,
2021-10-10,54771.578125,3425.852783203125,,,,,,,,-0.003577422040362044,-0.041911600438504726,,,,,,,
2021-10-11,57484.7890625,3545.35400390625,1754.5999755859375,163.9199981689453,348.1993103027344,407.5762023925781,4361.18994140625,14486.2001953125,20.0,0.04953684064585273,0.03488218212091221,,,,,,,
2021-10-12,56041.05859375,3492.5732421875,1758.300048828125,164.66000366210938,346.9847717285156,406.57293701171875,4350.64990234375,14465.919921875,19.850000381469727,-0.025114999851183484,-0.014887303682677766,0.002108784505683081,0.004514430828637339,-0.003488055657441702,-0.002461540627175851,-0.0024167805585421087,-0.0013999719156209123,-0.007499980926513716
2021-10-13,57401.09765625,3606.20166015625,1793.699951171875,167.58999633789062,349.7635803222656,408.0356750488281,4363.7998046875,14571.6396484375,18.639999389648438,0.02426861834211813,0.03253429780547168,0.020133026992374514,0.017794197805277356,0.008008445384814156,0.0035977260263813093,0.00302251448379387,0.00730819243666847,-0.060957227635665134
2021-10-14,57321.5234375,3786.01416015625,1796.699951171875,168.0,356.2049560546875,414.89898681640625,4438.259765625,14823.4296875,16.860000610351562,-0.001386283921372633,0.049862020193349066,0.0016725205339054305,0.0024464685904206362,0.01841637064238344,0.01682037181370677,0.01706310194558336,0.017279458258460334,-0.09549349987025113
2021-10-15,61593.94921875,3862.634765625,1767.199951171875,165.3300018310547,358.4493103027344,418.058837890625,4471.3701171875,14897.33984375,16.299999237060547,0.07453440740995654,0.020237802139014605,-0.0164189908174478,-0.015892846243722114,0.006300738408879125,0.007615952736989895,0.007460210377712606,0.004986036147378581,-0.033214789621489715
2021-10-16,60892.1796875,3830.382080078125,,,,,,,,-0.01139348166745524,-0.008349918515181298,,,,,,,
2021-10-17,61553.6171875,3847.1044921875,,,,,,,,0.01086243756414218,0.004365729517258554,,,,,,,
2021-10-18,62026.078125,3748.76025390625,1764.800048828125,164.9199981689453,362.0538024902344,419.2965393066406,4486.4599609375,15021.8095703125,16.309999465942383,0.007675599893030238,-0.02556318355297138,,,,,,,
2021-10-19,64261.9921875,3877.65087890625,1769.699951171875,165.4499969482422,364.79364013671875,422.53131103515625,4519.6298828125,15129.08984375,15.699999809265137,0.036047967727284025,0.03438220005285597,0.002776463173266297,0.003213671993580469,0.0075674875602453895,0.0077147589480817125,0.007393339551406308,0.007141634497185745,-0.037400348047283094
2021-10-20,65992.8359375,4155.9921875,1784.0999755859375,166.89999389648438,364.3175354003906,424.1908874511719,4536.18994140625,15121.6796875,15.489999771118164,0.026934175102288238,0.0717809099596558,0.00813698638830096,0.008763958748792211,-0.0013051344210652793,0.0039277004394060455,0.0036640298040166996,-0.0004897952438996933,-0.013375798770586256
2021-10-21,62210.171875,4054.32275390625,1781.199951171875,166.75,366.54241943359375,425.2972717285156,4549.77978515625,15215.7001953125,15.010000228881836,-0.057319313661295834,-0.02446333607159845,-0.0016254831308486484,-0.0008987052245035265,0.006106991338635348,0.0026082226423855825,0.002995871849622578,0.00621759683814882,-0.03098770492762115
2021-10-22,60692.265625,3970.181884765625,1795.5,167.77000427246094,363.4625549316406,424.8565979003906,4544.89990234375,15090.2001953125,15.430000305175781,-0.024399647264276236,-0.02075337220243678,0.008028323164233742,0.006116967151190034,-0.008402477690610421,-0.0010361548437261003,-0.0010725536274130976,-0.008248059464175173,0.02798135042568428
2021-10-23,61393.6171875,4171.66357421875,,,,,,,,0.011555863919028075,0.050748730234816186,,,,,,,
2021-10-24,60930.8359375,4087.903076171875,,,,,,,,-0.007537937512081094,-0.02007844030485162,,,,,,,
2021-10-25,63039.82421875,4217.876953125,1806.0,168.92999267578125,367.18365478515625,427.1349792480469,4566.47998046875,15226.7099609375,15.239999771118164,0.0346128236844363,0.031794755044642464,,,,,,,
2021-10-26,60363.79296875,4131.10205078125,1792.699951171875,167.67999267578125,368.3398742675781,427.5195007324219,4574.7900390625,15235.7099609375,15.979999542236328,-0.04244985266320056,-0.02057312323429894,-0.007364368121885345,-0.00739951491266011,0.0031488860338797497,0.0009002341251749257,0.0018197952535197182,0.0005910666206350168,0.04855641615694517
2021-10-27,58482.38671875,3930.25732421875,1797.9000244140625,168.1199951171875,369.19488525390625,425.62548828125,4551.68017578125,15235.83984375,16.979999542236328,-0.03116779376295975,-0.04861771122902114,0.0029006935816493495,0.002624060476058121,0.0023212555741576324,-0.004430236393724862,-0.005051568068462853,8.524894004491301e-06,0.0625782245710913
2021-10-28,60622.13671875,4287.31884765625,1801.5999755859375,168.0800018310547,373.2947998046875,429.7322692871094,4596.419921875,15448.1201171875,16.530000686645508,0.03658793903693369,0.09084940093801008,0.002057929318445284,-0.00023788536339730548,0.011105014491090914,0.009648813614154816,0.009829281576461124,0.013932955164567495,-0.026501700101433157
2021-10-29,62227.96484375,4414.74658203125,1783.0,166.64999389648438,375.13104248046875,430.60430908203125,4605.3798828125,15498.3896484375,16.260000228881836,0.02648913766352501,0.029722010166018054,-0.01032414289408956,-0.008507900517562339,0.004919014882452055,0.0020292630022142877,0.001949334719149265,0.0032540872849680103,-0.01633396530841069
2021-10-30,61888.83203125,4325.650390625,,,,,,,,-0.005449845794435637,-0.020181496208386274,,,,,,,
2021-10-31,61318.95703125,4288.07421875,,,,,,,,-0.009208042570786446,-0.008686825906328188,,,,,,,
2021-11-01,61004.40625,4324.626953125,1795.0999755859375,167.52000427246094,376.4136047363281,431.3450012207031,4613.669921875,15595.919921875,16.40999984741211,-0.005129747739996526,0.008524277451908313,,,,,,,
2021-11-02,63226.40234375,4584.798828125,1788.699951171875,167.16000366210938,377.9874572753906,433.0890197753906,4630.64990234375,15649.599609375,16.030000686645508,0.03642353446805324,0.0601605358843722,-0.0035652746371263033,-0.0021490007233168074,0.0041811786802046225,0.0040432103067196135,0.0036803630854131963,0.0034419058169636862,-0.023156560895795986
2021-11-03,62970.046875,4607.19384765625,1763.5999755859375,165.77000427246094,382.0,435.7331237792969,4660.56982421875,15811.580078125,15.100000381469727,-0.004054563588107407,0.004884624248695513,-0.014032524331145213,-0.008315382622616663,0.010615544636143781,0.006105220597089955,0.006461279195357994,0.010350454503191608,-0.05801623614093532
2021-11-04,61452.23046875,4537.32421875,1793.0,167.64999389648438,386.89666748046875,437.7864990234375,4680.06005859375,15940.3095703125,15.4399995803833,-0.024103783966732184,-0.015165333002385761,0.0166704608874213,0.011340951773961994,0.012818501257771509,0.004712460751963965,0.004181942361150437,0.008141469198615692,0.022516502670477445
2021-11-05,61125.67578125,4486.2431640625,1816.4000244140625,169.83999633789062,387.265869140625,439.305419921875,4697.52978515625,15971.58984375,16.479999542236328,-0.005313959884109654,-0.011257968843489952,0.013050766544373982,0.0130629437586407,0.0009542642550026681,0.003469547146441876,0.003732799652949259,0.0019623378893316445,0.06735751231330078
2021-11-06,61527.48046875,4521.5810546875,,,,,,,,0.006573419146120196,0.007876944992210255,,,,,,,
2021-11-07,63326.98828125,4620.5546875,,,,,,,,0.029247220896912562,0.021889164788917004,,,,,,,
2021-11-08,67566.828125,4812.08740234375,1827.4000244140625,170.4499969482422,386.7413024902344,439.6804504394531,4701.7001953125,15982.3603515625,17.219999313354492,0.06695154718111462,0.04145232072718552,,,,,,,
2021-11-09,66971.828125,4735.06884765625,1830.199951171875,171.2899932861328,384.0792236328125,438.2271728515625,4685.25,15886.5400390625,17.780000686645508,-0.008806096371717143,-0.01600522772092372,0.001532191485392076,0.0049281100201232775,-0.006883358049116328,-0.0033053040826311886,-0.003498775895770745,-0.005995379305199555,0.03252040624976815
2021-11-10,64995.23046875,4636.17431640625,1847.5999755859375,173.14999389648438,378.43438720703125,434.70172119140625,4646.7099609375,15622.7099609375,18.729999542236328,-0.029513867421399387,-0.020885552973311183,0.009507171280887183,0.010858781500706183,-0.014697062685113726,-0.008044803879266538,-0.008225823395229703,-0.01660714526110052,0.05343075471894454
2021-11-11,64949.9609375,4730.38427734375,1863.199951171875,174.1199951171875,379.4837646484375,434.8423156738281,4649.27001953125,15704.2802734375,17.65999984741211,-0.0006965054346836919,0.020320625262970626,0.008443372911925984,0.005602086369596027,0.00277294420613039,0.0003234274804262416,0.0005509400447352153,0.005221265241686979,-0.057127587879079234
2021-11-12,64155.94140625,4667.115234375,1867.9000244140625,174.4499969482422,383.47686767578125,438.1240234375,4682.85009765625,15860.9599609375,16.290000915527344,-0.01222509636324598,-0.013375032398906361,0.002522581239459143,0.0018952552280546708,0.010522460772578901,0.007546891471651218,0.007222656026415475,0.009976877944862572,-0.07757638412921752
2021-11-13,64469.52734375,4651.46044921875,,,,,,,,0.0048878705639170406,-0.0033542744008004943,,,,,,,
2021-11-14,65466.83984375,4626.35888671875,,,,,,,,0.015469517787564335,-0.005396490580547919,,,,,,,
2021-11-15,63557.87109375,4557.50390625,1866.0999755859375,174.17999267578125,383.38934326171875,438.27410888671875,4682.7998046875,15853.849609375,16.489999771118164,-0.02915932332393234,-0.01488319046462594,,,,,,,
2021-11-16,60161.24609375,4216.365234375,1853.5999755859375,172.9199981689453,386.1194763183594,440.0086669921875,4700.89990234375,15973.8603515625,16.3700008392334,-0.05344145330150951,-0.07485208546001998,-0.006698462120752757,-0.007233864736584827,0.007121045758376576,0.0039577015166940566,0.003865229864862485,0.007569817119782218,-0.007277072986680122
2021-11-17,60368.01171875,4287.59375,1869.699951171875,174.5,386.323486328125,438.9398193359375,4688.669921875,15921.5703125,17.110000610351562,0.003436857419438999,0.016893345729229292,0.008685787547471291,0.009137183945092442,0.0005283598012482127,-0.002429151370031968,-0.002601625374463401,-0.003273475409930282,0.04520462633970257
2021-11-18,56942.13671875,4000.65087890625,1861.0,173.94000244140625,390.326416015625,440.4305725097656,4704.5400390625,15993.7099609375,17.59000015258789,-0.05674983989800575,-0.06692398763146579,-0.004653126918264139,-0.0032091550635745536,0.010361600651170644,0.003396258685492315,0.0033847802152713324,0.004530938030708143,0.028053741970408108
2021-11-19,58119.578125,4298.306640625,1851.199951171875,172.61000061035156,392.5026550292969,439.6430358886719,4697.9599609375,16057.4404296875,17.90999984741211,0.020677857806173483,0.07440183378363852,-0.005266012266590514,-0.007646325240812324,0.005575433597055701,-0.0017881061630350414,-0.001398665559303236,0.0039847207999677,0.01819213712611245
2021-11-20,59697.1953125,4409.93115234375,,,,,,,,0.027144333086984274,0.02596941564469657,,,,,,,
2021-11-21,58730.4765625,4269.73291015625,,,,,,,,-0.01619370466132397,-0.031791480942506056,,,,,,,
2021-11-22,56289.2890625,4088.457763671875,1806.0,168.74000549316406,387.94598388671875,438.40533447265625,4682.93994140625,15854.759765625,19.170000076293945,-0.041565940596482776,-0.04245585152485365,,,,,,,
2021-11-23,57569.07421875,4340.763671875,1783.5,167.27999877929688,386.177734375,438.9866638183594,4690.7001953125,15775.1396484375,19.3799991607666,0.022735855747423095,0.06171175606728707,-0.012458471760797396,-0.008652404091134991,-0.004557978649509797,0.0013260088324480446,0.001657132912945114,-0.005021843179240482,0.010954568786483598
2021-11-24,56280.42578125,4239.9814453125,1784.0999755859375,167.1199951171875,387.42144775390625,440.1586608886719,4701.4599609375,15845.23046875,18.579999923706055,-0.02238438701660228,-0.023217625786793206,0.0003364034684258943,-0.0009565020521100642,0.003220572467542926,0.0026697783028721833,0.0022938506357221833,0.004443118848677985,-0.04127963218285824
2021-11-25,57274.6796875,4274.7431640625,,,,,,,,0.017666069374003168,0.008198554450852713,,,,,,,
2021-11-26,53569.765625,4030.908935546875,1785.300048828125,166.85000610351562,380.07635498046875,430.3417663574219,4594.6201171875,15491.66015625,28.6200008392334,-0.06468677053655503,-0.05704067335916796,,,,,,,
2021-11-27,54815.078125,4096.912109375,,,,,,,,0.02324655494514305,0.016374265676426303,,,,,,,
2021-11-28,57248.45703125,4294.45361328125,,,,,,,,0.044392510044424904,0.048217169085520206,,,,,,,
2021-11-29,57806.56640625,4445.10498046875,1782.300048828125,166.6199951171875,388.3249206542969,435.6205749511719,4655.27001953125,15782.830078125,22.959999084472656,0.009748898117819094,0.03508045044929298,,,,,,,
2021-11-30,57005.42578125,4631.47900390625,1773.5999755859375,165.5,382.6218566894531,427.1444091796875,4567.0,15537.6904296875,27.190000534057617,-0.013858989986877734,0.041927923919998555,-0.004881374069370614,-0.006721853018899604,-0.01468631978404722,-0.019457680052037185,-0.01896131033450521,-0.01553204635822969,0.1842335199588756
2021-12-01,57229.828125,4586.990234375,1781.5999755859375,166.16000366210938,376.1123962402344,422.40008544921875,4513.0400390625,15254.0498046875,31.1200008392334,0.003936508510805847,-0.009605737064494413,0.004510599971877527,0.003987937535404162,-0.017012777329398654,-0.011107072054577616,-0.011815187417889228,-0.018255005548189707,0.14453844163236207
2021-12-02,56477.81640625,4511.30224609375,1760.699951171875,165.24000549316406,378.82305908203125,428.8697204589844,4577.10009765625,15381.3203125,27.950000762939453,-0.013140205787574133,-0.016500577593133392,-0.011731042153381721,-0.005536820827328315,0.007207055308183774,0.015316367663338104,0.01419443613158311,0.008343391390618793,-0.10186375291794603
2021-12-03,53598.24609375,4220.7060546875,1782.0,166.6300048828125,372.23577880859375,425.137939453125,4538.43017578125,15085.4697265625,30.670000076293945,-0.05098586481791345,-0.0644151456839035,0.01209748930472121,0.008412002804647267,-0.01738880491963679,-0.008701432691180844,-0.008448563730297565,-0.019234407705369105,0.09731660962818656
2021-12-04,49200.703125,4119.58740234375,,,,,,,,-0.08204639683653359,-0.023957757548988323,,,,,,,
2021-12-05,49368.84765625,4198.32275390625,,,,,,,,0.003417522933012007,0.019112436240023678,,,,,,,
2021-12-06,50582.625,4358.7373046875,1777.5,166.22000122070312,375.2185363769531,430.17291259765625,4591.669921875,15225.150390625,27.18000030517578,0.02458589579002135,0.03820919928845279,,,,,,,
2021-12-07,50700.0859375,4315.0615234375,1782.5999755859375,166.80999755859375,386.51776123046875,439.071044921875,4686.75,15686.919921875,21.889999389648438,0.002322159783127109,-0.01002028298494384,0.002869184577179995,0.003549490636251651,0.030113717095693104,0.020685013081103154,0.020707080374404274,0.03032939047579708,-0.1946284347362568
2021-12-08,50504.796875,4439.35791015625,1783.4000244140625,166.89999389648438,388.24725341796875,440.233642578125,4701.2099609375,15786.990234375,19.899999618530273,-0.00385184874717448,0.028805240908762686,0.00044881007465624734,0.0005395140531609943,0.004474547772382431,0.0026478577207404985,0.0030852853123166657,0.006379219948745574,-0.0909090829878787
2021-12-09,47672.12109375,4119.81591796875,1774.5999755859375,165.8800048828125,382.5343933105469,437.2614440917969,4667.4501953125,15517.3701171875,21.579999923706055,-0.05608726213196957,-0.07197932643737959,-0.004934422287571905,-0.006111378376110088,-0.014714489432000377,-0.006751411520760087,-0.007181080169894716,-0.017078626969719846,0.08442212750654599
2021-12-10,47243.3046875,3908.49609375,1782.9000244140625,166.5800018310547,386.6926574707031,441.3775634765625,4712.02001953125,15630.599609375,18.690000534057617,-0.00899511908452133,-0.05129351127002291,0.004677137914072427,0.004219899491422874,0.010870301423538953,0.00941340573330196,0.009549073338481762,0.007296951180025157,-0.13392026876115581
2021-12-11,49362.5078125,4084.452392578125,,,,,,,,0.044857216044006165,0.0450189266171952,,,,,,,
2021-12-12,50098.3359375,4134.453125,,,,,,,,0.014906619570362878,0.01224172241858712,,,,,,,
2021-12-13,46737.48046875,3784.226806640625,1786.300048828125,167.0,381.106201171875,437.46771240234375,4668.97021484375,15413.2802734375,20.309999465942383,-0.0670851717099511,-0.08470922459893049,,,,,,,
2021-12-14,46612.6328125,3745.4404296875,1770.4000244140625,165.44000244140625,377.16168212890625,434.4579162597656,4634.08984375,15237.6396484375,21.889999389648438,-0.00267125345649466,-0.010249485280602655,-0.008901093869696508,-0.009341302746070368,-0.01035018331068771,-0.006880041788798308,-0.0074706775774360246,-0.0113954084973521,0.07779418834331042
2021-12-15,48896.72265625,4018.388671875,1762.5999755859375,166.14999389648438,385.7599182128906,441.24639892578125,4709.85009765625,15565.580078125,19.290000915527344,0.04900151967252708,0.07287480532970947,-0.004405811523136682,0.004291534360497673,0.02279721533600987,0.0156251788998516,0.016348464630746795,0.021521734156584316,-0.11877563027025972
2021-12-16,47665.42578125,3962.4697265625,1796.5999755859375,168.16000366210938,375.8403015136719,437.355224609375,4668.669921875,15180.4296875,20.56999969482422,-0.025181582897818466,-0.013915763227156375,0.01928968595877656,0.012097561477355745,-0.025714482585887488,-0.008818597332192035,-0.008743415379980468,-0.024743722282876468,0.0663555582450257
2021-12-17,46202.14453125,3879.486572265625,1803.800048828125,167.8000030517578,373.96514892578125,432.7004699707031,4620.64013671875,15169.6796875,21.56999969482422,-0.030699007215741814,-0.020942280956898096,0.004007610675737183,-0.002140821851282393,-0.004989227020994247,-0.010642961091477221,-0.010287680637092622,-0.0007081485979841817,0.04861448783840361
2021-12-18,46848.77734375,3960.860107421875,,,,,,,,0.013995731563123393,0.020975336205050432,,,,,,,
2021-12-19,46707.015625,3922.592529296875,,,,,,,,-0.0030259427628138713,-0.009661431377819718,,,,,,,
2021-12-20,46880.27734375,3933.844482421875,1793.699951171875,167.08999633789062,370.337646484375,428.0993347167969,4568.02001953125,14980.9404296875,22.8700008392334,0.003709543768351198,0.0028684990961875823,,,,,,,
2021-12-21,48936.61328125,4020.260009765625,1787.9000244140625,167.02000427246094,378.6258850097656,435.70196533203125,4649.22998046875,15341.08984375,21.010000228881836,0.04386356169401262,0.021967194618366825,-0.0032334988658628827,-0.0004188884251822289,0.022380221411652634,0.017759033940717872,0.017777934551572505,0.02404050772065003,-0.08132927599900819
2021-12-22,48628.51171875,3982.099609375,1801.5999755859375,168.58999633789062,383.237060546875,440.0584411621094,4696.56005859375,15521.8896484375,18.6299991607666,-0.006295931447672265,-0.009492022978098258,0.007662593536998719,0.009400024100517657,0.012178711809390563,0.009998751845790244,0.010180197220578835,0.011785329890441787,-0.11327944037066295
2021-12-23,50784.5390625,4108.015625,1811.199951171875,168.97000122070312,386.126220703125,442.796630859375,4725.7900390625,15653.3701171875,17.959999084472656,0.04433669194360079,0.03162050877094025,0.005328583323728875,0.0022540179789249937,0.007538832888779545,0.006222331947626225,0.006223699921661829,0.008470648337796538,-0.035963505446898525
2021-12-24,50822.1953125,4047.98291015625,,,,,,,,0.0007414904357732066,-0.01461355562486455,,,,,,,
2021-12-25,50429.859375,4093.281005859375,,,,,,,,-0.007719775485643066,0.011190288276532456,,,,,,,
2021-12-26,50809.515625,4067.328125,,,,,,,,0.0075284019171428795,-0.0063403613927860425,,,,,,,
2021-12-27,50640.41796875,4037.547607421875,1808.0999755859375,169.3699951171875,392.5079040527344,449.0630798339844,4791.18994140625,15871.259765625,17.68000030517578,-0.003328070621613999,-0.007321887161027885,,,,,,,
2021-12-28,47588.85546875,3800.89306640625,1810.199951171875,168.63999938964844,390.688720703125,448.6961364746094,4786.35009765625,15781.7197265625,17.540000915527344,-0.06025942562091624,-0.058613436676413055,0.0011614266989063982,-0.004310065233419702,-0.004634768703574821,-0.0008171309908413527,-0.0010101548486260992,-0.005641646623189445,-0.007918517377369816
2021-12-29,46444.7109375,3628.53173828125,1805.0999755859375,168.58999633789062,390.6304016113281,449.2701110839844,4793.06005859375,15766.2197265625,16.950000762939453,-0.02404227880624954,-0.045347586768066606,-0.0028173548356554834,-0.0002965076609273698,-0.00014927252491936382,0.001279205597544797,0.0014018951394270118,-0.000982148984303155,-0.03363740717171748
2021-12-30,47178.125,3713.85205078125,1812.699951171875,169.8000030517578,389.46295166015625,448.0279846191406,4778.72998046875,15741.5595703125,17.329999923706055,0.01579112126431248,0.02351372914831229,0.004210279590453503,0.0071772153754725565,-0.002988630547843152,-0.002764765414389081,-0.0029897555945093135,-0.001564113444927684,0.02241882853465449
2021-12-31,46306.4453125,3682.6328125,1827.5,170.9600067138672,387.0309753417969,446.89892578125,4766.18017578125,15644.9697265625,17.219999313354492,-0.018476352917798256,-0.008406161003285728,0.008164643474810607,0.00683158799329231,-0.006244435595202713,-0.0025200632028609116,-0.0026261799136575448,-0.00613597676383737,-0.006347409742402221
2022-01-01,47686.8125,3769.697021484375,,,,,,,,0.029809396471367267,0.023641838167751006,,,,,,,
2022-01-02,47345.21875,3829.56494140625,,,,,,,,-0.007163274962024402,0.01588136117589123,,,,,,,
2022-01-03,46458.1171875,3761.38037109375,1799.4000244140625,168.3300018310547,390.7568359375,449.4864501953125,4796.56005859375,15832.7998046875,16.600000381469727,-0.0187368774698079,-0.017804782359288618,,,,,,,
2022-01-04,45897.57421875,3794.056640625,1814.0,169.57000732421875,385.6884460449219,449.33599853515625,4793.5400390625,15622.7197265625,16.90999984741211,-0.012065555013512697,0.008687307931515731,0.008113802038371976,0.007366515057776857,-0.012970700513576627,-0.0003347190111979703,-0.000629621957060511,-0.013268662568625578,0.018674666193889244
2022-01-05,43569.00390625,3550.386962890625,1824.5999755859375,169.05999755859375,373.8397216796875,440.7077331542969,4700.580078125,15100.169921875,19.729999542236328,-0.050734060615097554,-0.06422404850925867,0.0058434264531077584,-0.00300766493835114,-0.030720973072276947,-0.019202257128268507,-0.019392757790687165,-0.033448068827544475,0.16676521113368237
2022-01-06,43160.9296875,3418.408203125,1788.699951171875,166.99000549316406,373.5769958496094,440.29364013671875,4696.0498046875,15080.8603515625,19.610000610351562,-0.009366159015892994,-0.0371730634280415,-0.01967555896877282,-0.012244126909514819,-0.0007027766575945504,-0.0009396091478003354,-0.0009637690162076495,-0.0012787651008169254,-0.0060820544687738565
2022-01-07,41557.90234375,3193.21044921875,1797.0,167.75,369.5301513671875,438.5529479980469,4677.02978515625,14935.900390625,18.760000228881836,-0.03714070469186992,-0.06587795854818668,0.004640268940963033,0.004551137683908024,-0.010832691861066834,-0.003953480086905992,-0.004050216740091761,-0.009612181106264384,-0.04334525012819401
2022-01-08,41733.94140625,3091.97265625,,,,,,,,0.004235994902819673,-0.031704077942472875,,,,,,,
2022-01-09,41911.6015625,3157.75146484375,,,,,,,,0.004256970472081845,0.021274058960640163,,,,,,,
2022-01-10,41821.26171875,3083.097900390625,1798.4000244140625,168.25999450683594,369.7734375,438.0072326660156,4670.2900390625,14942.830078125,19.399999618530273,-0.0021554853640055605,-0.02364136800640171,,,,,,,
2022-01-11,42735.85546875,3238.111572265625,1818.5999755859375,170.2899932861328,375.32806396484375,441.99676513671875,4713.06982421875,15153.4501953125,18.40999984741211,0.021869109453241498,0.05027854349203764,0.011232179102341977,0.0120646549718888,0.015021702214193633,0.009108371216657973,0.009159984668711818,0.014095062052256635,-0.05103091704045948
2022-01-12,43949.1015625,3372.25830078125,1827.199951171875,170.74000549316406,376.8165588378906,443.191650390625,4726.35009765625,15188.3896484375,17.6200008392334,0.028389418684672707,0.04142745718356022,0.004728898988996644,0.002642622730480104,0.003965850188027309,0.002703380088170171,0.002817754443029452,0.0023057094374328013,-0.04291140764402346
2022-01-13,42591.5703125,3248.28857421875,1821.199951171875,170.16000366210938,367.38995361328125,437.085205078125,4659.02978515625,14806.8095703125,20.309999465942383,-0.030888714484173407,-0.03676163434271329,-0.003283712872338862,-0.0033969884760131075,-0.025016430418241753,-0.013778340154012025,-0.0142436152864307,-0.025123142542254673,0.15266733817170586
2022-01-14,43099.69921875,3310.00146484375,1816.5,169.6699981689453,369.6760559082031,437.2639465332031,4662.85009765625,14893.75,19.190000534057617,0.011930269358978673,0.018998586244709736,-0.0025806892696492723,-0.0028796749096049457,0.006222549834142388,0.0004089396140649626,0.0008199802697488323,0.005871651774452147,-0.05514519750543956
2022-01-15,43177.3984375,3330.53076171875,,,,,,,,0.001802778677309158,0.006202201749167191,,,,,,,
2022-01-16,43113.87890625,3350.921875,,,,,,,,-0.0014711291913973579,0.006122481592311324,,,,,,,
2022-01-17,42250.55078125,3212.304931640625,,,,,,,,-0.020024366790964976,-0.04136680845756069,,,,,,,
2022-01-18,42375.6328125,3164.025146484375,1812.300048828125,169.38999938964844,360.4732971191406,429.52020263671875,4577.10986328125,14506.900390625,22.790000915527344,0.0029604828561313745,-0.015029639521672689,,,,,,,
2022-01-19,41744.328125,3095.825927734375,1843.0999755859375,172.0800018310547,356.5140380859375,425.0602111816406,4532.759765625,14340.259765625,23.850000381469727,-0.014897823244158781,-0.021554575451392277,0.01699493788444606,0.015880526897095182,-0.010983501593169409,-0.010383659319630034,-0.009689541868338813,-0.011486990364095284,0.04651160260463971
2022-01-20,40680.41796875,3001.1201171875,1842.5,171.64999389648438,351.8835144042969,420.35565185546875,4482.72998046875,14154.01953125,25.59000015258789,-0.02548634039729203,-0.030591452089873683,-0.0003255252530437458,-0.0024988838330701757,-0.012988334783396227,-0.0110679833172187,-0.01103737849414832,-0.012987228782384785,0.07295596407914773
2022-01-21,36457.31640625,2557.931640625,1831.800048828125,171.08999633789062,342.1262512207031,412.10369873046875,4397.93994140625,13768.919921875,28.850000381469727,-0.10381165615712484,-0.14767435465989753,-0.005807300500339174,-0.0032624385581478954,-0.027728673791700076,-0.01963088420145065,-0.018914821867908604,-0.02720779129382689,0.12739352127562054
2022-01-22,35030.25,2405.18115234375,,,,,,,,-0.039143484680769114,-0.05971640752836038,,,,,,,
2022-01-23,36276.8046875,2535.0390625,,,,,,,,0.03558509252717301,0.053990906269038685,,,,,,,
2022-01-24,36654.328125,2440.352294921875,1841.699951171875,172.02999877929688,343.6924133300781,413.85382080078125,4410.1298828125,13855.1298828125,29.899999618530273,0.010406744495611076,-0.03735120652726631,,,,,,,
2022-01-25,36954.00390625,2455.93505859375,1852.699951171875,172.5800018310547,335.7251892089844,408.8011169433594,4356.4501953125,13539.2900390625,31.15999984741211,0.008175727030871549,0.006385456601614825,0.005972742733147518,0.0031971345443269072,-0.023181262699104477,-0.01220890953149889,-0.012171906253646725,-0.02279587751406098,0.04214047641997154
2022-01-26,36852.12109375,2468.0302734375,1829.9000244140625,169.7899932861328,335.1998291015625,407.7754821777344,4349.93017578125,13542.1201171875,31.959999084472656,-0.002757016878562668,0.0049248919678990255,-0.012306324477091457,-0.016166464916677392,-0.001564851623614194,-0.0025088844504480567,-0.0014966358477518371,0.00020902706987113717,0.025673916591080648
2022-01-27,37138.234375,2423.001220703125,1793.300048828125,167.60000610351562,331.8241882324219,405.761962890625,4326.509765625,13352.7802734375,30.489999771118164,0.007763821260712289,-0.018244935331225953,-0.020001079347303108,-0.012898211138547944,-0.010070532786930042,-0.0049378135153103075,-0.00538408875771057,-0.013981551050466057,-0.04599497357522364
2022-01-28,37784.33203125,2547.092041015625,1784.9000244140625,167.10000610351562,342.2331848144531,415.8392028808594,4431.85009765625,13770.5703125,27.65999984741211,0.017397102127314046,0.05121368460412512,-0.004684115421483281,-0.0029832934474428585,0.031369010913515405,0.024835349076203883,0.024347646888076113,0.03128861783890824,-0.09281731534766324
2022-01-29,38138.1796875,2597.084716796875,,,,,,,,0.00936493083845824,0.019627353458854913,,,,,,,
2022-01-30,37917.6015625,2603.466552734375,,,,,,,,-0.005783656346668664,0.0024573075711489256,,,,,,,
2022-01-31,38483.125,2688.27880859375,1795.0,168.08999633789062,353.1773376464844,423.32891845703125,4515.5498046875,14239.8798828125,24.829999923706055,0.01491453610450133,0.03257666428258821,,,,,,,
2022-02-01,38743.2734375,2792.1171875,1800.300048828125,168.22999572753906,355.58001708984375,426.1893005371094,4546.5400390625,14346.0,21.959999084472656,0.00676006528835682,0.03862634283851252,0.0029526734418523493,0.0008328835308379912,0.006803039683606071,0.006756878529593058,0.00686300355780145,0.007452318282233916,-0.11558601885025821
2022-02-02,36952.984375,2682.85400390625,1809.199951171875,168.83999633789062,358.4693908691406,430.3293151855469,4589.3798828125,14417.5498046875,22.09000015258789,-0.046209029430310355,-0.039132735575322264,0.004943566129181232,0.0036259919505645666,0.00812580471462998,0.009714027647385715,0.00942251544733641,0.004987439334134924,0.0059199031664420865
2022-02-03,37154.6015625,2679.16259765625,1803.0,168.60000610351562,343.93560791015625,420.2145080566406,4477.43994140625,13878.8203125,24.350000381469727,0.005456046132945147,-0.0013759251322007504,-0.0034269021330998184,-0.0014214062993387344,-0.040543999931893615,-0.023504806137934153,-0.024391082077444004,-0.03736623070394007,0.10230874663969036
2022-02-04,41500.875,2983.5869140625,1806.5999755859375,168.86000061035156,348.2744140625,422.19036865234375,4500.52978515625,14098.009765625,23.219999313354492,0.116978066100073,0.11362666703116964,0.001996658672178242,0.0015420788696549614,0.012615169969482087,0.004702028506442746,0.0051569298644233985,0.01579308962791215,-0.04640661397998014
2022-02-05,41441.1640625,3014.648193359375,,,,,,,,-0.001438787435204647,0.010410717097086852,,,,,,,
2022-02-06,42412.43359375,3057.47607421875,,,,,,,,0.023437312952531153,0.014206593311191451,,,,,,,
2022-02-07,43840.28515625,3142.470703125,1820.5999755859375,170.11000061035156,345.4726867675781,420.83544921875,4483.8701171875,14015.669921875,22.860000610351562,0.033665872045371525,0.027798951436755814,,,,,,,
2022-02-08,44118.4453125,3122.608642578125,1826.5999755859375,170.6300048828125,349.3541564941406,424.29803466796875,4521.5400390625,14194.4501953125,21.440000534057617,0.0063448528050995545,-0.00632052369720526,0.003295616873810525,0.003056870675416823,0.011235243407748285,0.008227884451385448,0.008401207191663262,0.012755742282319904,-0.062117237024522876
2022-02-09,44338.796875,3239.45703125,1835.199951171875,171.2100067138672,356.7572021484375,430.508056640625,4587.18017578125,14490.3701171875,19.959999084472656,0.004994545046617338,0.037420119536786256,0.004708187726313096,0.0033991784238243117,0.02119066144392945,0.014635990424786804,0.014517207887505545,0.020847579004696026,-0.06902991663801339
2022-02-10,43565.11328125,3077.482177734375,1836.199951171875,170.55999755859375,348.6828918457031,422.7738342285156,4504.080078125,14185.6396484375,23.90999984741211,-0.01744935921313273,-0.05000061799033162,0.0005448997529460264,-0.0037965605384254753,-0.022632508199161405,-0.01796533721682625,-0.01811572566845976,-0.021029860954935087,0.19789583888369267
2022-02-11,42407.9375,2927.383544921875,1840.800048828125,173.80999755859375,337.62213134765625,414.437255859375,4418.64013671875,13791.150390625,27.360000610351562,-0.026561982607033352,-0.04877319319619966,0.0025052269788561343,0.019054878321533186,-0.03172154630099089,-0.01971876614444068,-0.01896945434456343,-0.027809056735481952,0.14429112442310887
2022-02-12,42244.46875,2917.36279296875,,,,,,,,-0.0038546734323026133,-0.0034231086563658586,,,,,,,
2022-02-13,42197.515625,2883.46337890625,,,,,,,,-0.001111462077505676,-0.011619882910758439,,,,,,,
2022-02-14,42586.91796875,2933.47900390625,1868.0,174.74000549316406,338.0404357910156,413.082275390625,4401.669921875,13790.919921875,28.329999923706055,0.009228086961576842,0.01734567720397817,,,,,,,
2022-02-15,44575.203125,3179.877197265625,1854.800048828125,173.0800018310547,346.445556640625,419.7439880371094,4471.06982421875,14139.759765625,25.700000762939453,0.04668769779745485,0.08399521286202116,-0.007066355017063652,-0.009499848975192515,0.024864246876091567,0.016126842141035436,0.01576672117072042,0.025294892996708285,-0.09283442173841527
2022-02-16,43961.859375,3127.830078125,1870.199951171875,174.86000061035156,346.35791015625,420.2145080566406,4475.009765625,14124.08984375,24.290000915527344,-0.013759752216496501,-0.01636765067071777,0.008302729101975048,0.010284254451501385,-0.0002529877572248207,0.001120969050043108,0.0008812077558950637,-0.0011082169806798658,-0.05486380566359328
2022-02-17,40538.01171875,2881.48193359375,1900.699951171875,177.25,336.05596923828125,411.2380676269531,4380.259765625,13716.7197265625,28.110000610351562,-0.07788223029977337,-0.07876007915331673,0.016308416637958123,0.013668073780773726,-0.029743628240860187,-0.021361567146267024,-0.021173138152195015,-0.02884222075150311,0.15726634626770597
2022-02-18,40030.9765625,2785.7275390625,1898.5999755859375,177.1199951171875,332.2230224609375,408.5752868652344,4348.8701171875,13548.0703125,27.75,-0.012507647384577658,-0.03323095432766643,-0.001104843289253865,-0.0007334549100845855,-0.011405679792064638,-0.00647503470941857,-0.0071661613961429005,-0.012295170961021396,-0.012806851744392778
2022-02-19,40122.15625,2763.701171875,,,,,,,,0.0022777282826873524,-0.00790686342387692,,,,,,,
2022-02-20,38431.37890625,2628.6484375,,,,,,,,-0.04214073972532317,-0.048866619788482835,,,,,,,
2022-02-21,37075.28125,2573.816162109375,,,,,,,,-0.03528620868790788,-0.02085949365019457,,,,,,,
2022-02-22,38286.02734375,2639.29931640625,1906.0999755859375,177.49000549316406,328.88629150390625,404.1906433105469,4304.759765625,13381.51953125,28.809999465942383,0.03265642371222732,0.02544204798341476,,,,,,,
2022-02-23,37296.5703125,2590.359619140625,1909.199951171875,178.2899932861328,320.4617919921875,397.0208435058594,4225.5,13037.490234375,31.020000457763672,-0.025843815613622922,-0.01854268553832039,0.0016263446963136197,0.0045072272703239324,-0.025615234594290492,-0.01773865853490031,-0.018412122845487655,-0.025709284814148692,0.07670951172469942
2022-02-24,38332.609375,2598.067138671875,1925.0999755859375,177.13999938964844,331.23077392578125,402.9956359863281,4288.7001953125,13473.58984375,30.31999969482422,0.027778400368163814,0.002975463126547284,0.008328108537978496,-0.006450131470019049,0.033604573782874736,0.015049065000489303,0.014956856067329216,0.03344965952305512,-0.02256611065794678
2022-02-25,39214.21875,2764.53564453125,1886.5,176.5500030517578,336.3671875,411.88739013671875,4384.64990234375,13694.6201171875,27.59000015258789,0.022998939789759643,0.0640739815309288,-0.020050894018732168,-0.003330678220184624,0.015507054230926132,0.022064145008985347,0.022372677655603468,0.01640470550170625,-0.09003956364492816
2022-02-26,39105.1484375,2781.11181640625,,,,,,,,-0.002781397053842838,0.005996005841990337,,,,,,,
2022-02-27,37709.78515625,2621.8017578125,,,,,,,,-0.03568234201898368,-0.05728286710874153,,,,,,,
2022-02-28,43193.234375,2919.201171875,1899.4000244140625,178.3800048828125,337.36920166015625,410.83349609375,4373.93994140625,13751.400390625,30.149999618530273,0.1454118392886461,0.1134332194172587,,,,,,,
2022-03-01,44354.63671875,2972.485107421875,1942.4000244140625,181.6199951171875,332.2035217285156,404.5763854980469,4306.259765625,13532.4599609375,33.31999969482422,0.026888524570001016,0.018252916606172453,0.022638727728386154,0.018163415997793697,-0.015311652356590044,-0.01523028344863897,-0.015473503680411893,-0.015921318808865603,0.10514096571814391
2022-03-02,43924.1171875,2950.118408203125,1920.9000244140625,179.72999572753906,337.77777099609375,412.01910400390625,4386.5400390625,13752.01953125,30.739999771118164,-0.009706302725009275,-0.0075245790678323266,-0.011068780750497331,-0.010406339832951472,0.01677962123512211,0.01839632458206175,0.018642691757321028,0.01622466062683925,-0.07743097080840666
2022-03-03,42451.7890625,2834.468994140625,1934.4000244140625,180.8000030517578,332.9526062011719,409.9679260253906,4363.490234375,13537.9404296875,30.479999542236328,-0.03351981142193561,-0.03920161771843611,0.007027955556467846,0.005953415398956663,-0.014285027640192682,-0.004978356485373481,-0.005254666430088317,-0.015567102786323672,-0.008458042642086161
2022-03-04,39137.60546875,2617.156005859375,1965.0999755859375,183.67999267578125,328.1275329589844,406.6370849609375,4328.8701171875,13313.4404296875,31.979999542236328,-0.07806935036049167,-0.07666797157791327,0.015870528734703848,0.015929145881701023,-0.01449177195889606,-0.00812463818022402,-0.007934042550334475,-0.016583024660655976,0.04921259916429599
2022-03-05,39400.5859375,2664.8310546875,,,,,,,,0.00671938064683042,0.018216357267732075,,,,,,,
2022-03-06,38419.984375,2555.037353515625,,,,,,,,-0.024887994408395286,-0.04120099883208184,,,,,,,
2022-03-07,38062.0390625,2497.771240234375,1993.9000244140625,186.41000366210938,316.02581787109375,394.64971923828125,4201.08984375,12830.9599609375,36.45000076293945,-0.009316643885282638,-0.02241302390450539,,,,,,,
2022-03-08,38737.26953125,2576.74755859375,2040.0999755859375,191.50999450683594,314.5568542480469,391.6575927734375,4170.7001953125,12795.5498046875,35.130001068115234,0.017740259990833174,0.031618715552175436,0.02317064577269945,0.027358997610294145,-0.0046482392892535085,-0.007581727083498024,-0.00723375351819977,-0.0027597433362587243,-0.036213982639098585
2022-03-09,41982.92578125,2729.783447265625,1985.9000244140625,185.82000732421875,325.8803405761719,402.1582336425781,4277.8798828125,13255.5498046875,32.45000076293945,0.08378639716414904,0.0593911064983772,-0.026567301514872188,-0.029711176156992036,0.03599821836721362,0.026810768035371524,0.02569824789143582,0.03594999879032046,-0.07628807923971881
2022-03-10,39437.4609375,2608.048583984375,1998.0999755859375,186.39999389648438,322.2615051269531,400.3422546386719,4259.52001953125,13129.9599609375,30.229999542236328,-0.060630954045771346,-0.04459506244101141,0.0061432856749545905,0.0031212277978962533,-0.011104798291362017,-0.004515583300279347,-0.004291813651667864,-0.009474510344760545,-0.0684129789987108
2022-03-11,38794.97265625,2559.56298828125,1982.699951171875,185.08999633789062,315.5782775878906,395.2519226074219,4204.31005859375,12843.8095703125,30.75,-0.016291319622939393,-0.018590756322895086,-0.007707334268670207,-0.007027884128157469,-0.020738522698917072,-0.012714950700980276,-0.012961545123475138,-0.021793698646173865,0.01720147091094537
2022-03-12,38904.01171875,2574.754150390625,,,,,,,,0.002810649293818468,0.005935060859578956,,,,,,,
2022-03-13,37849.6640625,2518.944580078125,,,,,,,,-0.027101257933814904,-0.021675689037740864,,,,,,,
2022-03-14,39666.75390625,2590.696044921875,1959.5999755859375,182.3000030517578,309.51776123046875,392.3632507324219,4173.10986328125,12581.2197265625,31.770000457763672,0.0480080837903738,0.02848473341224711,,,,,,,
2022-03-15,39338.78515625,2620.149658203125,1928.5,178.88999938964844,319.226318359375,400.9914855957031,4262.4501953125,12948.6201171875,29.829999923706055,-0.008268101563720931,0.011368996119395458,-0.01587057357287336,-0.01870545038411886,0.031366720573031026,0.021990425574196726,0.021408574170870942,0.02920228710808659,-0.06106391268822087
2022-03-16,41143.9296875,2772.0556640625,1908.0,180.00999450683594,331.0654296875,409.8831787109375,4357.85986328125,13436.5498046875,26.670000076293945,0.04588714481344902,0.057976079871540964,-0.010630023334197602,0.006260803404375848,0.03708688991863407,0.022174269117023915,0.02238376135718223,0.03768198333754036,-0.10593361902427767
2022-03-17,40951.37890625,2814.8544921875,1942.0999755859375,180.88999938964844,335.0733337402344,415.0111389160156,4411.669921875,13614.7802734375,25.670000076293945,-0.00467993171076464,0.015439382650158429,0.01787210460478894,0.004888644573449508,0.012106078416334487,0.012510784709939271,0.01234781757145198,0.013264600759922862,-0.03749531297860276
2022-03-18,41801.15625,2945.343017578125,1928.199951171875,179.3000030517578,341.9316711425781,419.5567321777344,4463.1201171875,13893.83984375,23.8700008392334,0.020750884742987363,0.04635711215367966,-0.007157213628957937,-0.008789852082788041,0.02046816834329368,0.010952942789900888,0.011662294827948783,0.02049681043012841,-0.07012073360774285
2022-03-19,42190.65234375,2946.257080078125,,,,,,,,0.009317830622209256,0.00031034161201071164,,,,,,,
2022-03-20,41247.82421875,2860.459228515625,,,,,,,,-0.022346848712323064,-0.029120965764543816,,,,,,,
2022-03-21,41077.99609375,2897.9765625,1928.5999755859375,180.6699981689453,340.9809875488281,419.4339904785156,4461.18017578125,13838.4599609375,23.530000686645508,-0.004117262624553253,0.013115842942408973,,,,,,,
2022-03-22,42358.80859375,2973.131103515625,1920.699951171875,179.36000061035156,347.68218994140625,424.3419494628906,4511.60986328125,14108.8203125,22.940000534057617,0.031180014163224357,0.025933453702879916,-0.00409624832213451,-0.007250775291250955,0.01965271565652471,0.011701385905266593,0.0113041136006502,0.019536881439528697,-0.025074378893781613
2022-03-23,42892.95703125,3031.067138671875,1936.5999755859375,181.80999755859375,342.685546875,418.87713623046875,4456.240234375,13922.599609375,23.56999969482422,0.012610091153007819,0.019486538985025836,0.00827824481609496,0.013659661796972422,-0.014371294276673496,-0.0128783242838445,-0.012272698789159042,-0.013198885448984954,0.02746290959458708
2022-03-24,43960.93359375,3108.06201171875,1961.5999755859375,183.1300048828125,350.30224609375,425.1914978027344,4520.16015625,14191.83984375,21.670000076293945,0.024898646221148013,0.02540190286930155,0.012909222511187979,0.007260367097212672,0.02222649682254718,0.0150744956602058,0.01434391292056647,0.0193383593530696,-0.08061093097712246
2022-03-25,44348.73046875,3106.67138671875,1953.800048828125,182.3800048828125,350.0101013183594,427.2679138183594,4543.06005859375,14169.2998046875,20.809999465942383,0.008821397620525806,-0.0004474251140281771,-0.003976308551636554,-0.004095451209537915,-0.0008339791669861318,0.004883484327309784,0.005066170567449069,-0.0015882393904287362,-0.03968623014876527
2022-03-26,44500.828125,3143.178955078125,,,,,,,,0.003429583093865096,0.011751345351635134,,,,,,,
2022-03-27,46820.4921875,3291.57763671875,,,,,,,,0.052126312256127294,0.047212927981994834,,,,,,,
2022-03-28,47128.00390625,3336.634521484375,1939.5999755859375,179.05999755859375,355.42559814453125,430.30706787109375,4575.52001953125,14354.900390625,19.6299991607666,0.0065678873583499,0.013688537758611341,,,,,,,
2022-03-29,47465.73046875,3401.98779296875,1912.0,179.13999938964844,361.5423278808594,435.6303405761719,4631.60009765625,14619.6396484375,18.899999618530273,0.0071661546110000085,0.0195865837458582,-0.014229725682276206,0.00044678784846130526,0.017209592579318977,0.01237086978704438,0.012256547427530462,0.018442430849983316,-0.03718795585561396
2022-03-30,47062.6640625,3385.157958984375,1933.5,180.5800018310547,357.5489196777344,432.94049072265625,4602.4501953125,14442.26953125,19.329999923706055,-0.008491735032190584,-0.004947058898670642,0.01124476987447709,0.008038419372069505,-0.011045479035696637,-0.0061746155007430525,-0.0062937001746978805,-0.012132317995023678,0.02275133935739304
2022-03-31,45538.67578125,3281.642822265625,1949.199951171875,180.64999389648438,353.1172180175781,426.27691650390625,4530.41015625,14220.51953125,20.559999465942383,-0.03238210822970233,-0.030579115649246424,0.008119964402314439,0.000387595883929448,-0.01239467221478563,-0.015391432221151913,-0.015652540713177343,-0.015354234978109282,0.06363163720077791
2022-04-01,46281.64453125,3449.55224609375,1919.0999755859375,179.5,352.4451599121094,427.4850158691406,4545.85986328125,14261.5,19.6299991607666,0.016315115388267687,0.051166270347545506,-0.015442220572518095,-0.006365867342034592,-0.0019032153380730277,0.0028340717464661047,0.0034102225843584133,0.0028817842175135056,-0.04523347905316466
2022-04-02,45868.94921875,3445.059326171875,,,,,,,,-0.008917040798352427,-0.0013024646682661123,,,,,,,
2022-04-03,46453.56640625,3522.83349609375,,,,,,,,0.012745379989237415,0.022575567663241758,,,,,,,
2022-04-04,46622.67578125,3521.2412109375,1929.199951171875,180.3699951171875,359.70147705078125,431.1470642089844,4582.64013671875,14532.5498046875,18.56999969482422,0.003640395949819908,-0.0004519898990444915,,,,,,,
2022-04-05,45555.9921875,3411.79248046875,1922.9000244140625,179.24000549316406,351.714599609375,425.70111083984375,4525.1201171875,14204.169921875,21.030000686645508,-0.02287907280900814,-0.031082429152761826,-0.003265564439800861,-0.006264842571455875,-0.02220418305449079,-0.01263131265692874,-0.012551720801807331,-0.02259616428127298,0.13247178418139316
2022-04-06,43206.73828125,3171.69189453125,1918.4000244140625,179.66000366210938,344.0783386230469,421.4443664550781,4481.14990234375,13888.8203125,22.100000381469727,-0.05156849392240015,-0.07037373677091652,-0.0023402152700950918,0.002343216670796844,-0.021711526888020027,-0.009999373448586257,-0.009716916613271898,-0.022201199444210284,0.05087967950013872
2022-04-07,43503.84765625,3233.274658203125,1933.800048828125,180.33999633789062,344.8965759277344,423.5680236816406,4500.2099609375,13897.2998046875,21.549999237060547,0.006876459247305178,0.019416376407197067,0.008027535559882004,0.003784886240234764,0.0023780552648620112,0.005038997779055254,0.004253385628492534,0.000610526451974458,-0.02488692918169999
2022-04-08,42287.6640625,3192.073974609375,1941.5999755859375,181.47000122070312,340.0751953125,422.4354553222656,4488.27978515625,13711.0,21.15999984741211,-0.02795577079433975,-0.012742710703286475,0.004033471176370762,0.006265969312183373,-0.013979206961580837,-0.002673875968092987,-0.002651026482054286,-0.013405467774730062,-0.018097420113952323
2022-04-09,42782.13671875,3261.916259765625,,,,,,,,0.011693070951357853,0.02187990808226714,,,,,,,
2022-04-10,42207.671875,3211.866943359375,,,,,,,,-0.013427680050824398,-0.015343531967263346,,,,,,,
2022-04-11,39521.90234375,2981.05224609375,1944.300048828125,182.3699951171875,332.0299377441406,415.2150573730469,4412.52978515625,13411.9599609375,24.3700008392334,-0.06363225953812457,-0.07186309437345806,,,,,,,
2022-04-12,40127.18359375,3030.37646484375,1972.0999755859375,183.77000427246094,330.6273498535156,413.67657470703125,4397.4501953125,13371.5703125,24.260000228881836,0.015315083892861292,0.016545908853034197,0.014298166980229343,0.007676751619003053,-0.004224281401112195,-0.003705267038602078,-0.003417447717741773,-0.0030114650323394,-0.0045137712992801005
2022-04-13,41166.73046875,3118.34423828125,1981.0,184.64999389648438,337.3479919433594,418.4146728515625,4446.58984375,13643.58984375,21.81999969482422,0.025906300465151855,0.0290286617712483,0.00451296816806579,0.004788537865617837,0.020326939355807427,0.011453629318717962,0.011174577597236057,0.020343125369180592,-0.10057710268084685
2022-04-14,39935.515625,3019.909423828125,1970.9000244140625,184.0399932861328,329.6337890625,413.20465087890625,4392.58984375,13351.080078125,22.700000762939453,-0.029908006531745968,-0.03156637206525337,-0.005098422809660552,-0.003303550666205468,-0.022867196678480806,-0.012451814696528452,-0.01214413784439794,-0.0214393549626527,0.04033002201755176
2022-04-15,40553.46484375,3040.91650390625,,,,,,,,0.015473675726454417,0.0069561954118133595,,,,,,,
2022-04-16,40424.484375,3062.310302734375,,,,,,,,-0.0031805042860567623,0.007035312808044258,,,,,,,
2022-04-17,39716.953125,2993.4033203125,,,,,,,,-0.017502542356175654,-0.022501632953508044,,,,,,,
2022-04-18,40826.21484375,3057.606689453125,1982.9000244140625,184.61000061035156,329.8870849609375,413.37451171875,4391.68994140625,13332.3603515625,22.170000076293945,0.027929174608607443,0.021448285536718847,,,,,,,
2022-04-19,41502.75,3104.1064453125,1955.699951171875,181.82000732421875,337.2603759765625,420.0475769042969,4462.2099609375,13619.66015625,21.3700008392334,0.016571096753378534,0.015207893160284813,-0.01371731953567601,-0.015112904376299419,0.02235095386197994,0.016142904306802208,0.016057604355527166,0.021549057864598486,-0.03608476474097866
2022-04-20,41374.37890625,3077.745849609375,1952.300048828125,182.7100067138672,332.341552734375,419.7360534667969,4459.4501953125,13453.0703125,20.31999969482422,-0.003093074404708074,-0.00849216873439762,-0.001738458060354664,0.004894947496407287,-0.014584646144524593,-0.0007416384586619307,-0.0006184750715809706,-0.012231571260869711,-0.04913435204370564
2022-04-21,40527.36328125,2987.480712890625,1944.9000244140625,182.05999755859375,325.4650573730469,413.4595031738281,4393.66015625,13174.650390625,22.68000030517578,-0.020471984048854197,-0.029328327006015287,-0.0037904134758919295,-0.0035576001936850066,-0.020691049026975494,-0.01495356484421051,-0.014752948498371943,-0.020695641619913663,0.1161417640647251
2022-04-22,39740.3203125,2964.835693359375,1931.0,180.2899932861328,316.9424743652344,402.1145324707031,4271.77978515625,12839.2900390625,28.209999084472656,-0.019420038833716236,-0.007579971791462747,-0.007146909475848284,-0.0097220932450649,-0.026185861783755038,-0.027439133980566188,-0.027740054250753654,-0.025454971602217213,0.2438271033900683
2022-04-23,39486.73046875,2938.114013671875,,,,,,,,-0.0063811726165236005,-0.00901287034129783,,,,,,,
2022-04-24,39469.29296875,2922.732666015625,,,,,,,,-0.0004416040475622163,-0.005235109183876596,,,,,,,
2022-04-25,40458.30859375,3009.3935546875,1893.199951171875,177.0500030517578,321.0138244628906,404.4458312988281,4296.1201171875,13004.849609375,27.020000457763672,0.025057850055308917,0.029650638144067543,,,,,,,
2022-04-26,38117.4609375,2808.29833984375,1901.4000244140625,177.32000732421875,308.8971862792969,392.7327880859375,4175.2001953125,12490.740234375,33.52000045776367,-0.057858267871623625,-0.06682250466394446,0.0043313297346705415,0.001525017044941901,-0.03774491084259968,-0.02896072182342846,-0.028146308431003852,-0.039532127663313155,0.2405625421864992
2022-04-27,39241.12109375,2888.9296875,1885.9000244140625,175.97999572753906,308.52703857421875,393.83697509765625,4183.9599609375,12488.9296875,31.600000381469727,0.029478882606909007,0.028711816872254436,-0.00815188797779498,-0.00755702425744631,-0.0011982877200553688,0.002811547813718951,0.0020980468517017847,-0.00014495112707713087,-0.05727923777069188
2022-04-28,39773.828125,2936.94091796875,1888.699951171875,176.92999267578125,319.48468017578125,403.7851867675781,4287.5,12871.5302734375,29.989999771118164,0.013575224570606004,0.01661903738138304,0.0014846634082219534,0.005398323510093839,0.0355159847649027,0.025259719881443488,0.02474690007293945,0.03063517815465322,-0.050949385788478296
2022-04-29,38609.82421875,2815.601806640625,1909.300048828125,176.91000366210938,305.1082763671875,388.8629455566406,4131.93017578125,12334.6396484375,33.400001525878906,-0.02926557389929385,-0.041314794787239206,0.010907025037761198,-0.00011297696546286318,-0.04499872670164906,-0.03695589065660021,-0.036284507106413955,-0.04171148368488564,0.11370462756871169
2022-04-30,37714.875,2730.186767578125,,,,,,,,-0.023179313474195662,-0.030336334797430475,,,,,,,
2022-05-01,38469.09375,2827.756103515625,,,,,,,,0.019997911964443782,0.03573723860073175,,,,,,,
2022-05-02,38529.328125,2857.410400390625,1861.800048828125,173.6300048828125,310.2023620605469,391.2037353515625,4155.3798828125,12536.01953125,32.34000015258789,0.001565786170879102,0.010486865128902734,,,,,,,
2022-05-03,37750.453125,2783.476318359375,1868.800048828125,174.08999633789062,310.533447265625,392.99700927734375,4175.47998046875,12563.759765625,29.25,-0.020215120218891713,-0.02587450581867512,0.00375980224321415,0.00264926246698316,0.0010673200644859548,0.004583989782637632,0.004837126381486367,0.002212842306591023,-0.09554731410044925
2022-05-04,39698.37109375,2940.644775390625,1867.0,175.8000030517578,321.0332946777344,404.9649658203125,4300.169921875,12964.8603515625,25.420000076293945,0.051599856624237495,0.05646480841047263,-0.0009632110344034439,0.009822544372671826,0.033812291411971396,0.030453047378085296,0.02986242108440229,0.0319252033961146,-0.13094016833183098
2022-05-05,36575.140625,2749.213134765625,1874.0,175.1300048828125,304.86474609375,390.57135009765625,4146.8701171875,12317.6904296875,31.200000762939453,-0.07867402068901796,-0.0650985260875554,0.003749330476700674,-0.003811138551277793,-0.0503640863799345,-0.0355428665131563,-0.035649708609806985,-0.04991723044645091,0.2273800420652159
2022-05-06,36040.921875,2694.979736328125,1881.199951171875,175.4199981689453,301.2123107910156,388.2400817871094,4123.33984375,12144.66015625,30.190000534057617,-0.014606061408683924,-0.01972688030319758,0.003842023037286646,0.0016558743678838361,-0.01198051053633864,-0.005968866661530514,-0.0056742248424840325,-0.014047298430269972,-0.032371801416157364
2022-05-07,35501.953125,2636.093017578125,,,,,,,,-0.014954355270636377,-0.02185052375578611,,,,,,,
2022-05-08,34059.265625,2517.4599609375,,,,,,,,-0.040636848764922684,-0.04500336515045189,,,,,,,
2022-05-09,30296.953125,2245.430419921875,1857.0999755859375,172.8800048828125,289.4267272949219,375.8096923828125,3991.239990234375,11623.25,34.75,-0.11046369999353145,-0.10805714698013369,,,,,,,
2022-05-10,31022.90625,2343.510986328125,1839.9000244140625,171.4199981689453,292.9429016113281,376.6780090332031,4001.050048828125,11737.669921875,32.9900016784668,0.02396125848050934,0.04368007377831029,-0.009261726023365169,-0.008445202872691127,0.01214875470993837,0.0023105222350310317,0.0024578974498534745,0.0098440558256081,-0.0506474337131857
2022-05-11,28936.35546875,2072.108642578125,1852.5999755859375,172.82000732421875,284.2547607421875,370.6940002441406,3935.179931640625,11364.240234375,32.560001373291016,-0.06725839173272163,-0.11581014355526464,0.006902522421520896,0.008167128516088473,-0.02965813754609392,-0.015886270622543885,-0.01646320750393837,-0.03181463527135442,-0.01303426139127628
2022-05-12,29047.751953125,1961.7015380859375,1823.800048828125,170.1699981689453,283.5826721191406,370.3070373535156,3930.080078125,11370.9599609375,31.770000457763672,0.003849706798608521,-0.053282488294059016,-0.015545680199366085,-0.015333925720196762,-0.0023643882737163224,-0.0010438876549664355,-0.0012959645058717717,0.0005913045152083907,-0.02426292635771765
2022-05-13,29283.103515625,2014.418212890625,1807.4000244140625,168.7899932861328,294.0921936035156,379.1602478027344,4023.889892578125,11805.0,28.8700008392334,0.008102229834508146,0.026872933410718503,-0.008992227204183023,-0.00810956630229509,0.0370598154176347,0.023907756418809267,0.02386969542307149,0.03817092317214654,-0.09128106946002879
2022-05-14,30101.265625,2056.27392578125,,,,,,,,0.027939733537411415,0.020778065161833226,,,,,,,
2022-05-15,31305.11328125,2145.706787109375,,,,,,,,0.03999325713567892,0.04349267877534668,,,,,,,
2022-05-16,29862.91796875,2022.7259521484375,1813.5,170.39999389648438,290.6832275390625,377.6218566894531,4008.010009765625,11662.7900390625,27.469999313354492,-0.046069001557128786,-0.057314837096923754,,,,,,,
2022-05-17,30425.857421875,2090.4091796875,1818.199951171875,169.3300018310547,298.2123107910156,385.3896484375,4088.85009765625,11984.51953125,26.100000381469727,0.018850785235190015,0.033461392764142284,0.0025916466346154188,-0.006279296383541522,0.025901333612175392,0.020570291709663735,0.020169632234863677,0.027585979950759842,-0.04987255064177387
2022-05-18,28720.271484375,1916.6561279296875,1815.9000244140625,169.4199981689453,283.5729675292969,369.85400390625,3923.679931640625,11418.150390625,30.959999084472656,-0.05605711989808215,-0.08311915841461581,-0.001264947101296654,0.0005314848929158789,-0.0490903384333381,-0.0403115252167171,-0.04039526078745259,-0.04725839355913897,0.18620684413680677
2022-05-19,30314.333984375,2018.336181640625,1841.199951171875,171.91000366210938,282.0535583496094,367.5887451171875,3900.7900390625,11388.5,29.350000381469727,0.05550304428240649,0.053050754503766395,0.013932444747874362,0.014697234801531733,-0.005358088935365601,-0.006124737775278222,-0.005833781800992588,-0.0025967770269819113,-0.05200254362444057
2022-05-20,29200.740234375,1961.315673828125,1841.800048828125,172.02999877929688,281.1768798828125,367.7492370605469,3901.360107421875,11354.6201171875,29.43000030517578,-0.036734890846488066,-0.02825124393605738,0.00032592747782111964,0.0006980112537449124,-0.003108198570252463,0.00043660733766004434,0.00014614176965843662,-0.002974920561311878,0.002725721385562929
2022-05-21,29432.2265625,1974.518310546875,,,,,,,,0.007927413013061102,0.006731520527228918,,,,,,,
2022-05-22,30323.72265625,2043.170166015625,,,,,,,,0.030289794482822652,0.03476891305694485,,,,,,,
2022-05-23,29098.91015625,1972.181884765625,1847.800048828125,172.8300018310547,285.8521423339844,374.62982177734375,3973.75,11535.26953125,28.479999542236328,-0.04039123144227663,-0.03474418451813721,,,,,,,
2022-05-24,29655.5859375,1978.9827880859375,1865.0999755859375,174.1300048828125,279.7742614746094,371.7700500488281,3941.47998046875,11264.4501953125,29.450000762939453,0.019130468401079792,0.0034484158752532412,0.009362445232526273,0.007521859850632806,-0.021262323975426822,-0.007633593382790793,-0.008120797617175213,-0.023477503945948386,0.03405903217324835
2022-05-25,29562.361328125,1944.827880859375,1846.199951171875,173.0800018310547,283.6898193359375,375.0545349121094,3978.72998046875,11434.740234375,28.3700008392334,-0.003143576713387941,-0.017258819749310206,-0.010133518128498609,-0.006029994959596108,0.013995418451612895,0.008834721524366707,0.009450764734207695,0.015117474542464926,-0.03667232243556173
2022-05-26,29267.224609375,1803.913330078125,1847.4000244140625,172.75999450683594,291.55010986328125,382.5486755371094,4057.840087890625,11740.650390625,27.5,-0.009983529917456657,-0.07245605236746355,0.0006500234394577475,-0.0018488983177334939,0.027707340875831044,0.019981469166227228,0.019883256167224195,0.026752698354298943,-0.030666225361201227
2022-05-27,28627.57421875,1724.9228515625,1851.300048828125,172.85000610351562,301.066162109375,391.9399719238281,4158.240234375,12131.1298828125,25.719999313354492,-0.02185551924250806,-0.04378840002928741,0.0021110882118231533,0.00052102106703944,0.032639508352633406,0.02454928480286367,0.02474226295510973,0.03325876158439245,-0.06472729769620034
2022-05-28,28814.900390625,1757.9417724609375,,,,,,,,0.006543557286537771,0.019142259532667127,,,,,,,
2022-05-29,29445.95703125,1812.031005859375,,,,,,,,0.02190035821988534,0.030768501122035552,,,,,,,
2022-05-30,31726.390625,1996.4412841796875,,,,,,,,0.07744470968730455,0.10176993535099799,,,,,,,
2022-05-31,31792.310546875,1942.3280029296875,1842.699951171875,171.13999938964844,300.26751708984375,389.7406921386719,4132.14990234375,12081.3896484375,26.190000534057617,0.0020777630413166825,-0.02710486988964189,,,,,,,
2022-06-01,29799.080078125,1823.5693359375,1843.300048828125,172.22999572753906,298.046630859375,386.58831787109375,4101.22998046875,11994.4599609375,25.690000534057617,-0.06269536357891181,-0.061142436711543735,0.00032566216538310044,0.006369033199590923,-0.007396358593807606,-0.008088388847158123,-0.007482768681131846,-0.007195338452745226,-0.019091255815355868
2022-06-02,30467.48828125,1834.1505126953125,1866.5,174.35000610351562,306.2088928222656,393.9502868652344,4176.81982421875,12316.900390625,24.719999313354492,0.02243049790035867,0.00580245376432198,0.012586095891780724,0.012309182073779512,0.027385855493000877,0.019043433683362032,0.018431018038486124,0.026882446624324485,-0.03775792917626375
2022-06-03,29704.390625,1775.07861328125,1845.4000244140625,172.5800018310547,298.2415466308594,387.48492431640625,4108.5400390625,12012.73046875,24.790000915527344,-0.02504629358369581,-0.03220668042518249,-0.011304567686009959,-0.010152017266979896,-0.026019316806813908,-0.016411620360210155,-0.016347313992415624,-0.024695330174669516,0.0028317801018318267
2022-06-04,29832.9140625,1801.6094970703125,,,,,,,,0.004326748833952898,0.014946314822654516,,,,,,,
2022-06-05,29906.662109375,1805.2049560546875,,,,,,,,0.00247203631266113,0.0019956927348694364,,,,,,,
2022-06-06,31370.671875,1859.2896728515625,1839.199951171875,171.82000732421875,299.2349853515625,388.6647644042969,4121.43017578125,12061.3701171875,25.06999969482422,0.048952630028413324,0.029960430041737984,,,,,,,
2022-06-07,31155.478515625,1814.04833984375,1847.5,172.94000244140625,301.81610107421875,392.3929138183594,4160.68017578125,12175.23046875,24.020000457763672,-0.006859698773187373,-0.024332589842456676,0.004512858334319025,0.006518420844169315,0.008625715070127216,0.009592198098473448,0.009523393173235029,0.009440084373188107,-0.041882698438058696
2022-06-08,30214.35546875,1793.572265625,1851.9000244140625,172.77999877929688,299.6440734863281,388.1268005371094,4115.77001953125,12086.26953125,23.959999084472656,-0.03020730515832104,-0.01128750197501005,0.002381609967016196,-0.0009251975242893229,-0.007196526560909078,-0.01087204465477376,-0.010793945785935621,-0.0073067148690396655,-0.0024979755265417403
2022-06-09,30111.998046875,1789.8260498046875,1848.800048828125,172.22999572753906,291.6182556152344,378.89599609375,4017.820068359375,11754.23046875,26.09000015258789,-0.003387708269364409,-0.0020886896458599535,-0.0016739432718125835,-0.0031832564859568535,-0.026784503954021766,-0.02378296069888841,-0.02379869397635359,-0.027472419148148797,0.08889821158196898
2022-06-10,29083.8046875,1665.042236328125,1871.5,174.5399932861328,281.332763671875,367.9096374511719,3900.860107421875,11340.01953125,27.75,-0.03414563715680452,-0.06971840279684127,0.012278207795517693,0.013412283666592417,-0.03527039801283982,-0.028995710579796663,-0.029110303335524668,-0.03523930712446288,0.06362590408982616
2022-06-11,28360.810546875,1529.6634521484375,,,,,,,,-0.024858994495164377,-0.08130651657115606,,,,,,,
2022-06-12,26762.6484375,1445.216552734375,,,,,,,,-0.056351073137826724,-0.05520619538595595,,,,,,,
2022-06-13,22487.388671875,1204.582763671875,1828.0,169.92999267578125,268.2518310546875,353.9408264160156,3749.6298828125,10809.23046875,34.02000045776367,-0.15974726027617203,-0.16650362093294369,,,,,,,
2022-06-14,22206.79296875,1211.662841796875,1809.5,168.57000732421875,268.7388000488281,352.874267578125,3735.47998046875,10828.349609375,32.689998626708984,-0.012477914053041661,0.0058776186564533095,-0.010120350109409149,-0.008003209616781914,0.0018153426659792693,-0.003013381781046709,-0.0037736797459957394,0.001768779070838944,-0.03909470350260291
2022-06-15,22572.83984375,1233.2064208984375,1815.300048828125,170.77000427246094,275.44970703125,357.90496826171875,3789.989990234375,11099.150390625,29.6200008392334,0.01648355417709846,0.017780176430609806,0.0032053323172838155,0.013050939388113303,0.024971857361879124,0.01425635458805452,0.014592504858983224,0.0250085000040583,-0.09391244773461938
2022-06-16,20381.650390625,1067.730712890625,1845.699951171875,172.69000244140625,264.3363037109375,346.0596923828125,3666.77001953125,10646.099609375,32.95000076293945,-0.09707194434960298,-0.13418330070586004,0.01674648902443132,0.011243181594596585,-0.04034639731546952,-0.03309614822179385,-0.03251195148816344,-0.040818510003493014,0.11242403205118334
2022-06-17,20471.482421875,1086.519287109375,1835.5999755859375,171.27000427246094,267.5504455566406,346.80572509765625,3674.840087890625,10798.349609375,31.1299991607666,0.004407495444594733,0.01759673482453694,-0.005472165494464498,-0.008222816311715064,0.012159290269935452,0.0021557919956147753,0.002200865698254617,0.014301012162795113,-0.05523525220126546
2022-06-18,19017.642578125,993.6367797851562,,,,,,,,-0.07101780974085614,-0.08548629410097963,,,,,,,
2022-06-19,20553.271484375,1127.656494140625,,,,,,,,0.0807475952890373,0.13487797259723666,,,,,,,
2022-06-20,20599.537109375,1127.6424560546875,,,,,,,,0.002251010260589048,-1.2448902667161477e-05,,,,,,,
2022-06-21,20710.59765625,1124.8245849609375,1834.5999755859375,170.6300048828125,274.3006591796875,355.5361022949219,3764.7900390625,11069.2998046875,30.190000534057617,0.0053914098304885805,-0.0024989047535589615,,,,,,,
2022-06-22,19987.029296875,1051.421875,1834.300048828125,171.30999755859375,273.9006652832031,354.89154052734375,3759.889892578125,11053.080078125,28.950000762939453,-0.034937106663198714,-0.06525702846678672,-0.00016348346331829244,0.003985188163408093,-0.0014582316268599849,-0.001812929160829535,-0.0013015723144006452,-0.0014652893000179912,-0.041073194739407515
2022-06-23,21085.876953125,1143.38671875,1825.699951171875,170.25999450683594,277.9797058105469,358.3703918457031,3795.72998046875,11232.1904296875,29.049999237060547,0.05497803800296652,0.0874671204172921,-0.004688490120111077,-0.006129257292171064,0.014892408249998823,0.009802576057998058,0.009532217409177868,0.01620456472734455,0.003454178635086791
2022-06-24,21231.65625,1226.8447265625,1826.5,170.08999633789062,287.5043029785156,369.764404296875,3911.739990234375,11607.6201171875,27.229999542236328,0.006913598955313738,0.07299193391343572,0.0004382148488373261,-0.0009984622015154487,0.034263642161201924,0.03179395594733614,0.03056329358583576,0.03342444110524623,-0.06265059354983915
2022-06-25,21502.337890625,1243.4468994140625,,,,,,,,0.012748964915301864,0.013532415710079349,,,,,,,
2022-06-26,21027.294921875,1199.8316650390625,,,,,,,,-0.02209261947079333,-0.035076073128295526,,,,,,,
2022-06-27,20735.478515625,1193.6806640625,1820.9000244140625,169.89999389648438,285.3964538574219,368.3519287109375,3900.110107421875,11524.5498046875,26.950000762939453,-0.013877981325425726,-0.005126553295592751,,,,,,,
2022-06-28,20280.634765625,1144.5792236328125,1817.5,169.6199951171875,276.7013244628906,360.8254089355469,3821.550048828125,11181.5400390625,28.360000610351562,-0.02193553187871977,-0.04113448588718749,-0.0018672219059124862,-0.0016480211262837052,-0.03046684454907478,-0.02043295877866036,-0.020143036075892073,-0.029763398261811846,0.05231910231895376
2022-06-29,20104.0234375,1098.94384765625,1813.699951171875,169.49000549316406,276.9550476074219,360.5316467285156,3818.830078125,11177.8896484375,28.15999984741211,-0.008708372798288844,-0.03987087571947978,-0.0020908109095598704,-0.0007663579045243951,0.0009169567403544132,-0.0008141394695508897,-0.0007117454091590814,-0.0003264658188628644,-0.007052212927895818
2022-06-30,19784.7265625,1067.298828125,1804.0999755859375,168.4600067138672,273.51995849609375,357.6025695800781,3785.3798828125,11028.740234375,28.709999084472656,-0.01588223750298734,-0.0287958475755975,-0.00529303404332937,-0.006077047294322124,-0.01240305652849949,-0.008124327434265832,-0.008759278267998716,-0.013343253400551203,0.019531223012811516
2022-07-01,19269.3671875,1059.767333984375,1798.9000244140625,168.32000732421875,275.3253479003906,361.384765625,3825.330078125,11127.849609375,26.700000762939453,-0.02604834458398897,-0.007056593656957433,-0.0028822965701699177,-0.0008310541616338707,0.006600576477941544,0.010576534864845,0.010553814029047315,0.008986463811260226,-0.07001039309054802
2022-07-02,19242.255859375,1066.5128173828125,,,,,,,,-0.0014069651515379311,0.006365060690327828,,,,,,,
2022-07-03,19297.076171875,1073.7669677734375,,,,,,,,0.002848954556089245,0.0068017470323764595,,,,,,,
2022-07-04,20231.26171875,1151.05908203125,,,,,,,,0.04841073013105235,0.0719822052433643,,,,,,,
2022-07-05,20190.115234375,1134.541015625,1761.800048828125,164.75,280.0388488769531,362.0672607421875,3831.389892578125,11322.240234375,27.540000915527344,-0.0020338071321012174,-0.014350320208673328,,,,,,,
2022-07-06,20548.24609375,1186.9739990234375,1734.9000244140625,162.13999938964844,281.8345031738281,363.29010009765625,3845.080078125,11361.849609375,26.729999542236328,0.017737930428710857,0.046215150158809504,-0.015268488857152263,-0.015842188833696924,0.006412161398592131,0.0033773817410669427,0.0035731642904301975,0.003498369066551321,-0.029411813593453018
2022-07-07,21637.587890625,1237.5933837890625,1737.9000244140625,162.22999572753906,287.8654479980469,368.7311096191406,3902.6201171875,11621.349609375,26.079999923706055,0.053013857820514154,0.04264574018240608,0.0017292062699769684,0.000555053276362516,0.021398887490006846,0.014977037689773987,0.014964587965241805,0.0228395911688426,-0.024317232684692103
2022-07-08,21731.1171875,1222.5062255859375,1740.5999755859375,162.3000030517578,288.2265319824219,368.42779541015625,3899.3798828125,11635.3095703125,24.639999389648438,0.004322538045727464,-0.012190723060375164,0.00155357105353926,0.0004315313201161963,0.001254349859929782,-0.0008225891471367319,-0.000830271529819071,0.001201234056863676,-0.05521474456557396
2022-07-09,21592.20703125,1216.978271484375,,,,,,,,-0.006392223420980114,-0.00452182081846908,,,,,,,
2022-07-10,20860.44921875,1168.401611328125,,,,,,,,-0.03388990349346599,-0.03991579906928,,,,,,,
2022-07-11,19970.556640625,1097.236572265625,1730.0,161.42999267578125,282.0687255859375,364.218994140625,3854.429931640625,11372.599609375,26.170000076293945,-0.04265931997884009,-0.06090802885970559,,,,,,,
2022-07-12,19323.9140625,1038.191650390625,1723.300048828125,160.8300018310547,279.3362121582031,360.99603271484375,3818.800048828125,11264.73046875,27.290000915527344,-0.03237979740682695,-0.05381238956798651,-0.0038728041455924345,-0.0037167247224720867,-0.00968740303292459,-0.008848965808018416,-0.009243878717321574,-0.009485002930735176,0.04279712785511025
2022-07-13,20212.07421875,1113.587158203125,1734.199951171875,161.60000610351562,278.76043701171875,359.1002502441406,3801.780029296875,11247.580078125,26.81999969482422,0.04596171114078618,0.07262195547819328,0.006325017138577804,0.004787690503602615,-0.0020612262980006513,-0.005251532700916495,-0.0044569025122100925,-0.0015224856620029703,-0.01722246994999932
2022-07-14,20569.919921875,1191.5262451171875,1704.5,159.3300018310547,279.7558288574219,358.2281799316406,3790.3798828125,11251.1904296875,26.399999618530273,0.017704551212910147,0.0699892112978604,-0.017126024684642305,-0.014047055610919013,0.003570778753160253,-0.0024284870642866663,-0.00299863390215227,0.00032098918500000906,-0.01565995828012623
2022-07-15,20836.328125,1233.129150390625,1702.4000244140625,159.00999450683594,284.8304138183594,365.07220458984375,3863.159912109375,11452.419921875,24.229999542236328,0.012951348577769028,0.034915643229785465,-0.0012320185309108167,-0.0020084561635671516,0.01813933594042738,0.01910521014708877,0.01920124935943668,0.01788517343520679,-0.08219697377460611
2022-07-16,21190.31640625,1352.62646484375,,,,,,,,0.01698899533192111,0.09690575753178088,,,,,,,
2022-07-17,20779.34375,1338.6357421875,,,,,,,,-0.01939436147960416,-0.010343374922703541,,,,,,,
2022-07-18,22485.689453125,1578.7178955078125,1709.199951171875,159.16000366210938,282.4200134277344,362.05780029296875,3830.85009765625,11360.0498046875,25.299999237060547,0.08211740099467768,0.17934838115706353,,,,,,,
2022-07-19,23389.43359375,1542.9752197265625,1710.0,159.5399932861328,291.1053466796875,371.8402404785156,3936.68994140625,11713.150390625,24.5,0.0401919693193753,-0.02264031837667424,0.00046808381171348223,0.0023874693093759447,0.030753249907962132,0.027019001324184,0.02762829164595959,0.031082661784792576,-0.031620524157513485
2022-07-20,23231.732421875,1520.20068359375,1699.5,158.0399932861328,295.72125244140625,374.2101135253906,3959.89990234375,11897.650390625,23.8799991607666,-0.006742410894342465,-0.014760143806359038,-0.0061403508771930015,-0.009402031234323593,0.015856478812111163,0.0063733635816964895,0.005895806193263242,0.01575152660446255,-0.02530615670340397
2022-07-21,23164.62890625,1576.74951171875,1712.699951171875,160.27000427246094,299.9664001464844,378.020751953125,3998.949951171875,12059.6103515625,23.110000610351562,-0.0028884421706671937,0.037198265160175215,0.007766961560385477,0.014110421925231709,0.014355233754866026,0.010183151897833032,0.00986137270919718,0.013612768540006925,-0.03224449654420847
2022-07-22,22714.978515625,1537.4051513671875,1727.0999755859375,160.6699981689453,294.7063293457031,374.5133972167969,3961.6298828125,11834.1103515625,23.030000686645508,-0.01941107679491816,-0.02495282862569259,0.008407791688327837,0.00249575020790771,-0.017535533307105666,-0.009278206866174976,-0.00933246697634671,-0.018698779929550824,-0.003461701496893066
2022-07-23,22465.478515625,1549.2974853515625,,,,,,,,-0.010983941711781742,0.00773532856566761,,,,,,,
2022-07-24,22609.1640625,1599.4766845703125,,,,,,,,0.006395837363315726,0.03238835646038862,,,,,,,
2022-07-25,21361.701171875,1445.3834228515625,1719.0,160.22999572753906,293.02789306640625,374.96844482421875,3966.840087890625,11782.669921875,23.360000610351562,-0.05517510011323534,-0.09633979863866915,,,,,,,
2022-07-26,21239.75390625,1441.8067626953125,1717.699951171875,160.0399932861328,287.27020263671875,370.5321960449219,3921.050048828125,11562.5703125,24.690000534057617,-0.005708686992848544,-0.0024745407341075776,-0.0007562820407940318,-0.0011858106875901608,-0.01964895003487832,-0.011830992288901943,-0.01154320266205866,-0.01867994358107039,0.056934926753241966
2022-07-27,22930.548828125,1636.232666015625,1719.0999755859375,161.6699981689453,299.4100646972656,380.153564453125,4023.610107421875,12032.419921875,23.239999771118164,0.0796052030234431,0.13484879413164408,0.0008150576083485461,0.010184984698782484,0.042259384889629326,0.025966349242797504,0.026156273782937722,0.040635394784761525,-0.058728259683077266
2022-07-28,23843.88671875,1725.4681396484375,1750.300048828125,163.63999938964844,302.3377380371094,384.921630859375,4072.429931640625,12162.58984375,22.329999923706055,0.0398306162434614,0.054537154456223425,0.01814907433266244,0.012185323455280006,0.009778139364833738,0.012542474547382332,0.012133338697180918,0.010818266210801841,-0.0391566203259186
2022-07-29,23804.6328125,1727.406982421875,1762.9000244140625,164.10000610351562,307.85150146484375,390.5332946777344,4130.2900390625,12390.6904296875,21.329999923706055,-0.0016462880701044735,0.0011236618798609044,0.007198751776515966,0.0028110896821249565,0.018237099554729186,0.014578717766083438,0.014207760082581844,0.018754277573103773,-0.04478280355650055
2022-07-30,23656.20703125,1695.969482421875,,,,,,,,-0.006235163651508224,-0.018199243328242076,,,,,,,
2022-07-31,23336.896484375,1681.517333984375,,,,,,,,-0.013497960448739299,-0.008521467271251915,,,,,,,
2022-08-01,23314.19921875,1635.19580078125,1769.0,165.02999877929688,307.6660461425781,389.3768005371094,4118.6298828125,12368.98046875,22.84000015258789,-0.0009725914343493569,-0.027547461014490793,,,,,,,
2022-08-02,22978.1171875,1632.9454345703125,1771.0999755859375,164.0500030517578,306.7486572265625,386.8079528808594,4091.18994140625,12348.759765625,23.93000030517578,-0.014415336683737068,-0.0013762059625289647,0.0011870975612988666,-0.005938288400823777,-0.002981768471098989,-0.006597331049786548,-0.006662395550704803,-0.0016347914184267065,0.04772329883125637
2022-08-03,22846.5078125,1618.87451171875,1758.0,164.4499969482422,315.102294921875,392.8651428222656,4155.169921875,12668.16015625,21.950000762939453,-0.0057275961266136655,-0.008616897144064772,-0.0073965195452072585,0.002438243761313297,0.027232841932679053,0.015659424518791987,0.015638477163140152,0.02586497726792847,-0.08274130869142016
2022-08-04,22630.95703125,1608.205810546875,1788.5,167.1699981689453,316.5758361816406,392.59967041015625,4151.93994140625,12720.580078125,21.440000534057617,-0.009434736504108754,-0.006590196519029812,0.017349260523321863,0.016539989487255546,0.0046763901231852145,-0.0006757341977511322,-0.0007773401640558397,0.004137926994010943,-0.02323463376561352
2022-08-05,23289.314453125,1732.254638671875,1772.9000244140625,165.2899932861328,313.98974609375,391.9361572265625,4145.18994140625,12657.5498046875,21.149999618530273,0.029091011085651708,0.07713492098552788,-0.00872237941623566,-0.011246066300201418,-0.008168943400995388,-0.0016900502817553953,-0.0016257460597355333,-0.004954984210656432,-0.013526161767891565
2022-08-06,22961.279296875,1691.6580810546875,,,,,,,,-0.014085221654344782,-0.023435675512644583,,,,,,,
2022-08-07,23175.890625,1699.350830078125,,,,,,,,0.009346662498644243,0.00454746092581626,,,,,,,
2022-08-08,23809.486328125,1775.51611328125,1786.800048828125,166.69000244140625,312.97491455078125,391.48114013671875,4140.06005859375,12644.4599609375,21.290000915527344,0.02733856978257987,0.044820223025767714,,,,,,,
2022-08-09,23164.318359375,1703.0250244140625,1794.0,167.1999969482422,309.432373046875,389.9266052246094,4122.47021484375,12493.9296875,21.770000457763672,-0.02709709734425869,-0.04082817853633558,0.00402952259632916,0.0030595386607856767,-0.011318931132199284,-0.003970906265283847,-0.004248692893594086,-0.011904840056636057,0.02254577367755073
2022-08-10,23947.642578125,1851.74267578125,1795.5999755859375,166.77999877929688,318.0689392089844,398.11663818359375,4210.240234375,12854.7998046875,19.739999771118164,0.033815983988709775,0.08732558197044393,0.000891848152696495,-0.0025119508170524663,0.02791099740815106,0.02100403729636935,0.021290637641290244,0.028883635990728074,-0.09324761800459969
2022-08-11,23957.529296875,1881.22412109375,1789.699951171875,166.33999633789062,316.26361083984375,398.11663818359375,4207.27001953125,12779.91015625,20.200000762939453,0.00041284726535173455,0.015920919087778707,-0.0032858233984645047,-0.0026382206776995876,-0.00567590275752905,0.0,-0.0007054739583503,-0.005825812114957363,0.023302988710988792
2022-08-12,24402.818359375,1957.2464599609375,1798.5999755859375,167.8699951171875,322.42144775390625,404.8563537597656,4280.14990234375,13047.1904296875,19.530000686645508,0.018586602023192844,0.040411101481618195,0.004972914263217554,0.00919802099904432,0.019470583092725313,0.016928997509176646,0.017322368774566943,0.0209140964349257,-0.033168319355867615
2022-08-13,24424.068359375,1981.3365478515625,,,,,,,,0.0008708010561344626,0.012308152490466462,,,,,,,
2022-08-14,24319.333984375,1936.802001953125,,,,,,,,-0.004288162539464846,-0.02247702236489202,,,,,,,
2022-08-15,24136.97265625,1904.2281494140625,1781.4000244140625,165.7100067138672,325.02703857421875,406.5246276855469,4297.14013671875,13128.0498046875,19.950000762939453,-0.007498615226969818,-0.016818369924346488,,,,,,,
2022-08-16,23883.291015625,1878.139404296875,1773.199951171875,165.4199981689453,324.2657775878906,407.3208923339844,4305.2001953125,13102.5498046875,19.690000534057617,-0.010510085263709001,-0.01370043034245405,-0.004603162192548305,-0.001750096754401964,-0.0023421466400688207,0.0019587119554622667,0.0018756797165810912,-0.0019424057936537897,-0.013032592428007916
2022-08-17,23335.998046875,1832.9996337890625,1760.300048828125,164.35000610351562,320.567138671875,404.4296875,4274.0400390625,12938.1201171875,19.899999618530273,-0.02291530796119967,-0.02403430246154259,-0.007274928208307663,-0.006468335614034371,-0.011406195693941634,-0.007098101001933643,-0.007237794954094601,-0.012549441898795477,0.010665265554941072
2022-08-18,23212.73828125,1847.0078125,1755.300048828125,163.9199981689453,321.3381042480469,405.6051330566406,4283.740234375,12965.33984375,19.559999465942383,-0.005281958173694035,0.007642215771740624,-0.002840424848779999,-0.0026164156896926194,0.002405005015068129,0.002906427477930018,0.002269561170191503,0.002103839376660366,-0.017085435130927973
2022-08-19,20877.552734375,1612.9873046875,1747.5999755859375,162.72000122070312,315.0730285644531,400.1546630859375,4228.47998046875,12705.2197265625,20.600000381469727,-0.10059931398792521,-0.12670250024321428,-0.004386756126012914,-0.007320625681104476,-0.01949683402239044,-0.013437872271557239,-0.012900001139847905,-0.020062730350480673,0.05316978240915504
2022-08-20,21166.060546875,1577.0037841796875,,,,,,,,0.013819043648011897,-0.022308619790894157,,,,,,,
2022-08-21,21534.12109375,1619.3189697265625,,,,,,,,0.01738918520335342,0.02683264680235764,,,,,,,
2022-08-22,21398.908203125,1622.505859375,1734.0,161.63999938964844,306.7779846191406,391.8224182128906,4137.990234375,12381.5703125,23.799999237060547,-0.006279006699941081,0.0019680431761850414,,,,,,,
2022-08-23,21528.087890625,1662.7698974609375,1746.800048828125,162.77000427246094,306.5242614746094,390.8745422363281,4128.72998046875,12381.2998046875,24.110000610351562,0.006036741981122917,0.024815958508431768,0.007381804399149372,0.0069908740848763085,-0.0008270578635107828,-0.0024191468698646634,-0.0022378626777133093,-2.184761752122011e-05,0.013025268202878415
2022-08-24,21395.01953125,1657.0592041015625,1747.800048828125,163.25,307.41229248046875,392.125732421875,4140.77001953125,12431.5302734375,22.81999969482422,-0.006181150878381003,-0.0034344459615821554,0.0005724753675562244,0.0029489200401788818,0.0028970985904583912,0.0032010019849038063,0.0029161604463010526,0.004056962479091597,-0.05350480642350064
2022-08-25,21600.904296875,1696.45703125,1757.699951171875,163.75,312.8479309082031,397.6616516113281,4199.1201171875,12639.26953125,21.780000686645508,0.009623023027591993,0.023775751072091955,0.0056642076136728114,0.003062787136294043,0.017681916308144086,0.014117714630105471,0.014091605518061545,0.016710674650921797,-0.04557401499065716
2022-08-26,20260.01953125,1507.7828369140625,1736.0999755859375,161.75999450683594,300.0248718261719,384.201171875,4057.659912109375,12141.7099609375,25.559999465942383,-0.06207539958496022,-0.11121660664574373,-0.012288772933933712,-0.012152705301765265,-0.04098815371674569,-0.03384907667557624,-0.03368805871951874,-0.039366165036856526,0.17355365748976292
2022-08-27,20041.73828125,1491.39501953125,,,,,,,,-0.010773990107132536,-0.010868818096081423,,,,,,,
2022-08-28,19616.814453125,1430.54736328125,,,,,,,,-0.021201944769558057,-0.040799154786720804,,,,,,,
2022-08-29,20297.994140625,1553.037353515625,1736.5999755859375,161.86000061035156,297.0679626464844,381.6607666015625,4030.610107421875,12017.669921875,26.209999084472656,0.03472427641744291,0.08562456118434225,,,,,,,
2022-08-30,19796.80859375,1523.8388671875,1723.199951171875,160.50999450683594,293.759765625,377.4709167480469,3986.159912109375,11883.1396484375,26.209999084472656,-0.024691382971281484,-0.018800891209749815,-0.007716241277465952,-0.008340578885610683,-0.0111361622169307,-0.010977942246522931,-0.011028155571448206,-0.01119437247919608,0.0
2022-08-31,20049.763671875,1553.6849365234375,1712.800048828125,159.27000427246094,292.0518493652344,374.5987243652344,3955.0,11816.2001953125,25.8700008392334,0.012777568511970205,0.019586105840063928,-0.006035226693615781,-0.007725314789180926,-0.005813989727735169,-0.007609042857014692,-0.007817025105971265,-0.005633145372805681,-0.01297208153817453
2022-09-01,20127.140625,1586.1767578125,1696.5999755859375,157.8699951171875,292.1788330078125,375.7742004394531,3966.85009765625,11785.1298828125,25.559999465942383,0.0038592451457939436,0.020912747832753542,-0.009458239596192963,-0.008790162100319021,0.0004347982827506147,0.003137960697038089,0.0029962320243361873,-0.0026294673402982305,-0.011983044578061208
2022-09-02,19969.771484375,1577.220458984375,1709.800048828125,159.25999450683594,288.0508728027344,371.81182861328125,3924.260009765625,11630.8603515625,25.469999313354492,-0.007818752974256604,-0.005646469590486647,0.0077803096971216235,0.008804709144487166,-0.014128197318687197,-0.010544555271591372,-0.010736500458081055,-0.013090185070848248,-0.003521132803927185
2022-09-03,19832.087890625,1556.8726806640625,,,,,,,,-0.006894600364241943,-0.01290103625298844,,,,,,,
2022-09-04,19986.712890625,1577.6416015625,,,,,,,,0.007796708085036963,0.013340153730219573,,,,,,,
2022-09-05,19812.37109375,1617.1832275390625,,,,,,,,-0.008722884940063236,0.025063757153335864,,,,,,,
2022-09-06,18837.66796875,1561.74853515625,1700.4000244140625,158.3300018310547,285.9819641113281,370.408935546875,3908.18994140625,11544.91015625,26.90999984741211,-0.04919669232863699,-0.0342785476863805,,,,,,,
2022-09-07,19290.32421875,1629.9063720703125,1715.300048828125,159.94000244140625,291.7591857910156,377.0633850097656,3979.8701171875,11791.900390625,24.639999389648438,0.024029314602578067,0.04364200470163615,0.008762658315767169,0.010168638866495439,0.020201349751687525,0.017965142911754883,0.018341016392734,0.02139386370549512,-0.08435527575753499
2022-09-08,19329.833984375,1635.34765625,1708.0,158.97999572753906,293.2717590332031,379.5279235839844,4006.179931640625,11862.1298828125,23.610000610351562,0.0020481649337233954,0.0033384029125402837,-0.004255843654357938,-0.006002292729855863,0.005184320891514105,0.006536138676405567,0.006610721877456038,0.005955739945304739,-0.041801899545889976
2022-09-09,21381.15234375,1719.08544921875,1716.199951171875,159.82000732421875,299.6833801269531,385.42401123046875,4067.360107421875,12112.3095703125,22.790000915527344,0.10612188190716765,0.05120488762662756,0.004800908180254693,0.005283756568463582,0.021862388369362495,0.01553531974882394,0.015271449816332883,0.02109062115923166,-0.03473103234333241
2022-09-10,21680.5390625,1776.2037353515625,,,,,,,,0.014002365912589188,0.03322597265817717,,,,,,,
2022-09-11,21769.255859375,1761.800048828125,,,,,,,,0.004092001431295067,-0.008109253593359123,,,,,,,
2022-09-12,22370.44921875,1713.7652587890625,1728.0999755859375,160.6300048828125,303.24530029296875,389.5664367675781,4110.41015625,12266.41015625,23.8700008392334,0.027616624254801714,-0.02726460932443109,,,,,,,
2022-09-13,20296.70703125,1580.7879638671875,1705.0,158.5399932861328,286.6162414550781,372.6270446777344,3932.68994140625,11633.5703125,27.270000457763672,-0.09270006906083372,-0.07759364606085906,-0.013367268047154046,-0.01301133993119441,-0.05483698781753621,-0.043482678411410625,-0.0432366134006168,-0.051591283487904094,0.14243818596528657
2022-09-14,20241.08984375,1634.7550048828125,1696.5,157.92999267578125,288.8901062011719,374.0489501953125,3946.010009765625,11719.6796875,26.15999984741211,-0.0027402074343571003,0.03413932940354747,-0.004985337243401777,-0.003847613448870524,0.007933481838118928,0.003815894573105494,0.0033870120853238816,0.007401801225843663,-0.04070409210556314
2022-09-15,19701.2109375,1471.6934814453125,1665.4000244140625,154.97999572753906,284.0790100097656,369.80224609375,3901.35009765625,11552.3603515625,26.270000457763672,-0.026672422800232853,-0.09974676508128455,-0.01833184532032861,-0.018679143196684067,-0.016653724333695163,-0.01135333784346959,-0.011317739184353415,-0.014276784041799329,0.004204916322369412
2022-09-16,19772.583984375,1432.44775390625,1671.699951171875,155.83999633789062,282.3418884277344,366.9810791015625,3873.330078125,11448.400390625,26.299999237060547,0.003622774615297697,-0.026667052639602784,0.0037828309507974556,0.005549107201315628,-0.00611492409091241,-0.007628853047778161,-0.007182134089448455,-0.008999023383428173,0.001141940570009048
2022-09-17,20127.576171875,1469.74169921875,,,,,,,,0.017953757980268437,0.026035117309375133,,,,,,,
2022-09-18,19419.505859375,1335.3291015625,,,,,,,,-0.035179114785287124,-0.09145321094699688,,,,,,,
2022-09-19,19544.12890625,1377.5413818359375,1666.199951171875,155.9600067138672,284.5405578613281,369.8269348144531,3899.889892578125,11535.01953125,25.760000228881836,0.006417415961943007,0.031611892696747024,,,,,,,
2022-09-20,18890.7890625,1324.38818359375,1659.699951171875,155.07000732421875,282.2725524902344,365.5818786621094,3855.929931640625,11425.0498046875,27.15999984741211,-0.033428956945789956,-0.03858555462874502,-0.0039010924201674513,-0.005706587274526553,-0.007970763072022491,-0.011478493729705108,-0.011272103097361819,-0.00953355356396024,0.054347810795459806
2022-09-21,18547.400390625,1252.6077880859375,1664.5999755859375,155.7899932861328,277.2181396484375,359.2047119140625,3789.929931640625,11220.1904296875,27.989999771118164,-0.018177571658806957,-0.054198909652784066,0.002952355581262056,0.004642973675810236,-0.017906143538244823,-0.017443880893070696,-0.017116493600784488,-0.017930720522194132,0.030559643901659994
2022-09-22,19413.55078125,1327.68017578125,1670.800048828125,155.6999969482422,273.80615234375,356.1875305175781,3757.989990234375,11066.8095703125,27.350000381469727,0.04669928789927913,0.05993287636350053,0.0037246625814739698,-0.0005776772692025478,-0.012307951092286107,-0.00839961530684552,-0.00842758097968943,-0.01367007630896977,-0.02286528741986016
2022-09-23,19297.638671875,1328.259521484375,1645.300048828125,153.00999450683594,269.34820556640625,350.21966552734375,3693.22998046875,10867.9296875,29.920000076293945,-0.005970680514919002,0.00043635938360231386,-0.01526214942229942,-0.01727683040546535,-0.0162813974017173,-0.016754839737265437,-0.017232619015461026,-0.017970841690997275,0.09396708076704297
2022-09-24,18937.01171875,1317.9932861328125,,,,,,,,-0.01868762076318642,-0.0077290884691642026,,,,,,,
2022-09-25,18802.09765625,1294.216796875,,,,,,,,-0.007124358610731463,-0.018039916825051683,,,,,,,
2022-09-26,19222.671875,1335.3201904296875,1623.300048828125,151.22999572753906,268.233642578125,346.7550048828125,3655.0400390625,10802.919921875,32.2599983215332,0.022368473265013344,0.031759279939756135,,,,,,,
2022-09-27,19110.546875,1330.127685546875,1626.699951171875,151.5399932861328,268.34124755859375,345.8699645996094,3647.2900390625,10829.5,32.599998474121094,-0.005832956039052206,-0.003888584116399585,0.002094438638256868,0.002049841746687875,0.00040116138838697246,-0.002552350422461047,-0.0021203598092424114,0.002460453129081941,0.010539372916239298
2022-09-28,19426.720703125,1337.410888671875,1660.4000244140625,154.69000244140625,273.6790466308594,352.6753234863281,3719.0400390625,11051.6396484375,30.18000030517578,0.016544467837213528,0.005475566897929385,0.020716834237260562,0.02078665233491006,0.01989183221301105,0.019676062055856258,0.019672139926234733,0.0205124565711714,-0.07423307614159502
2022-09-29,19573.05078125,1335.65234375,1658.5,154.66000366210938,265.7895812988281,345.3083801269531,3640.469970703125,10737.509765625,31.84000015258789,0.007532412719634118,-0.0013148875463555587,-0.0011443172645898558,-0.00019392836526865853,-0.02882743647770969,-0.020888740631326286,-0.021126437880238824,-0.02842382603896354,0.05500330784050478
2022-09-30,19431.7890625,1327.9786376953125,1662.4000244140625,154.6699981689453,261.2826843261719,339.9686584472656,3585.6201171875,10575.6201171875,31.6200008392334,-0.0072171538473359,-0.005745287005705868,0.0023515371806226426,6.462244018679009e-05,-0.0169566352098246,-0.015463631892525531,-0.015066695771983274,-0.015077019902302924,-0.0069095261400811125
2022-10-01,19312.095703125,1311.6444091796875,,,,,,,,-0.0061596674907298254,-0.012300068730000668,,,,,,,
2022-10-02,19044.107421875,1276.093505859375,,,,,,,,-0.013876706359042923,-0.027104071096941795,,,,,,,
2022-10-03,19623.580078125,1323.439208984375,1692.9000244140625,158.42999267578125,267.4124755859375,348.9442138671875,3678.429931640625,10815.4296875,30.100000381469727,0.030427924155919772,0.037102064157215064,,,,,,,
2022-10-04,20336.84375,1362.1265869140625,1721.0999755859375,160.6999969482422,275.82012939453125,359.7568359375,3790.929931640625,11176.41015625,29.06999969482422,0.036347275524413414,0.02923245561039156,0.016657777048373124,0.014328122056449066,0.031440768760587545,0.030986678215641383,0.030583700679551518,0.03337643340857799,-0.03421929148145797
2022-10-05,20160.716796875,1352.837158203125,1711.4000244140625,159.80999755859375,275.67352294921875,358.9192199707031,3783.280029296875,11148.6396484375,28.549999237060547,-0.008660486125090072,-0.006819798394790189,-0.0056359022192029595,-0.005538266375543777,-0.0005315291731402549,-0.0023282836714252353,-0.002017948757084831,-0.002484743081567209,-0.01788787283187543
2022-10-06,19955.443359375,1351.70947265625,1711.699951171875,159.6300048828125,273.5032043457031,355.2167053222656,3744.52001953125,11073.3095703125,30.520000457763672,-0.01018185214187517,-0.0008335707960394068,0.00017525228090087275,-0.00112629171222689,-0.007872785823959672,-0.010315732461303462,-0.010245080846639998,-0.006756885189625583,0.06900179591409161
2022-10-07,19546.849609375,1332.5169677734375,1700.5,157.8800048828125,263.08154296875,345.3083801269531,3639.659912109375,10652.400390625,31.360000610351562,-0.02047530303595302,-0.01419869082155445,-0.006543174324569634,-0.010962851258976669,-0.038104348363613094,-0.027893747807618774,-0.028003617786773516,-0.038011145359464704,0.027522940366608406
2022-10-08,19416.568359375,1315.50048828125,,,,,,,,-0.006665076603316944,-0.012770178469562854,,,,,,,
2022-10-09,19446.42578125,1322.604248046875,,,,,,,,0.0015377290838616275,0.005400043427506773,,,,,,,
2022-10-10,19141.484375,1291.337646484375,1667.300048828125,155.47999572753906,260.45172119140625,342.67181396484375,3612.389892578125,10542.099609375,32.45000076293945,-0.01568110303046133,-0.023640179296771646,,,,,,,
2022-10-11,19051.41796875,1279.57568359375,1678.699951171875,155.16000366210938,256.87359619140625,340.5015869140625,3588.840087890625,10426.1904296875,33.630001068115234,-0.00470529894576166,-0.009108355915005362,0.006837343015591246,-0.002058091550185215,-0.013738150716118502,-0.006333252290787739,-0.006519175777754405,-0.01099488564729767,0.036363644913174786
2022-10-12,19157.4453125,1294.9063720703125,1670.300048828125,155.99000549316406,256.7855529785156,339.3785095214844,3577.030029296875,10417.099609375,33.56999969482422,0.005565325579645286,0.011981072064065401,-0.005003814015653085,0.00534932850905423,-0.0003427491738973165,-0.003298302961687982,-0.0032907731480149582,-0.0008719215684585002,-0.0017841620988797713
2022-10-13,19382.904296875,1288.1239013671875,1670.0,154.91000366210938,262.8078308105469,348.3350830078125,3669.909912109375,10649.150390625,31.940000534057617,0.011768739552548313,-0.005237807805579919,-0.00017963768146656012,-0.006923532232980256,0.023452557054621792,0.02639110384142085,0.02596564246086497,0.022275949155863284,-0.04855523311243615
2022-10-14,19185.65625,1297.422119140625,1641.699951171875,152.97999572753906,254.90853881835938,340.3969421386719,3583.070068359375,10321.3896484375,32.02000045776367,-0.010176392755898878,0.007218418789969316,-0.016946137022829322,-0.012458897998479546,-0.030057293071612978,-0.022788806687503826,-0.02366266361565439,-0.030778111883558834,0.0025046938750283854
2022-10-15,19067.634765625,1274.8717041015625,,,,,,,,-0.0061515479500473536,-0.017380939253601735,,,,,,,
2022-10-16,19268.09375,1306.296630859375,,,,,,,,0.010513049302600663,0.024649481713894028,,,,,,,
2022-10-17,19550.7578125,1331.713623046875,1657.0,153.4199981689453,263.325927734375,349.1441345214844,3677.949951171875,10675.7998046875,31.3700008392334,0.014670058500208416,0.019457289858260562,,,,,,,
2022-10-18,19334.416015625,1310.447021484375,1649.0,153.75,265.4083251953125,353.2464904785156,3719.97998046875,10772.400390625,30.5,-0.011065647631146036,-0.01596935046278447,-0.004828002414001165,0.0021509701146735782,0.007908060853916599,0.011749749033171275,0.011427569666488724,0.009048557270162183,-0.02773352935793738
2022-10-19,19139.53515625,1285.7442626953125,1627.5,151.69000244140625,264.4404602050781,350.74310302734375,3695.159912109375,10680.509765625,30.760000228881836,-0.010079479991405349,-0.01885063522910002,-0.013038204972710687,-0.013398358104674823,-0.003646701698306276,-0.007086800629726664,-0.0066720972934503076,-0.008530190270310656,0.008524597668256861
2022-10-20,19053.740234375,1283.200927734375,1630.800048828125,151.4499969482422,263.0913391113281,347.8020324707031,3665.780029296875,10614.83984375,29.979999542236328,-0.004482602172654282,-0.001978103293734268,0.0020276797715053085,-0.0015822103586343728,-0.005101795287694388,-0.008385255565271477,-0.007950909706564868,-0.00614857561259452,-0.02535762941617703
2022-10-21,19172.46875,1299.9464111328125,1651.0,154.14999389648438,269.2602233886719,356.2541198730469,3752.75,10859.7197265625,29.690000534057617,0.006231244583192241,0.013049775009127629,0.012386528432097199,0.017827646105301076,0.023447690441582125,0.02430143188727829,0.02372481982226482,0.02306957866695325,-0.009673082475206707
2022-10-22,19208.189453125,1314.2991943359375,,,,,,,,0.0018631248583989013,0.011041057600688076,,,,,,,
2022-10-23,19567.0078125,1363.447021484375,,,,,,,,0.018680488353712166,0.03739470233280473,,,,,,,
2022-10-24,19345.572265625,1344.99853515625,1648.699951171875,153.64999389648438,272.222412109375,360.6133728027344,3797.340087890625,10952.6103515625,29.850000381469727,-0.011316781236911488,-0.013530768733529763,,,,,,,
2022-10-25,20095.857421875,1461.6654052734375,1652.800048828125,154.0,277.8536376953125,366.3719787597656,3859.110107421875,11199.1201171875,28.459999084472656,0.03878330120960949,0.0867412618435559,0.0024868670938793525,0.002277944142005106,0.020686120375992267,0.01596891960016511,0.016266654579669915,0.022506941972041616,-0.04656620700949654
2022-10-26,20770.44140625,1566.566650390625,1664.0,154.97999572753906,271.7140197753906,363.6116638183594,3830.60009765625,10970.990234375,27.280000686645508,0.03356831063305088,0.07176830260791678,0.006776349734389342,0.006363608620383543,-0.02209659002792841,-0.007534186841336554,-0.007387716072364547,-0.020370339850394603,-0.041461645670640146
2022-10-27,20285.8359375,1514.3748779296875,1660.699951171875,154.74000549316406,266.7671813964844,361.66998291015625,3807.300048828125,10792.669921875,27.389999389648438,-0.0233314959115013,-0.03331602421634816,-0.0019832024207482313,-0.001548523944967184,-0.01820604760474087,-0.005339985213381637,-0.006082610618211248,-0.01625380286469269,0.004032210419143256
2022-10-28,20595.3515625,1555.4779052734375,1639.5999755859375,153.16000366210938,274.93048095703125,370.27435302734375,3901.06005859375,11102.4501953125,25.75,0.015257721000682789,0.027141910462713303,-0.012705471311086791,-0.010210687443231947,0.030600838970570754,0.02379066697200849,0.024626377895927698,0.028702839582782413,-0.05987584615530317
2022-10-29,20818.4765625,1619.698486328125,,,,,,,,0.01083375534148523,0.04128672020153079,,,,,,,
2022-10-30,20635.603515625,1590.7833251953125,,,,,,,,-0.008784170461560437,-0.017852187537918507,,,,,,,
2022-10-31,20495.7734375,1572.7144775390625,1635.9000244140625,151.91000366210938,271.733642578125,367.5997619628906,3871.97998046875,10988.150390625,25.8799991607666,-0.006776156462742766,-0.011358459301194612,,,,,,,
2022-11-01,20485.2734375,1579.70458984375,1645.0,153.4600067138672,268.9571228027344,365.9911804199219,3856.10009765625,10890.849609375,25.809999465942383,-0.0005123007449325812,0.004444616238050703,0.005562672198869079,0.010203429757038585,-0.010217799125083915,-0.0043759047459098754,-0.004101230608784645,-0.00885506457328944,-0.0027047796404234825
2022-11-02,20159.50390625,1519.7117919921875,1645.699951171875,152.38999938964844,259.7380065917969,356.8061828613281,3759.68994140625,10524.7998046875,25.860000610351562,-0.015902620594443806,-0.03797722576567086,0.0004255022321428825,-0.006972548399621914,-0.03427727109387335,-0.025096226493915186,-0.02500198485734284,-0.03361076663591045,0.0019372780102207
2022-11-03,20209.98828125,1531.541748046875,1627.300048828125,151.80999755859375,254.66407775878906,353.13226318359375,3719.889892578125,10342.9404296875,25.299999237060547,0.0025042468919260763,0.007784341818641627,-0.011180593601310962,-0.003806036048150885,-0.019534795464038357,-0.010296681655772355,-0.010585992315429671,-0.01727912914020502,-0.02165511833231948
2022-11-04,21147.23046875,1645.0933837890625,1672.5,156.47000122070312,258.76043701171875,358.2148132324219,3770.550048828125,10475.25,24.549999237060547,0.0463751969796804,0.074142044046136,0.027776039953065323,0.030696289684813083,0.016085343834043364,0.014392766050338679,0.013618724670070526,0.012792258759678266,-0.029644269668647527
2022-11-05,21282.69140625,1627.968017578125,,,,,,,,0.006405611254872046,-0.010409966011469485,,,,,,,
2022-11-06,20926.486328125,1572.2347412109375,,,,,,,,-0.01673684363155281,-0.034234871794410315,,,,,,,
2022-11-07,20602.81640625,1568.59130859375,1676.5,155.85000610351562,261.6053161621094,361.6414794921875,3806.800048828125,10564.51953125,24.350000381469727,-0.015466997985227438,-0.002317359184151657,,,,,,,
2022-11-08,18541.271484375,1332.8355712890625,1712.0999755859375,159.4499969482422,263.5116882324219,363.59271240234375,3828.110107421875,10616.2001953125,25.540000915527344,-0.10006131594948431,-0.1502977455077471,0.02123470061791677,0.023099074133724695,0.00728720692025675,0.005395489789766783,0.005597892802462701,0.004891908610668683,0.04887065771724597
2022-11-09,15880.7802734375,1100.1697998046875,1710.0999755859375,158.64999389648438,257.4308776855469,356.1018981933594,3748.570068359375,10353.169921875,26.09000015258789,-0.14349022466876316,-0.17456449729905577,-0.001168156082307914,-0.0050172660211307285,-0.02307605627539233,-0.020602212182666668,-0.02077788695478977,-0.024776310600627016,0.021534816654065425
2022-11-10,17586.771484375,1299.464599609375,1750.300048828125,163.47999572753906,276.4263000488281,375.6711120605469,3956.3701171875,11114.150390625,23.530000686645508,0.10742489862358795,0.18114912792558768,0.023507440393017776,0.030444387121793204,0.07378843802290214,0.05495397235024457,0.05543448436034493,0.07350217126661285,-0.09812186473630413
2022-11-11,17034.29296875,1287.2210693359375,1766.0,164.55999755859375,281.5197448730469,379.3070983886719,3992.929931640625,11323.330078125,22.520000457763672,-0.03141443647663533,-0.009421980619647496,0.008969862728614109,0.006606324071935177,0.018426049993502946,0.009678642332070053,0.009240746788147902,0.018821023663351477,-0.04292393537646866
2022-11-12,16799.185546875,1255.268310546875,,,,,,,,-0.013802006476365758,-0.02482305452438449,,,,,,,
2022-11-13,16353.365234375,1221.8192138671875,,,,,,,,-0.026538209918333333,-0.026646969734394843,,,,,,,
2022-11-14,16618.19921875,1241.604248046875,1773.5999755859375,164.9199981689453,279.05609130859375,376.0804443359375,3957.25,11196.2197265625,23.729999542236328,0.016194463988263186,0.016193094653558227,,,,,,,
2022-11-15,16884.61328125,1251.7362060546875,1773.800048828125,165.5,282.91778564453125,379.28802490234375,3991.72998046875,11358.41015625,24.540000915527344,0.016031463998783302,0.008160376403149927,0.0001128062950730424,0.0035168677995043307,0.013838416204529524,0.008528974624218977,0.008713116550319144,0.014486177803630484,0.03413406611531178
2022-11-16,16669.439453125,1215.6025390625,1773.0,165.1199951171875,279.05609130859375,376.3945617675781,3958.7900390625,11183.66015625,24.110000610351562,-0.0127437818409466,-0.028866838569826303,-0.0004510366479320016,-0.0022961020109516506,-0.013649528350223594,-0.0076286698888281546,-0.008252046497990273,-0.01538507569246772,-0.017522424170070217
2022-11-17,16687.517578125,1200.80859375,1760.800048828125,163.9199981689453,278.4402160644531,375.2428283691406,3946.56005859375,11144.9599609375,23.93000030517578,0.0010845070736082985,-0.012170051342529575,-0.006880965127961103,-0.007267423593311895,-0.0022069944477920433,-0.0030599097740118264,-0.0030893228355314273,-0.0034604230432442318,-0.007465794301908857
2022-11-18,16697.77734375,1212.30029296875,1751.9000244140625,162.7899932861328,278.4499206542969,376.9465637207031,3965.340087890625,11146.0595703125,23.1200008392334,0.0006148167681003791,0.009569967502366605,-0.005054534397580079,-0.006893636502166456,3.485340580788865e-05,0.004540354199351837,0.00475858190881473,9.866427325477822e-05,-0.03384870270006601
2022-11-19,16711.546875,1218.4267578125,,,,,,,,0.0008246325823211276,0.005053586870582327,,,,,,,
2022-11-20,16291.83203125,1142.4666748046875,,,,,,,,-0.025115259939095247,-0.062342756772829966,,,,,,,
2022-11-21,15787.2841796875,1108.35302734375,1737.4000244140625,161.8800048828125,275.5854797363281,375.575927734375,3949.93994140625,11024.509765625,22.360000610351562,-0.030969374751391165,-0.0298596433605115,,,,,,,
2022-11-22,16189.76953125,1135.1734619140625,1738.300048828125,162.07000732421875,279.5546875,380.6300964355469,4003.580078125,11174.41015625,21.290000915527344,0.025494274188105903,0.024198458350936924,0.0005180294701365717,0.00117372396636517,0.014402818927432115,0.013457115666759112,0.013579987927526016,0.013597011913617951,-0.0478532945266944
2022-11-23,16610.70703125,1183.1995849609375,1744.9000244140625,163.0800018310547,282.36053466796875,383.0286865234375,4027.260009765625,11285.3203125,20.350000381469727,0.02600021570334854,0.04230729897957275,0.0037967988267542108,0.006231840940288613,0.010036845359528312,0.0063016301400034,0.0059146891478476515,0.009925370082103813,-0.04415220731024261
2022-11-24,16604.46484375,1203.983154296875,,,,,,,,-0.0003757930043709612,0.01756556510001106,,,,,,,
2022-11-25,16521.841796875,1198.9259033203125,1753.300048828125,163.22000122070312,280.5029602050781,382.9430236816406,4026.1201171875,11226.3603515625,20.5,-0.004975953615638518,-0.004200433335394882,,,,,,,
2022-11-26,16464.28125,1205.89794921875,,,,,,,,-0.0034839061881034583,0.005815243360018485,,,,,,,
2022-11-27,16444.626953125,1195.126953125,,,,,,,,-0.0011937537130568554,-0.008931930020055212,,,,,,,
2022-11-28,16217.322265625,1170.086181640625,1740.0999755859375,161.92999267578125,276.3871765136719,376.8323669433594,3963.93994140625,11049.5,22.209999084472656,-0.013822428939733733,-0.02095239457105269,,,,,,,
2022-11-29,16444.982421875,1216.9012451171875,1748.4000244140625,162.72999572753906,274.2950439453125,376.1851501464844,3957.6298828125,10983.7802734375,21.889999389648438,0.014038085481754337,0.040009927654150346,0.00476986894119702,0.004940425418036076,-0.00756957176794304,-0.001717519124285527,-0.0015918653377758885,-0.005947755695959067,-0.014407911211844038
2022-11-30,17168.56640625,1295.6885986328125,1746.0,164.80999755859375,286.79888916015625,388.0351867675781,4080.110107421875,11468.0,20.579999923706055,0.044000289316970864,0.06474424595402373,-0.0013726975409227293,0.012781920270785507,0.04558538512032584,0.031500543326814956,0.030947872397389053,0.04408497935210032,-0.05984465520642579
2022-12-01,16967.1328125,1276.27392578125,1801.0999755859375,167.83999633789062,287.1509704589844,387.74969482421875,4076.570068359375,11482.4501953125,19.84000015258789,-0.011732697360023692,-0.014984057799110495,0.03155783252344646,0.01838479961277617,0.0012276243463116288,-0.0007357372555246711,-0.0008676332180498347,0.0012600449348185716,-0.03595722905060661
2022-12-02,17088.66015625,1294.3033447265625,1795.9000244140625,167.25999450683594,286.0071716308594,387.30230712890625,4071.699951171875,11461.5,19.059999465942383,0.007162515027905547,0.014126606037395906,-0.002887097463972421,-0.0034556830535615868,-0.0039832664549130925,-0.001153805409222386,-0.001194660488065602,-0.0018245404905873341,-0.039314550435815665
2022-12-03,16908.236328125,1243.3348388671875,,,,,,,,-0.010558102652595158,-0.03937910387625765,,,,,,,
2022-12-04,17130.486328125,1280.256591796875,,,,,,,,0.013144481522908036,0.029695743878074943,,,,,,,
2022-12-05,16974.826171875,1259.6767578125,1767.4000244140625,164.38999938964844,281.2069091796875,380.3350830078125,3998.840087890625,11239.9404296875,20.75,-0.00908673304822849,-0.016074772913678648,,,,,,,
2022-12-06,17089.50390625,1271.65380859375,1769.300048828125,164.83999633789062,275.38018798828125,374.8525390625,3941.260009765625,11014.8896484375,22.170000076293945,0.006755753090715411,0.009508035062938625,0.001075039259825994,0.0027373742314797944,-0.020720405513518392,-0.014415036083326283,-0.014399194981406072,-0.02002241761491763,0.06843373861657565
2022-12-07,16848.126953125,1232.4375,1785.5,166.3300018310547,274.2558898925781,374.2149353027344,3933.919921875,10958.5498046875,22.68000030517578,-0.01412428087141393,-0.030838824473082838,0.009156135604362126,0.009039101712364994,-0.004082712354568363,-0.0017009455541111551,-0.0018623708845491027,-0.005114880452569248,0.02300406978469849
2022-12-08,17233.474609375,1281.1163330078125,1788.699951171875,166.47000122070312,277.5016784667969,377.14642333984375,3963.510009765625,11082.0,22.290000915527344,0.022871839541696026,0.0394980134958669,0.0017921877187763169,0.0008416965556858891,0.011834891040954698,0.007833701331930731,0.00752178195750397,0.011265194529635147,-0.017195740052941555
2022-12-09,17133.15234375,1264.2847900390625,1798.0999755859375,167.05999755859375,275.732177734375,374.3291015625,3934.3798828125,11004.6201171875,22.829999923706055,-0.005821360340788395,-0.013138184671514397,0.005255227075901647,0.003544160110315664,-0.006376540647243689,-0.007470100743352637,-0.007349578247904498,-0.006982483560052377,0.024226064872098885
2022-12-10,17128.724609375,1266.3841552734375,,,,,,,,-0.00025843080632004245,0.0016605160885547754,,,,,,,
2022-12-11,17104.193359375,1263.8685302734375,,,,,,,,-0.0014321702613265819,-0.0019864627881867047,,,,,,,
2022-12-12,17206.4375,1274.6190185546875,1780.5,165.67999267578125,279.1929626464844,379.72589111328125,3990.56005859375,11143.740234375,25.0,0.005977723618808328,0.00850601785212901,,,,,,,
2022-12-13,17781.318359375,1320.5491943359375,1813.9000244140625,168.50999450683594,282.1943359375,382.600341796875,4019.64990234375,11256.8095703125,22.549999237060547,0.033410801008343594,0.03603443469196854,0.018758789336738246,0.017081132038632596,0.010750175300141773,0.007569804300587624,0.0072896644387934195,0.010146443972977481,-0.09800003051757811
2022-12-14,17815.650390625,1309.3287353515625,1807.5,168.10000610351562,280.1022033691406,380.1541442871094,3995.320068359375,11170.8896484375,21.139999389648438,0.0019307922256450727,-0.008496812562910572,-0.0035283225800329943,-0.0024330212847030186,-0.007413800710807772,-0.006393610361865143,-0.006052724634100337,-0.007632706348839391,-0.06252771153512049
2022-12-15,17364.865234375,1266.3538818359375,1777.199951171875,165.35000610351562,270.6972961425781,370.8550109863281,3895.75,10810.5302734375,22.829999923706055,-0.02530276169357326,-0.03282205022719986,-0.016763512491355437,-0.01635930934057528,-0.03357669848161804,-0.024461480798057877,-0.024921675023714007,-0.03225878925859804,0.07994326314338274
2022-12-16,16647.484375,1168.2593994140625,1790.0,166.7899932861328,268.1163330078125,366.47662353515625,3852.360107421875,10705.41015625,22.6200008392334,-0.04131220425223303,-0.07746214058242495,0.00720236843338018,0.008708721678036602,-0.009534499130742002,-0.011806197358711912,-0.011137750774080746,-0.009723863171244296,-0.009198383056260973
2022-12-17,16795.091796875,1188.1495361328125,,,,,,,,0.008866650272798315,0.017025445486444024,,,,,,,
2022-12-18,16757.9765625,1184.7152099609375,,,,,,,,-0.0022098857704312413,-0.0028904831146532306,,,,,,,
2022-12-19,16439.6796875,1167.60986328125,1787.699951171875,166.32000732421875,264.3483581542969,363.3689880371094,3817.659912109375,10546.0302734375,22.420000076293945,-0.01899375344110854,-0.014438361671959554,,,,,,,
2022-12-20,16906.3046875,1217.70361328125,1815.9000244140625,169.0800018310547,264.1425476074219,363.8662109375,3821.6201171875,10547.1103515625,21.479999542236328,0.028384068842582266,0.04290281503722926,0.015774500202733632,0.016594482836064905,-0.0007785580675135906,0.0013683691144821264,0.0010373383615349674,0.00010241561013923928,-0.041926874703784645
2022-12-21,16817.53515625,1213.5999755859375,1815.9000244140625,168.8000030517578,267.9742126464844,369.30694580078125,3878.43994140625,10709.3701171875,20.06999969482422,-0.005250676176186131,-0.0033699807166168716,0.0,-0.0016560135809358112,0.014506050137584214,0.014952569652629144,0.014867993802734736,0.01538428633212896,-0.06564245239575606
2022-12-22,16830.341796875,1218.18212890625,1787.0,166.75999450683594,261.418212890625,364.0382995605469,3822.389892578125,10476.1201171875,21.969999313354492,0.0007615052090579333,0.003775670247603724,-0.015914986522117425,-0.012085358459954287,-0.024465039718236437,-0.014266306930161288,-0.01445169956861636,-0.02177999242230466,0.09466864212360981
2022-12-23,16796.953125,1220.159423828125,1795.9000244140625,167.25999450683594,262.0062255859375,366.13238525390625,3844.820068359375,10497.8603515625,20.8700008392334,-0.001983838015767403,0.0016231521337866095,0.004980427763884965,0.002998321039039853,0.002249318013502366,0.005752377417121535,0.005868102525282026,0.0020752181276857407,-0.05006820703232606
2022-12-24,16847.755859375,1221.1485595703125,,,,,,,,0.003024520816182319,0.0008106610684399662,,,,,,,
2022-12-25,16841.986328125,1218.9620361328125,,,,,,,,-0.000342451024228807,-0.0017905466295349282,,,,,,,
2022-12-26,16919.8046875,1226.974365234375,,,,,,,,0.004620497716771643,0.006573075177125132,,,,,,,
2022-12-27,16717.173828125,1212.7916259765625,1814.800048828125,168.6699981689453,258.30194091796875,364.6885681152344,3829.25,10353.23046875,21.649999618530273,-0.011975957353969946,-0.011559116196452335,,,,,,,
2022-12-28,16552.572265625,1189.986083984375,1807.9000244140625,167.91000366210938,254.8916015625,360.1562194824219,3783.219970703125,10213.2900390625,22.139999389648438,-0.009846255365429935,-0.018804171717317075,-0.003802085204107186,-0.004505807286929064,-0.013202918039829203,-0.012427997554835257,-0.012020638322615351,-0.013516595627798833,0.02263278428415183
2022-12-29,16642.341796875,1201.5953369140625,1819.5,168.85000610351562,261.1046447753906,366.6391906738281,3849.280029296875,10478.08984375,21.440000534057617,0.0054232979508825885,0.009755788816300015,0.006416270495763099,0.005598251568726287,0.024375237060791033,0.018000442143475626,0.01746133164481911,0.025926983731464404,-0.03161693201844007
2022-12-30,16602.5859375,1199.2327880859375,1819.699951171875,169.63999938964844,260.9478454589844,365.6734313964844,3839.5,10466.48046875,21.670000076293945,-0.002388838052975517,-0.001966176761464933,0.00010989347176426634,0.0046786689817972515,-0.0006005228920424877,-0.002634086322220064,-0.0025407424823445934,-0.0011079667356473921,0.010727590322163083
2022-12-31,16547.49609375,1196.771240234375,,,,,,,,-0.0033181483870876605,-0.002052602193683639,,,,,,,
2023-01-01,16625.080078125,1200.96484375,,,,,,,,0.0046885633896178724,0.003504097838116227,,,,,,,
2023-01-02,16688.470703125,1214.6566162109375,,,,,,,,0.0038129515588565255,0.011400643850810077,,,,,,,
2023-01-03,16679.857421875,1214.77880859375,1839.699951171875,171.05999755859375,259.1838684082031,364.1339416503906,3824.139892578125,10386.98046875,22.899999618530273,-0.000516121662866742,0.00010059829352737637,,,,,,,
2023-01-04,16863.23828125,1256.526611328125,1852.800048828125,172.6699981689453,260.4186096191406,366.9451904296875,3852.969970703125,10458.759765625,22.010000228881836,0.010994150293785143,0.03436658792451519,0.00712077947705847,0.0094119059589024,0.0047639585693382,0.007720370055467107,0.007538970575044379,0.006910506579939524,-0.03886460281546322
2023-01-05,16836.736328125,1250.4385986328125,1834.800048828125,170.52000427246094,256.34197998046875,362.7570495605469,3808.10009765625,10305.240234375,22.459999084472656,-0.0015715814888571655,-0.004845112423745301,-0.00971502565070892,-0.012451461859522062,-0.015654141017932277,-0.011413532533936177,-0.011645528874622113,-0.014678559857027706,0.02044519995053551
2023-01-06,16951.96875,1269.3790283203125,1864.199951171875,173.7100067138672,263.4174499511719,371.07586669921875,3895.080078125,10569.2900390625,21.1299991607666,0.006844106816741524,0.015147028977039678,0.016023491149636415,0.01870749684189077,0.02760168260868623,0.022932199798045172,0.02284078102943865,0.02562286746180975,-0.05921638370081361
2023-01-07,16955.078125,1264.2703857421875,,,,,,,,0.00018342264818071996,-0.00402452101708739,,,,,,,
2023-01-08,17091.14453125,1287.3594970703125,,,,,,,,0.008025112314249405,0.018262795354943462,,,,,,,
2023-01-09,17196.5546875,1321.5389404296875,1872.699951171875,174.10000610351562,265.1225891113281,370.8655090332031,3892.090087890625,10635.650390625,21.969999313354492,0.006167530562816603,0.026550037838815266,,,,,,,
2023-01-10,17446.29296875,1336.5860595703125,1871.5999755859375,174.74000549316406,267.36669921875,373.46624755859375,3919.25,10742.6298828125,20.579999923706055,0.014522576515372032,0.011386058087499595,-0.0005873741734490068,0.0036760446135073455,0.008464424381732227,0.007012619027772171,0.006978233159061986,0.010058575475722531,-0.06326806705012156
2023-01-11,17934.896484375,1387.9327392578125,1874.5999755859375,174.6199951171875,271.9921569824219,378.1898193359375,3969.610107421875,10931.669921875,21.09000015258789,0.02800615102017323,0.03841629150614301,0.0016029066248843815,-0.000686793935011365,0.017300051865799082,0.012647921487477065,0.012849424614881588,0.01759718440686031,0.024781352321307182
2023-01-12,18869.587890625,1417.9384765625,1895.5,176.63999938964844,273.46209716796875,379.5667724609375,3983.169921875,11001.099609375,18.829999923706055,0.052115795988246116,0.021619013988194213,0.011149058298440373,0.011568000967502767,0.005404347690958877,0.0036409047906624803,0.0034159058663651987,0.006351242581983385,-0.10715980144763149
2023-01-13,19909.57421875,1451.6148681640625,1918.4000244140625,178.75999450683594,275.3436279296875,381.0392761230469,3999.090087890625,11079.16015625,18.350000381469727,0.05511441660269112,0.02375024880007759,0.012081257934087208,0.012001783992939385,0.006880407856168391,0.0038794324712942974,0.003996858363534361,0.007095704033847516,-0.025491213180093064
2023-01-14,20976.298828125,1550.7069091796875,,,,,,,,0.05357847423830919,0.0682633136301174,,,,,,,
2023-01-15,20880.798828125,1552.4794921875,,,,,,,,-0.004552757413617381,0.0011430806152468165,,,,,,,
2023-01-16,21169.6328125,1576.83349609375,,,,,,,,0.013832516023570829,0.015687166258109064,,,,,,,
2023-01-17,21161.51953125,1567.8460693359375,1907.199951171875,177.58999633789062,275.9022521972656,380.3412780761719,3990.969970703125,11095.1103515625,19.360000610351562,-0.00038325091993141047,-0.0056996675806778585,,,,,,,
2023-01-18,20688.78125,1515.5069580078125,1904.4000244140625,177.0800018310547,272.3155517578125,374.33642578125,3928.860107421875,10957.009765625,20.34000015258789,-0.022339524368838015,-0.033382812478710555,-0.001468082439962326,-0.0028717524486322477,-0.012999895473447265,-0.015788063618273007,-0.015562598500411085,-0.012446977232457357,0.0506198094700645
2023-01-19,21086.79296875,1552.5565185546875,1922.0999755859375,179.88999938964844,269.6402282714844,371.6113586425781,3898.85009765625,10852.26953125,20.520000457763672,0.019238045679950355,0.024446974889233086,0.0092942401517353,0.015868520044824974,-0.009824350717609676,-0.007279727408265435,-0.007638350296294338,-0.009559198779177658,0.008849572459461275
2023-01-20,22676.552734375,1659.754150390625,1926.4000244140625,179.2899932861328,277.0195007324219,378.5340270996094,3972.610107421875,11140.4296875,19.850000381469727,0.07539125404137925,0.0690458804911851,0.002237161897270301,-0.003335405556458948,0.027367105080135845,0.018628785950780324,0.018918401045981525,0.02655298556861485,-0.03265107511439913
2023-01-21,22777.625,1627.1181640625,,,,,,,,0.004457126566322689,-0.019663144882297257,,,,,,,
2023-01-22,22720.416015625,1628.382080078125,,,,,,,,-0.002511630794474806,0.0007767819470894111,,,,,,,
2023-01-23,22934.431640625,1628.2510986328125,1927.0999755859375,179.6300048828125,283.1737060546875,383.07598876953125,4019.81005859375,11364.41015625,19.809999465942383,0.009419529327844067,-8.043655534839544e-05,,,,,,,
2023-01-24,22636.46875,1556.604248046875,1933.9000244140625,180.27999877929688,282.5954895019531,382.66485595703125,4016.949951171875,11334.26953125,19.200000762939453,-0.012991945703908492,-0.04400233517182761,0.0035286435131927085,0.003618515163479552,-0.0020419146988975845,-0.0010732408831485296,-0.0007115031258156934,-0.0026521944021373756,-0.030792464384042373
2023-01-25,23117.859375,1611.7110595703125,1941.199951171875,181.11000061035156,281.9682922363281,382.8082580566406,4016.219970703125,11313.3603515625,19.079999923706055,0.021266153759075257,0.035401940854640435,0.003774717754618351,0.004603959599926544,-0.002219417113593636,0.00037474593597242034,-0.0001817250594663422,-0.00184477523053872,-0.006250043461718424
2023-01-26,23032.77734375,1603.10595703125,1929.0999755859375,179.47000122070312,287.4659423828125,387.0154724121094,4060.429931640625,11512.41015625,18.729999542236328,-0.003680359408276712,-0.005339109940311948,-0.006233245358693185,-0.009055266877154966,0.019497405551814895,0.010990396019216142,0.011007853469181317,0.017594224748618492,-0.018343835580149404
2023-01-27,23078.728515625,1598.156494140625,1928.5999755859375,179.22000122070312,290.3275146484375,387.9046630859375,4070.56005859375,11621.7099609375,18.510000228881836,0.0019950339114214177,-0.0030874209336673175,-0.00025918822576742606,-0.0013929904624704337,0.009954474056666829,0.0022975584626789836,0.002494840970949097,0.009494085356936521,-0.011745825879941552
2023-01-28,23031.08984375,1572.43505859375,,,,,,,,-0.0020641809553220147,-0.01609444108957936,,,,,,,
2023-01-29,23774.56640625,1646.1556396484375,,,,,,,,0.03228143207915801,0.046883068812149764,,,,,,,
2023-01-30,22840.138671875,1567.3265380859375,1922.9000244140625,178.75999450683594,284.45745849609375,383.0377197265625,4017.77001953125,11393.8095703125,19.940000534057617,-0.03930367092328346,-0.04788678522483769,,,,,,,
2023-01-31,23139.283203125,1586.535400390625,1929.5,179.41000366210938,288.7203674316406,388.6695861816406,4076.60009765625,11584.5498046875,19.399999618530273,0.013097316769725253,0.012255813857491304,0.0034323030329923565,0.0036362115419990015,0.014986103574448517,0.014703164114224787,0.014642470285510134,0.016740690038561823,-0.02708128891997874
2023-02-01,23723.76953125,1641.792724609375,1927.800048828125,181.6699981689453,294.8941650390625,392.8003234863281,4119.2099609375,11816.3203125,17.8700008392334,0.025259482888651652,0.034828926102213,-0.0008810319626199048,0.012596814339808304,0.021383311687851903,0.010627889218882913,0.010452303944590291,0.02000686360023396,-0.07886591800937293
2023-02-02,23471.87109375,1643.2415771484375,1916.300048828125,177.89999389648438,305.4779357910156,398.518310546875,4179.759765625,12200.8203125,18.729999542236328,-0.01061797692681965,0.0008824820072261819,-0.005965348951511129,-0.02075193653580043,0.03589006500196823,0.01455698154674745,0.014699373244309921,0.032539740784891746,0.04812527490848306
2023-02-03,23449.322265625,1664.74560546875,1862.9000244140625,173.4600067138672,300.04888916015625,394.28240966796875,4136.47998046875,12006.9501953125,18.329999923706055,-0.0009606745041729203,0.013086346292204398,-0.027866212520694877,-0.024957770292002968,-0.017772303642163867,-0.010629124852741256,-0.010354610691310495,-0.015889924793735077,-0.021356093342568938
2023-02-04,23331.84765625,1667.0592041015625,,,,,,,,-0.005009723012217249,0.0013897610693263118,,,,,,,
2023-02-05,22955.666015625,1631.6458740234375,,,,,,,,-0.01612309690031044,-0.02124299484445158,,,,,,,
2023-02-06,22760.109375,1616.2470703125,1866.199951171875,173.82000732421875,297.5107421875,391.872802734375,4111.080078125,11887.4501953125,19.43000030517578,-0.008518883333286542,-0.009437589342205732,,,,,,,
2023-02-07,23264.291015625,1672.0035400390625,1871.699951171875,173.97999572753906,303.67474365234375,396.99798583984375,4164.0,12113.7900390625,18.65999984741211,0.022151986720186922,0.03449749159686455,0.0029471654398802727,0.000920425708082595,0.02071858454428188,0.013078690508008473,0.01287251059802652,0.019040234872172324,-0.039629461949033495
2023-02-08,22939.3984375,1650.716796875,1877.4000244140625,174.41000366210938,298.27508544921875,392.65692138671875,4117.85986328125,11910.51953125,19.6299991607666,-0.013965290320121615,-0.01273127876485547,0.003045399044124819,0.002471594120761589,-0.017781057911443243,-0.01093472664336459,-0.011080724476164705,-0.01678009171011119,0.05198281464557564
2023-02-09,21819.0390625,1546.438232421875,1866.199951171875,173.02999877929688,295.6389465332031,389.2528991699219,4081.5,11789.580078125,20.709999084472656,-0.04883996317743455,-0.0631716867790626,-0.00596573617584939,-0.007912418174625069,-0.008837945388718738,-0.008669202123765318,-0.00882979617773516,-0.010154003174058679,0.055017828317822426
2023-02-10,21651.18359375,1514.869140625,1862.800048828125,173.36000061035156,293.69866943359375,390.1612548828125,4090.4599609375,11718.1201171875,20.530000686645508,-0.007693073387383564,-0.02041406577709526,-0.001821831761176007,0.0019071943211166342,-0.006562995580798647,0.002333587533523085,0.0021952617756952897,-0.006061281272442431,-0.008691376426090858
2023-02-11,21870.875,1539.9267578125,,,,,,,,0.010146854341645195,0.01654111006391079,,,,,,,
2023-02-12,21788.203125,1515.03369140625,,,,,,,,-0.003779998514005456,-0.016165097645040705,,,,,,,
2023-02-13,21808.1015625,1507.1658935546875,1851.9000244140625,172.47999572753906,298.40252685546875,394.7414245605469,4137.2900390625,11891.7900390625,20.34000015258789,0.0009132665684197239,-0.005193150420476522,,,,,,,
2023-02-14,22220.8046875,1556.8751220703125,1854.0,172.61000061035156,300.60748291015625,394.559814453125,4136.1298828125,11960.150390625,18.90999984741211,0.018924303145655852,0.03298192238041198,0.0011339573185662477,0.0007537389032514774,0.007389200345999214,-0.0004600735978598225,-0.0002804145319874607,0.005748533344260842,-0.07030483256873721
2023-02-15,24307.841796875,1673.7459716796875,1834.199951171875,170.88999938964844,302.9104309082031,395.8410339355469,4147.60009765625,12070.58984375,18.229999542236328,0.09392266116037784,0.0750675811775845,-0.010679637987122459,-0.00996466725346834,0.007660980278176188,0.0032472122996045627,0.002773175690496066,0.009233951875017299,-0.03595982605303094
2023-02-16,23623.474609375,1640.067626953125,1842.0,170.75,297.2265319824219,390.3907775878906,4090.409912109375,11855.830078125,20.170000076293945,-0.028154173176657027,-0.020121538929091298,0.0042525618993400904,-0.0008192368783922488,-0.018764289195124295,-0.013768800807406167,-0.013788741489130674,-0.01779198600938292,0.10641802428809233
2023-02-17,24565.6015625,1694.7833251953125,1840.4000244140625,171.25999450683594,295.1294250488281,389.41546630859375,4079.090087890625,11787.26953125,20.020000457763672,0.03988096453648349,0.03336185492779764,-0.0008686078099552352,0.002986790669610162,-0.007055584572502993,-0.00249829487602915,-0.002767405825327751,-0.005782855053017344,-0.007436768367024893
2023-02-18,24641.27734375,1691.8194580078125,,,,,,,,0.0030805588480080637,-0.0017488177653378623,,,,,,,
2023-02-19,24327.642578125,1681.4361572265625,,,,,,,,-0.012728023845912761,-0.006137357465717308,,,,,,,
2023-02-20,24829.1484375,1702.6751708984375,,,,,,,,0.020614650916729094,0.0126314719596059,,,,,,,
2023-02-21,24436.353515625,1658.036376953125,1833.0,170.6199951171875,288.1421813964844,381.60345458984375,3997.340087890625,11492.2998046875,22.8700008392334,-0.01581991113645098,-0.026216858452078218,,,,,,,
2023-02-22,24188.84375,1643.231689453125,1832.0,169.66000366210938,288.35772705078125,381.0775451660156,3991.050048828125,11507.0703125,22.290000915527344,-0.01012875204423358,-0.008929048666112882,-0.0005455537370431252,-0.005626488586046308,0.0007480531078518649,-0.0013781568733265415,-0.0015735561458868341,0.0012852525659377,-0.025360730320178493
2023-02-23,23947.4921875,1651.0738525390625,1818.0,169.57000732421875,290.8763427734375,383.1046447753906,4012.320068359375,11590.400390625,21.139999389648438,-0.00997780485063493,0.004772402538407272,-0.007641921397379958,-0.0005304511136865475,0.008734344483901202,0.0053193887571933995,0.005329429416074394,0.007241641517952591,-0.051592708777226104
2023-02-24,23198.126953125,1608.3731689453125,1808.800048828125,168.35000610351562,286.0058898925781,379.0121765136719,3970.0400390625,11394.9404296875,21.670000076293945,-0.03129201289670536,-0.025862370437327087,-0.005060479192450451,-0.00719467575637045,-0.016744066686278924,-0.010682377041181801,-0.010537551485558128,-0.016863952439089114,0.025070988739244404
2023-02-25,23175.375,1594.9149169921875,,,,,,,,-0.0009807668166905703,-0.00836761779727413,,,,,,,
2023-02-26,23561.212890625,1640.817138671875,,,,,,,,0.016648614774302573,0.028780357616977614,,,,,,,
2023-02-27,23522.87109375,1634.326416015625,1817.0,169.00999450683594,288.053955078125,380.30303955078125,3982.239990234375,11466.98046875,20.950000762939453,-0.0016273269569350157,-0.003955786725572508,,,,,,,
2023-02-28,23147.353515625,1605.8951416015625,1828.9000244140625,169.77999877929688,287.6816101074219,378.8974304199219,3970.14990234375,11455.5400390625,20.700000762939453,-0.01596393470118429,-0.01739632556596371,0.006549270453529266,0.00455596886271592,-0.0012926223165453665,-0.003696023919555591,-0.0030360018281855305,-0.000997684588255665,-0.011933173789771434
2023-03-01,23646.55078125,1663.4337158203125,1837.699951171875,170.75999450683594,285.36883544921875,377.44403076171875,3951.389892578125,11379.48046875,20.579999923706055,0.02156606219747892,0.035829596047825873,0.004811595297906868,0.005772150633673867,-0.008039355234905399,-0.0038358657027374177,-0.004725264845680033,-0.00663954471401107,-0.0057971417782864965
2023-03-02,23475.466796875,1647.3193359375,1833.5,170.66000366210938,287.7306213378906,380.3795471191406,3981.35009765625,11462.98046875,19.59000015258789,-0.007235050302163204,-0.009687419299942324,-0.002285439018049007,-0.0005855636445488699,0.0082762572337447,0.007777355364443572,0.0075821940867943916,0.007337769086146251,-0.04810494532498932
2023-03-03,22362.6796875,1569.1676025390625,1847.699951171875,172.49000549316406,293.6790466308594,386.4799499511719,4045.639892578125,11689.009765625,18.489999771118164,-0.047402129167592566,-0.04744176292568125,0.007744723846127677,0.010723085619275707,0.020673591379706924,0.016037673103702632,0.0161477371607488,0.019718196108873487,-0.05615111653403504
2023-03-04,22353.349609375,1566.9239501953125,,,,,,,,-0.0004172164631153219,-0.0014298360099453955,,,,,,,
2023-03-05,22435.513671875,1564.46875,,,,,,,,0.0036756935285233716,-0.001566891740346743,,,,,,,
2023-03-06,22429.7578125,1567.398681640625,1847.9000244140625,171.6199951171875,294.01226806640625,386.74774169921875,4048.419921875,11675.740234375,18.610000610351562,-0.00025655126328649747,0.0018727965263767299,,,,,,,
2023-03-07,22219.76953125,1561.93310546875,1813.9000244140625,168.6199951171875,290.4059753417969,380.8193664550781,3986.3701171875,11530.330078125,19.59000015258789,-0.00936203961743065,-0.0034870363462051746,-0.018399263786351705,-0.017480480627863337,-0.012265789956066864,-0.015328790849802099,-0.015326919115337678,-0.012454041742200883,0.052659833965358116
2023-03-08,21718.080078125,1534.0882568359375,1812.699951171875,168.5399932861328,291.85626220703125,381.4408874511719,3992.010009765625,11576.0,19.110000610351562,-0.022578517406286358,-0.017827171045494916,-0.0006615983384062885,-0.00047445044105887124,0.004993998017869483,0.0016320624706649411,0.0014147940136839399,0.003960851212893246,-0.02450227353229084
2023-03-09,20363.021484375,1438.6607666015625,1829.300048828125,170.1999969482422,286.7995910644531,374.40338134765625,3918.320068359375,11338.349609375,22.610000610351562,-0.06239311158608585,-0.0622046937711358,0.009157664314779934,0.009849316056938173,-0.0173258956458201,-0.018449794804487274,-0.01845935787384867,-0.02052957762828267,0.1831501773005757
2023-03-10,20187.244140625,1429.1580810546875,1862.0,173.8699951171875,282.77191162109375,369.0009460449219,3861.590087890625,11138.8896484375,24.799999237060547,-0.008632183779056501,-0.0066052302026157195,0.01787566298531673,0.021562856843419187,-0.014043532727542218,-0.014429451153161188,-0.01447813845705137,-0.017591622044585642,0.09685973319727981
2023-03-11,20632.41015625,1482.61669921875,,,,,,,,0.022051846825845045,0.0374056718236595,,,,,,,
2023-03-12,22163.94921875,1590.29296875,,,,,,,,0.07422977009964415,0.07262583079496476,,,,,,,
2023-03-13,24197.533203125,1680.3089599609375,1911.699951171875,177.86000061035156,284.8690185546875,368.47503662109375,3855.760009765625,11188.83984375,26.520000457763672,0.09175187888693825,0.05660340137307651,,,,,,,
2023-03-14,24746.07421875,1703.507080078125,1906.199951171875,176.8300018310547,291.415283203125,374.56597900390625,3919.2900390625,11428.150390625,23.729999542236328,0.022669294883089997,0.013805865867504874,-0.0028770205264839754,-0.005791064746217711,0.022979910843413665,0.0165301357689418,0.016476655480623936,0.0213883253506999,-0.10520365261572151
2023-03-15,24375.9609375,1656.1805419921875,1926.5999755859375,178.2100067138672,292.9440002441406,372.2232360839844,3891.929931640625,11434.0498046875,26.139999389648438,-0.014956444322371198,-0.027781826468116,0.010701933132209573,0.007804133170404848,0.0052458368834076285,-0.006254553406457197,-0.00698088356543769,0.0005162177483539754,0.10155920328285806
2023-03-16,25052.7890625,1677.2154541015625,1919.0,178.57000732421875,300.66619873046875,378.7539978027344,3960.280029296875,11717.2802734375,22.989999771118164,0.027766213062754286,0.012700856927151394,-0.003944760553433624,0.002020092008242713,0.02636066442696361,0.01754528220069651,0.017562006217166637,0.024770791940567527,-0.12050496144149447
2023-03-17,27423.9296875,1792.485107421875,1969.800048828125,183.77000427246094,299.2452392578125,374.3253173828125,3916.639892578125,11630.509765625,25.510000228881836,0.0946457745317153,0.06872680134113085,0.026472146340867697,0.02912021467748982,-0.004726036643480702,-0.011692762177070049,-0.011019457310067593,-0.00740534542040483,0.10961289616581449
2023-03-18,26965.87890625,1761.65966796875,,,,,,,,-0.01670259464889101,-0.017197040759496796,,,,,,,
2023-03-19,28038.67578125,1785.5765380859375,,,,,,,,0.039783493752593824,0.013576328363562151,,,,,,,
2023-03-20,27767.236328125,1735.3212890625,1979.199951171875,183.83999633789062,300.3072814941406,377.9247131347656,3951.570068359375,11675.5400390625,24.149999618530273,-0.00968089417783835,-0.028145110529571027,,,,,,,
2023-03-21,28175.81640625,1806.7607421875,1938.0,180.3699951171875,304.5964050292969,382.8871154785156,4002.8701171875,11860.1103515625,21.3799991607666,0.014714466837708162,0.04116785380048826,-0.020816467354640267,-0.018875115806276432,0.014282449342607473,0.013130663783769148,0.012982193897784988,0.015808289114035645,-0.11469981372746085
2023-03-22,27307.4375,1737.717041015625,1946.800048828125,183.44000244140625,300.4544372558594,376.3601989746094,3936.969970703125,11669.9599609375,22.260000228881836,-0.030820008681536337,-0.03821408090164813,0.004540788869001444,0.01702060989813825,-0.01359821621348134,-0.017046581720957632,-0.01646322377571363,-0.016032767401691905,0.041160014156131464
2023-03-23,28333.97265625,1816.4051513671875,1993.800048828125,185.74000549316406,304.017333984375,377.3776550292969,3948.719970703125,11787.400390625,22.610000610351562,0.03759177902540278,0.04528246457522944,0.02414218143681035,0.012538176085624908,0.011858359493894133,0.0027034103432284073,0.0029845287333754023,0.0100634818011891,0.015723287415586373
2023-03-24,27493.28515625,1752.0447998046875,1982.0999755859375,183.64999389648438,305.1361999511719,379.85400390625,3970.989990234375,11823.9599609375,21.739999771118164,-0.02967065403073854,-0.035432817130064076,-0.0058682279845786445,-0.011252350246951037,0.0036802703060818676,0.006561991267768352,0.005639807253104534,0.0031015804249405754,-0.038478585393539766
2023-03-25,27494.70703125,1743.7647705078125,,,,,,,,5.17171735541222e-05,-0.0047259232742210555,,,,,,,
2023-03-26,27994.330078125,1775.6767578125,,,,,,,,0.018171608313816145,0.01830062623377482,,,,,,,
2023-03-27,27139.888671875,1715.4608154296875,1952.4000244140625,181.9499969482422,303.04571533203125,380.5642395019531,3977.530029296875,11768.83984375,20.600000381469727,-0.03052194511765327,-0.03391154505901961,,,,,,,
2023-03-28,27268.130859375,1772.78564453125,1972.4000244140625,183.44000244140625,301.4360046386719,379.71002197265625,3971.27001953125,11716.080078125,19.969999313354492,0.004725228944394866,0.033416577391890856,0.010243802371392663,0.008189093257242153,-0.005311775128038709,-0.0022446079810725106,-0.0015738434957162095,-0.004483004809774704,-0.030582575555772262
2023-03-29,28348.44140625,1793.0018310546875,1966.0999755859375,182.52999877929688,306.932373046875,385.2290344238281,4027.81005859375,11926.240234375,19.1200008392334,0.0396180637553154,0.011403627159211949,-0.003194102996422643,-0.00496077000653139,0.018233947914720883,0.014534808490172857,0.014237268879836451,0.017937753484835728,-0.04256377082360119
2023-03-30,28033.5625,1792.7371826171875,1980.300048828125,184.17999267578125,309.8375549316406,387.48468017578125,4050.830078125,12013.4697265625,19.020000457763672,-0.0111074503792854,-0.00014760076254038967,0.007222457361536483,0.009039576549164652,0.009465218204017578,0.005855336826640745,0.005715269388667954,0.007314081426607499,-0.005230145244791484
2023-03-31,28478.484375,1822.0220947265625,1969.0,183.22000122070312,314.99041748046875,392.9461669921875,4109.31005859375,12221.91015625,18.700000762939453,0.015871042968584437,0.016335306922469428,-0.005706230646619459,-0.005212246135594234,0.016630852092687665,0.01409471676126306,0.014436542471763847,0.017350560198826193,-0.01682437892337696
2023-04-01,28411.03515625,1813.860595703125,,,,,,,,-0.0023684272611504964,-0.004479363366151845,,,,,,,
2023-04-02,28199.30859375,1795.7081298828125,,,,,,,,-0.00745226498561502,-0.010007641085160612,,,,,,,
2023-04-03,27790.220703125,1810.297119140625,1983.9000244140625,184.5399932861328,314.224853515625,394.4434814453125,4124.509765625,12189.4501953125,18.549999237060547,-0.014507018470504951,0.008124365544173617,,,,,,,
2023-04-04,28168.08984375,1871.005126953125,2022.199951171875,187.97999572753906,313.16485595703125,392.25506591796875,4100.60009765625,12126.330078125,19.0,0.0135971982612757,0.03353483092395293,0.019305371382877246,0.018640958960437715,-0.003373372751181991,-0.005548109248313615,-0.005796972083329965,-0.00517825793420712,0.02425880223436394
2023-04-05,28177.984375,1909.114013671875,2020.9000244140625,187.8300018310547,310.07318115234375,391.22802734375,4090.3798828125,11996.8603515625,19.079999923706055,0.000351267384649967,0.020368135912491647,-0.0006428280037585887,-0.0007979247786651378,-0.009872355552922318,-0.002618292696399571,-0.002492370531228194,-0.010676744384193637,0.004210522300318598
2023-04-06,28044.140625,1872.922607421875,2011.9000244140625,186.49000549316406,312.1636962890625,392.7541809082031,4105.02001953125,12087.9599609375,18.399999618530273,-0.004749940528704033,-0.018957173846517184,-0.004453461275309434,-0.007134091065472581,0.00674200564186056,0.003900931062672086,0.0035791630944272956,0.007593620889580155,-0.03563942913495044
2023-04-07,27925.859375,1865.6361083984375,,,,,,,,-0.004217681389550476,-0.00389044320067633,,,,,,,
2023-04-08,27947.794921875,1849.4981689453125,,,,,,,,0.0007854922772632111,-0.008650100295806706,,,,,,,
2023-04-09,28333.05078125,1859.3878173828125,,,,,,,,0.013784839213681899,0.005347206395527104,,,,,,,
2023-04-10,29652.98046875,1911.20751953125,1989.0999755859375,185.11000061035156,311.9870300292969,393.1572265625,4109.10986328125,12084.3603515625,18.969999313354492,0.04658621825410658,0.02786922752961596,,,,,,,
2023-04-11,30235.05859375,1892.189697265625,2004.800048828125,186.27999877929688,309.9847412109375,393.2629089355469,4108.93994140625,12031.8798828125,19.100000381469727,0.019629666758571807,-0.009950684094362172,0.007893053860986932,0.006320556237305208,-0.006417859159630335,0.0002688043507959037,-4.1352477946232646e-05,-0.004342842088717935,0.0068529822256617745
2023-04-12,30139.052734375,1920.68212890625,2010.9000244140625,187.19000244140625,307.24639892578125,391.659912109375,4091.949951171875,11929.33984375,19.09000015258789,-0.003175315803583212,0.015057915008098277,0.003042685274026846,0.004885138866613126,-0.008833797026457035,-0.004076145473547843,-0.004134884052006904,-0.008522362262689986,-0.000523572182309362
2023-04-13,30399.06640625,2012.6346435546875,2041.300048828125,189.72000122070312,313.2630310058594,396.8622131347656,4146.22021484375,12166.26953125,17.799999237060547,0.00862713483952482,0.04787492592582243,0.015117620988104763,0.013515672558895409,0.01958243319080033,0.013282699772290796,0.01326268999363811,0.019861089599533255,-0.06757469383008197
2023-04-14,30485.69921875,2101.635498046875,2002.199951171875,186.36000061035156,312.674072265625,395.892822265625,4137.64013671875,12123.4697265625,17.06999969482422,0.002849851088919886,0.044221068526871576,-0.019154507774933327,-0.017710313033589165,-0.001880077385267187,-0.0024426383693311182,-0.0020693734728036706,-0.003517906995037845,-0.04101121199580893
2023-04-15,30318.49609375,2092.466796875,,,,,,,,-0.005484641300179338,-0.004362650507376609,,,,,,,
2023-04-16,30315.35546875,2120.005859375,,,,,,,,-0.00010358775680330279,0.013161051129283452,,,,,,,
2023-04-17,29445.044921875,2076.242919921875,1994.199951171875,185.52999877929688,312.9390869140625,397.3133850097656,4151.31982421875,12157.7197265625,16.950000762939453,-0.028708571396173888,-0.020642838914618267,,,,,,,
2023-04-18,30397.552734375,2104.537353515625,2007.4000244140625,186.25,312.95867919921875,397.572509765625,4154.8701171875,12153.41015625,16.829999923706055,0.032348662229154,0.013627708647316883,0.0066192325571117205,0.003880780603893852,6.260734428997772e-05,0.0006521923641031879,0.0008552202959737354,-0.00035447192478732514,-0.007079695211328563
2023-04-19,28822.6796875,1936.4034423828125,1995.199951171875,185.36000061035156,312.8114318847656,397.5053405761719,4154.52001953125,12157.23046875,16.459999084472656,-0.0518092051895368,-0.07989115082796949,-0.00607754961333562,-0.004778520212877502,-0.0004705008176475456,-0.0001689482743481019,-8.42619976980652e-05,0.00031434078590986125,-0.02198460136130065
2023-04-20,28245.98828125,1943.09765625,2007.5999755859375,186.08999633789062,310.4264221191406,395.3360595703125,4129.7900390625,12059.5595703125,17.170000076293945,-0.020008250880993006,0.0034570346864029045,0.00621492818641034,0.00393825919904689,-0.007624432877196163,-0.005457237386333191,-0.00595254815297297,-0.008033976051417424,0.043134935073663616
2023-04-21,27276.91015625,1849.9998779296875,1979.5,184.25,310.75030517578125,395.6432800292969,4133.52001953125,12072.4599609375,16.770000457763672,-0.034308522518338824,-0.04791204292839435,-0.013996800123359354,-0.00988766926809792,0.0010433488696923732,0.0007771121595088193,0.0009031888869577287,0.001069723197583139,-0.023296424971048224
2023-04-22,27817.5,1874.2286376953125,,,,,,,,0.01981858797984626,0.013096627764505042,,,,,,,
2023-04-23,27591.384765625,1862.06201171875,,,,,,,,-0.008128524647254443,-0.006491537762182253,,,,,,,
2023-04-24,27525.33984375,1842.7574462890625,1989.0999755859375,184.80999755859375,310.1025390625,396.0560607910156,4137.0400390625,12037.2001953125,16.889999389648438,-0.002393679129772508,-0.010367305335802768,,,,,,,
2023-04-25,28307.59765625,1866.753662109375,1994.0,185.75,304.2528991699219,389.7690734863281,4071.6298828125,11799.16015625,18.760000228881836,0.02841955147295372,0.013021906854120191,0.0024634379740611223,0.005086318131183543,-0.018863566581114433,-0.01587398332481249,-0.015810858882773227,-0.01977536596551721,0.11071645392595375
2023-04-26,28422.701171875,1866.564208984375,1985.699951171875,184.74000549316406,306.09808349609375,388.1181945800781,4055.989990234375,11854.349609375,18.84000015258789,0.004066170397882152,-0.00010148801571707722,-0.00416251194991224,-0.0054373863086726315,0.006064640078059957,-0.004235530775911878,-0.003841187197329843,0.00467740520462101,0.004264388205224678
2023-04-27,29473.787109375,1908.786376953125,1989.9000244140625,184.75,314.421142578125,395.84478759765625,4135.35009765625,12142.240234375,17.030000686645508,0.036980508331842854,0.022620260136523074,0.002115160067214017,5.410039265330013e-05,0.027190823892033533,0.0199078351014641,0.01956614972249704,0.02428565332444066,-0.09607215771140842
2023-04-28,29340.26171875,1892.5128173828125,1990.0999755859375,184.8000030517578,316.5902099609375,399.2234802246094,4169.47998046875,12226.580078125,15.779999732971191,-0.00453030993708059,-0.00852560546680392,0.00010048302398191211,0.0002706525128974846,0.006898605370577293,0.008535397541693301,0.008253202753460531,0.0069459870766872545,-0.07339993560038638
2023-04-29,29248.48828125,1908.9169921875,,,,,,,,-0.0031279011203009244,0.008667933265241068,,,,,,,
2023-04-30,29268.806640625,1876.92431640625,,,,,,,,0.000694680667924441,-0.016759595054255505,,,,,,,
2023-05-01,28091.568359375,1831.954833984375,1983.4000244140625,183.97000122070312,316.2270812988281,398.8202819824219,4167.8701171875,12212.599609375,16.079999923706055,-0.04022160164248023,-0.023959134648528724,,,,,,,
2023-05-02,28680.537109375,1870.789306640625,2014.300048828125,187.52000427246094,313.46905517578125,394.3378601074219,4119.580078125,12080.509765625,17.780000686645508,0.020966033026897257,0.02119837887694409,0.015579320375974648,0.019296640909943763,-0.008721663279814384,-0.011239202411470028,-0.011586262936400304,-0.010815866234458515,0.10572144098292036
2023-05-03,29006.30859375,1904.65185546875,2028.5999755859375,189.11000061035156,311.417724609375,391.63116455078125,4090.75,12025.330078125,18.34000015258789,0.01135862564681589,0.018100674783592785,0.007099203897717121,0.008479075840785555,-0.006543965130005991,-0.006863899793703054,-0.006998305064656485,-0.004567662174075893,0.031496031738794894
2023-05-04,28847.7109375,1877.7041015625,2048.0,190.44000244140625,310.3185119628906,388.85723876953125,4061.219970703125,11966.400390625,20.09000015258789,-0.005467695268338013,-0.014148388236346676,0.009563257738115283,0.00703295344911492,-0.0035297048293033706,-0.007083005726655656,-0.007218732334382416,-0.004900463198694083,0.09541984653435587
2023-05-05,29534.384765625,1995.0609130859375,2017.4000244140625,187.4600067138672,316.9141540527344,396.0560607910156,4136.25,12235.41015625,17.190000534057617,0.023803407820215394,0.06250016252602375,-0.014941394329071045,-0.015647950479605433,0.021254426776293966,0.018512763306821167,0.018474751389515376,0.02248042492676028,-0.14435040301165503
2023-05-06,28904.623046875,1900.2218017578125,,,,,,,,-0.021323001096775096,-0.04753695022846638,,,,,,,
2023-05-07,28454.978515625,1873.076416015625,,,,,,,,-0.015556145829018653,-0.014285377484394957,,,,,,,
2023-05-08,27694.2734375,1849.042724609375,2026.300048828125,187.69000244140625,317.6993103027344,396.1615295410156,4138.1201171875,12256.919921875,16.979999542236328,-0.026733637409259936,-0.012831132355707098,,,,,,,
2023-05-09,27658.775390625,1848.6031494140625,2036.199951171875,189.02000427246094,315.6872863769531,394.4241943359375,4119.169921875,12179.5498046875,17.709999084472656,-0.0012817829272578907,-0.0002377312267921594,0.004885704044411021,0.007086162362163639,-0.006333107628921253,-0.004385421287854352,-0.004579421277258522,-0.006312362133444105,0.042991729205911655
2023-05-10,27621.755859375,1842.4014892578125,2030.5,188.75,319.12249755859375,396.2671813964844,4137.64013671875,12306.4404296875,16.940000534057617,-0.0013384371045779275,-0.0033547817757508813,-0.0027993081762891503,-0.001428442843921074,0.01088168998208805,0.0046726014453797315,0.004483965263404999,0.010418334588292,-0.0434781812659798
2023-05-11,27000.7890625,1796.4906005859375,2014.699951171875,187.1300048828125,320.16290283203125,395.5760803222656,4130.6201171875,12328.509765625,16.93000030517578,-0.022481076150133283,-0.02491904665707234,-0.0077813586939793344,-0.008582755587748347,0.0032602066021574228,-0.001744028036294254,-0.0016966239932159066,0.0017933159522116604,-0.0005903322648502796
2023-05-12,26804.990234375,1808.019775390625,2014.5,186.80999755859375,319.0145568847656,395.0577697753906,4124.080078125,12284.740234375,17.030000686645508,-0.007251596524522896,0.006417609310578776,-9.924612931011545e-05,-0.0017100802429794726,-0.003586755170907785,-0.0013102676644470845,-0.0015833068345566526,-0.0035502694228333187,0.005906696967935332
2023-05-13,26784.078125,1796.1148681640625,,,,,,,,-0.0007801573211611013,-0.006584500561665818,,,,,,,
2023-05-14,26930.638671875,1800.5009765625,,,,,,,,0.005471927993601522,0.0024419977119396474,,,,,,,
2023-05-15,27192.693359375,1817.5499267578125,2018.0,187.2100067138672,320.7419738769531,396.4207458496094,4136.27978515625,12365.2099609375,17.1200008392334,0.009730726801279843,0.009469003581360047,,,,,,,
2023-05-16,27036.650390625,1824.1214599609375,1988.4000244140625,184.8699951171875,321.1051025390625,393.7716064453125,4109.89990234375,12343.0498046875,17.989999771118164,-0.005738415341494774,0.003615599828306948,-0.014667976008888806,-0.0124993937971285,0.0011321519841014371,-0.006682645729398584,-0.006377683373153031,-0.0017921374825017322,0.050817692128321434
2023-05-17,27398.802734375,1821.859619140625,1980.699951171875,184.22999572753906,324.9918212890625,398.551513671875,4158.77001953125,12500.5703125,16.8700008392334,0.013394867282656264,-0.0012399617404649232,-0.0038724970567511896,-0.0034618889303412725,0.012104194917074373,0.012138780827068985,0.011890829058788244,0.01276187897683756,-0.062256750757876844
2023-05-18,26832.208984375,1801.728515625,1956.5,181.83999633789062,331.0279846191406,402.390869140625,4198.0498046875,12688.83984375,16.049999237060547,-0.02067950762275983,-0.011049755592651422,-0.012217878410890615,-0.012972911279784505,0.01857327764783734,0.00963327283185511,0.009445048649426635,0.015060875347562286,-0.04860708721874096
2023-05-19,26890.12890625,1812.5894775390625,1978.699951171875,183.63999938964844,330.28204345703125,401.805419921875,4191.97998046875,12657.900390625,16.809999465942383,0.0021585968530852817,0.0060280790473556944,0.011346767785266998,0.0098988291245512,-0.0022534081611487178,-0.0014549266985116605,-0.0014458676054706077,-0.0024383200911972658,0.0473520414335562
2023-05-20,27129.5859375,1820.47802734375,,,,,,,,0.008905016115201336,0.004352088491321071,,,,,,,
2023-05-21,26753.826171875,1804.5313720703125,,,,,,,,-0.013850552916312875,-0.00875959777262747,,,,,,,
2023-05-22,26851.27734375,1817.5347900390625,1974.800048828125,183.2100067138672,331.3911437988281,401.968505859375,4192.6298828125,12720.7802734375,17.209999084472656,0.0036425134576618667,0.0072059805498594365,,,,,,,
2023-05-23,27225.7265625,1854.380615234375,1972.4000244140625,183.42999267578125,327.1903381347656,397.45733642578125,4145.580078125,12560.25,18.530000686645508,0.013945303754316907,0.020272418111193735,-0.001215325275835788,0.001200731149241463,-0.012676276185016655,-0.011222693738031198,-0.011222026747550129,-0.012619530405120427,0.07669969043541625
2023-05-24,26334.818359375,1800.0999755859375,1962.800048828125,181.9499969482422,325.5119934082031,394.5778503417969,4115.240234375,12484.16015625,20.030000686645508,-0.03272302765106416,-0.02927157413235626,-0.004867154465174606,-0.008068450017086337,-0.005129566894090942,-0.007244767727471735,-0.007318600335353365,-0.0060579879978504,0.0809498081174409
2023-05-25,26476.20703125,1805.9537353515625,1943.0999755859375,180.1999969482422,333.4325866699219,397.99481201171875,4151.27978515625,12698.08984375,19.139999389648438,0.005368887301425707,0.0032519081412238915,-0.010036719356079749,-0.009618027091793824,0.024332723285516833,0.00865979088020774,0.008757581265902425,0.017136089638588814,-0.044433413204546524
2023-05-26,26719.291015625,1828.689697265625,1944.0999755859375,180.9199981689453,341.9519958496094,403.14910888671875,4205.4501953125,12975.6904296875,17.950000762939453,0.009181223884829448,0.012589448704585227,0.0005146415586252395,0.003995567330169925,0.025550619586324874,0.012950663474598834,0.01304908677799732,0.021861601969538347,-0.0621733889580256
2023-05-27,26868.353515625,1831.1182861328125,,,,,,,,0.005578834405180588,0.001328048640957924,,,,,,,
2023-05-28,28085.646484375,1910.9141845703125,,,,,,,,0.0453058267244435,0.04357768640169235,,,,,,,
2023-05-29,27745.884765625,1893.078125,,,,,,,,-0.0120973437068298,-0.009333783648857619,,,,,,,
2023-05-30,27702.349609375,1901.026611328125,1958.0,182.0399932861328,343.5027160644531,403.3027038574219,4205.52001953125,13017.4296875,17.459999084472656,-0.0015690671469931194,0.004198710144688311,,,,,,,
2023-05-31,27219.658203125,1874.1304931640625,1963.9000244140625,182.32000732421875,341.549560546875,401.0663146972656,4179.830078125,12935.2900390625,17.940000534057617,-0.01742420455507676,-0.014148207081263298,0.0030132913248530624,0.0015382006614657051,-0.00568599730434638,-0.005545187619041769,-0.006108624209833935,-0.00630997442731529,0.02749149339943724
2023-06-01,26819.97265625,1862.201416015625,1978.0,183.75999450683594,345.4952087402344,404.8768310546875,4221.02001953125,13100.98046875,15.649999618530273,-0.014683709247646393,-0.006365126223573547,0.007179579108230971,0.00789813034647624,0.011552198126215663,0.009500963351405156,0.009854453563032717,0.012809177775460867,-0.12764776183701698
2023-06-02,27249.58984375,1907.256591796875,1952.4000244140625,181.0500030517578,348.0863342285156,410.7318420410156,4282.3701171875,13240.76953125,14.600000381469727,0.01601855426947596,0.024194577124557304,-0.012942353683487062,-0.014747450675273721,0.0074997436222898894,0.014461215207291822,0.014534424705965554,0.010670122196841714,-0.06709260464245015
2023-06-03,27075.12890625,1892.4124755859375,,,,,,,,-0.0064023326039167605,-0.007782967574883282,,,,,,,
2023-06-04,27119.06640625,1890.5135498046875,,,,,,,,0.001622799291266075,-0.0010034418002142775,,,,,,,
2023-06-05,25760.09765625,1811.828369140625,1958.0,182.13999938964844,348.3316650390625,409.9447937011719,4273.7900390625,13229.4296875,14.729999542236328,-0.05011119223804861,-0.041621061468822385,,,,,,,
2023-06-06,27238.783203125,1884.494873046875,1965.5,182.33999633789062,348.2727966308594,410.83740234375,4283.85009765625,13276.419921875,13.960000038146973,0.057402171630208665,0.040106725970251,0.003830439223697635,0.0010980396887689814,-0.0001690010243442508,0.002177387434340261,0.0023538963079141606,0.003551947097114816,-0.05227423815469123
2023-06-07,26345.998046875,1832.39599609375,1942.699951171875,180.14999389648438,342.3642272949219,409.4168395996094,4267.52001953125,13104.900390625,13.9399995803833,-0.03277624957004588,-0.027646069882318547,-0.011600126597875904,-0.012010543410059138,-0.01696534840819075,-0.003457724968653264,-0.0038120096998572883,-0.012919110141085155,-0.0014326975436259604
2023-06-08,26508.216796875,1846.3018798828125,1963.5999755859375,182.52999877929688,346.61407470703125,411.8932189941406,4293.93017578125,13238.51953125,13.649999618530273,0.0061572444403654725,0.0075889075389308225,0.010758235929050786,0.013211240429905624,0.012413234424893504,0.006048552856186884,0.0061886426142414575,0.01019612027883765,-0.020803441218256724
2023-06-09,26480.375,1840.2252197265625,1962.199951171875,182.0399932861328,347.9390869140625,412.63232421875,4298.85986328125,13259.1396484375,13.829999923706055,-0.0010503081775867784,-0.003291260341800495,-0.0007129886084077386,-0.0026845203333208945,0.0038227305343880857,0.0017944097900284284,0.001148059539441082,0.0015575848295441563,0.013186835912539108
2023-06-10,25851.240234375,1752.384765625,,,,,,,,-0.02375852931180167,-0.04773353454780638,,,,,,,
2023-06-11,25940.16796875,1753.415283203125,,,,,,,,0.0034399794195076883,0.0005880658165602348,,,,,,,
2023-06-12,25902.5,1742.5286865234375,1955.300048828125,181.8800048828125,353.8182678222656,416.37567138671875,4338.93017578125,13461.919921875,15.010000228881836,-0.001452109670044499,-0.006208795362955821,,,,,,,
2023-06-13,25918.728515625,1739.03759765625,1944.5999755859375,180.5399932861328,356.53704833984375,419.12078857421875,4369.009765625,13573.3203125,14.609999656677246,0.0006265231396582749,-0.0020034613456795247,-0.005472343361623944,-0.007367558613950331,0.007684115730688834,0.006592885646650615,0.006932489951473775,0.008275223093845652,-0.02664893844804339
2023-06-14,25124.67578125,1650.519287109375,1955.300048828125,180.63999938964844,359.12811279296875,419.6198425292969,4372.58984375,13626.48046875,13.880000114440918,-0.030636253390914137,-0.050900745714856144,0.0055024546829809395,0.0005539277015322863,0.007267307745968843,0.001190716301083139,0.0008194255259321714,0.003916518215594023,-0.0499657467070983
2023-06-15,25576.39453125,1665.519775390625,1957.800048828125,181.91000366210938,363.40740966796875,424.82220458984375,4425.83984375,13782.8203125,14.5,0.017979087727655774,0.00908834473998854,0.0012785761456397537,0.007030581691497284,0.011915794733304397,0.01239779803831298,0.01217813742034668,0.011473237282990212,0.044668579282937326
2023-06-16,26327.462890625,1716.6688232421875,1958.4000244140625,181.6300048828125,361.1205139160156,423.3751525878906,4409.58984375,13689.5703125,13.539999961853027,0.029365685552642073,0.030710561716126294,0.0003064539641302044,-0.0015392159510752013,-0.006292925491097057,-0.003406253219155997,-0.0036716195284263176,-0.006765668991231766,-0.06620689918254985
2023-06-17,26510.67578125,1727.2041015625,,,,,,,,0.006959002900740696,0.006137047622508218,,,,,,,
2023-06-18,26336.212890625,1720.5775146484375,,,,,,,,-0.006580854145875503,-0.003836597486115201,,,,,,,
2023-06-19,26851.029296875,1737.659423828125,,,,,,,,0.019547852547670663,0.009928009075009792,,,,,,,
2023-06-20,28327.48828125,1792.1199951171875,1935.5,179.75,360.6036682128906,421.1785583496094,4388.7099609375,13667.2900390625,13.880000114440918,0.05498705349618893,0.03134133797581806,,,,,,,
2023-06-21,30027.296875,1891.0072021484375,1933.300048828125,179.49000549316406,355.68939208984375,419.02056884765625,4365.68994140625,13502.2001953125,13.199999809265137,0.06000562340273241,0.05517889834423939,-0.0011366319668689728,-0.0014464228474878604,-0.013627914955500753,-0.005123692693211224,-0.005245281583003636,-0.0120791937010305,-0.048991376049651536
2023-06-22,29912.28125,1872.9429931640625,1912.699951171875,177.7100067138672,359.8861083984375,420.53314208984375,4381.89013671875,13630.6103515625,12.90999984741211,-0.0038303689299371557,-0.00955269179506646,-0.010655406370437381,-0.009916979914319946,0.011798823360843258,0.0036097827997971788,0.003710798414438443,0.009510313459474506,-0.02196969439722829
2023-06-23,30695.46875,1892.862060546875,1919.0999755859375,178.1999969482422,356.3184509277344,417.3539123535156,4348.330078125,13492.51953125,13.4399995803833,0.02618280743799839,0.010635170133588723,0.00334606816408467,0.0027572461643308177,-0.009913295866239125,-0.007559998055156614,-0.007658808766684566,-0.010130934474014253,0.041053426741707755
2023-06-24,30548.6953125,1876.0596923828125,,,,,,,,-0.0047815994828226405,-0.008876699741769856,,,,,,,
2023-06-25,30480.26171875,1900.506103515625,,,,,,,,-0.002240147837737516,0.01303072137420247,,,,,,,
2023-06-26,30271.130859375,1859.432861328125,1923.699951171875,178.50999450683594,351.5418395996094,415.6487731933594,4328.81982421875,13335.7802734375,14.25,-0.006861189753050945,-0.021611739163331922,,,,,,,
2023-06-27,30688.1640625,1889.703369140625,1914.0,177.69000244140625,357.5862731933594,420.20556640625,4378.41015625,13555.669921875,13.739999771118164,0.013776598074988877,0.016279430380120807,-0.005042341018913099,-0.004593535884055422,0.01719406600544149,0.010963085919589055,0.011455854954693034,0.01648869761865246,-0.03578948974609375
2023-06-28,30086.24609375,1827.97119140625,1912.300048828125,177.27999877929688,358.2840881347656,420.4175109863281,4376.85986328125,13591.75,13.430000305175781,-0.01961401038928634,-0.03266765501002877,-0.0008881667564655249,-0.002307409851291853,0.0019514589728921727,0.0005043830853805886,-0.00035407668843834283,0.002661622651845219,-0.022561824680231046
2023-06-29,30445.3515625,1852.227294921875,1909.199951171875,177.08999633789062,357.56658935546875,422.07452392578125,4396.43994140625,13591.330078125,13.539999961853027,0.011935868224670187,0.013269412357076016,-0.0016211355839005348,-0.001071764681377263,-0.0020025973886593773,0.003941350909874464,0.004473544672805918,-3.0895350120463405e-05,0.008190592269372798
2023-06-30,30477.251953125,1933.18896484375,1921.0999755859375,178.27000427246094,363.08038330078125,427.0552978515625,4450.3798828125,13787.919921875,13.59000015258789,0.0010477918298796851,0.04371043993566137,0.0062329901102071705,0.006663323502016594,0.015420327596186612,0.011800697847039743,0.012269004495714109,0.014464356514040322,0.00369277628328879
2023-07-01,30590.078125,1924.56591796875,,,,,,,,0.0037019798257575953,-0.004460529742211228,,,,,,,
2023-07-02,30620.76953125,1937.4383544921875,,,,,,,,0.0010033124506771962,0.0066884882472737495,,,,,,,
2023-07-03,31156.439453125,1955.38916015625,1921.699951171875,178.47000122070312,363.9354248046875,427.546630859375,4455.58984375,13816.76953125,13.569999694824219,0.01749367929268808,0.009265226747700916,,,,,,,
2023-07-04,30777.58203125,1936.633544921875,,,,,,,,-0.012159843310882601,-0.009591755757138554,,,,,,,
2023-07-05,30514.166015625,1910.5880126953125,1919.5999755859375,177.83999633789062,363.925537109375,426.91082763671875,4446.81982421875,13791.650390625,14.180000305175781,-0.0085586975402272,-0.013448869712526457,,,,,,,
2023-07-06,29909.337890625,1848.636474609375,1908.699951171875,177.30999755859375,361.1539001464844,423.56787109375,4411.58984375,13679.0400390625,15.4399995803833,-0.019821224171432172,-0.0324253777759973,-0.005678279096005601,-0.002980200124891419,-0.007615945242275268,-0.00783057333418924,-0.007922511336500904,-0.008165110655578123,0.0888574928131427
2023-07-07,30342.265625,1870.6025390625,1926.199951171875,178.63999938964844,359.9548645019531,422.4983825683594,4398.9501953125,13660.7197265625,14.829999923706055,0.014474667943441766,0.01188230609685803,0.009168544269755774,0.007500997402107412,-0.003320013002891309,-0.002524951957826649,-0.0028651005386203243,-0.0013392981121250758,-0.03950775085850766
2023-07-08,30292.541015625,1865.53955078125,,,,,,,,-0.0016387902600796256,-0.0027066082588487195,,,,,,,
2023-07-09,30171.234375,1863.009765625,,,,,,,,-0.004004505286051452,-0.0013560608539179286,,,,,,,
2023-07-10,30414.470703125,1880.556396484375,1925.0,178.77999877929688,360.0728759765625,423.56787109375,4409.52978515625,13685.48046875,15.069999694824219,0.008061862007427312,0.009418432035694924,,,,,,,
2023-07-11,30620.951171875,1878.3360595703125,1931.300048828125,179.4499969482422,361.851806640625,426.265380859375,4439.259765625,13760.7001953125,14.84000015258789,0.006788889103658935,-0.0011806808443571848,0.0032727526379869865,0.0037476125602418087,0.00494047395055186,0.006368541973354569,0.0067422110558885695,0.005496316094583564,-0.015262080085862384
2023-07-12,30391.646484375,1872.11376953125,1956.199951171875,181.8800048828125,366.4219665527344,429.69500732421875,4472.16015625,13918.9599609375,13.539999961853027,-0.007488490028050299,-0.0033126606963430616,0.012892819196508976,0.013541420874312982,0.012629921498908736,0.008045754168282349,0.007411233485312474,0.01150085121968658,-0.0876010901191373
2023-07-13,31476.048828125,2006.511474609375,1959.199951171875,182.00999450683594,372.6432800292969,433.1054992675781,4510.0400390625,14138.5703125,13.609999656677246,0.03568093437476372,0.07178928293005193,0.0015335855612319538,0.0007146999149643118,0.016978549444216062,0.007937006214238096,0.008470153458069118,0.015777784559968477,0.005169844536294876
2023-07-14,30334.068359375,1939.3470458984375,1960.0999755859375,181.42999267578125,372.5647277832031,432.83575439453125,4505.419921875,14113.7001953125,13.34000015258789,-0.036280934592069825,-0.03347323429785665,0.0004593836445965227,-0.0031866482531699436,-0.00021079743095753223,-0.0006228156269154628,-0.0010244071333035398,-0.0017590263115579985,-0.019838318214570272
2023-07-15,30295.806640625,1931.466552734375,,,,,,,,-0.001261344778969442,-0.004063477540406812,,,,,,,
2023-07-16,30249.1328125,1923.681884765625,,,,,,,,-0.001540603578530031,-0.0040304440984128,,,,,,,
2023-07-17,30145.888671875,1911.6461181640625,1952.4000244140625,181.55999755859375,376.04400634765625,434.3385925292969,4522.7900390625,14244.9501953125,13.479999542236328,-0.0034131272874816654,-0.0062566304215256885,,,,,,,
2023-07-18,29856.5625,1897.5992431640625,1977.199951171875,183.63999938964844,379.1202697753906,437.5660400390625,4554.97998046875,14353.6396484375,13.300000190734863,-0.009597533349379406,-0.007348051957174251,0.012702277426602349,0.011456278139590825,0.008180594227821247,0.007430717797769493,0.007117275205842377,0.007630033916212975,-0.013353068072256224
2023-07-19,29913.923828125,1889.0079345703125,1977.5,183.6699981689453,379.0318298339844,438.5390319824219,4565.72021484375,14358.01953125,13.760000228881836,0.0019212301525000086,-0.004527462068031229,0.00015175441813419788,0.00016335645500209495,-0.0002332767421237003,0.0022236459284465937,0.002357910335732072,0.0003051409203362887,0.03458646853760361
2023-07-20,29792.015625,1890.9691162109375,1968.300048828125,182.74000549316406,370.2943420410156,435.629638671875,4534.8701171875,14063.3095703125,13.989999771118164,-0.0040752996439197275,0.0010382072011101418,-0.0046523141197850615,-0.005063389149303599,-0.0230521214980699,-0.006634285886469304,-0.006756896218903741,-0.02052580861142228,0.016715082733324893
2023-07-21,29908.744140625,1892.080078125,1964.300048828125,182.17999267578125,369.18377685546875,435.629638671875,4536.33984375,14032.8095703125,13.600000381469727,0.0039181140710413676,0.0005875092853386832,-0.002032210486598074,-0.0030645332195952113,-0.0029991416542460847,0.0,0.0003240945218980773,-0.0021687640343482917,-0.02787701186768976
2023-07-22,29771.802734375,1864.912353515625,,,,,,,,-0.004578641136054662,-0.014358654754347167,,,,,,,
2023-07-23,30084.5390625,1889.191650390625,,,,,,,,0.010504447141318263,0.013019001578937539,,,,,,,
2023-07-24,29176.916015625,1850.0020751953125,1960.300048828125,181.39999389648438,369.7734375,437.5757141113281,4554.64013671875,14058.8701171875,13.90999984741211,-0.03016908602087709,-0.020744097184215993,,,,,,,
2023-07-25,29227.390625,1857.741943359375,1962.0999755859375,182.41000366210938,372.2796936035156,438.7702331542969,4567.4599609375,14144.5595703125,13.859999656677246,0.0017299501204297574,0.00418370782813593,0.0009181894164052018,0.005567859975791123,0.006777815411675325,0.0027298568097973153,0.002814673351556163,0.006095045505843499,-0.003594550056315482
2023-07-26,29354.97265625,1872.159912109375,1968.9000244140625,183.3000030517578,371.0412292480469,438.83770751953125,4566.75,14127.2802734375,13.1899995803833,0.004365152978824893,0.007761018047494739,0.003465699461157268,0.0048791150253855164,-0.003326704025892302,0.0001537806353664184,-0.00015543889679858758,-0.0012216214148701443,-0.04834055504259438
2023-07-27,29210.689453125,1860.357177734375,1945.4000244140625,180.4199981689453,370.1567687988281,435.9281921386719,4537.41015625,14050.1103515625,14.40999984741211,-0.004915119656712763,-0.006304340937255626,-0.011935598409570591,-0.01571197400361901,-0.002383725525627489,-0.006630048719616699,-0.006424666064487883,-0.005462475464587224,0.09249433706148413
2023-07-28,29319.24609375,1874.744873046875,1960.4000244140625,181.86000061035156,376.8990478515625,440.19610595703125,4582.22998046875,14316.66015625,13.329999923706055,0.0037163327075591113,0.007733834924120275,0.007710496459214289,0.007981390400291666,0.018214658277392326,0.00979040561111888,0.009877842794752345,0.018971367342880407,-0.07494794830966023
2023-07-29,29356.91796875,1881.06884765625,,,,,,,,0.001284885528077373,0.0033732454481110175,,,,,,,
2023-07-30,29275.30859375,1861.643798828125,,,,,,,,-0.002779902682116475,-0.010326601736203367,,,,,,,
2023-07-31,29230.111328125,1856.162353515625,1970.5,182.35000610351562,377.0956115722656,441.0342712402344,4588.9599609375,14346.01953125,13.630000114440918,-0.0015438698273756435,-0.002944411447533879,,,,,,,
2023-08-01,29675.732421875,1871.7921142578125,1940.699951171875,180.4600067138672,376.2209167480469,439.77227783203125,4576.72998046875,14283.91015625,13.930000305175781,0.015245275282999904,0.008420470716144157,-0.01512308999143619,-0.010364679607279714,-0.0023195571557350636,-0.0028614406872605747,-0.002665087639215691,-0.004329380345865719,0.022010285268964536
2023-08-02,29151.958984375,1839.0897216796875,1937.4000244140625,179.60000610351562,367.96502685546875,433.65460205078125,4513.39013671875,13973.4501953125,16.09000015258789,-0.01764989082843693,-0.017471166978973995,-0.0017003796778681801,-0.004765602229612864,-0.02194426073898237,-0.01391100824137581,-0.013839541336347905,-0.02173494215109273,0.15506100503167586
2023-08-03,29178.6796875,1835.136474609375,1932.0,179.5399932861328,367.3753662109375,432.4118347167969,4501.89013671875,13959.7197265625,15.920000076293945,0.0009166006009861949,-0.0021495672689105794,-0.0027872531981079085,-0.0003341470787491252,-0.0016024910018496152,-0.0028657999433356895,-0.0025479738404268204,-0.0009826112061147585,-0.010565573317698362
2023-08-04,29074.091796875,1827.712890625,1939.5999755859375,180.19000244140625,365.6553955078125,430.45611572265625,4478.02978515625,13909.240234375,17.100000381469727,-0.0035843942133476636,-0.00404524899760117,0.003933734775329878,0.003620414278603157,-0.00468178016633114,-0.004522815605686459,-0.005300074155050516,-0.0036160820687143325,0.07412062182919765
2023-08-05,29042.126953125,1834.9879150390625,,,,,,,,-0.0010994270766331304,0.0039803978247232585,,,,,,,
2023-08-06,29041.85546875,1827.4620361328125,,,,,,,,-9.347950838400898e-06,-0.004101323417211589,,,,,,,
2023-08-07,29180.578125,1826.9388427734375,1933.5,179.77999877929688,368.7512512207031,434.2133483886719,4518.43994140625,13994.400390625,15.770000457763672,0.004776645775930843,-0.00028629506333388566,,,,,,,
2023-08-08,29765.4921875,1855.807373046875,1924.0999755859375,178.63999938964844,365.6160583496094,432.32513427734375,4499.3798828125,13884.3203125,15.989999771118164,0.020044635853149417,0.015801585470487156,-0.004861662484645701,-0.006341080194621318,-0.008502189106383007,-0.004348586054148562,-0.004218283044793103,-0.007866008907301492,0.013950495051900047
2023-08-09,29561.494140625,1854.297607421875,1915.4000244140625,177.7899932861328,361.5962829589844,429.4349365234375,4467.7099609375,13722.01953125,15.960000038146973,-0.006853508270246889,-0.000813535740253668,-0.004521569191967556,-0.00475820704444585,-0.010994526358525603,-0.006685241094615879,-0.007038730380597102,-0.011689501365355404,-0.0018761559349974588
2023-08-10,29429.591796875,1850.75341796875,1914.4000244140625,177.60000610351562,362.2645568847656,429.58905029296875,4468.830078125,13737.990234375,15.850000381469727,-0.004461964714047806,-0.0019113379853046286,-0.000522084153312008,-0.0010686044760203073,0.001848121668488023,0.00035887571416259867,0.00025071394456976925,0.0011638740994814878,-0.00689220904851684
2023-08-11,29397.71484375,1847.1243896484375,1912.9000244140625,177.60000610351562,359.9548645019531,429.33856201171875,4464.0498046875,13644.849609375,14.84000015258789,-0.001083159880198692,-0.0019608383726750223,-0.0007835353013323498,0.0,-0.006375706203980647,-0.0005830881422120848,-0.0010696923700230787,-0.006779785355134793,-0.06372241038319659
2023-08-12,29415.96484375,1848.889892578125,,,,,,,,0.0006207965516027425,0.0009558116061818556,,,,,,,
2023-08-13,29282.9140625,1839.2801513671875,,,,,,,,-0.004523080645381872,-0.005197573554549306,,,,,,,
2023-08-14,29408.443359375,1844.185791015625,1910.5999755859375,177.05999755859375,363.99444580078125,431.70855712890625,4489.72021484375,13788.330078125,14.819999694824219,0.004286776125049352,0.0026671519533285615,,,,,,,
2023-08-15,29170.34765625,1826.9327392578125,1902.5,176.58999633789062,360.1318664550781,426.6796875,4437.85986328125,13631.0498046875,16.459999084472656,-0.008096168172366025,-0.009355376145865901,-0.004239493190328014,-0.002654474343068869,-0.010611643639796497,-0.01164876059522868,-0.011550909428841738,-0.011406767356623049,0.110661229650443
2023-08-16,28701.779296875,1805.6590576171875,1896.0999755859375,175.57000732421875,356.3184509277344,423.548583984375,4404.330078125,13474.6298828125,16.780000686645508,-0.016063173634291772,-0.011644479943617059,-0.0033640075763797794,-0.005776029417432049,-0.010588942225193021,-0.00733829991760504,-0.007555395210577687,-0.011475265963829862,0.019441167677507476
2023-08-17,26664.55078125,1684.9334716796875,1884.0999755859375,175.3000030517578,352.4263916015625,420.3211975097656,4370.35986328125,13316.9296875,17.889999389648438,-0.07097917151940503,-0.06685956876976196,-0.006328780209119422,-0.0015378724223797935,-0.010922980036644936,-0.007619873130607413,-0.007712913029036983,-0.011703489942506917,0.06615009878315026
2023-08-18,26049.556640625,1660.945068359375,1886.0999755859375,175.3300018310547,351.98406982421875,420.52349853515625,4369.7099609375,13290.7802734375,17.299999237060547,-0.02306411031148714,-0.014237003254733094,0.0010615147953483284,0.00017112823031739666,-0.0012550756353224557,0.00048130103023402704,-0.00014870682600087726,-0.001963621846486574,-0.03297932770916012
2023-08-19,26096.205078125,1669.471923828125,,,,,,,,0.0017907574452629138,0.005133737190461396,,,,,,,
2023-08-20,26189.583984375,1684.85205078125,,,,,,,,0.00357825614760654,0.009212569995102449,,,,,,,
2023-08-21,26124.140625,1667.26904296875,1893.300048828125,175.80999755859375,357.6550598144531,423.259521484375,4399.77001953125,13497.58984375,17.1299991607666,-0.002498831574187843,-0.010435935786971329,,,,,,,
2023-08-22,26031.65625,1633.892578125,1896.4000244140625,176.10000610351562,357.1439514160156,422.1130676269531,4387.5498046875,13505.8701171875,16.969999313354492,-0.0035401882238949023,-0.020018643652328416,0.0016373398330900013,0.0016495566176504273,-0.0014290540128319984,-0.0027086309916933837,-0.002777466728829614,0.0006134631095886522,-0.009340330137234454
2023-08-23,26431.640625,1679.2744140625,1918.5,177.88999938964844,362.775634765625,426.81451416015625,4436.009765625,13721.0302734375,15.979999542236328,0.015365306423789304,0.027775287399602888,0.01165364654156531,0.01016464068195777,0.01576866506427077,0.011137884357937278,0.011044879965972587,0.015930862238648924,-0.058338232832990555
2023-08-24,26162.373046875,1659.944580078125,1918.199951171875,177.85000610351562,355.0210266113281,420.89923095703125,4376.31005859375,13463.9697265625,17.200000762939453,-0.01018731988472621,-0.011510825045927042,-0.00015639761695329657,-0.00022482031744353037,-0.02137576896338922,-0.013859142571017058,-0.013457974663146133,-0.018734784615455746,0.07634551036616566
2023-08-25,26047.66796875,1652.93505859375,1911.0999755859375,177.6199951171875,357.77301025390625,423.8664855957031,4405.7099609375,13590.650390625,15.680000305175781,-0.004384352975912553,-0.004222744282248891,-0.003701374083343034,-0.0012932863561120334,0.007751607471945476,0.007049798194985968,0.006717966037625089,0.00940886429747212,-0.0883721157175057
2023-08-26,26008.462890625,1646.3067626953125,,,,,,,,-0.0015051281432193475,-0.004010015919243992,,,,,,,
2023-08-27,26089.693359375,1657.5130615234375,,,,,,,,0.0031232321991347956,0.006806932390764242,,,,,,,
2023-08-28,26106.150390625,1652.4573974609375,1917.9000244140625,178.1300048828125,360.46600341796875,426.55438232421875,4433.31005859375,13705.1298828125,15.079999923706055,0.0006307866874213364,-0.0030501503607176517,,,,,,,
2023-08-29,27727.392578125,1729.7257080078125,1936.5,179.8699951171875,368.33856201171875,432.7200927734375,4497.6298828125,13943.759765625,14.449999809265137,0.062101924766441385,0.046759638502996026,0.009698094451831452,0.009768091768254772,0.021839947509894708,0.014454687853921122,0.01450830719454621,0.017411719907285406,-0.04177719612919528
2023-08-30,27297.265625,1705.1121826171875,1944.300048828125,180.32000732421875,370.39263916015625,434.5024108886719,4514.8701171875,14019.3095703125,13.880000114440918,-0.015512708305083889,-0.014229727451396501,0.004027910574812887,0.0025018747942815445,0.005576600878330451,0.00411887070880157,0.003833182103508026,0.005418180315595267,-0.03944634618325349
2023-08-31,25931.47265625,1645.63916015625,1938.199951171875,180.02000427246094,371.50323486328125,433.8665466308594,4507.66015625,14034.9697265625,13.569999694824219,-0.0500340578984273,-0.03487924317662894,-0.003137426067507776,-0.0016637258183913595,0.0029984281157509063,-0.0014634309082703911,-0.0015969365120942491,0.001117041903629934,-0.022334323995730432
2023-09-01,25800.724609375,1628.4912109375,1939.800048828125,180.11000061035156,371.11016845703125,434.6758117675781,4515.77001953125,14031.8095703125,13.09000015258789,-0.005042060225742162,-0.01042023648557433,0.0008255586093077749,0.0004999240959600026,-0.001058043024563804,0.0018652397678571297,0.0017991292600010311,-0.00022516302575414926,-0.03537211149823438
2023-09-02,25868.798828125,1637.025390625,,,,,,,,0.0026384615075991658,0.0052405439035725365,,,,,,,
2023-09-03,25969.56640625,1636.11767578125,,,,,,,,0.0038953327054152,-0.0005544903878390572,,,,,,,
2023-09-04,25812.416015625,1629.6552734375,,,,,,,,-0.006051329012069284,-0.003949839574139524,,,,,,,
2023-09-05,25779.982421875,1633.62939453125,1926.199951171875,178.63999938964844,371.5818786621094,432.797119140625,4496.830078125,14020.9501953125,14.010000228881836,-0.0012565113521479931,0.0024386268424532176,,,,,,,
2023-09-06,25753.236328125,1632.2523193359375,1918.0999755859375,177.8300018310547,368.30902099609375,429.8877258300781,4465.47998046875,13872.4697265625,14.449999809265137,-0.0010374752516241204,-0.0008429544668591138,-0.004205158234486306,-0.004534245193468567,-0.008807904405348399,-0.006722302857107398,-0.006971599351452862,-0.010589900590306622,0.03140610800820931
2023-09-07,26240.1953125,1647.5982666015625,1917.5,178.02000427246094,365.6750183105469,428.5678405761719,4451.14013671875,13748.830078125,14.399999618530273,0.018908652030005024,0.009401700388986578,-0.00031279682684648424,0.0010684498647577367,-0.007151610564474331,-0.003070302254751911,-0.0032112659361860363,-0.008912590971509537,-0.003460220857774976
2023-09-08,25905.654296875,1636.1378173828125,1918.4000244140625,178.0800018310547,366.1860656738281,429.2132873535156,4457.490234375,13761.5302734375,13.84000015258789,-0.012749181613965876,-0.006955851709160243,0.0004693738795631397,0.0003370270596214642,0.0013975451909247205,0.0015060550891452529,0.0014266227216406246,0.000923729163887721,-0.03888885283175714
2023-09-09,25895.677734375,1635.162353515625,,,,,,,,-0.0003851113886439439,-0.0005961990834902897,,,,,,,
2023-09-10,25832.2265625,1616.828857421875,,,,,,,,-0.0024502611024840304,-0.011212034116571123,,,,,,,
2023-09-11,25162.654296875,1551.6376953125,1923.300048828125,178.41000366210938,370.500732421875,432.0361022949219,4487.4599609375,13917.8896484375,13.800000190734863,-0.02592003689674205,-0.04032038506124014,,,,,,,
2023-09-12,25833.34375,1592.429443359375,1911.300048828125,177.49000549316406,366.3924865722656,429.6661376953125,4461.89990234375,13773.6103515625,14.229999542236328,0.026654161568650414,0.02628947992827646,-0.006239276085554968,-0.005156651253074851,-0.011088360939949471,-0.005485570735918599,-0.005695885604828921,-0.010366463632020317,0.031159372866542467
2023-09-13,26228.32421875,1607.988525390625,1909.0999755859375,177.0800018310547,367.7881164550781,430.1671447753906,4467.43994140625,13813.58984375,13.479999542236328,0.01528956036711282,0.009770657090104162,-0.0011510873154303436,-0.0023100098564432514,0.00380911163290798,0.0011660380842797302,0.0012416323054647016,0.0029026153032538637,-0.052705553346921175
2023-09-14,26539.673828125,1626.974365234375,1910.0,177.1699981689453,370.795654296875,433.8761901855469,4505.10009765625,13926.0498046875,12.819999694824219,0.011870739692642074,0.011807198586281986,0.00047143912082781014,0.0005082241752882855,0.008177365464618669,0.00862233542288049,0.00842991886716793,0.008141255257291702,-0.04896141467543513
2023-09-15,26608.693359375,1641.640380859375,1923.699951171875,178.33999633789062,364.4464416503906,428.648681640625,4450.31982421875,13708.330078125,13.789999961853027,0.0026006171627044328,0.009014288078772026,0.0071727493046465085,0.006603816566220333,-0.01712321213290413,-0.012048387681025674,-0.012159612938677844,-0.015633990228098638,0.07566304915127442
2023-09-16,26568.28125,1635.2216796875,,,,,,,,-0.001518755875352329,-0.003909931338625383,,,,,,,
2023-09-17,26534.1875,1622.896728515625,,,,,,,,-0.0012832501161511578,-0.007537174515831024,,,,,,,
2023-09-18,26754.28125,1637.3470458984375,1931.5,179.38999938964844,364.8263854980469,428.90008544921875,4453.52978515625,13710.240234375,14.0,0.008294723552398242,0.008904027674040194,,,,,,,
2023-09-19,27211.1171875,1643.544677734375,1932.0,179.22000122070312,364.048828125,428.0106201171875,4443.9501953125,13678.1904296875,14.109999656677246,0.017075246134672373,0.0037851668963293505,0.00025886616619197333,-0.0009476457412548323,-0.002131307942503602,-0.0020738287592076965,-0.002151010615372817,-0.0023376544932555143,0.007857118334088975
2023-09-20,27132.0078125,1622.890625,1945.5999755859375,179.35000610351562,358.80267333984375,424.0757751464844,4402.2001953125,13469.1298828125,15.140000343322754,-0.00290724465500225,-0.012566772911124402,0.0070393248374418516,0.0007253927124595272,-0.014410580064701972,-0.009193334898152217,-0.0093947947580596,-0.0152842254938379,0.07299792428826057
2023-09-21,26567.6328125,1584.3070068359375,1919.199951171875,178.0500030517578,352.22784423828125,417.06646728515625,4330.0,13223.98046875,17.540000915527344,-0.02080107760178318,-0.02377462631781635,-0.0135690916659843,-0.007248413758109917,-0.018324359292984038,-0.016528432587093578,-0.01640093410321941,-0.01820083525776428,0.15852050976095722
2023-09-22,26579.568359375,1593.268310546875,1925.4000244140625,178.6199951171875,352.2770690917969,416.12872314453125,4320.06005859375,13211.8095703125,17.200000762939453,0.0004492514240630463,0.005656292418244391,0.0032305509586958436,0.0032013033173832195,0.00013975287394463187,-0.0022484285220270017,-0.002295598477193961,-0.0009203657299904355,-0.019384272225830057
2023-09-23,26579.390625,1593.8577880859375,,,,,,,,-6.686879658768241e-06,0.00036998008129596194,,,,,,,
2023-09-24,26256.826171875,1580.8533935546875,,,,,,,,-0.01213588594546644,-0.008159068286052618,,,,,,,
2023-09-25,26298.48046875,1588.3228759765625,1916.5999755859375,177.6999969482422,353.9503173828125,417.8785705566406,4337.43994140625,13271.3203125,16.899999618530273,0.0015864178176880905,0.0047249684583838825,,,,,,,
2023-09-26,26217.25,1593.417236328125,1900.4000244140625,176.27999877929688,348.6352844238281,411.7394714355469,4273.52978515625,13063.6103515625,18.940000534057617,-0.0030887894396227633,0.0032073833529786544,-0.008452442543166794,-0.007990985893820302,-0.015016324885042898,-0.014691107785010593,-0.014734533990868215,-0.01565103968908521,0.12071011606950299
2023-09-27,26352.716796875,1597.4912109375,1871.5999755859375,174.10000610351562,349.45220947265625,411.9037780761719,4274.509765625,13092.849609375,18.219999313354492,0.005167086436411061,0.0025567531946391053,-0.01515472977169885,-0.012366647894697436,0.002343208175782374,0.0003990548684880135,0.00022931406074522265,0.0022382218257912534,-0.03801484690607215
2023-09-28,27021.546875,1652.8826904296875,1860.4000244140625,173.22999572753906,352.37554931640625,414.291748046875,4299.7001953125,13201.2802734375,17.34000015258789,0.02537992888096885,0.03467404334555346,-0.005984158643926429,-0.004997187509914736,0.008365492518022766,0.005797397590904252,0.005893173970516585,0.008281670323690316,-0.0482985287557941
2023-09-29,26911.720703125,1667.94384765625,1848.0999755859375,171.4499969482422,352.63140869140625,413.2863464355469,4288.0498046875,13219.3203125,17.520000457763672,-0.004064392478456136,0.009112054541902781,-0.006611507561121943,-0.01027534966921384,0.0007260985488248828,-0.0024267961311514874,-0.002709582086142026,0.0013665370849522684,0.010380640345549086
2023-09-30,26967.916015625,1671.161865234375,,,,,,,,0.0020881352448591795,0.001929332083119517,,,,,,,
2023-10-01,27983.75,1733.8104248046875,,,,,,,,0.037668241913332734,0.037488026069531166,,,,,,,
2023-10-02,27530.78515625,1663.6275634765625,1830.0,169.64999389648438,355.5743713378906,413.1219482421875,4288.39013671875,13307.76953125,17.610000610351562,-0.016186709920936293,-0.04047897066718298,,,,,,,
2023-10-03,27429.978515625,1656.6856689453125,1824.5999755859375,169.16000366210938,349.33416748046875,407.5918884277344,4229.4501953125,13059.4697265625,19.780000686645508,-0.003661597010505724,-0.00417274556135816,-0.0029508330131489124,-0.0028882419805683623,-0.01754964463254871,-0.013386022790566443,-0.013744071674259506,-0.018658258553729046,0.1232254401523627
2023-10-04,27799.39453125,1647.838134765625,1818.5,169.13999938964844,354.0881042480469,410.5599670410156,4263.75,13236.009765625,18.579999923706055,0.013467601347721292,-0.005340502634588518,-0.003343185173494634,-0.00011825651470720455,0.01360856512223041,0.007281986461336265,0.008109754957160709,0.013518162893201069,-0.06066737721347171
2023-10-05,27415.912109375,1611.4764404296875,1816.5999755859375,168.8300018310547,353.0447998046875,410.4052734375,4258.18994140625,13219.830078125,18.489999771118164,-0.01379463216164356,-0.022066302247040315,-0.0010448305823824722,-0.0018327868021307259,-0.0029464543734812887,-0.0003767868665581764,-0.001304030159777203,-0.0012223991812109203,-0.004843926423974909
2023-10-06,27946.59765625,1645.83154296875,1830.199951171875,169.6999969482422,358.9602355957031,415.2779235839844,4308.5,13431.33984375,17.450000762939453,0.01935684447622399,0.021319022529365572,0.00748649992772954,0.005153083621109555,0.016755482007632327,0.01187277664751174,0.011814893014644445,0.015999431488532334,-0.05624656684978524
2023-10-07,27968.83984375,1634.51123046875,,,,,,,,0.0007958817661306572,-0.006878172039150754,,,,,,,
2023-10-08,27935.08984375,1633.548583984375,,,,,,,,-0.001206700034343422,-0.0005889506700414993,,,,,,,
2023-10-09,27583.677734375,1579.806640625,1849.5,172.82000732421875,360.79095458984375,417.9366149902344,4335.66015625,13484.240234375,17.700000762939453,-0.012579594744121514,-0.032898895010697204,,,,,,,
2023-10-10,27391.01953125,1567.7130126953125,1861.0,172.52999877929688,362.7889709472656,420.1119079589844,4358.240234375,13562.83984375,17.030000686645508,-0.006984500217130485,-0.007655131722261288,0.00621789672884554,-0.0016780958953311886,0.005537878186811174,0.005204839419969964,0.005207990781392224,0.0058289980012835585,-0.03785311002340763
2023-10-11,26873.3203125,1566.2547607421875,1872.800048828125,173.7899932861328,365.3775939941406,421.8327941894531,4376.9501953125,13659.6796875,16.09000015258789,-0.018900326735168282,-0.000930177871406368,0.00634070329292058,0.007303045938392039,0.007135341077530333,0.0040962567303299835,0.00429300817103373,0.007140086063511575,-0.05519674081955506
2023-10-12,26756.798828125,1539.6124267578125,1869.300048828125,173.25999450683594,364.10797119140625,419.2611389160156,4349.60986328125,13574.2197265625,16.690000534057617,-0.0043359541366684295,-0.01701021740023334,-0.0018688594130430447,-0.0030496507265770356,-0.0034748239180608653,-0.006096385366099577,-0.00624643434611849,-0.006256366393108337,0.03729026574143468
2023-10-13,26862.375,1552.0894775390625,1927.4000244140625,178.8300018310547,359.53106689453125,417.1728820800781,4327.77978515625,13407.23046875,19.31999969482422,0.003945769916393171,0.008104020573232784,0.03108113950051017,0.03214825984540237,-0.012570184283246522,-0.004980802278352403,-0.005018858888767519,-0.012301941561011387,0.15757933352966802
2023-10-14,26861.70703125,1555.2568359375,,,,,,,,-2.4866332556272575e-05,0.002040706057397923,,,,,,,
2023-10-15,27159.65234375,1558.06982421875,,,,,,,,0.011091823470242623,0.0018086969407560272,,,,,,,
2023-10-16,28519.466796875,1600.5343017578125,1921.0999755859375,177.9600067138672,363.5960998535156,421.56207275390625,4373.6298828125,13567.98046875,17.209999084472656,0.05006744695824206,0.027254540765113022,,,,,,,
2023-10-17,28415.748046875,1565.4395751953125,1922.699951171875,178.2899932861328,362.4051513671875,421.5427551269531,4373.2001953125,13533.75,17.8799991607666,-0.0036367703063566736,-0.02192688186935865,0.0008328434783564376,0.001854273768354009,-0.0032754710152499422,-4.5823920607812596e-05,-9.824505308242415e-05,-0.002522886057275797,0.03893086065869911
2023-10-18,28328.341796875,1563.7498779296875,1955.300048828125,180.8699951171875,357.6510925292969,415.9256286621094,4314.60009765625,13314.2998046875,19.219999313354492,-0.0030759792019486865,-0.0010793755903444335,0.016955374465152717,0.014470816805260078,-0.013118077433380115,-0.01332516428411179,-0.013399820506516447,-0.01621503244204303,0.07494408364001504
2023-10-19,28719.806640625,1567.45703125,1968.4000244140625,183.08999633789062,354.30462646484375,412.2711486816406,4278.0,13186.1796875,21.399999618530273,0.013818840741083749,0.0023706817647977108,0.006699726517057414,0.012274016037125302,-0.009356789715884939,-0.008786378449974208,-0.008482848196321058,-0.009622745399077814,0.11342353709976805
2023-10-20,29682.94921875,1604.6668701171875,1982.5,183.58999633789062,349.0191345214844,407.2051696777344,4224.16015625,12983.8095703125,21.709999084472656,0.033535830870205396,0.023738984945261166,0.007163165723966358,0.0027308974274993236,-0.014917930923162293,-0.01228797848238039,-0.012585283719027562,-0.01534713783548236,0.01448595661066987
2023-10-21,29918.412109375,1629.304443359375,,,,,,,,0.007932597562652743,0.015353699699918621,,,,,,,
2023-10-22,29993.896484375,1663.429931640625,,,,,,,,0.002523007395046406,0.020944819993793384,,,,,,,
2023-10-23,33086.234375,1765.3826904296875,1976.300048828125,182.97000122070312,350.0723571777344,406.4993591308594,4217.0400390625,13018.330078125,20.3700008392334,0.10309890521346299,0.061290684296216424,,,,,,,
2023-10-24,33901.52734375,1784.4375,1975.0,182.9499969482422,353.47784423828125,409.5641784667969,4247.68017578125,13139.8701171875,18.969999313354492,0.02464145540134477,0.010793585817743923,-0.0006578195597859438,-0.0001093308866343401,0.009727951924001443,0.007539542848211234,0.007265792222727274,0.009336069859430474,-0.06872859441333212
2023-10-25,34502.8203125,1787.3975830078125,1984.0999755859375,183.72000122070312,344.8262634277344,403.68597412109375,4186.77001953125,12821.2197265625,20.190000534057617,0.017736456610143003,0.0016588325496480483,0.004607582575158142,0.004208823642007475,-0.024475595717152743,-0.014352340011053122,-0.014339628627712542,-0.02425064995187376,0.0643121383691494
2023-10-26,34156.6484375,1804.039306640625,1987.199951171875,184.00999450683594,338.2513427734375,398.8520202636719,4137.22998046875,12595.6103515625,20.68000030517578,-0.010033147199696724,0.009310588640725426,0.0015624089632992888,0.0015784524505007003,-0.019067343040924722,-0.01197454003188092,-0.011832519778109618,-0.01759656099899698,0.024269428338627552
2023-10-27,33909.80078125,1780.0452880859375,1988.5999755859375,186.14999389648438,339.8753356933594,397.0440673828125,4117.3701171875,12643.009765625,21.270000457763672,-0.007226928505637331,-0.013300163952285393,0.0007045211596532486,0.011629799758343662,0.00480114256637143,-0.00453289137074997,-0.004800280229768528,0.0037631692898962843,0.02852998761514658
2023-10-28,34089.57421875,1776.6181640625,,,,,,,,0.005301518539129857,-0.0019253015900076997,,,,,,,
2023-10-29,34538.48046875,1795.5460205078125,,,,,,,,0.013168432293093613,0.01065386858481232,,,,,,,
2023-10-30,34502.36328125,1810.088623046875,1996.199951171875,185.10000610351562,343.70416259765625,401.7911071777344,4166.81982421875,12789.48046875,19.75,-0.0010457086417764438,0.008099264721129096,,,,,,,
2023-10-31,34667.78125,1816.458984375,1985.199951171875,184.08999633789062,345.3478698730469,404.3144226074219,4193.7998046875,12851.240234375,18.139999389648438,0.004794395311462418,0.0035193643267046326,-0.0055104700275854235,-0.005456562573315948,0.004782331592866784,0.006280167441762963,0.006474957307233353,0.004828950306144497,-0.08151901824564878
2023-11-01,35437.25390625,1847.0897216796875,1978.800048828125,183.50999450683594,351.3419494628906,408.6263427734375,4237.85986328125,13061.4697265625,16.8700008392334,0.022195613001625203,0.01686288408831138,-0.0032238074255301896,-0.003150642851826202,0.017356642715205428,0.010664769607297453,0.010505999486313922,0.016358692885156012,-0.0700109478029951
2023-11-02,34938.2421875,1800.6209716796875,1985.5999755859375,184.1199951171875,357.7200622558594,416.4573974609375,4317.77978515625,13294.1904296875,15.65999984741211,-0.014081557224217889,-0.02515781959835861,0.003436389018607322,0.0033240729584831374,0.018153576032464036,0.0191643412765532,0.01885855702012762,0.017817344295621318,-0.07172501076628712
2023-11-03,34732.32421875,1832.795166015625,1991.5,184.7899932861328,361.92279052734375,420.2569580078125,4358.33984375,13478.2802734375,14.90999984741211,-0.005893770145759425,0.01786838809609348,0.002971406369161267,0.003638921283475316,0.01174865129168623,0.00912352756858259,0.009393730253031363,0.013847390311102048,-0.047892720773170416
2023-11-04,35082.1953125,1857.6986083984375,,,,,,,,0.010073356782761111,0.013587684453004512,,,,,,,
2023-11-05,35049.35546875,1894.15771484375,,,,,,,,-0.0009360829177728069,0.019625953467631962,,,,,,,
2023-11-06,35037.37109375,1899.83740234375,1981.5999755859375,183.35000610351562,363.3992614746094,421.22369384765625,4365.97998046875,13518.7802734375,14.890000343322754,-0.0003419285416157436,0.002998529349214518,,,,,,,
2023-11-07,35443.5625,1888.124267578125,1966.800048828125,182.58999633789062,366.8342590332031,422.4225769042969,4378.3798828125,13639.8603515625,14.8100004196167,0.011593090279608864,-0.006165335386688842,-0.007468675282677251,-0.0041451308444239165,0.009452406547705072,0.0028461909293122645,0.0028401189192852616,0.008956435098135707,-0.005372728130387805
2023-11-08,35655.27734375,1889.3223876953125,1951.5,180.77000427246094,367.0705261230469,422.73187255859375,4382.77978515625,13650.41015625,14.449999809265137,0.005973294692089626,0.0006345557534326307,-0.007779158251110085,-0.00996764391222027,0.0006440704051644541,0.0007321948948930679,0.0010049156221052513,0.0007734540102011245,-0.02430794059092134
2023-11-09,36693.125,2120.56103515625,1964.199951171875,181.49000549316406,364.2456970214844,419.43511962890625,4347.35009765625,13521.4501953125,15.289999961853027,0.029107827327892632,0.12239237144858772,0.00650778948084807,0.003982968433291267,-0.007695603162144349,-0.007798685511300141,-0.008083839306732843,-0.00944733231172945,0.058131499216304006
2023-11-10,37313.96875,2078.289794921875,1932.5999755859375,179.50999450683594,372.43475341796875,425.9803161621094,4415.240234375,13798.1103515625,14.170000076293945,0.01691989303173269,-0.019933988946118864,-0.016087962718400628,-0.010909752197912126,0.022482232359772647,0.015604788981413709,0.015616441094852496,0.020460834618605483,-0.07325048321473948
2023-11-11,37138.05078125,2052.7138671875,,,,,,,,-0.0047145338500075296,-0.012306237463546976,,,,,,,
2023-11-12,37054.51953125,2045.18701171875,,,,,,,,-0.002249209321512735,-0.003666782589169526,,,,,,,
2023-11-13,36502.35546875,2055.265380859375,1945.5,180.50999450683594,371.2733154296875,425.5743103027344,4411.5498046875,13767.740234375,14.760000228881836,-0.014901395821212304,0.004927847225156823,,,,,,,
2023-11-14,35537.640625,1979.0526123046875,1961.800048828125,182.1199951171875,379.2655334472656,433.8307800292969,4495.7001953125,14094.3798828125,14.15999984741211,-0.026428838121854925,-0.03708171667973137,0.008378334015998412,0.008919177105678688,0.021526508061395333,0.0194007709739088,0.019075017703661823,0.02372500082634854,-0.04065043171853533
2023-11-15,37880.58203125,2060.408447265625,1960.0999755859375,181.63999938964844,379.5509948730469,434.74920654296875,4502.8798828125,14103.83984375,14.180000305175781,0.06592844558740318,0.04110847506282078,-0.0008665884391241274,-0.002635601473798599,0.0007526690421526538,0.0021170155644785194,0.0015970120755575135,0.0006711867436635099,0.0014124617216946245
2023-11-16,36154.76953125,1960.881591796875,1983.9000244140625,183.69000244140625,379.87579345703125,435.28094482421875,4508.240234375,14113.669921875,14.319999694824219,-0.04555929205565723,-0.04830442993030459,0.012142262703212614,0.011286077178189302,0.0008557442566921036,0.001223092010858906,0.0011904273935798848,0.0006969788535535759,0.009873017393189798
2023-11-17,36596.68359375,1961.28076171875,1981.5999755859375,183.6699981689453,379.96435546875,435.8223571777344,4514.02001953125,14125.48046875,13.800000190734863,0.012222842746045792,0.0002035665608492998,-0.0011593572255760298,-0.00010890234740634774,0.00023313412763892316,0.0012438227768831744,0.0012820490603360213,0.0008368161463585544,-0.03631281530524766
2023-11-18,36585.703125,1963.2850341796875,,,,,,,,-0.000300039994658885,0.0010219202166552588,,,,,,,
2023-11-19,37386.546875,2013.2044677734375,,,,,,,,0.021889527372586093,0.025426483024461932,,,,,,,
2023-11-20,37476.95703125,2022.2391357421875,1977.699951171875,183.3699951171875,384.59039306640625,439.1771240234375,4547.3798828125,14284.5302734375,13.40999984741211,0.0024182537251242753,0.004487705105652884,,,,,,,
2023-11-21,35813.8125,1937.0667724609375,1999.300048828125,185.35000610351562,382.3560791015625,438.219970703125,4538.18994140625,14199.98046875,13.350000381469727,-0.04437779006078835,-0.04211784935612506,0.01092182747107362,0.01079790063288577,-0.005809593804538826,-0.0021794243551297443,-0.0020209310950652926,-0.005918976898016903,-0.004474233156233853
2023-11-22,37432.33984375,2064.42529296875,1991.4000244140625,184.55999755859375,383.9210510253906,439.9118957519531,4556.6201171875,14265.8603515625,12.850000381469727,0.045192824521265385,0.06574813130783852,-0.003951395098846233,-0.004262252597287075,0.004092969902572019,0.00386090356884794,0.00406112922094648,0.004639434748342275,-0.03745318245039286
2023-11-23,37289.62109375,2062.210693359375,,,,,,,,-0.003812712499291715,-0.0010727438851469984,,,,,,,
2023-11-24,37720.28125,2081.152099609375,2002.199951171875,185.52000427246094,383.3797302246094,440.1825866699219,4559.33984375,14250.849609375,12.460000038146973,0.011549062275727495,0.009185000500188556,,,,,,,
2023-11-25,37796.79296875,2084.4130859375,,,,,,,,0.0020283973558654633,0.0015669139841998359,,,,,,,
2023-11-26,37479.12109375,2063.2861328125,,,,,,,,-0.008404730932136117,-0.010135684364837805,,,,,,,
2023-11-27,37254.16796875,2027.4173583984375,2011.800048828125,186.77000427246094,383.04510498046875,439.3897705078125,4550.43017578125,14241.01953125,12.6899995803833,-0.006002091789647501,-0.017384294811873313,,,,,,,
2023-11-28,37831.0859375,2049.338134765625,2039.699951171875,189.25999450683594,384.0490417480469,439.8248596191406,4554.89013671875,14281.759765625,12.6899995803833,0.01548599794884531,0.010812167645888104,0.013868128872947194,0.013331852960406732,0.0026209361626727823,0.0009902122000366997,0.0009801185306033133,0.0028607666948001764,0.0
2023-11-29,37858.4921875,2029.92919921875,2047.0999755859375,189.5399932861328,383.6749572753906,439.5155334472656,4550.580078125,14258.490234375,12.979999542236328,0.0007244373065387055,-0.009470831200383945,0.00362799656381374,0.0014794398574642376,-0.00097405391497285,-0.0007032939705655661,-0.0009462486392383118,-0.001629318209511399,0.02285263762351275
2023-11-30,37712.74609375,2052.55615234375,2038.0999755859375,188.75,382.7104187011719,441.24609375,4567.7998046875,14226.2197265625,12.920000076293945,-0.0038497596002547985,0.011146671092621574,-0.004396463341964529,-0.004167950375202456,-0.002513947173066189,0.003937426941798883,0.0037840728581564065,-0.002263248582567323,-0.004622455166284678
2023-12-01,38688.75,2087.139892578125,2071.0,192.00999450683594,383.8029479980469,443.8564453125,4594.6298828125,14305.0302734375,12.630000114440918,0.025879947957747618,0.016849107974407973,0.016142497820600843,0.017271494075951965,0.0028547153238807077,0.00591586327782645,0.005873742123607695,0.005539809477836721,-0.022445817348339614
2023-12-02,39476.33203125,2165.7041015625,,,,,,,,0.020356874575942596,0.03764204271297267,,,,,,,
2023-12-03,39978.390625,2193.691650390625,,,,,,,,0.012717964611113297,0.012923071442646705,,,,,,,
2023-12-04,41980.09765625,2243.2158203125,2024.0999755859375,187.86000061035156,380.2399597167969,441.5264587402344,4569.77978515625,14185.490234375,13.079999923706055,0.05006972516793251,0.022575720663866372,,,,,,,
2023-12-05,44080.6484375,2293.841796875,2018.5,187.14999389648438,381.1946716308594,441.439453125,4567.18017578125,14229.91015625,12.850000381469727,0.05003682455553493,0.02256848231190145,-0.0027666496978818733,-0.0037794459254785195,0.0025108142625871466,-0.0001970564017446108,-0.0005688697261614362,0.0031313631845699685,-0.01758406296467019
2023-12-06,43746.4453125,2231.661376953125,2030.5,187.83999633789062,378.9898986816406,439.6605224609375,4549.33984375,14146.7099609375,12.970000267028809,-0.007581629055975703,-0.027107545082919904,0.005945008669804297,0.0036868953454944897,-0.0057838503874834135,-0.004029840675701335,-0.003906202808869552,-0.00584685317046485,0.009338512217643702
2023-12-07,43292.6640625,2357.57958984375,2029.9000244140625,188.14999389648438,384.2852478027344,443.015380859375,4585.58984375,14339.990234375,13.0600004196167,-0.010372985662227885,0.05642353010676748,-0.0002954816970881513,0.0016503277504122948,0.013972269813824045,0.0076305654636881215,0.007968189065892917,0.013662559985409661,0.00693910182998847
2023-12-08,44166.6015625,2358.73193359375,1998.300048828125,185.63999938964844,385.997802734375,444.919921875,4604.3701171875,14403.9697265625,12.350000381469727,0.02018673414826888,0.0004887825441670657,-0.015567257109156851,-0.01334039111485108,0.004456468057081775,0.004299040389817765,0.00409549786994079,0.004461613372241491,-0.05436447284339452
2023-12-09,43725.984375,2341.17529296875,,,,,,,,-0.009976252913108663,-0.007443253883560597,,,,,,,
2023-12-10,43779.69921875,2352.462646484375,,,,,,,,0.0012284421841561866,0.004821233826242777,,,,,,,
2023-12-11,41243.83203125,2224.578857421875,1978.0,183.58999633789062,389.295166015625,446.65045166015625,4622.43994140625,14432.490234375,12.630000114440918,-0.05792335792051162,-0.054361666168691425,,,,,,,
2023-12-12,41450.22265625,2202.0380859375,1977.800048828125,183.49000549316406,392.3955993652344,448.6904602050781,4643.7001953125,14533.400390625,12.069999694824219,0.005004157345118276,-0.010132601687358522,-0.00010108754897619754,-0.0005446421195114404,0.00796422257522944,0.004567349114591446,0.00459935752021523,0.006991874209597793,-0.044338908514846676
2023-12-13,42890.7421875,2260.648681640625,1982.300048828125,187.6300048828125,397.3857421875,454.87786865234375,4707.08984375,14733.9599609375,12.1899995803833,0.03475299863154757,0.02661652224701272,0.0022752552780380686,0.022562533466176538,0.012717122287655647,0.013789926454949919,0.013650676351045998,0.013799906761109648,0.009941995740939458
2023-12-14,43023.97265625,2316.5791015625,2030.199951171875,188.72999572753906,397.0412902832031,456.3377685546875,4719.5498046875,14761.5595703125,12.479999542236328,0.0031062756659134827,0.02474087211166509,0.02416380021383091,0.005862552982469849,-0.0008667948235907552,0.003209432691612335,0.0026470624846992585,0.001873196984936376,0.023789989486111995
2023-12-15,41929.7578125,2219.33740234375,2021.0999755859375,187.0,398.96063232421875,455.5863952636719,4719.18994140625,14813.919921875,12.279999732971191,-0.025432678020983368,-0.041976420815141524,-0.00448230509545855,-0.009166511771857233,0.004834111937442653,-0.0016465288275291368,-7.62494933082003e-05,0.0035470745020602656,-0.016025626330215204
2023-12-16,42240.1171875,2226.926513671875,,,,,,,,0.007401888090740938,0.0034195392373013167,,,,,,,
2023-12-17,41364.6640625,2196.481201171875,,,,,,,,-0.02072563201266564,-0.013671449108484612,,,,,,,
2023-12-18,42623.5390625,2217.2734375,2026.300048828125,187.85000610351562,401.4734802246094,458.14910888671875,4740.56005859375,14904.8095703125,12.5600004196167,0.030433584522719714,0.009466157195896718,,,,,,,
2023-12-19,42270.52734375,2177.87255859375,2038.4000244140625,189.1300048828125,403.52484130859375,460.9350891113281,4768.3701171875,15003.2197265625,12.529999732971191,-0.008282083715112631,-0.017769968394459656,0.005971462909915681,0.00681394057869511,0.005109580545237247,0.006080946509705587,0.005866407818910568,0.00660257722755575,-0.0023885896212750835
2023-12-20,43652.25,2201.911376953125,2034.5,188.10000610351562,397.528564453125,454.5477600097656,4698.35009765625,14777.9404296875,13.670000076293945,0.032687613405284255,0.011037752537226941,-0.0019132772602784565,-0.005445982936102989,-0.014859746517769223,-0.013857328835340188,-0.014684266911006771,-0.015015396760213684,0.09098167339325469
2023-12-21,43869.15234375,2239.54248046875,2039.0999755859375,189.42999267578125,402.1540222167969,458.85772705078125,4746.75,14963.8701171875,13.649999618530273,0.0049688697318006625,0.017090198956007274,0.002260985788123726,0.007070635455129759,0.011635535599900937,0.00948187939793832,0.010301467821202559,0.012581569697390549,-0.0014630912693524012
2023-12-22,43997.90234375,2326.52490234375,2057.10009765625,190.27000427246094,402.7555847167969,459.7799377441406,4754.6298828125,14992.9697265625,13.029999732971191,0.002934864092908329,0.03883937127050796,0.008827483833959704,0.004434417088942322,0.0014958510092326627,0.002009796586159185,0.0016600585268868873,0.00194465797598542,-0.045421238306660006
2023-12-23,43739.54296875,2309.04638671875,,,,,,,,-0.005872083923035065,-0.007512713750621014,,,,,,,
2023-12-24,43016.1171875,2265.692138671875,,,,,,,,-0.01653939964043194,-0.018775823775668332,,,,,,,
2023-12-25,43613.140625,2272.561767578125,,,,,,,,0.013879063861056418,0.003032022219169095,,,,,,,
2023-12-26,42520.40234375,2231.46533203125,2058.199951171875,191.72000122070312,405.2211608886719,461.72137451171875,4774.75,15074.5703125,12.989999771118164,-0.025055253200995553,-0.0180837485401647,,,,,,,
2023-12-27,43442.85546875,2378.739990234375,2081.89990234375,192.58999633789062,406.0461120605469,462.5562438964844,4781.580078125,15099.1796875,12.430000305175781,0.021694364920222586,0.06599907965814755,0.01151489249544535,0.004537842226414179,0.0020358047690940406,0.0018081670696932228,0.0014304577464787638,0.00163250921849456,-0.04311004432713539
2023-12-28,42627.85546875,2347.566162109375,2073.89990234375,191.47000122070312,405.8487548828125,462.7308654785156,4783.35009765625,15095.1396484375,12.470000267028809,-0.01876027694786908,-0.013105185204343561,-0.003842643919140354,-0.005815437657636813,-0.0004860462195607207,0.00037751426844923053,0.0003701746080437829,-0.00026756679144923634,0.0032180177691847334
2023-12-29,42099.40234375,2300.690673828125,2062.39990234375,191.1699981689453,404.09228515625,461.3912658691406,4769.830078125,15011.349609375,12.449999809265137,-0.012396896798793966,-0.019967696347748753,-0.005545108511265995,-0.001566841018672216,-0.004327892362438468,-0.002894986501472574,-0.0028264750133749628,-0.005550795886222426,-0.001603885913022296
2023-12-30,42156.90234375,2292.0654296875,,,,,,,,0.0013658151137276864,-0.003748980355657072,,,,,,,
2023-12-31,42265.1875,2281.47119140625,,,,,,,,0.002568622223877659,-0.004622136062972015,,,,,,,
2024-01-01,44167.33203125,2352.327880859375,,,,,,,,0.0450049945064126,0.031057455259582145,,,,,,,
2024-01-02,44957.96875,2355.83642578125,2064.39990234375,190.72000122070312,397.2541809082031,458.8092346191406,4742.830078125,14765.9404296875,13.199999809265137,0.017900939051301412,0.001491520357524756,,,,,,,
2024-01-03,42848.17578125,2210.761962890625,2034.199951171875,189.1300048828125,393.0506286621094,455.0622863769531,4704.81005859375,14592.2099609375,14.039999961853027,-0.04692812036242189,-0.06158087263741796,-0.01462892491788459,-0.008336809604204354,-0.010581517950254415,-0.008166680091558853,-0.008016314922730805,-0.011765621673558213,0.06363637611557316
2024-01-04,44179.921875,2269.0380859375,2042.300048828125,189.32000732421875,391.02783203125,453.59649658203125,4688.68017578125,14510.2998046875,14.130000114440918,0.03108057856532498,0.02636019798833411,0.003981957452896312,0.0010046128932528209,-0.005146402227480751,-0.0032210750897244678,-0.0034283812973570083,-0.005613279720430908,0.006410267295756666
2024-01-05,44162.69140625,2268.647216796875,2042.4000244140625,189.35000610351562,391.4915771484375,454.21771240234375,4697.240234375,14524.0703125,13.350000381469727,-0.0003900067727314882,-0.00017226204489362296,4.895244750890981e-05,0.00015845540955172766,0.001185964474136103,0.00136953399109907,0.0018256861788026324,0.0009490160780862844,-0.05520167916870922
2024-01-06,43989.1953125,2241.624755859375,,,,,,,,-0.003928567037593367,-0.011911266210730354,,,,,,,
2024-01-07,43943.09765625,2222.865966796875,,,,,,,,-0.0010479313368322307,-0.008368389496710593,,,,,,,
2024-01-08,46970.50390625,2333.03271484375,2026.5999755859375,187.8699951171875,399.5828857421875,460.7021484375,4763.5400390625,14843.76953125,13.079999923706055,0.06889378335779228,0.04956067963271038,,,,,,,
2024-01-09,46139.73046875,2344.8271484375,2026.4000244140625,187.92999267578125,400.372314453125,460.0032043457031,4756.5,14857.7099609375,12.760000228881836,-0.017687130611972357,0.005055408575588727,-9.866336439545709e-05,0.0003193567900841021,0.00197563193796757,-0.0015171279191281695,-0.0014779006799081618,0.0009391435011270044,-0.02446480861549971
2024-01-10,46627.77734375,2582.103515625,2021.699951171875,187.5,403.08587646484375,462.6047058105469,4783.4501953125,14969.650390625,12.6899995803833,0.010577584004972662,0.10119141078079541,-0.0023194202455394386,-0.00228804710551489,0.006777596536426955,0.0056553985717209265,0.00566597189372442,0.007534164415768263,-0.00548594414129322
2024-01-11,46368.5859375,2619.619140625,2014.300048828125,187.8699951171875,403.9245910644531,462.4009094238281,4780.240234375,14970.1904296875,12.4399995803833,-0.005558733892443213,0.014529094117638142,-0.003660237682382439,0.0019733072916665595,0.002080734276688423,-0.000440541101633829,-0.0006710555783868699,3.6075596183460235e-05,-0.019700552266877946
2024-01-12,42853.16796875,2524.460205078125,2046.699951171875,189.7100067138672,404.1318359375,462.7211608886719,4783.830078125,14972.759765625,12.699999809265137,-0.07581464687080208,-0.036325484903951155,0.016084943433625654,0.009794068475553752,0.0005130781280255903,0.0006925839857079286,0.0007509755941104146,0.0001716301438894341,0.020900340647264315
2024-01-13,42842.3828125,2576.597900390625,,,,,,,,-0.0002516769882185965,0.020653007406344237,,,,,,,
2024-01-14,41796.26953125,2472.2412109375,,,,,,,,-0.0244177193838242,-0.04050173658734413,,,,,,,
2024-01-15,42511.96875,2511.36376953125,,,,,,,,0.01712351907901466,0.01582473361444947,,,,,,,
2024-01-16,43154.9453125,2587.691162109375,2026.0,187.91000366210938,404.09228515625,461.0223693847656,4765.97998046875,14944.349609375,13.84000015258789,0.015124600939588229,0.030392806292802277,,,,,,,
2024-01-17,42742.65234375,2528.369384765625,2002.5999755859375,185.83999633789062,401.81298828125,458.4598083496094,4739.2099609375,14855.6201171875,14.789999961853027,-0.009553782672285682,-0.022924597112815248,-0.011549863975351626,-0.01101595063528893,-0.0056405354883690695,-0.005558431011874698,-0.005616897183990499,-0.005937327117390034,0.06864160395890595
2024-01-18,41262.05859375,2467.018798828125,2018.5999755859375,187.3699951171875,407.5163269042969,462.5367431640625,4780.93994140625,15055.650390625,14.130000114440918,-0.034639725632667706,-0.024264882460276693,0.007989613599849621,0.008232882099906247,0.014194012611296714,0.008892676610256167,0.008805260963896,0.013464956148553586,-0.04462473624843866
2024-01-19,41618.40625,2489.49853515625,2026.5,187.92999267578125,415.5977783203125,468.30279541015625,4839.81005859375,15310.9697265625,13.300000190734863,0.00863620644230223,0.009112105809166549,0.003913615629451028,0.00298872590696031,0.019830988067168986,0.012466149622298195,0.012313502764936146,0.016958373056834786,-0.058740263056175857
2024-01-20,41665.5859375,2469.589111328125,,,,,,,,0.0011336255217606617,-0.007997363142403069,,,,,,,
2024-01-21,41545.78515625,2453.9130859375,,,,,,,,-0.0028752933279206916,-0.006347624922185768,,,,,,,
2024-01-22,39507.3671875,2310.826416015625,2019.800048828125,187.22000122070312,416.1405029296875,469.29296875,4850.43017578125,15360.2900390625,13.1899995803833,-0.049064374667218136,-0.05830959162402838,,,,,,,
2024-01-23,39845.55078125,2240.68603515625,2023.699951171875,187.9499969482422,417.86737060546875,470.66162109375,4864.60009765625,15425.9404296875,12.550000190734863,0.008560013431039293,-0.030352942295125973,0.0019308358498222322,0.0038991332271092194,0.004149722662475375,0.00291641348770999,0.002921374261968035,0.004274033267473776,-0.04852156254805884
2024-01-24,40077.07421875,2233.561767578125,2013.9000244140625,186.39999389648438,420.1861572265625,471.1761474609375,4868.5498046875,15481.919921875,13.140000343322754,0.005810521700930993,-0.0031795028247356694,-0.004842578936733011,-0.008246890539639895,0.005549097115991497,0.0010931980516954987,0.0008119284117831249,0.0036289192508331958,0.04701196363514493
2024-01-25,39933.80859375,2217.710205078125,2016.9000244140625,187.13999938964844,420.6993103027344,473.7388000488281,4894.16015625,15510.5,13.449999809265137,-0.0035747525934159974,-0.007096988643921831,0.0014896469356133757,0.003969986681303217,0.0012212517412732993,0.005438841931409755,0.005260365527706368,0.0018460293212483325,0.02359204397585213
2024-01-26,41816.87109375,2267.19970703125,2016.800048828125,187.00999450683594,418.19293212890625,473.1369934082031,4890.97021484375,15455.3603515625,13.260000228881836,0.04715459322091098,0.022315585616102362,-4.9568934864074876e-05,-0.0006946931881827156,-0.0059576474513935995,-0.001270334286663788,-0.0006517852510764532,-0.0035549884554011424,-0.014126363054103419
2024-01-27,42120.0546875,2267.885986328125,,,,,,,,0.007250269707417489,0.0003026990938410634,,,,,,,
2024-01-28,42035.59375,2257.208740234375,,,,,,,,-0.002005242826170095,-0.004708017139361198,,,,,,,
2024-01-29,43288.24609375,2317.064208984375,2025.199951171875,188.3300018310547,422.47540283203125,476.8839416503906,4927.93017578125,15628.0400390625,13.600000381469727,0.029799801358818767,0.02651747163790663,,,,,,,
2024-01-30,42952.609375,2344.49365234375,2031.5,188.58999633789062,419.6631774902344,476.51507568359375,4924.97021484375,15509.900390625,13.3100004196167,-0.007753530092744043,0.011838016077853064,0.003110828056498649,0.0013805262268788976,-0.0066565421867056385,-0.0007734921111419713,-0.0006006499345398986,-0.007559466711257956,-0.02132352600873144
2024-01-31,42582.60546875,2282.54443359375,2048.39990234375,188.4499969482422,411.4435729980469,468.7396240234375,4845.64990234375,15164.009765625,14.350000381469727,-0.00861423582021903,-0.02642328277923489,0.008318928055008667,-0.0007423479101065222,-0.019586194198271678,-0.016317325635504476,-0.016105744611597972,-0.022301279588428202,0.07813673396435372
2024-02-01,43075.7734375,2303.82470703125,2053.0,190.41000366210938,416.28851318359375,474.8746337890625,4906.18994140625,15361.6396484375,13.880000114440918,0.011581441842771323,0.009323048929214206,0.002245702926946258,0.01040067256889099,0.011775466925497247,0.013088310548540871,0.012493688211609788,0.013032824817912125,-0.03275263097802583
2024-02-02,43185.859375,2308.0380859375,2036.0999755859375,188.61000061035156,423.3240051269531,479.873779296875,4958.60986328125,15628.9501953125,13.850000381469727,0.0025556346111748063,0.0018288626271742991,-0.008231867712646168,-0.009453300862028224,0.016900519040400575,0.010527295315658103,0.01068444607751462,0.01740117285606213,-0.0021613640290952807
2024-02-03,42992.25,2296.038330078125,,,,,,,,-0.0044831659668692625,-0.005199115184661651,,,,,,,
2024-02-04,42583.58203125,2289.546142578125,,,,,,,,-0.009505619472114146,-0.002827560592065126,,,,,,,
2024-02-05,42658.66796875,2298.888916015625,2025.699951171875,187.57000732421875,422.7714538574219,478.1264953613281,4942.81005859375,15597.6796875,13.670000076293945,0.0017632602500394778,0.0040806224708709316,,,,,,,
2024-02-06,43084.671875,2372.201904296875,2034.5,188.5500030517578,421.9228820800781,479.5146179199219,4954.22998046875,15609.0,13.0600004196167,0.009986338686479135,0.03189061801573012,0.004344201530455782,0.005224693124019186,-0.0020071643191641453,0.0029032537875666176,0.0023104108269635937,0.0007257690071089673,-0.04462323725477424
2024-02-07,44318.22265625,2423.7451171875,2035.199951171875,188.5,426.2645263671875,483.51397705078125,4995.06005859375,15756.6396484375,12.829999923706055,0.028630850081180936,0.021728004179265792,0.0003440408807446893,-0.0002651978305409086,0.010290137064159932,0.008340432139916976,0.008241457963390042,0.009458623130085275,-0.0176110634395672
2024-02-08,45301.56640625,2419.906494140625,2032.199951171875,188.3300018310547,427.053955078125,483.72747802734375,4997.91015625,15793.7099609375,12.789999961853027,0.022188248784866804,-0.0015837568973957605,-0.0014740566391389098,-0.0009018470501077624,0.0018519690523284282,0.00044156112686710713,0.0005705832608251526,0.0023526788279171207,-0.0031176899525243718
2024-02-09,47147.19921875,2487.515625,2023.300048828125,187.60000610351562,431.2574768066406,486.523193359375,5026.60986328125,15990.66015625,12.930000305175781,0.040741037427910465,0.02793873689875137,-0.00437944225843423,-0.003876152075832917,0.009843069426078932,0.005779525577980893,0.0057423415255595245,0.012470166654928727,0.010946078478523358
2024-02-10,47771.27734375,2501.228271484375,,,,,,,,0.013236801662479536,0.005512587075457986,,,,,,,
2024-02-11,48293.91796875,2507.570556640625,,,,,,,,0.010940478338881565,0.002535668266889557,,,,,,,
2024-02-12,49958.22265625,2658.115966796875,2018.199951171875,187.11000061035156,429.5700988769531,486.30963134765625,5021.83984375,15942.5498046875,13.930000305175781,0.034461993507690414,0.060036360595147054,,,,,,,
2024-02-13,49742.44140625,2642.185302734375,1992.9000244140625,184.52999877929688,422.8701477050781,479.6116638183594,4953.169921875,15655.599609375,15.850000381469727,-0.004319233922406296,-0.005993216346274366,-0.012535887112236854,-0.013788690196348319,-0.01559687508369656,-0.013773051359759259,-0.013674255653625456,-0.01799901514048463,0.13783201968635694
2024-02-14,51826.6953125,2777.90234375,1990.300048828125,184.4199981689453,427.478271484375,483.9701843261719,5000.6201171875,15859.150390625,14.380000114440918,0.041900916949929146,0.05136545149773286,-0.0013046191751149294,-0.0005961123453055439,0.010897254876716334,0.009087603235319097,0.009579763275017639,0.013001787624161487,-0.09274449411038432
2024-02-15,51938.5546875,2824.37890625,2002.0999755859375,185.66000366210938,428.75115966796875,487.3094482421875,5029.72998046875,15906.169921875,14.010000228881836,0.0021583350882306007,0.016730812227639058,0.005928717514105619,0.0067238125229136525,0.0029776675646548956,0.006899730653169955,0.005821250684729495,0.0029648203145733465,-0.02573017264356725
2024-02-16,52160.203125,2803.69140625,2011.5,186.33999633789062,424.86334228515625,484.8826904296875,5005.56982421875,15775.650390625,14.239999771118164,0.004267512618200353,-0.007324619212465078,0.00469508242779515,0.0036625695484677756,-0.009067771118854262,-0.004979911268401915,-0.0048034698371121065,-0.008205591408306456,0.016416812168366768
2024-02-17,51662.99609375,2786.672607421875,,,,,,,,-0.009532306269177337,-0.006070139812886177,,,,,,,
2024-02-18,52122.546875,2878.998046875,,,,,,,,0.008895163192163213,0.03313106792926823,,,,,,,
2024-02-19,51779.14453125,2943.57470703125,,,,,,,,-0.006588364620277343,0.022430254937596983,,,,,,,
2024-02-20,52284.875,3013.503662109375,2027.5,187.47000122070312,421.65643310546875,482.21319580078125,4975.509765625,15630.7802734375,15.420000076293945,0.009767068832988945,0.02375647368863687,,,,,,,
2024-02-21,51839.1796875,2970.35546875,2022.300048828125,187.47999572753906,419.96905517578125,482.6500244140625,4981.7998046875,15580.8701171875,15.34000015258789,-0.008524364120598982,-0.014318281375232278,-0.0025647108122688334,5.331256612173263e-05,-0.00400178391032735,0.0009058827445729278,0.001264199922982101,-0.003193068764124063,-0.005188062471480959
2024-02-22,51304.97265625,2971.00732421875,2019.699951171875,187.55999755859375,432.2640075683594,492.6387023925781,5087.02978515625,16041.6201171875,14.539999961853027,-0.010305082651198116,0.0002194536901753974,-0.0012857130957182328,0.00042672195902415666,0.029275853163590826,0.02069548839377333,0.02112288421741404,0.029571519211352593,-0.05215125050698921
2024-02-23,50731.94921875,2921.658203125,2038.5999755859375,188.6199951171875,430.99102783203125,492.9784240722656,5088.7998046875,15996.8203125,13.75,-0.011168964874795462,-0.01661023205546175,0.009357837733815932,0.005651511902278639,-0.0029449126321876573,0.0006895960021768843,0.0003479475462115911,-0.002792723201286873,-0.054332872347019445
2024-02-24,51571.1015625,2992.385986328125,,,,,,,,0.016540904827679226,0.02420809632265497,,,,,,,
2024-02-25,51733.23828125,3112.697265625,,,,,,,,0.003143945229742817,0.04020580227502868,,,,,,,
2024-02-26,54522.40234375,3178.99365234375,2028.5,188.1999969482422,430.7640686035156,491.1728820800781,5069.52978515625,15976.25,13.739999771118164,0.053914352844811164,0.021298694046122835,,,,,,,
2024-02-27,57085.37109375,3244.519287109375,2034.0,188.0,431.8002014160156,492.0853576660156,5078.18017578125,16035.2998046875,13.430000305175781,0.04700762695380023,0.0206120684504405,0.002711363076164597,-0.0010626830578386315,0.002405337139327779,0.0018577482984671878,0.0017063496993998672,0.003696099190204194,-0.022561824680231046
2024-02-28,62504.7890625,3385.703857421875,2033.0,188.33999633789062,429.5010070800781,491.4349670410156,5069.759765625,15947.740234375,13.84000015258789,0.09493531994124749,0.04351478842287437,-0.000491642084562427,0.00180849115899262,-0.005324671754199484,-0.0013217028608305537,-0.001658155060430544,-0.005460426146002173,0.030528655107632474
2024-02-29,61198.3828125,3341.919677734375,2045.699951171875,189.30999755859375,433.181640625,493.2017517089844,5096.27001953125,16091.919921875,13.399999618530273,-0.020900898468654838,-0.012932076026531347,0.0062469017077595446,0.005150266749304189,0.008569557426522323,0.003595154570719128,0.005229094697149161,0.009040759717745095,-0.03179194575191846
2024-03-01,62440.6328125,3435.053955078125,2086.89990234375,192.88999938964844,439.7039794921875,497.8320007324219,5137.080078125,16274.9404296875,13.109999656677246,0.020298739001094468,0.02786849665007196,0.020139782057614797,0.018910791174389097,0.015056822024536842,0.00938814391350662,0.00800782894888763,0.011373441373127013,-0.021641788814083185
2024-03-02,62029.84765625,3422.0498046875,,,,,,,,-0.006578811548619723,-0.003785719397915277,,,,,,,
2024-03-03,63167.37109375,3490.99365234375,,,,,,,,0.01833832389535761,0.020146944548209422,,,,,,,
2024-03-04,68330.4140625,3630.433837890625,2117.699951171875,196.00999450683594,438.1350402832031,497.298095703125,5130.9501953125,16207.509765625,13.489999771118164,0.08173591649219114,0.039942835603055116,,,,,,,
2024-03-05,63801.19921875,3554.964599609375,2133.5,197.19000244140625,430.27069091796875,492.3280334472656,5078.64990234375,15939.58984375,14.460000038146973,-0.06628402455760396,-0.02078793930730316,0.00746094781717388,0.006020141664404566,-0.017949601474812393,-0.009994130882066354,-0.010193100883444606,-0.016530603760192664,0.07190513591449865
2024-03-06,66106.8046875,3819.226318359375,2150.300048828125,198.80999755859375,432.9743957519531,494.8227844238281,5104.759765625,16031.5400390625,14.5,0.03613733749494208,0.07433596350833915,0.007874407700082076,0.008215401882095241,0.00628372996593396,0.005067253552665463,0.005141103203274655,0.005768667588931464,0.0027662490835065334
2024-03-07,66925.484375,3874.34765625,2158.0,199.94000244140625,439.5461730957031,499.73468017578125,5157.35986328125,16273.3798828125,14.4399995803833,0.012384196927533564,0.01443259270225794,0.003580872900073251,0.005683843351386164,0.015178212402922053,0.00992657554698595,0.010304127925951478,0.015085253391797115,-0.004137959973565475
2024-03-08,68300.09375,3892.06103515625,2178.60009765625,201.6300048828125,433.20135498046875,496.73516845703125,5123.68994140625,16085.1103515625,14.739999771118164,0.020539401213709896,0.0045719642318817755,0.009545921064064045,0.008452547868211147,-0.014434929715229083,-0.006002208447280277,-0.0065285190034379825,-0.011569172022392493,0.020775637081209553
2024-03-09,68498.8828125,3915.4189453125,,,,,,,,0.0029105240064184468,0.006001424424042279,,,,,,,
2024-03-10,69019.7890625,3881.193115234375,,,,,,,,0.007604594828588107,-0.00874129449649308,,,,,,,
2024-03-11,72123.90625,4066.445068359375,2182.5,202.0,431.59295654296875,496.3079833984375,5117.93994140625,16019.26953125,15.220000267028809,0.04497430707429584,0.047730671374699885,,,,,,,
2024-03-12,71481.2890625,3980.273193359375,2160.39990234375,199.7899932861328,437.77984619140625,501.64703369140625,5175.27001953125,16265.6396484375,13.84000015258789,-0.008909905479502545,-0.021190960052674845,-0.010126047036082442,-0.01094062729637224,0.014335010696175488,0.010757534578448524,0.011201787981366396,0.015379609957051343,-0.09067017675620026
2024-03-13,73083.5,4006.45703125,2175.39990234375,201.19000244140625,434.4150695800781,500.8606262207031,5165.31005859375,16177.76953125,13.75,0.022414410239567806,0.006578402189656218,0.006943158988170106,0.00700740378557585,-0.007686001629816919,-0.0015676509934012817,-0.0019245297153407392,-0.00540219254125307,-0.00650290112685159
2024-03-14,71396.59375,3883.140380859375,2163.0,200.35000610351562,433.3197937011719,499.8705139160156,5150.47998046875,16128.5302734375,14.399999618530273,-0.0230819028918976,-0.030779476587110888,-0.005700056495539285,-0.004175139558116325,-0.002521265848270393,-0.001976821999681855,-0.0028710915621273925,-0.0030436369931828855,0.04727269952947433
2024-03-15,69403.7734375,3735.22021484375,2157.300048828125,199.7100067138672,428.16900634765625,496.4381408691406,5117.08984375,15973.169921875,14.40999984741211,-0.027911980219644583,-0.03809292261097419,-0.0026352062745608196,-0.00319440663913817,-0.011886803761075648,-0.006866524332442836,-0.006482917484461503,-0.009632641594030877,0.0006944603574132735
2024-03-16,65315.1171875,3522.860107421875,,,,,,,,-0.05891115205258901,-0.05685343706857138,,,,,,,
2024-03-17,68390.625,3642.4130859375,,,,,,,,0.04708722796395115,0.03393634003909307,,,,,,,
2024-03-18,67548.59375,3517.985107421875,2160.699951171875,200.02999877929688,432.2525939941406,499.38848876953125,5149.419921875,16103.4501953125,14.329999923706055,-0.0123120859035869,-0.0341608641249429,,,,,,,
2024-03-19,61912.7734375,3157.6181640625,2156.300048828125,199.8000030517578,433.3295593261719,502.1636047363281,5178.509765625,16166.7900390625,13.819999694824219,-0.08343356981432348,-0.10243560798455653,-0.002036331949451742,-0.0011498061737871268,0.002491518494035505,0.005557028304025602,0.0056491496501236416,0.003933308886094222,-0.03558968817844477
2024-03-20,67913.671875,3513.39306640625,2157.89990234375,202.17999267578125,438.4674072265625,506.8083801269531,5224.6201171875,16369.41015625,13.039999961853027,0.09692504638897836,0.11267192037115104,0.0007419438294287151,0.011911859798154678,0.011856675340542244,0.009249526144101683,0.008904173912846591,0.01253310748131975,-0.056439924037285816
2024-03-21,65491.390625,3492.9912109375,2182.39990234375,201.97000122070312,440.5423583984375,508.4833068847656,5241.52978515625,16401.83984375,12.920000076293945,-0.03566706353999505,-0.0058068810073729216,0.011353631358614003,-0.0010386361790747367,0.004732281436834018,0.0033048521364089645,0.0032365354015160275,0.0019811152137096943,-0.009202445238506662
2024-03-22,63778.76171875,3333.68798828125,2158.10009765625,200.35000610351562,441.0462341308594,507.519287109375,5234.18017578125,16428.8203125,13.0600004196167,-0.02615044343853401,-0.04560653406668436,-0.0111344417956597,-0.00802096899240623,0.0011437622803256442,-0.0018958730057367923,-0.0014021878490156903,0.0016449659920487747,0.010835939821674634
2024-03-23,64062.203125,3336.593994140625,,,,,,,,0.004444134671348854,0.0008717090110383907,,,,,,,
2024-03-24,67234.171875,3454.636474609375,,,,,,,,0.04951388799118828,0.035378137308897495,,,,,,,
2024-03-25,69958.8125,3590.8837890625,2174.800048828125,200.99000549316406,439.4455871582031,506.1170654296875,5218.18994140625,16384.470703125,13.1899995803833,0.04052464020923141,0.039438972943898865,,,,,,,
2024-03-26,69987.8359375,3587.5048828125,2175.60009765625,201.63999938964844,438.0227966308594,505.18218994140625,5203.580078125,16315.7001953125,13.239999771118164,0.00041486463910467286,-0.0009409678643157449,0.0003678723607516421,0.003233961285236564,-0.0032376944243418526,-0.001847152669091634,-0.002799795225030266,-0.004197298103708835,0.003790765149775055
2024-03-27,69455.34375,3500.115234375,2190.60009765625,203.10000610351562,439.5147399902344,509.427734375,5248.490234375,16399.51953125,12.779999732971191,-0.007608353371227561,-0.024359450730277232,0.006894649442312106,0.007240660177973313,0.0034060861006564025,0.008403986755919135,0.008630626525532925,0.005137342249128984,-0.0347432058987206
2024-03-28,70744.953125,3561.2939453125,2217.39990234375,205.72000122070312,438.7045593261719,509.330322265625,5254.35009765625,16379.4599609375,13.010000228881836,0.018567460837021654,0.017479056214108946,0.012234001411838502,0.012900024807739996,-0.0018433526577071868,-0.00019121870051796996,0.0011164855071790214,-0.0012231803666122865,0.017996909289228258
2024-03-29,69892.828125,3511.80615234375,,,,,,,,-0.01204502883045766,-0.013896014686989755,,,,,,,
2024-03-30,69645.3046875,3507.9443359375,,,,,,,,-0.0035414711944022903,-0.0010996667352133338,,,,,,,
2024-03-31,71333.6484375,3647.8564453125,,,,,,,,0.02424203264779501,0.03988435846648297,,,,,,,
2024-04-01,69702.1484375,3505.030029296875,2236.5,207.82000732421875,439.6333312988281,508.4442443847656,5243.77001953125,16396.830078125,13.649999618530273,-0.022871394296192005,-0.03915351882861429,,,,,,,
2024-04-02,65446.97265625,3277.234619140625,2261.0,210.88999938964844,435.8392028808594,505.2115173339844,5205.81005859375,16240.4501953125,14.609999656677246,-0.061047985989492126,-0.0649910010049034,0.010954616588419341,0.014772360490971526,-0.008630211014163947,-0.006358075809655306,-0.0072390590731691296,-0.009537202134034861,0.0703296750897886
2024-04-03,65980.8125,3311.44189453125,2294.39990234375,212.74000549316406,436.8173522949219,505.7664489746094,5211.490234375,16277.4599609375,14.329999923706055,0.008156830210526378,0.010437847565395009,0.014772181487726632,0.008772374739768773,0.002244289654526277,0.0010984144691581488,0.001091122364688113,0.0022788632814920717,-0.019164937683158856
2024-04-04,68508.84375,3330.04052734375,2288.800048828125,211.52000427246094,430.1381530761719,499.59307861328125,5147.2099609375,16049.080078125,16.350000381469727,0.038314642609167615,0.00561647566373269,-0.0024406615036484114,-0.005734705223284009,-0.01529059956904022,-0.012205970510388742,-0.012334336350379616,-0.014030437387686057,0.14096304734949738
2024-04-05,67837.640625,3318.88525390625,2325.699951171875,215.13999938964844,435.206787109375,504.81219482421875,5204.33984375,16248.51953125,16.030000686645508,-0.009797320875087778,-0.0033498911937862585,0.016121942308871873,0.017114197447370305,0.011783735055712619,0.010446734421189596,0.011099194174331695,0.01242684640827707,-0.019571846321599473
2024-04-06,68896.109375,3354.183837890625,,,,,,,,0.015602971156545964,0.010635674717235144,,,,,,,
2024-04-07,69362.5546875,3453.49462890625,,,,,,,,0.006770270726916605,0.02960803456678729,,,,,,,
2024-04-08,71631.359375,3695.292724609375,2331.699951171875,216.47999572753906,435.3353271484375,505.09454345703125,5202.39013671875,16253.9599609375,15.1899995803833,0.03270935878474601,0.07001548335394525,,,,,,,
2024-04-09,69139.015625,3505.163330078125,2343.5,217.6699981689453,436.9458312988281,505.6788330078125,5209.91015625,16306.6396484375,14.979999542236328,-0.03479403115822832,-0.051451781685670994,0.005060706383852809,0.005497054993034878,0.003699456602660467,0.0011567924428210752,0.0014454931932483817,0.0032410371150539685,-0.013824887685854326
2024-04-10,70587.8828125,3543.737060546875,2329.60009765625,215.61000061035156,433.1319274902344,500.6153869628906,5160.64013671875,16170.3603515625,15.800000190734863,0.0209558550176423,0.011004831112360725,-0.00593125766748448,-0.009463856185613961,-0.0087285506243574,-0.010013165895839782,-0.009456980649108493,-0.008357288798496176,0.05473969783420429
2024-04-11,70060.609375,3505.247802734375,2354.800048828125,219.8000030517578,440.04827880859375,504.3935241699219,5199.06005859375,16442.19921875,14.90999984741211,-0.007469744331340511,-0.010861205883757163,0.010817286278974603,0.019433247203493043,0.015968232493124956,0.007546985780745308,0.007444797710585593,0.016810934405752542,-0.05632913497334324
2024-04-12,67195.8671875,3243.034912109375,2356.199951171875,216.88999938964844,433.03314208984375,497.4313659667969,5123.41015625,16175.08984375,17.309999465942383,-0.04088948430588779,-0.07480580700184813,0.000594488837575291,-0.013239324939518515,-0.01594174334176035,-0.013803028527343941,-0.01455068829580164,-0.0162453557122334,0.16096577083110009
2024-04-13,63821.47265625,3004.900390625,,,,,,,,-0.05021729270691988,-0.07342952756850973,,,,,,,
2024-04-14,65738.7265625,3156.94189453125,,,,,,,,0.03004089104268326,0.050597851556279494,,,,,,,
2024-04-15,63426.2109375,3101.600341796875,2365.800048828125,220.9499969482422,425.9092712402344,491.199462890625,5061.81982421875,15885.01953125,19.229999542236328,-0.03517737178558533,-0.01753011445356112,,,,,,,
2024-04-16,63811.86328125,3084.920166015625,2390.800048828125,221.22000122070312,425.9488220214844,490.3035888671875,5051.41015625,15865.25,18.399999618530273,0.006080330797783695,-0.005377925568445963,0.010567249760766284,0.0012220152803359419,9.28619870961267e-05,-0.0018238497618979777,-0.0020565070133361507,-0.0012445393102040736,-0.04316172352906522
2024-04-17,61276.69140625,2984.7275390625,2371.699951171875,219.58999633789062,420.7516784667969,487.4018859863281,5022.2099609375,15683.3701171875,18.209999084472656,-0.03972884891052719,-0.03247819118850337,-0.007988998354593546,-0.007368252752093185,-0.012201333319863839,-0.005918175894986888,-0.005780602724641426,-0.011464041399442126,-0.010326116195473745
2024-04-18,63512.75390625,3066.027587890625,2382.300048828125,220.33999633789062,418.3506774902344,486.3989562988281,5011.1201171875,15601.5,18.0,0.03649124077498622,0.027238683519387852,0.004469409231556698,0.0034154561341945833,-0.005706456086667644,-0.002057705799538345,-0.002208160119998248,-0.005220186514490188,-0.011532075509642303
2024-04-19,63843.5703125,3059.278564453125,2398.39990234375,221.02999877929688,409.6954040527344,482.1534729003906,4967.22998046875,15282.009765625,18.709999084472656,0.005208661031110617,-0.0022012272375354636,0.006758113245871167,0.003131535140574959,-0.020689038892980016,-0.008728397426554513,-0.00875854812743615,-0.020478174173957586,0.039444393581814285
2024-04-20,64994.44140625,3157.627197265625,,,,,,,,0.018026421268684478,0.032147655318233825,,,,,,,
2024-04-21,64926.64453125,3147.28857421875,,,,,,,,-0.0010431180502996629,-0.0032741746890918577,,,,,,,
2024-04-22,66837.6796875,3201.652099609375,2332.199951171875,215.57000732421875,413.8155212402344,486.5937194824219,5010.60009765625,15451.3095703125,16.940000534057617,0.029433758205850147,0.017273130222613897,,,,,,,
2024-04-23,66407.2734375,3219.91162109375,2327.699951171875,215.0399932861328,419.99090576171875,492.3679504394531,5070.5498046875,15696.6396484375,15.6899995803833,-0.006439574982440521,0.0057031560320381924,-0.0019295086588689836,-0.002458663172418052,0.014923037451510579,0.011866636838578914,0.011964576270872662,0.015877623641452843,-0.07378990048797274
2024-04-24,64276.8984375,3139.80517578125,2324.5,214.63999938964844,421.4136657714844,492.1342468261719,5071.6298828125,15712.75,15.970000267028809,-0.03208044676017341,-0.024878460883124842,-0.0013747266567858407,-0.0018600907225296837,0.003387597184241864,-0.00047465236734567373,0.0002130100613548791,0.0010263567185926359,0.017845805872141796
2024-04-25,64481.70703125,3156.509521484375,2329.800048828125,215.9199981689453,419.3783264160156,490.2646484375,5048.419921875,15611.759765625,15.369999885559082,0.0031863484195515657,0.005320185415315981,0.0022800812338674703,0.005963468053189924,-0.004829789636134896,-0.0037989601429470055,-0.004576430353515626,-0.006427279398895758,-0.03757046784203688
2024-04-26,63755.3203125,3130.164794921875,2334.800048828125,216.6199951171875,425.85003662109375,494.90936279296875,5099.9599609375,15927.900390625,15.029999732971191,-0.011265004482557628,-0.008346157799679732,0.002146106916992796,0.003241927353549112,0.015431675404842693,0.009473892050490873,0.01020914263474304,0.02025015947888842,-0.022121025056567434
2024-04-27,63419.140625,3252.168212890625,,,,,,,,-0.005272966802647994,0.03897667565831631,,,,,,,
2024-04-28,63113.23046875,3262.774658203125,,,,,,,,-0.004823625063903991,0.0032613458524253236,,,,,,,
2024-04-29,63841.12109375,3215.428955078125,2345.39990234375,216.17999267578125,427.5791320800781,496.6620788574219,5116.169921875,15983.080078125,14.670000076293945,0.011533090916022948,-0.01451087129353712,,,,,,,
2024-04-30,60636.85546875,3012.286865234375,2291.39990234375,211.8699951171875,419.5165710449219,488.7943420410156,5035.68994140625,15657.8203125,15.649999618530273,-0.050191249309274655,-0.06317729070733402,-0.02302379220960915,-0.019937078844561418,-0.018856301512970686,-0.015841227166982663,-0.01573051358686217,-0.020350255647543336,0.06680296776684846
2024-05-01,58254.01171875,2969.78466796875,2299.89990234375,213.7899932861328,416.4833068847656,487.2071838378906,5018.39013671875,15605.48046875,15.390000343322754,-0.03929695449375714,-0.014109611457047588,0.0037095227207202264,0.00906215232545482,-0.007230379845547197,-0.0032470879194256286,-0.0034354388154940185,-0.003342728598578648,-0.01661337262268492
2024-05-02,59123.43359375,2988.16845703125,2299.199951171875,213.1300048828125,421.7989807128906,491.7642517089844,5064.2001953125,15840.9599609375,14.680000305175781,0.014924669552331737,0.0061902767768931,-0.00030433984155642246,-0.0030870874411647042,0.012763233820547226,0.009353449666312796,0.009128437077573048,0.015089538105478306,-0.04613385460092079
2024-05-03,62889.8359375,3103.5419921875,2299.0,212.9600067138672,430.2765197753906,497.85980224609375,5127.7900390625,16156.330078125,13.489999771118164,0.06370405294167747,0.03861011747338838,-8.696554285025915e-05,-0.0007976266365629092,0.02009852903905074,0.01239526971699556,0.012556739721478527,0.019908523092361685,-0.08106270499449886
2024-05-04,63891.47265625,3117.576416015625,,,,,,,,0.015926845790239064,0.004522066678476877,,,,,,,
2024-05-05,64031.1328125,3137.2490234375,,,,,,,,0.002185896653241981,0.006310224609351378,,,,,,,
2024-05-06,63161.94921875,3062.728759765625,2321.60009765625,215.1999969482422,434.98944091796875,503.0010986328125,5180.740234375,16349.25,13.489999771118164,-0.013574390387488533,-0.02375337855399917,,,,,,,
2024-05-07,62334.81640625,3006.5771484375,2315.199951171875,214.2100067138672,435.0586242675781,503.55615234375,5187.7001953125,16332.5595703125,13.229999542236328,-0.01309542885757653,-0.01833385054066039,-0.002756782484130804,-0.004600326433150892,0.0001590460436542429,0.0011034840926713585,0.0013434298232750663,-0.0010208682164319915,-0.01927355324634561
2024-05-08,61187.94140625,2973.6572265625,2313.60009765625,213.5800018310547,434.8017272949219,503.6047668457031,5187.669921875,16302.759765625,13.0,-0.018398626419713127,-0.010949302229649516,-0.0006910217473075075,-0.002941061869504713,-0.0005904881740679269,9.654236518974457e-05,-5.835618166138978e-06,-0.001824564273542717,-0.017384697671535276
2024-05-09,63049.9609375,3036.0205078125,2332.10009765625,216.9499969482422,435.75030517578125,506.5064392089844,5214.080078125,16346.259765625,12.6899995803833,0.03043115176709965,0.0209719132026831,0.007996196066356154,0.015778607960932778,0.0021816331935038402,0.0057618048007284095,0.005090947698625836,0.0026682598912928235,-0.023846186124361513
2024-05-10,60792.77734375,2909.791259765625,2367.300048828125,218.7100067138672,436.7778625488281,507.158935546875,5222.68017578125,16340.8701171875,12.550000190734863,-0.035799920573900024,-0.041577205332458456,0.01509367081080737,0.008112513438038427,0.002358133455884426,0.0012882291070368534,0.001649398844549843,-0.00032971753262078796,-0.011032261172400193
2024-05-11,60793.7109375,2911.60205078125,,,,,,,,1.5356984674586016e-05,0.0006223095933592937,,,,,,,
2024-05-12,61448.39453125,2928.701904296875,,,,,,,,0.010768936188532141,0.005873005038939505,,,,,,,
2024-05-13,62901.44921875,2949.359619140625,2336.10009765625,216.25999450683594,437.7856750488281,507.2270202636719,5221.419921875,16388.240234375,13.600000381469727,0.023646747788683697,0.007053539594945368,,,,,,,
2024-05-14,61552.7890625,2881.157958984375,2353.39990234375,218.08999633789062,440.6015625,509.5543518066406,5246.68017578125,16511.1796875,13.420000076293945,-0.02144084393922019,-0.023124226599441355,0.007405420985537647,0.008462045119477013,0.0064321141866001685,0.004588342990400784,0.004837813139759728,0.007501687268846036,-0.013235316185802093
2024-05-15,66267.4921875,3037.056640625,2388.699951171875,220.88999938964844,447.48834228515625,515.8642578125,5308.14990234375,16742.390625,12.449999809265137,0.07659609250545496,0.05410973083044013,0.014999596453186603,0.012838750510223873,0.01563040254800785,0.012383185392269569,0.011715927882596233,0.0140032960621852,-0.07228019832446109
2024-05-16,65231.58203125,2945.131103515625,2380.0,220.02999877929688,446.57928466796875,514.802734375,5297.10009765625,16698.3203125,12.420000076293945,-0.01563225228621834,-0.030267969283067964,-0.0036421280821004043,-0.0038933433506626036,-0.002031466590940223,-0.002057757290651163,-0.0020816677921287052,-0.0026322592446381687,-0.0024096171430353364
2024-05-17,67051.875,3094.11865234375,2412.199951171875,223.66000366210938,446.3619689941406,515.5428466796875,5303.27001953125,16685.970703125,11.989999771118164,0.02790508695432159,0.050587747570991715,0.013529391248686906,0.0164977725898805,-0.00048662282664924117,0.001437661953342273,0.0011647735102702228,-0.0007395719535787659,-0.034621602458483336
2024-05-18,66940.8046875,3122.948974609375,,,,,,,,-0.0016564833198177142,0.009317781735288744,,,,,,,
2024-05-19,66278.3671875,3071.843017578125,,,,,,,,-0.009895869986810912,-0.0163646468279689,,,,,,,
2024-05-20,71448.1953125,3663.85546875,2433.89990234375,224.55999755859375,449.4743347167969,516.1367797851562,5308.1298828125,16794.869140625,12.149999618530273,0.07800174241430358,0.19272223475749883,,,,,,,
2024-05-21,70136.53125,3789.312744140625,2421.699951171875,224.22999572753906,450.3536682128906,517.4025268554688,5321.41015625,16832.619140625,11.859999656677246,-0.018358253231772315,0.03424187347472718,-0.005012511467758718,-0.001469548604570936,0.001956359747765868,0.0024523481369402855,0.002501874243978186,0.002247710278890258,-0.023868310366918943
2024-05-22,69122.3359375,3737.2177734375,2389.199951171875,220.11000061035156,450.2647705078125,515.9127197265625,5307.009765625,16801.5390625,12.289999961853027,-0.01446030042296964,-0.013747867811565229,-0.013420324835978548,-0.01837396956557802,-0.00019739531695361912,-0.0028793967009798083,-0.002706123039226127,-0.0018464196133320954,0.03625635055846632
2024-05-23,67929.5625,3776.92724609375,2335.0,215.72000122070312,448.2392578125,512.1444702148438,5267.83984375,16736.029296875,12.770000457763672,-0.017255976976508713,0.010625410415868064,-0.022685397739645285,-0.019944570339717638,-0.004498492504816931,-0.007304044594434456,-0.0073807894850155265,-0.003899033617177028,0.03905618367782915
2024-05-24,68526.1015625,3726.9345703125,2332.5,215.9199981689453,452.4779968261719,515.5330200195312,5304.72021484375,16920.7890625,11.930000305175781,0.008781729788116976,-0.013236335392203924,-0.0010706638115631772,0.0009271136061119734,0.009456420739133442,0.0066163943999355546,0.0070010425881694704,0.011039641622729413,-0.06577917952048329
2024-05-25,69265.9453125,3749.236572265625,,,,,,,,0.010796524727518797,0.005984006837891798,,,,,,,
2024-05-26,68518.09375,3825.8974609375,,,,,,,,-0.010796814497022966,0.020447066274494885,,,,,,,
2024-05-27,69394.5546875,3892.0068359375,,,,,,,,0.012791671360530277,0.017279442451079374,,,,,,,
2024-05-28,68296.21875,3840.25634765625,2355.199951171875,218.19000244140625,454.1873474121094,515.8931884765625,5306.0400390625,17019.880859375,12.920000076293945,-0.015827408107827234,-0.013296607756030476,,,,,,,
2024-05-29,67578.09375,3763.196533203125,2340.300048828125,216.16000366210938,450.98602294921875,512.2807006835938,5266.9501953125,16920.580078125,14.279999732971191,-0.01051485738366742,-0.020066320442424512,-0.006326385297492965,-0.009303812074716977,-0.0070484668521288985,-0.00700239482447218,-0.007367046509680453,-0.005834399316332561,0.10526313070017856
2024-05-30,68364.9921875,3746.849609375,2342.89990234375,216.57000732421875,446.15447998046875,508.8824768066406,5235.47998046875,16737.080078125,14.470000267028809,0.011644282841286824,-0.0043438931992773044,0.0011109060639156176,0.0018967600627461945,-0.010713287602915456,-0.006633519225726192,-0.005975035585443322,-0.010844781866387043,0.01330535977664793
2024-05-31,67491.4140625,3760.026611328125,2322.89990234375,215.3000030517578,445.324462890625,513.5175170898438,5277.509765625,16735.01953125,12.920000076293945,-0.012778150001159894,0.0035168216840502087,-0.008536429567474357,-0.00586417430627717,-0.0018603804894665732,0.009108272527458716,0.00802787620486467,-0.00012311268544940024,-0.10711818674023643
2024-06-01,67706.9375,3813.198974609375,,,,,,,,0.0031933460054698326,0.014141485892959826,,,,,,,
2024-06-02,67751.6015625,3780.89599609375,,,,,,,,0.0006596674454519835,-0.00847135927884124,,,,,,,
2024-06-03,68804.78125,3766.38916015625,2346.60009765625,217.22000122070312,447.7155456542969,513.9361572265625,5283.39990234375,16828.669921875,13.109999656677246,0.015544720172089965,-0.0038368778068711418,,,,,,,
2024-06-04,70567.765625,3812.515869140625,2325.5,215.27000427246094,448.9407653808594,514.5106811523438,5291.33984375,16857.05078125,13.15999984741211,0.025622992224831664,0.01224693121792586,-0.00899177396153883,-0.008977059834655465,0.0027366030473030545,0.001117889678908135,0.0015028090913065117,0.0016864588530618452,0.003813897181103032
2024-06-05,71082.8203125,3864.260986328125,2354.10009765625,217.82000732421875,457.9913024902344,520.62548828125,5354.02978515625,17187.900390625,12.630000114440918,0.007298724608017615,0.013572433260235606,0.012298472438722952,0.011845603201319,0.020159757828400737,0.011884703958353171,0.011847649793331305,0.01962677894658782,-0.04027353640702469
2024-06-06,70757.1640625,3811.60595703125,2370.300048828125,219.42999267578125,457.8332214355469,520.6160278320312,5352.9599609375,17173.119140625,12.579999923706055,-0.004581363662391591,-0.0136261576231963,0.006881589779467623,0.007391356612921562,-0.000345161695927354,-1.8171313989956417e-05,-0.00019981663563317653,-0.0008599799663757679,-0.00395884325271656
2024-06-07,69342.5859375,3678.629150390625,2305.199951171875,211.60000610351562,457.4281311035156,519.9830932617188,5346.990234375,17133.130859375,12.220000267028809,-0.01999201273457618,-0.03488734358684775,-0.027464918497738466,-0.03568330143379639,-0.0008847989028867298,-0.001215741614694732,-0.0011152197300303701,-0.002328539208430902,-0.028616825028659476
2024-06-08,69305.7734375,3680.949951171875,,,,,,,,-0.0005308786729295578,0.0006308874002707299,,,,,,,
2024-06-09,69647.9921875,3705.90380859375,,,,,,,,0.00493781012787653,0.006779189544245501,,,,,,,
2024-06-10,69512.28125,3666.717529296875,2307.699951171875,213.5399932861328,459.2757873535156,521.5896606445312,5360.7900390625,17192.529296875,12.739999771118164,-0.0019485261992140401,-0.010574014146293997,,,,,,,
2024-06-11,67332.03125,3498.33056640625,2307.5,214.14999389648438,462.42767333984375,522.8458862304688,5375.31982421875,17343.55078125,12.850000381469727,-0.03136496113771259,-0.04592308012417712,-8.664522082846293e-05,0.0028566106093961263,0.006862730570863063,0.0024084556898331666,0.0027103813151374556,0.008784134188007497,0.008634270983343129
2024-06-12,68241.1875,3559.61767578125,2336.0,214.72000122070312,468.484375,527.1399536132812,5421.02978515625,17608.439453125,12.039999961853027,0.013502581655740586,0.01751895888957078,0.012351029252437806,0.0026617200115086614,0.013097619388589443,0.008212873995760317,0.008503672791998707,0.015273035793879508,-0.06303505023896772
2024-06-13,66756.3984375,3469.28125,2300.199951171875,212.97000122070312,471.0237121582031,528.2013549804688,5433.740234375,17667.560546875,11.9399995803833,-0.021757960505889518,-0.025378125970065946,-0.015325363368204226,-0.008150148984962247,0.0054203241211685516,0.002013509619053,0.0023446558536817097,0.0033575430637895476,-0.008305679550378975
2024-06-14,66011.09375,3480.27197265625,2331.39990234375,215.72999572753906,473.4642028808594,528.5226440429688,5431.60009765625,17688.880859375,12.65999984741211,-0.011164543099157487,0.003168011430681794,0.013564016969907167,0.012959545903254766,0.005181248119068282,0.0006082700460166013,-0.000393860697500914,0.0012067490836344952,0.060301532021133974
2024-06-15,66191.0,3565.549560546875,,,,,,,,0.0027253941690672523,0.024503138996214258,,,,,,,
2024-06-16,66639.046875,3620.5634765625,,,,,,,,0.006768999939568809,0.015429295002475696,,,,,,,
2024-06-17,66490.296875,3511.37890625,2312.39990234375,214.61000061035156,479.2640686035156,532.729248046875,5473.22998046875,17857.01953125,12.75,-0.0022321747830370553,-0.03015678941117861,,,,,,,
2024-06-18,65140.74609375,3483.681396484375,2330.39990234375,215.47000122070312,479.4122009277344,534.0825805664062,5487.02978515625,17862.23046875,12.300000190734863,-0.02029695827328193,-0.007887929643914382,0.0077841207231310605,0.004007271832187298,0.00030908289171427406,0.0025403758560149647,0.0025213273947457537,0.0002918145153441021,-0.03529410268746169
2024-06-19,64960.296875,3559.347412109375,,,,,,,,-0.0027701435671353414,0.021720130807989513,,,,,,,
2024-06-20,64828.65625,3511.0869140625,2353.800048828125,218.16000366210938,475.7169494628906,532.6317138671875,5473.169921875,17721.58984375,13.279999732971191,-0.00202647819256907,-0.013558805157003362,,,,,,,
2024-06-21,64096.19921875,3516.07568359375,2316.39990234375,214.77999877929688,474.4423522949219,531.9176025390625,5464.6201171875,17689.359375,13.199999809265137,-0.011298352821403679,0.0014208618736464285,-0.015889262345370136,-0.015493238109986152,-0.002679318383353446,-0.0013407225096309094,-0.001562130321101196,-0.001818712036232295,-0.006024090761646117
2024-06-22,64252.578125,3494.8134765625,,,,,,,,0.0024397531859308152,-0.006047141456727134,,,,,,,
2024-06-23,63180.796875,3418.61181640625,,,,,,,,-0.01668075089399379,-0.02180421377772701,,,,,,,
2024-06-24,60277.4140625,3350.25634765625,2330.0,215.6300048828125,469.041015625,530.1886596679688,5447.8701171875,17496.8203125,13.329999923706055,-0.04595356431233677,-0.019995095208515723,,,,,,,
2024-06-25,61804.640625,3395.029052734375,2316.60009765625,214.55999755859375,474.4048156738281,532.2303466796875,5469.2998046875,17717.650390625,12.84000015258789,0.025336630415439876,0.013363963957398806,-0.005751031048819688,-0.004962237629221655,0.011435673790022083,0.0038508688831582205,0.003933590015736899,0.012621154825899206,-0.03675917283740937
2024-06-26,60811.27734375,3369.477294921875,2299.199951171875,212.5800018310547,475.3844909667969,532.8945922851562,5477.89990234375,17805.16015625,12.550000190734863,-0.016072632592061153,-0.007526226555239823,-0.007511070426863498,-0.009228168111804491,0.00206506186404809,0.001248041585025339,0.0015724312002203256,0.004939129269155407,-0.022585666542580096
2024-06-27,61604.80078125,3444.800537109375,2324.5,214.99000549316406,476.6116027832031,533.734619140625,5482.8701171875,17858.6796875,12.239999771118164,0.013048951973404943,0.0223545777563241,0.011003848888927692,0.011336925587312363,0.0025813038492497054,0.0015763471193552814,0.0009073212238914774,0.0030058438553957068,-0.024701228279307874
2024-06-28,60320.13671875,3373.635986328125,2327.699951171875,215.00999450683594,474.1375427246094,531.63427734375,5460.47998046875,17732.599609375,12.4399995803833,-0.020853310881755127,-0.02065854031739267,0.0013766191318025367,9.297647872519299e-05,-0.005190935437044186,-0.003935179996862104,-0.004083652583445674,-0.007059876784354269,0.01633985400367921
2024-06-29,60887.37890625,3372.9677734375,,,,,,,,0.009403861104374522,-0.00019806905467367741,,,,,,,
2024-06-30,62678.29296875,3432.88916015625,,,,,,,,0.029413551620566913,0.017765182101838528,,,,,,,
2024-07-01,62851.98046875,3440.341552734375,2327.60009765625,215.57000732421875,476.9184265136719,532.728515625,5475.08984375,17879.30078125,12.220000267028809,0.002771094932125795,0.0021708806286613314,,,,,,,
2024-07-02,62029.015625,3416.354736328125,2323.0,215.55999755859375,481.9258728027344,536.3135986328125,5509.009765625,18028.759765625,12.029999732971191,-0.013093697885290578,-0.0069722194841920215,-0.0019763264578318562,-4.643394389247657e-05,0.010499586534467698,0.006729662300142714,0.006195317856513505,0.008359330501992446,-0.015548324869538943
2024-07-03,60173.921875,3292.916748046875,2359.800048828125,217.99000549316406,485.9437255859375,538.7069702148438,5537.02001953125,18188.30078125,12.09000015258789,-0.02990687070088416,-0.03613149037734886,0.015841605177841167,0.011273000380832565,0.008337076322208148,0.004462634526017029,0.005084444409779065,0.008849250735993186,0.004987566163634494
2024-07-04,56977.703125,3054.52197265625,,,,,,,,-0.05311634426354228,-0.07239623520151972,,,,,,,
2024-07-05,56662.375,2981.5986328125,2388.5,220.92999267578125,491.0106201171875,541.8134765625,5567.18994140625,18352.759765625,12.479999542236328,-0.005534237213954074,-0.023873895979977133,,,,,,,
2024-07-06,58303.5390625,3069.3779296875,,,,,,,,0.02896391234041995,0.029440346500360093,,,,,,,
2024-07-07,55849.109375,2929.38720703125,,,,,,,,-0.042097439142912196,-0.045608825587177826,,,,,,,
2024-07-08,56705.09765625,3018.73193359375,2355.199951171875,218.19000244140625,492.1783447265625,542.4385986328125,5572.85009765625,18403.740234375,12.369999885559082,0.015326802715911692,0.03049945952793487,,,,,,,
2024-07-09,58009.2265625,3064.032958984375,2360.10009765625,218.55999755859375,492.6039123535156,542.9661865234375,5576.97998046875,18429.2890625,12.510000228881836,0.02299844211812685,0.015006640664742665,0.002080564956676856,0.0016957473442755777,0.0008646614210334747,0.0009726223243602394,0.0007410719362856977,0.0013882410748919938,0.01131773198205055
2024-07-10,57742.49609375,3102.21875,2372.199951171875,219.36000061035156,497.74005126953125,548.3389282226562,5633.91015625,18647.44921875,12.850000381469727,-0.004598069730556098,0.01246259146908213,0.005126839123324123,0.0036603361122538036,0.010426508574559845,0.009895168120173325,0.010208065293514812,0.011837687037744349,0.02717826909410692
2024-07-11,57344.9140625,3100.330810546875,2415.0,223.25,486.82452392578125,543.61083984375,5584.5400390625,18283.41015625,12.920000076293945,-0.006885432015347748,-0.0006085771524413364,0.01804234453633713,0.017733403441032136,-0.021930176838108495,-0.008622565598673693,-0.008763028841120457,-0.019522190849242782,0.00544744690631771
2024-07-12,57899.46484375,3134.15869140625,2414.0,223.11000061035156,489.68450927734375,547.0397338867188,5615.35009765625,18398.44921875,12.460000038146973,0.009670444019596935,0.010911055279745563,-0.00041407867494824835,-0.0006270969301161999,0.005874776661823455,0.0063076263231880425,0.0055170270744306915,0.006291991565953836,-0.035603717912586985
2024-07-13,59231.953125,3177.19873046875,,,,,,,,0.023013827240820017,0.013732565354943382,,,,,,,
2024-07-14,60787.79296875,3244.0791015625,,,,,,,,0.026266900915231206,0.021050106325543716,,,,,,,
2024-07-15,64870.15234375,3489.552734375,2422.89990234375,223.8300018310547,491.0007629394531,548.5441284179688,5631.22021484375,18472.5703125,13.119999885559082,0.06715755212726138,0.0756682020158721,,,,,,,
2024-07-16,65097.1484375,3443.513427734375,2462.39990234375,228.2899932861328,491.1887512207031,551.7969970703125,5667.2001953125,18509.33984375,13.1899995803833,0.003499237870556282,-0.013193469233778732,0.016302778320222977,0.019925798233449088,0.00038286759500039125,0.005930003592828914,0.006389375498743188,0.0019904935062078355,0.0053353426398474735
2024-07-17,64118.79296875,3388.75244140625,2454.800048828125,227.22999572753906,476.76995849609375,544.0602416992188,5588.27001953125,17996.919921875,14.479999542236328,-0.01502916014346345,-0.0159026492788078,-0.0030863603870319167,-0.004643206403117217,-0.02935489196113661,-0.014021017533931812,-0.013927543241993745,-0.02768439750961882,0.09780136488947022
2024-07-18,63974.06640625,3426.258544921875,2451.800048828125,225.77999877929688,474.5136413574219,539.8792114257812,5544.58984375,17871.220703125,15.930000305175781,-0.0022571629283560934,0.011067820433664055,-0.001222095462085404,-0.006381186355259194,-0.0047325069427384125,-0.007684866404461421,-0.007816403936922511,-0.006984485083873393,0.1001381774018697
2024-07-19,66710.15625,3505.73486328125,2395.5,221.72999572753906,470.3077087402344,536.2940063476562,5505.0,17726.939453125,16.520000457763672,0.042768734230136385,0.023196240831611536,-0.02296274072391602,-0.017937829186174925,-0.008863670610513408,-0.006640754083967693,-0.007140265531926926,-0.008073385271033628,0.037037045906157084
2024-07-20,67163.6484375,3519.29541015625,,,,,,,,0.0067979482134701286,0.003868103950767088,,,,,,,
2024-07-21,68154.5234375,3536.60546875,,,,,,,,0.014753144342986024,0.0049186148294897425,,,,,,,
2024-07-22,67585.25,3440.419921875,2392.0,221.8000030517578,477.31427001953125,541.8232421875,5564.41015625,18007.5703125,14.90999984741211,-0.00835268752223095,-0.027197137968854812,,,,,,,
2024-07-23,65927.671875,3481.995849609375,2404.60009765625,222.5800018310547,475.6318664550781,540.9734497070312,5555.740234375,17997.349609375,14.720000267028809,-0.02452573786440093,0.012084550339342526,0.005267599354619623,0.003516676143213937,-0.0035247292405153896,-0.001568394292274844,-0.001558102589770738,-0.0005675781322872497,-0.012743097406287318
2024-07-24,65372.1328125,3336.33935546875,2413.300048828125,221.8000030517578,458.57080078125,528.7135620117188,5427.1298828125,17342.41015625,18.040000915527344,-0.008426492953570563,-0.04183132330756956,0.0036180449216294264,-0.0035043524704835294,-0.03587031668207097,-0.02266264213512137,-0.02314909375473495,-0.036390883510082794,0.22554351822499452
2024-07-25,65777.2265625,3174.42724609375,2351.89990234375,218.3300018310547,453.5137939453125,525.9588012695312,5399.22021484375,17181.720703125,18.459999084472656,0.00619673448871394,-0.04852986825503891,-0.02544240054782676,-0.01564473026582147,-0.011027755860866129,-0.005210308454554946,-0.005142620237842288,-0.00926569327315152,0.023281493771090345
2024-07-26,67912.0625,3275.951416015625,2380.0,220.6300048828125,458.1650695800781,531.8493041992188,5459.10009765625,17357.880859375,16.389999389648438,0.032455548053117234,0.031981885880926875,0.011947828914082192,0.010534525866662925,0.010256084151933242,0.011199551971502908,0.011090468702846357,0.010252765674276132,-0.11213433355830271
2024-07-27,67813.3359375,3247.60791015625,,,,,,,,-0.0014537411892032726,-0.008651992126869734,,,,,,,
2024-07-28,68255.8671875,3271.464599609375,,,,,,,,0.006525726007755361,0.007345926636807887,,,,,,,
2024-07-29,66819.9140625,3320.539306640625,2377.300048828125,220.32000732421875,459.08538818359375,532.161865234375,5463.5400390625,17370.19921875,16.600000381469727,-0.021037797689324123,0.015000836945357587,,,,,,,
2024-07-30,66201.015625,3278.667724609375,2405.0,222.52000427246094,452.7815246582031,529.4656982421875,5436.43994140625,17147.419921875,17.690000534057617,-0.009262185475442442,-0.012609873928464688,0.011651853196036122,0.009985461488319247,-0.013731353006751879,-0.005066441562850521,-0.004960171878030217,-0.012825373737482826,0.06566265828551643
2024-07-31,64619.25,3231.295654296875,2426.5,226.5500030517578,466.1809997558594,538.0720825195312,5522.2998046875,17599.400390625,16.360000610351562,-0.023893373992326827,-0.01444857310697567,0.008939708939708968,0.018110725786084414,0.02959368783382077,0.016254847681193896,0.0157933986591674,0.026358511706674248,-0.07518371303299154
2024-08-01,65357.5,3201.564453125,2435.0,225.77000427246094,454.889404296875,530.452392578125,5446.68017578125,17194.150390625,18.59000015258789,0.011424614182306447,-0.009201015429318393,0.0035029878425716365,-0.003442943141866439,-0.024221483640255226,-0.014161095118941924,-0.013693502993456064,-0.023026352660052707,0.13630803539367387
2024-08-02,61415.06640625,2986.01318359375,2425.699951171875,225.33999633789062,444.0926208496094,520.576171875,5346.56005859375,16776.16015625,23.389999389648438,-0.06032105869640059,-0.06732685619396284,-0.0038193219006673607,-0.0019046282784819235,-0.023734963587367486,-0.01861848648683473,-0.018381860868696753,-0.024310025495816623,0.2582032919667483
2024-08-03,60680.09375,2903.3857421875,,,,,,,,-0.011967302150066583,-0.02767149249716494,,,,,,,
2024-08-04,58116.9765625,2686.39892578125,,,,,,,,-0.04223983565450573,-0.07473578631090383,,,,,,,
2024-08-05,53991.45703125,2417.206298828125,2401.699951171875,222.47999572753906,430.85150146484375,505.41510009765625,5186.330078125,16200.080078125,38.56999969482422,-0.07098647891315102,-0.10020575290203382,,,,,,,
2024-08-06,56034.31640625,2458.723876953125,2389.10009765625,220.6999969482422,434.96832275390625,510.0747985839844,5240.02978515625,16366.849609375,27.709999084472656,0.03783671505322772,0.01717585219975959,-0.005246222996955541,-0.008000713832612472,0.009555081681428046,0.00921954742829767,0.010354085880061037,0.010294364623245844,-0.2815660019776688
2024-08-07,55027.4609375,2336.58935546875,2390.5,220.5500030517578,430.2576904296875,506.66552734375,5199.5,16195.8095703125,27.850000381469727,-0.017968550940289485,-0.049673947786168404,0.0005859538263479624,-0.0006796279952806517,-0.010829828467494917,-0.006683865287402613,-0.007734647858502863,-0.010450394739652702,0.005052374652567915
2024-08-08,61710.13671875,2683.352783203125,2422.199951171875,224.00999450683594,443.41973876953125,518.3782348632812,5319.31005859375,16660.01953125,23.790000915527344,0.12144256099404904,0.14840580649003665,0.01326080366947302,0.015688013635013043,0.030591082118018864,0.023117237876704166,0.023042611519136447,0.028662349907374374,-0.1457809483063327
2024-08-09,60880.11328125,2599.5986328125,2432.10009765625,224.55999755859375,445.7354431152344,520.6640014648438,5344.16015625,16745.30078125,20.3700008392334,-0.013450358103773374,-0.03121250061300085,0.004087254018639186,0.0024552612171107047,0.005222375422729408,0.004409457125771121,0.004671676849538509,0.0051189165678968696,-0.1437578791374391
2024-08-10,60945.8125,2610.02294921875,,,,,,,,0.001079157301276501,0.004009971491242048,,,,,,,
2024-08-11,58719.484375,2553.252197265625,,,,,,,,-0.036529632368097475,-0.021751054706288353,,,,,,,
2024-08-12,59354.515625,2724.431884765625,2462.39990234375,228.41000366210938,446.69537353515625,520.9376831054688,5344.39013671875,16780.609375,20.709999084472656,0.010814659848586317,0.0670437834865365,,,,,,,
2024-08-13,60609.56640625,2703.671875,2466.699951171875,228.05999755859375,457.77911376953125,529.5048828125,5434.43017578125,17187.609375,18.1200008392334,0.021144992390795814,-0.007619940833063277,0.0017462837064086134,-0.001532358906807807,0.024812749115035615,0.016445728510096513,0.016847579753558328,0.024254184750069685,-0.12506027811373066
2024-08-14,58737.26953125,2662.914794921875,2439.39990234375,226.1999969482422,457.9275817871094,531.1752319335938,5455.2099609375,17192.599609375,16.190000534057617,-0.0308911115194338,-0.015074713930707695,-0.011067438021862053,-0.008155751250824572,0.0003243223928579564,0.003154549042534871,0.0038237284285767004,0.00029033906147879485,-0.10651215318914042
2024-08-15,57560.09765625,2570.087646484375,2453.10009765625,226.91000366210938,469.49627685546875,540.27978515625,5543.22021484375,17594.5,15.229999542236328,-0.020041310813293967,-0.03485922591835067,0.005616215405820579,0.0031388449312386157,0.0252631541066195,0.017140394874048726,0.016133247764330783,0.02337635958240125,-0.05929592094835401
2024-08-16,58894.10546875,2593.1865234375,2498.60009765625,231.99000549316406,470.09991455078125,541.4910888671875,5554.25,17631.720703125,14.800000190734863,0.023175912946963972,0.008987583355268836,0.018547958986048663,0.02238773852658915,0.0012857134871344655,0.002241993397156694,0.001989779357261412,0.0021154737631077225,-0.028233707447526624
2024-08-17,59478.97265625,2614.546875,,,,,,,,0.00993082725079053,0.008237105726658145,,,,,,,
2024-08-18,58483.96484375,2613.357177734375,,,,,,,,-0.016728732324455264,-0.00045503000041835495,,,,,,,
2024-08-19,59493.453125,2637.306396484375,2501.800048828125,231.61000061035156,476.27508544921875,546.66845703125,5608.25,17876.76953125,14.649999618530273,0.01726094125025579,0.009164158253623267,,,,,,,
2024-08-20,59012.79296875,2573.10693359375,2511.300048828125,232.4600067138672,475.2756042480469,545.779541015625,5597.1201171875,17816.939453125,15.880000114440918,-0.008079210921579816,-0.024342815448445854,0.0037972658943907778,0.0036699887797402297,-0.002098537655458421,-0.0016260605567995912,-0.0019845553982971165,-0.003346805921529139,0.08395908040535782
2024-08-21,61175.19140625,2631.3955078125,2508.39990234375,232.14999389648438,477.4924011230469,547.6550903320312,5620.85009765625,17918.990234375,16.270000457763672,0.03664287570061453,0.02265299333570292,-0.0011548387002693339,-0.0013336178629832496,0.004664234509800469,0.00343645955089511,0.004239676828782013,0.005727739128175591,0.024559215397492062
2024-08-22,60381.9140625,2622.951416015625,2478.89990234375,229.3699951171875,469.9217834472656,543.3568725585938,5570.64013671875,17619.349609375,17.549999237060547,-0.012967304646127387,-0.003208978571182075,-0.011760485229024398,-0.011975011209935604,-0.01585494901693807,-0.007848402853028458,-0.008932805548120926,-0.016721959277882892,0.07867232595473528
2024-08-23,64094.35546875,2764.447021484375,2508.39990234375,232.02000427246094,475.018310546875,549.130126953125,5634.60986328125,17877.7890625,15.859999656677246,0.061482671821355916,0.05394518732020126,0.011900440179980043,0.011553425520716143,0.010845479565178007,0.010625161263435823,0.01148337085011919,0.014667933769104025,-0.09629627657273676
2024-08-24,64178.9921875,2769.3896484375,,,,,,,,0.0013205019089592707,0.0017879260896347393,,,,,,,
2024-08-25,64333.54296875,2749.15771484375,,,,,,,,0.0024081210374646833,-0.007305556877908126,,,,,,,
2024-08-26,62880.66015625,2681.340576171875,2517.699951171875,232.75999450683594,470.40667724609375,547.8212280273438,5616.83984375,17725.76953125,16.149999618530273,-0.022583597070127692,-0.024668333251928187,,,,,,,
2024-08-27,59504.1328125,2458.7265625,2516.0,233.38999938964844,471.81195068359375,548.5733642578125,5625.7998046875,17754.8203125,15.430000305175781,-0.05369739018896724,-0.08302340092495786,-0.0006752000654739465,0.002706671669018279,0.002987358610058166,0.0013729592647899747,0.0015951960865450143,0.001638900990943437,-0.044582001879948985
2024-08-28,59027.625,2528.41552734375,2501.0,231.75,466.4580993652344,545.3887939453125,5592.18017578125,17556.029296875,17.110000610351562,-0.00800797843742207,0.02834351973360194,-0.0059618441971383,-0.007026862307456638,-0.011347426258708215,-0.005805185814678704,-0.00597597320797616,-0.011196453251911764,0.10887882514248881
2024-08-29,59388.1796875,2528.792724609375,2525.699951171875,232.9499969482422,465.77520751953125,545.4376220703125,5591.9599609375,17516.4296875,15.649999618530273,0.006108236397788236,0.00014918325787260933,0.009876030056727325,0.005177980359189593,-0.0014639939720897388,8.952902139180985e-05,-3.937906806072977e-05,-0.002255613083423591,-0.0853302711712346
2024-08-30,59119.4765625,2525.822021484375,2493.800048828125,231.2899932861328,471.3270263671875,550.644287109375,5648.39990234375,17713.619140625,15.0,-0.004524521990973862,-0.0011747515310726042,-0.012630123514453473,-0.0071260085162319076,0.011919524178245267,0.009545848743069074,0.010093051774424433,0.01125739986075569,-0.041533522963198455
2024-08-31,58969.8984375,2513.393798828125,,,,,,,,-0.002530098940268344,-0.004920466505769938,,,,,,,
2024-09-01,57325.48828125,2427.90234375,,,,,,,,-0.027885585694078285,-0.034014349489517204,,,,,,,
2024-09-02,59112.48046875,2538.187255859375,,,,,,,,0.031172733823612075,0.04542394894641233,,,,,,,
2024-09-03,57431.0234375,2420.603759765625,2489.89990234375,230.2899932861328,457.01708984375,539.3126831054688,5528.93017578125,17136.30078125,20.719999313354492,-0.02844504270361159,-0.04632577672207194,,,,,,,
2024-09-04,57971.5390625,2448.97705078125,2493.39990234375,230.42999267578125,455.82952880859375,538.2088012695312,5520.06982421875,17084.30078125,21.31999969482422,0.00941156177702851,0.011721576032903469,0.0014056789980614326,0.000607926500195255,-0.0025985046545246027,-0.00204683084696089,-0.0016025435809103872,-0.0030344938889551587,0.028957548327861904
2024-09-05,56160.48828125,2367.737548828125,2511.39990234375,232.35000610351562,456.255126953125,536.8997802734375,5503.41015625,17127.66015625,19.899999618530273,-0.031240343288065575,-0.03317283105091118,0.007219058596689809,0.008332306942507639,0.0009336783109326063,-0.00243218058308603,-0.003018017615584734,0.0025379660282958127,-0.06660413211162819
2024-09-06,53948.75390625,2223.87646484375,2493.5,230.6300048828125,444.03326416015625,527.8635864257812,5408.419921875,16690.830078125,22.3799991607666,-0.03938239218868078,-0.06075888100671323,-0.007127459998324093,-0.007402630408956501,-0.026787343464141244,-0.016830317648955262,-0.01726024985928465,-0.02550436394346589,0.12462309496363155
2024-09-07,54139.6875,2274.107177734375,,,,,,,,0.003539165966313096,0.022587006825558698,,,,,,,
2024-09-08,54841.56640625,2297.29296875,,,,,,,,0.012964221602682846,0.010195557730363625,,,,,,,
2024-09-09,57019.53515625,2358.482177734375,2501.800048828125,231.60000610351562,449.743408203125,533.7737426757812,5471.0498046875,16884.599609375,19.450000762939453,0.039713831911113884,0.026635352920471922,,,,,,,
2024-09-10,57648.7109375,2389.5810546875,2512.300048828125,232.6199951171875,453.8998107910156,536.0986938476562,5495.52001953125,17025.880859375,19.079999923706055,0.011034389872275785,0.013185970725884122,0.004196978093800263,0.004404097525005923,0.009241719860879849,0.004355686662705027,0.004472672652839682,0.008367462259605718,-0.019023178648836292
2024-09-11,57343.171875,2339.841552734375,2512.10009765625,232.25,463.7564392089844,541.5985107421875,5554.1298828125,17395.529296875,17.690000534057617,-0.005300015516934153,-0.020815155801287455,-7.95888898574848e-05,-0.001590555949419148,0.02171542746579136,0.010258963429025103,0.010665025888896507,0.02171097287436141,-0.07285112134206173
2024-09-12,58127.01171875,2361.78173828125,2551.199951171875,236.3300018310547,468.3087158203125,546.1605224609375,5595.759765625,17569.6796875,17.06999969482422,0.013669279499548104,0.009376782595058808,0.015564608095077315,0.017567284525531468,0.009816093592345254,0.008423235345493163,0.007495302358939249,0.010011215390628214,-0.035048096128643014
2024-09-13,60571.30078125,2441.607177734375,2581.300048828125,238.67999267578125,470.40667724609375,549.0130004882812,5626.02001953125,17683.98046875,16.559999465942383,0.04205082955798245,0.03379882152498004,0.011798407899162866,0.009943683944142245,0.004479868417794464,0.005222783247845975,0.005407711405364557,0.0065055700094134306,-0.029876991095463934
2024-09-14,60005.12109375,2418.595703125,,,,,,,,-0.00934732588201681,-0.009424724345186375,,,,,,,
2024-09-15,59182.8359375,2320.897216796875,,,,,,,,-0.013703582981947293,-0.04039471590968735,,,,,,,
2024-09-16,58192.5078125,2295.28369140625,2580.39990234375,238.66000366210938,468.3284912109375,549.8237915039062,5633.08984375,17592.130859375,17.139999389648438,-0.016733367188517922,-0.011036044683605084,,,,,,,
2024-09-17,60308.5390625,2341.707763671875,2564.300048828125,237.33999633789062,468.5759582519531,550.0484619140625,5634.580078125,17628.060546875,17.610000610351562,0.0363626062794542,0.020225853753695455,-0.006239286205599992,-0.0055309113549146804,0.0005284048390388207,0.00040862256895390914,0.00026455008109871336,0.0020423726828324718,0.027421309068831112
2024-09-18,61649.6796875,2369.72900390625,2570.699951171875,235.50999450683594,466.5471496582031,548.4171752929688,5618.259765625,17573.30078125,18.229999542236328,0.02223798894564699,0.011966155926492306,0.0024957696922693895,-0.007710465405288858,-0.004329732582351364,-0.002965714357998861,-0.002896455862498093,-0.003106397636846503,0.03520720672322497
2024-09-19,62940.45703125,2464.752197265625,2588.0,239.1699981689453,478.34344482421875,557.7755126953125,5713.64013671875,18013.98046875,16.329999923706055,0.020937291974474137,0.04009875947956032,0.006729703643647111,0.01554075728197235,0.025284250851511425,0.01706426753929513,0.01697685316676334,0.025076659927780076,-0.10422378860340853
2024-09-20,63192.9765625,2561.072021484375,2619.89990234375,242.2100067138672,477.4329833984375,556.8113403320312,5702.5498046875,17948.3203125,16.149999618530273,0.004012038411551844,0.039078907942797114,0.012326082822160078,0.012710660066880486,-0.0019033634423815116,-0.0017286028901163375,-0.0019410273951238066,-0.003644955448014686,-0.011022676424785383
2024-09-21,63394.83984375,2615.857177734375,,,,,,,,0.003194394254405042,0.021391493792606076,,,,,,,
2024-09-22,63648.7109375,2582.862548828125,,,,,,,,0.004004601863112578,-0.012613314361003103,,,,,,,
2024-09-23,63329.80078125,2648.54638671875,2626.5,242.67999267578125,478.69854736328125,558.2027587890625,5718.56982421875,17974.26953125,15.890000343322754,-0.005010473135318549,0.025430636221980274,,,,,,,
2024-09-24,64301.96875,2654.35498046875,2651.199951171875,246.07000732421875,481.007568359375,559.7998657226562,5732.93017578125,18074.51953125,15.390000343322754,0.01535087678718594,0.0021931251720292977,0.009404131418951023,0.01396907347432852,0.004823538756931756,0.00286115915488927,0.0025111788443470395,0.005577417197717205,-0.031466330345934046
2024-09-25,63143.14453125,2579.388671875,2659.199951171875,245.72999572753906,481.4535217285156,558.565185546875,5722.259765625,18082.2109375,15.40999984741211,-0.018021597802944433,-0.028242759218479185,0.003017501564325231,-0.001381767735031958,0.0009271233936332113,-0.002205574262129195,-0.0018612489301417234,0.00042553862838246026,0.0012995129072905787
2024-09-26,65181.01953125,2632.199951171875,2669.89990234375,246.97999572753906,485.07073974609375,560.77978515625,5745.3701171875,18190.2890625,15.369999885559082,0.032273891570151925,0.020474339471486358,0.004023748258253246,0.005086884066794806,0.0075131198637650165,0.003964800647585642,0.00403867571712313,0.005977041489758417,-0.002595714617073419
2024-09-27,65790.6640625,2695.900634765625,2644.300048828125,245.02000427246094,482.3751220703125,559.9664306640625,5738.169921875,18119.58984375,16.959999084472656,0.00935309904070647,0.024200548885121798,-0.009588319582000904,-0.007935830791900744,-0.005557164048262786,-0.0014503990937563271,-0.0012532169669905446,-0.0038866462488355014,0.10344822451218505
2024-09-28,65887.6484375,2677.5390625,,,,,,,,0.0014741358273548943,-0.006810923232421495,,,,,,,
2024-09-29,65635.3046875,2659.346923828125,,,,,,,,-0.003829909793174213,-0.006794350426726936,,,,,,,
2024-09-30,63329.5,2603.062744140625,2636.10009765625,243.05999755859375,483.68328857421875,562.21044921875,5762.47998046875,18189.169921875,16.729999542236328,-0.035130555094979754,-0.021164662339909768,,,,,,,
2024-10-01,60837.0078125,2448.921142578125,2667.300048828125,245.61000061035156,476.9444274902344,557.173828125,5708.75,17910.359375,19.260000228881836,-0.039357521968434894,-0.059215476810716816,0.011835647363927837,0.010491249392624136,-0.013932383531068293,-0.008958604559465067,-0.009324107094664358,-0.015328382112681838,0.15122538887453651
2024-10-02,60632.78515625,2365.231689453125,2647.10009765625,245.66000366210938,477.6183166503906,557.4090576171875,5709.5400390625,17925.119140625,18.899999618530273,-0.0033568819965540397,-0.03417400898294953,-0.007573182919840549,0.00020358719772617384,0.0014129301472340927,0.00042218331212562354,0.00013839090212397487,0.000824090980865666,-0.018691620253031727
2024-10-03,60759.40234375,2349.791259765625,2657.10009765625,245.49000549316406,477.26153564453125,556.3900146484375,5699.93994140625,17918.48046875,20.489999771118164,0.0020882627636797935,-0.006528083382423278,0.003777718873892999,-0.0006920058878576718,-0.0007470002582009583,-0.0018281779867485026,-0.001681413492255035,-0.0003703558019848563,0.08412699389840173
2024-10-04,62067.4765625,2414.7939453125,2645.800048828125,245.0,482.9400634765625,561.446044921875,5751.06982421875,18137.849609375,19.209999084472656,0.021528753876634443,0.027663174452933648,-0.004252774985064489,-0.001996030315693287,0.011898146839683044,0.009087205270267518,0.008970249395274354,0.012242619624335926,-0.06246953152482426
2024-10-05,62089.94921875,2415.6318359375,,,,,,,,0.0003620681473552878,0.0003469822452661919,,,,,,,
2024-10-06,62818.953125,2439.957763671875,,,,,,,,0.011741093613744757,0.010070213255379601,,,,,,,
2024-10-07,62236.66015625,2421.796630859375,2644.800048828125,244.1699981689453,477.7669677734375,556.370361328125,5695.93994140625,17923.900390625,22.639999389648438,-0.009269383518558882,-0.0074432160600884645,,,,,,,
2024-10-08,62131.96875,2439.8408203125,2615.0,242.3699951171875,484.9022521972656,561.6322631835938,5751.1298828125,18182.919921875,21.420000076293945,-0.001682150134457161,0.007450745129958358,-0.011267410873396222,-0.007371925565205384,0.014934654141287806,0.009457552416897164,0.009689347495581924,0.01445106955545672,-0.05388689691892423
2024-10-09,60582.1015625,2368.283447265625,2606.0,241.0500030517578,488.7176513671875,565.5223388671875,5792.0400390625,18291.619140625,20.860000610351562,-0.024944762232405493,-0.029328705566008972,-0.0034416826003823564,-0.005446185963701722,0.00786838822181779,0.006926375029708831,0.007113411987488272,0.005978094784393262,-0.026143765823892218
2024-10-10,60274.5,2383.85791015625,2620.60009765625,242.82000732421875,488.1626892089844,564.5327758789062,5780.0498046875,18282.05078125,20.93000030517578,-0.005077433013489285,0.0065762664129611625,0.005602493344685433,0.007342892553628744,-0.0011355476043286572,-0.0017498212188460371,-0.002070122839989974,-0.0005231007327147763,0.0033556899700895038
2024-10-11,62445.08984375,2436.513427734375,2657.60009765625,245.47000122070312,488.9257507324219,567.9132690429688,5815.02978515625,18342.939453125,20.459999084472656,0.036011743668549645,0.022088362462288513,0.014118903541632033,0.010913408354139564,0.0015631295473932383,0.005988125594301508,0.006051847587953629,0.003330516505153147,-0.022455863060207304
2024-10-12,63193.0234375,2476.523193359375,,,,,,,,0.011977460447594401,0.016420909144015505,,,,,,,
2024-10-13,62851.375,2467.677001953125,,,,,,,,-0.005406426515387475,-0.00357202041554483,,,,,,,
2024-10-14,66046.125,2628.89990234375,2647.800048828125,245.07000732421875,493.0285339355469,572.557861328125,5859.85009765625,18502.689453125,19.700000762939453,0.050830232433260125,0.06533387483978648,,,,,,,
2024-10-15,67041.109375,2606.02197265625,2661.39990234375,245.9199981689453,486.4383239746094,568.1092529296875,5815.259765625,18315.58984375,20.639999389648438,0.015064992457922477,-0.00870247272142377,0.005136284184919404,0.003468359323146597,-0.013366792198276745,-0.007769709751462295,-0.007609466332438197,-0.010112022354858197,0.047715664482478326
2024-10-16,67612.71875,2611.10205078125,2674.0,247.14999389648438,486.497802734375,570.5784912109375,5842.47021484375,18367.080078125,19.579999923706055,0.008526251733136592,0.0019493612019787498,0.004734387209210489,0.005001609209081437,0.0001222740002877476,0.0043464144766458546,0.004679145956573816,0.002811279069593775,-0.051356564791082526
2024-10-17,67399.8359375,2604.2734375,2691.0,248.6300048828125,486.834716796875,570.6275024414062,5841.47021484375,18373.609375,19.110000610351562,-0.0031485616380424464,-0.0026152226716711358,0.006357516828721099,0.00598831083503093,0.0006925294638666646,8.589743781750592e-05,-0.00017116047891174713,0.000355489105901885,-0.024004050826652468
2024-10-18,68418.7890625,2641.55224609375,2713.699951171875,251.27000427246094,490.02581787109375,572.8224487304688,5864.669921875,18489.55078125,18.030000686645508,0.015118035686984221,0.014314475606500121,0.00843550768185608,0.010618185005034864,0.006554793575968887,0.003846548369420555,0.00397155273894878,0.006310213953266919,-0.05651490786039204
2024-10-19,68362.734375,2648.656982421875,,,,,,,,-0.0008192879217548965,0.002689606589697968,,,,,,,
2024-10-20,69001.703125,2746.364013671875,,,,,,,,0.009346740674458287,0.03688927328017333,,,,,,,
2024-10-21,67367.8515625,2665.712158203125,2723.10009765625,251.22000122070312,490.9672546386719,571.8818359375,5853.97998046875,18540.009765625,18.3700008392334,-0.023678423698328066,-0.029366775513825272,,,,,,,
2024-10-22,67361.40625,2620.197509765625,2744.199951171875,253.92999267578125,491.50238037109375,571.5780029296875,5851.2001953125,18579.76953125,18.200000762939453,-9.567341618454961e-05,-0.01707410468059689,0.007748467834063577,0.01078732362833379,0.0010899417982890292,-0.0005312863404979273,-0.0004748538883844189,0.00214453854812513,-0.009254222565459602
2024-10-23,66432.1953125,2509.098876953125,2714.39990234375,250.8699951171875,483.9706726074219,566.3552856445312,5797.419921875,18276.650390625,19.239999771118164,-0.01379441121005398,-0.04240086191916037,-0.010859284803718228,-0.012050555849465017,-0.015323847990289075,-0.009137365781024864,-0.009191323428069387,-0.016314472583482398,0.05714280025176999
2024-10-24,68161.0546875,2534.49853515625,2734.89990234375,252.8000030517578,487.89508056640625,567.5801391601562,5809.85986328125,18415.490234375,19.079999923706055,0.02602442034118191,0.010123020035770258,0.007552313858506743,0.007693259346016168,0.008108772248205387,0.0021626945959039023,0.002145772011323821,0.007596569436006506,-0.008316000484173136
2024-10-25,66642.4140625,2435.93408203125,2740.89990234375,253.32000732421875,490.8681335449219,567.3840942382812,5808.1201171875,18518.609375,20.329999923706055,-0.022280180844656217,-0.03888913398757343,0.0021938645706405246,0.0020569789010425055,0.006093631801050714,-0.0003454048306994473,-0.00029944716993013376,0.005599587049413213,0.06551362709634656
2024-10-26,67014.6953125,2479.603271484375,,,,,,,,0.00558625096700216,0.017927081761059283,,,,,,,
2024-10-27,67929.296875,2505.940673828125,,,,,,,,0.01364777618155344,0.01062161945285034,,,,,,,
2024-10-28,69907.7578125,2565.34814453125,2742.89990234375,253.3300018310547,490.94744873046875,569.1381225585938,5823.52001953125,18567.189453125,19.799999237060547,0.029125296867722028,0.02370665487957191,,,,,,,
2024-10-29,72720.4921875,2637.95751953125,2768.39990234375,256.0899963378906,495.6646423339844,570.0592041015625,5832.919921875,18712.75,19.34000015258789,0.04023493905417541,0.02830390688093809,0.009296730069591863,0.010894858433216914,0.009608347320499755,0.0016183796278272933,0.001614127248163344,0.00783966508460976,-0.023232277888761477
2024-10-30,72339.5390625,2657.37255859375,2788.5,257.5,491.9186706542969,568.3346557617188,5813.669921875,18607.9296875,20.350000381469727,-0.005238593875544262,0.007359875554762585,0.007260547018237196,0.005505891218995584,-0.007557472048134173,-0.0030252091843017137,-0.003300233889343751,-0.005601545069538139,0.05222338267389759
2024-10-31,70215.1875,2515.79931640625,2738.300048828125,253.50999450683594,479.5012512207031,557.1934814453125,5705.4501953125,18095.150390625,23.15999984741211,-0.029366396164960396,-0.05327564692788833,-0.018002492799668257,-0.015495166963743978,-0.025242830114737158,-0.019603193652644957,-0.018614700871699585,-0.027557031087636963,0.13808350925148427
2024-11-01,69482.46875,2511.885498046875,2738.60009765625,252.47000122070312,483.0490417480469,559.5451049804688,5728.7998046875,18239.919921875,21.8799991607666,-0.010435331387529279,-0.001555695771857435,0.0001095748540242969,-0.0041023758773532926,0.007398918184909675,0.0042204792652209555,0.004092509543626166,0.008000460240717544,-0.055267732948130144
2024-11-02,69289.2734375,2491.068603515625,,,,,,,,-0.0027804900426771084,-0.00828735806127956,,,,,,,
2024-11-03,68741.1171875,2456.42529296875,,,,,,,,-0.00791112711687536,-0.013907007819047301,,,,,,,
2024-11-04,67811.5078125,2397.0263671875,2736.10009765625,252.8300018310547,481.6418151855469,558.33984375,5712.68994140625,18179.98046875,21.979999542236328,-0.013523338185854272,-0.024181043059307794,,,,,,,
2024-11-05,69359.5625,2422.650634765625,2740.300048828125,253.39999389648438,487.78607177734375,565.09130859375,5782.759765625,18439.169921875,20.489999771118164,0.02282879023690776,0.010690023242502233,0.0015350137136695974,0.002254447895034817,0.012756900248434455,0.012092034841011623,0.012265644545291332,0.014256860922954528,-0.06778888999770039
2024-11-06,75639.078125,2724.169189453125,2667.60009765625,245.6999969482422,501.035888671875,579.142578125,5929.0400390625,18983.470703125,16.270000457763672,0.09053568676993895,0.12445812465100636,-0.026529923685898793,-0.030386729020158154,0.027163171851654067,0.02486548513056608,0.025295927786425976,0.029518724734147517,-0.20595409275225196
2024-11-07,75904.859375,2895.58544921875,2698.39990234375,249.64999389648438,508.92437744140625,583.62060546875,5973.10009765625,19269.4609375,15.199999809265137,0.003513808689745934,0.06292423408548897,0.01154588527514333,0.016076503855530166,0.015744358733346786,0.00773216736757254,0.007431229727488331,0.0150652237858655,-0.06576525005492273
2024-11-08,76545.4765625,2962.296630859375,2687.5,247.9600067138672,509.51904296875,586.1487426757812,5995.5400390625,19286.779296875,14.9399995803833,0.008439738809541852,0.023038926949513483,-0.004039394729551615,-0.006769426092267161,0.0011684752267782095,0.004331816223316354,0.0037568333092317108,0.0008987464377530063,-0.017105278430553206
2024-11-09,76778.8671875,3131.14453125,,,,,,,,0.0030490452928257916,0.05699898471735465,,,,,,,
2024-11-10,80474.1875,3191.331298828125,,,,,,,,0.048129393514959595,0.01922197042565066,,,,,,,
2024-11-11,88701.484375,3374.81298828125,2611.199951171875,242.13999938964844,509.2216796875,586.7072143554688,6001.35009765625,19298.759765625,14.970000267028809,0.10223522760015435,0.05749377681988088,,,,,,,
2024-11-12,87955.8125,3246.25732421875,2600.0,240.0500030517578,508.3000183105469,584.884765625,5983.990234375,19281.400390625,14.710000038146973,-0.008406532091926988,-0.0380926778784183,-0.004289197066983941,-0.008631355179477884,-0.0018099413550474175,-0.003106232011261034,-0.00289265965137242,-0.000899507284966572,-0.017368084451840793
2024-11-13,90584.1640625,3192.595947265625,2580.800048828125,237.6300048828125,507.64599609375,585.1688232421875,5985.3798828125,19230.720703125,14.020000457763672,0.029882636380625716,-0.016530228997185037,-0.007384596604567362,-0.010081225320474285,-0.0012866854086897028,0.00048566424342411096,0.00023222772482434095,-0.0026284235830008607,-0.04690683742990798
2024-11-14,87250.4296875,3058.94873046875,2568.199951171875,237.00999450683594,504.1180114746094,581.4061889648438,5949.169921875,19107.650390625,14.3100004196167,-0.03680261786927608,-0.041861613246530704,-0.00488224481473154,-0.0026091417886487944,-0.006949694563313513,-0.006429997853434011,-0.006049734794859041,-0.006399672399173273,0.020684732695029018
2024-11-15,91066.0078125,3103.04052734375,2565.699951171875,236.58999633789062,492.1069030761719,573.9591064453125,5870.6201171875,18680.119140625,16.139999389648438,0.04373133907381366,0.014414035918883572,-0.0009734444542992549,-0.0017720694429753658,-0.023825985434052344,-0.012808743114328225,-0.013203489851361216,-0.022374872957156677,0.1278825238553527
2024-11-16,90558.4765625,3133.27392578125,,,,,,,,-0.005573223886622736,0.00974315294018413,,,,,,,
2024-11-17,89845.8515625,3075.66162109375,,,,,,,,-0.007869224693816235,-0.01838725437104416,,,,,,,
2024-11-18,90542.640625,3207.8564453125,2610.60009765625,241.08999633789062,495.52587890625,576.3108520507812,5893.6201171875,18791.810546875,15.579999923706055,0.007755383808848215,0.04298093890177013,,,,,,,
2024-11-19,92343.7890625,3111.384033203125,2627.10009765625,243.25,498.9349365234375,578.41748046875,5916.97998046875,18987.470703125,16.350000381469727,0.019892819836786257,-0.030073793436219964,0.006320385881703361,0.008959325127211537,0.0068796762435741066,0.003655368297286854,0.003963584828470035,0.010411990678702132,0.04942236595213734
2024-11-20,94339.4921875,3072.18798828125,2648.199951171875,244.6199951171875,498.6475830078125,578.6134643554688,5917.10986328125,18966.140625,17.15999984741211,0.02161166598491282,-0.012597623598885388,0.008031613844653007,0.005632045702723465,-0.0005759338434531136,0.00033882773833160407,2.195086225209586e-05,-0.0011233764864474471,0.049541250583724494
2024-11-21,98504.7265625,3361.053955078125,2672.10009765625,246.66000366210938,500.44134521484375,581.7196044921875,5948.7099609375,18972.419921875,16.8700008392334,0.044151545428309014,0.09402613638837987,0.009025053593026078,0.008339500390982302,0.003597254389986926,0.005368247246335223,0.0053404615405816536,0.00033107931651232825,-0.016899709251596895
2024-11-22,98997.6640625,3331.600830078125,2709.89990234375,249.83999633789062,501.24407958984375,583.5225830078125,5969.33984375,19003.650390625,15.239999771118164,0.005004201495724558,-0.008763062239896535,0.01414610355377599,0.012892210445830665,0.0016040528678848975,0.003099394453447868,0.003467959094991535,0.0016460983300286003,-0.0966212796103989
2024-11-23,97777.28125,3396.223388671875,,,,,,,,-0.012327389984975179,0.019396849109391878,,,,,,,
2024-11-24,98013.8203125,3363.659912109375,,,,,,,,0.002419161787646784,-0.009588143309746888,,,,,,,
2024-11-25,93102.296875,3413.5439453125,2616.800048828125,242.47999572753906,502.0368347167969,585.501953125,5987.3701171875,19054.83984375,14.600000381469727,-0.05011051933125821,0.01483028442427825,,,,,,,
2024-11-26,91985.3203125,3326.517333984375,2620.300048828125,242.9499969482422,504.7323913574219,588.5591430664062,6021.6298828125,19174.30078125,14.100000381469727,-0.011997304040733403,-0.0254945044570557,0.0013375114394267307,0.0019383092584315254,0.005369240769246719,0.00522148547086676,0.005722005647630368,0.006269322569991687,-0.0342465744476691
2024-11-27,95962.53125,3657.249267578125,2639.89990234375,243.49000549316406,500.7584228515625,586.7758178710938,5998.740234375,19060.48046875,14.100000381469727,0.04323745271515378,0.09942287996365606,0.007480003492115639,0.002222714763140843,-0.007873416832178792,-0.003029984694522536,-0.003801238017440034,-0.005936086733931978,0.0
2024-11-28,95652.46875,3579.8115234375,,,,,,,,-0.0032310787967048116,-0.021173767078749073,,,,,,,
2024-11-29,97461.5234375,3593.494384765625,2657.0,245.58999633789062,505.1585388183594,590.4207763671875,6032.3798828125,19218.169921875,13.510000228881836,0.018912786163713058,0.003822229533186672,,,,,,,
2024-11-30,96449.0546875,3705.705322265625,,,,,,,,-0.010388394458550332,0.03122613408711894,,,,,,,
2024-12-01,97279.7890625,3711.1650390625,,,,,,,,0.008613193542348574,0.0014733272945559595,,,,,,,
2024-12-02,95865.3046875,3644.198486328125,2634.89990234375,243.44000244140625,510.6586608886719,591.4791259765625,6047.14990234375,19403.94921875,13.34000015258789,-0.01454037255458307,-0.018044617264257212,,,,,,,
2024-12-03,96002.1640625,3620.711669921875,2644.699951171875,243.92999267578125,512.2244873046875,591.7535400390625,6049.8798828125,19480.91015625,13.300000190734863,0.0014276215513644441,-0.0064449882448404106,0.003719324904679633,0.002012776164397767,0.003066287788580091,0.00046394547237316175,0.0004514491145146682,0.003966251232281781,-0.002998497855734139
2024-12-04,98768.53125,3841.3310546875,2653.800048828125,244.6699981689453,518.5570678710938,595.427978515625,6086.490234375,19735.119140625,13.449999809265137,0.02881567529768403,0.06093260244895049,0.0034408809408483787,0.003033679807253664,0.012362900883025274,0.006209406835690379,0.006051417924264779,0.01304913283496889,0.01127816664504766
2024-12-05,96593.5703125,3811.00830078125,2626.60009765625,242.86000061035156,517.1199951171875,594.4481811523438,6075.10986328125,19700.259765625,13.539999961853027,-0.022020788503929523,-0.007893814272854183,-0.010249435025779796,-0.007397709454119217,-0.0027712914218025464,-0.0016455346383350555,-0.0018697756269248078,-0.0017663625312623887,0.006691461253842901
2024-12-06,99920.7109375,4005.810546875,2638.60009765625,242.9499969482422,521.7479858398438,595.5750122070312,6090.27001953125,19859.76953125,12.770000457763672,0.03444474217316973,0.051115670898385535,0.004568643704349062,0.0003705687954560499,0.00894954897577982,0.0018955917276137768,0.0024954538421815275,0.008096835652052103,-0.056868501200791455
2024-12-07,99923.3359375,4002.692626953125,,,,,,,,2.627082989481444e-05,-0.0007783493216640958,,,,,,,
2024-12-08,101236.015625,4005.70458984375,,,,,,,,0.013136868131795154,0.0007524841828581152,,,,,,,
2024-12-09,97432.71875,3718.6904296875,2664.89990234375,245.36000061035156,517.6848754882812,592.5079956054688,6052.85009765625,19736.689453125,14.1899995803833,-0.03756861480096407,-0.07165135464156769,,,,,,,
2024-12-10,96675.4296875,3631.833740234375,2697.60009765625,248.58999633789062,515.9210205078125,590.6658325195312,6034.91015625,19687.240234375,14.180000305175781,-0.007772430783165474,-0.02335679484361486,0.012270703032313035,0.01316431251835759,-0.0034071982087656716,-0.0031090940537520373,-0.002963883313944371,-0.0025054464613958327,-0.0007046705780979767
2024-12-11,101173.03125,3832.822021484375,2733.800048828125,250.9600067138672,525.1571655273438,595.2320556640625,6084.18994140625,20034.890625,13.579999923706055,0.04652269534294651,0.055340716460503314,0.013419317119437668,0.009533812345188464,0.017902245988039578,0.007730637008498853,0.008165786048233592,0.017658665535963847,-0.04231314305760081
2024-12-12,100043.0,3883.1015625,2687.5,247.27999877929688,521.7679443359375,592.1651000976562,6051.25,19902.83984375,13.920000076293945,-0.011169293200355757,0.013118151777930187,-0.016936150413770057,-0.014663722649505995,-0.006453727405590914,-0.00515253763170509,-0.005414022527810203,-0.006591040785879021,0.02503683022813319
2024-12-13,101459.2578125,3911.205322265625,2656.0,244.2899932861328,525.76171875,592.0474853515625,6051.08984375,19926.720703125,13.8100004196167,0.014156490833941326,0.007237451638409276,-0.011720930232558158,-0.012091578404740733,0.0076543115716805055,-0.000198618165903941,-2.6466639124200775e-05,0.0011998719560866178,-0.00790227414327227
2024-12-14,101372.96875,3868.4052734375,,,,,,,,-0.0008504799301751742,-0.010942930708463194,,,,,,,
2024-12-15,104298.6953125,3951.941162109375,,,,,,,,0.02886101293644905,0.02159439944037822,,,,,,,
2024-12-16,106029.71875,3987.48095703125,2651.39990234375,244.8800048828125,533.3330078125,594.5755004882812,6074.080078125,20173.890625,14.6899995803833,0.016596788984881483,0.00899299697642908,,,,,,,
2024-12-17,106140.6015625,3886.76611328125,2644.39990234375,243.94000244140625,530.9842529296875,592.1258544921875,6050.60986328125,20109.060546875,15.869999885559082,0.001045771070669721,-0.02525776168846805,-0.002640114753648559,-0.0038386247250202787,-0.004403918093211723,-0.004119991479773488,-0.003863994965801476,-0.00321356347816526,0.0803267759620312
2024-12-18,100041.5390625,3618.791259765625,2636.5,239.25999450683594,511.8280029296875,574.4783325195312,5872.16015625,19392.689453125,27.6200008392334,-0.057462106019896764,-0.06894545380539963,-0.0029874083480143643,-0.01918507783771317,-0.03607687025426087,-0.02980366730952988,-0.02949284635160343,-0.03562429443583959,0.7403907396600702
2024-12-19,97490.953125,3417.927978515625,2592.199951171875,239.60000610351562,509.5487060546875,574.302001953125,5867.080078125,19372.76953125,24.09000015258789,-0.025495268879325628,-0.05550562793804503,-0.016802597696994104,0.0014210967336203417,-0.004453247696400653,-0.0003069403255522296,-0.0008651123249070469,-0.0010271871739683247,-0.1278059587033482
2024-12-20,97755.9296875,3472.553466796875,2628.699951171875,242.10000610351562,513.998291015625,581.2000122070312,5930.85009765625,19572.599609375,18.360000610351562,0.002717960528709318,0.015982047785855658,0.014080703914641779,0.010434056495473909,0.008732403611402706,0.012011119986430563,0.010869123768910471,0.010314997956417882,-0.23785801186974165
2024-12-21,97224.7265625,3337.222412109375,,,,,,,,-0.005433973434635808,-0.038971625917780583,,,,,,,
2024-12-22,95104.9375,3277.53515625,,,,,,,,-0.021802983021374844,-0.01788530954448675,,,,,,,
2024-12-23,94686.2421875,3415.785400390625,2612.300048828125,240.9600067138672,519.006103515625,584.6802978515625,5974.06982421875,19764.880859375,16.780000686645508,-0.004402456102765462,0.042181162840310815,,,,,,,
2024-12-24,98676.09375,3492.0498046875,2620.0,241.44000244140625,526.0437622070312,591.1790771484375,6040.0400390625,20031.130859375,14.270000457763672,0.04213760595334648,0.022327047913535125,0.002947575327470142,0.001992014086009908,0.013559876548146166,0.011115098833935466,0.01104275925539211,0.013470862885252899,-0.14958284422952606
2024-12-25,99299.1953125,3493.2353515625,,,,,,,,0.0063146152104343045,0.00033949884489303805,,,,,,,
2024-12-26,95795.515625,3331.225830078125,2638.800048828125,243.07000732421875,525.6863403320312,591.2184448242188,6037.58984375,20020.359375,14.729999542236328,-0.03528406928650052,-0.04637807223950974,,,,,,,
2024-12-27,94164.859375,3328.9169921875,2617.199951171875,241.39999389648438,518.6983642578125,584.9949951171875,5970.83984375,19722.029296875,15.949999809265137,-0.017022260795415023,-0.000693089573747363,-0.008185575737669981,-0.0068705038771271765,-0.013293052411833761,-0.01052648096742248,-0.011055736101235558,-0.014901334813076983,0.08282418906603617
2024-12-28,95163.9296875,3397.90234375,,,,,,,,0.010609799867287384,0.02072306150150305,,,,,,,
2024-12-29,93530.2265625,3349.513427734375,,,,,,,,-0.017167251608511402,-0.014240820106154684,,,,,,,
2024-12-30,92643.2109375,3356.392578125,2606.10009765625,240.6300048828125,511.7998046875,578.3192749023438,5906.93994140625,19486.7890625,17.399999618530273,-0.00948373223930199,0.0020537760301735375,,,,,,,
2024-12-31,93429.203125,3332.53173828125,2629.199951171875,242.1300048828125,507.4521179199219,576.2152709960938,5881.6298828125,19310.7890625,17.350000381469727,0.008484077565384274,-0.0071090729967826505,0.008863762959987476,0.006233636577161361,-0.008494897277721236,-0.00363813553785719,-0.004284800394927402,-0.00903175989823235,-0.002873519434293592
2025-01-01,94419.7578125,3353.504150390625,,,,,,,,0.010602195613021781,0.006293237021109732,,,,,,,
2025-01-02,96886.875,3451.392578125,2658.89990234375,245.4199981689453,506.45953369140625,574.7994995117188,5868.5498046875,19280.7890625,17.93000030517578,0.026129247147606893,0.029189893122086197,,,,,,,
2025-01-03,98107.4296875,3605.009765625,2645.0,243.49000549316406,514.7477416992188,581.9864501953125,5942.47021484375,19621.6796875,16.1299991607666,0.012597729955682757,0.04450875524089293,-0.005227689215189235,-0.007864039973028869,0.01636499553558135,0.012503404560544995,0.01259602672149196,0.017680325421069565,-0.10039046925668937
2025-01-04,98236.2265625,3657.706787109375,,,,,,,,0.0013128146911018934,0.014617719482165947,,,,,,,
2025-01-05,98314.9609375,3634.103759765625,,,,,,,,0.0008014800420892421,-0.006452957745802013,,,,,,,
2025-01-06,102078.0859375,3688.611328125,2638.39990234375,243.19000244140625,520.6636962890625,585.3390502929688,5975.3798828125,19864.98046875,16.040000915527344,0.03827621924594227,0.01499890260780301,,,,,,,
2025-01-07,96922.703125,3381.577392578125,2656.699951171875,244.55999755859375,511.3728942871094,578.722412109375,5909.02978515625,19489.6796875,17.81999969482422,-0.05050430525956884,-0.08323835401301194,0.006936040594857751,0.005633435188264313,-0.017844151739734637,-0.01130394116073763,-0.01110391288210788,-0.018892582443783112,0.11097248614080613
2025-01-08,95043.5234375,3326.329345703125,2664.5,245.86000061035156,511.46234130859375,579.5679321289062,5918.25,19478.880859375,17.700000762939453,-0.019388436629511285,-0.016337951334858714,0.002935991633034929,0.005315681488123669,0.00017491545305525769,0.0014610113619921705,0.001560360190925314,-0.000554079302387156,-0.006733946910202238
2025-01-09,92484.0390625,3219.4306640625,2683.800048828125,,,,,,,-0.026929603222076492,-0.03213713091240178,0.007243403575952323,,,,,,
2025-01-10,94701.453125,3267.489990234375,2708.5,248.2100067138672,503.4419860839844,570.7194213867188,5827.0400390625,19161.630859375,19.540000915527344,0.023976181025154863,0.014927896012281394,0.009203349997202626,,,,,,
2025-01-11,94566.59375,3282.2177734375,,,,,,,,-0.001424047578467369,0.004507369034684849,,,,,,,
2025-01-12,94488.4375,3265.951171875,,,,,,,,-0.0008264678561502592,-0.004955978757455792,,,,,,,
2025-01-13,94516.5234375,3135.499755859375,2673.5,245.74000549316406,501.8240051269531,571.6043090820312,5836.22021484375,19088.099609375,19.190000534057617,0.00029724205673309356,-0.03994285558798849,,,,,,,
2025-01-14,96534.046875,3223.6845703125,2677.5,247.02999877929688,501.3475341796875,572.3906860351562,5842.91015625,19044.390625,18.709999084472656,0.021345722040169157,0.028124644018336253,0.0014961660744343686,0.005249423200524461,-0.0009494781883642167,0.001375736572713837,0.0011462798112440442,-0.002289855211858427,-0.025013102460996528
2025-01-15,100504.4921875,3450.53759765625,2712.5,248.8800048828125,512.8817138671875,582.8025512695312,5949.91015625,19511.23046875,16.1200008392334,0.041129999632577796,0.07037072715887938,0.013071895424836555,0.007488993695735191,0.023006355673759193,0.018190137415575514,0.018312792279639112,0.024513246600664118,-0.13842856076827315
2025-01-16,99756.90625,3308.34521484375,2746.39990234375,250.60000610351562,509.2884521484375,581.6817016601562,5937.33984375,19338.2890625,16.600000381469727,-0.0074383335632930425,-0.041208762051769265,0.012497659850230436,0.006910965874952435,-0.007006024238330522,-0.00192320642202648,-0.0021126894641922966,-0.008863685277409328,0.029776644990494594
2025-01-17,104462.0390625,3474.107177734375,2744.300048828125,249.27000427246094,517.8843383789062,587.521728515625,5996.66015625,19630.19921875,15.970000267028809,0.04716598568833419,0.05010419171097702,-0.0007645840337501264,-0.005307269747253374,0.016878227248638522,0.010039901270404217,0.009991058969353706,0.01509493188909139,-0.03795181325081021
2025-01-18,104408.0703125,3305.78955078125,,,,,,,,-0.000516635042589142,-0.0484491750950794,,,,,,,
2025-01-19,101089.609375,3208.96435546875,,,,,,,,-0.03178356737719257,-0.02928958236001966,,,,,,,
2025-01-20,102016.6640625,3278.035400390625,,,,,,,,0.009170622908047932,0.02152440391061483,,,,,,,
2025-01-21,106146.265625,3327.40625,2755.0,253.1300048828125,520.9218139648438,592.899658203125,6049.240234375,19756.779296875,15.0600004196167,0.040479676535688514,0.015061109347230373,,,,,,,
2025-01-22,103653.0703125,3240.224609375,2767.60009765625,254.42999267578125,527.582275390625,596.232666015625,6086.3701171875,20009.33984375,15.100000381469727,-0.023488299826845638,-0.026201080984625813,0.0045735381692377786,0.005135652699768123,0.012785913830497986,0.005621537753287331,0.006137941522227575,0.012783487788161407,0.0026560398896751103
2025-01-23,103960.171875,3334.714111328125,2763.10009765625,254.07000732421875,528.703857421875,599.4868774414062,6118.7099609375,20053.6796875,15.020000457763672,0.002962783076025932,0.029161404946970837,-0.0016259574509376318,-0.0014148699521492336,0.0021258902801835067,0.005457955612408583,0.00531348622041139,0.0022159573527285037,-0.005298008058610915
2025-01-24,104819.484375,3309.554931640625,2777.300048828125,255.64999389648438,525.7161254882812,597.7368774414062,6101.240234375,19954.30078125,14.850000381469727,0.008265785680243276,-0.007544628669076459,0.005139137443453512,0.006218705580030903,-0.0056510500002078246,-0.0029191631474385638,-0.002855132319398823,-0.004955644440254314,-0.011318247078086707
2025-01-25,104714.6484375,3317.26953125,,,,,,,,-0.0010001569662844156,0.0023310081774501334,,,,,,,
2025-01-26,102682.5,3236.13427734375,,,,,,,,-0.019406534499448846,-0.02445844485711024,,,,,,,
2025-01-27,102087.6875,3178.92041015625,2737.5,252.99000549316406,510.41009521484375,589.281494140625,6012.27978515625,19341.830078125,17.899999618530273,-0.005792734886665207,-0.017679695057172262,,,,,,,
2025-01-28,101332.4765625,3077.112548828125,2766.800048828125,255.17999267578125,517.9539794921875,594.3449096679688,6067.7001953125,19733.58984375,16.40999984741211,-0.007397669160641884,-0.0320259233300908,0.010703214183789944,0.008656417783572623,0.014780045199083158,0.008592524248072664,0.009217869449967608,0.020254534552450076,-0.08324021245093771
2025-01-29,103703.2109375,3112.9990234375,2769.10009765625,254.1999969482422,516.9812622070312,591.680419921875,6039.31005859375,19632.3203125,16.559999465942383,0.023395602825692086,0.011662386097330613,0.0008313028724642457,-0.0038404097330004827,-0.0018779994433287817,-0.004483069851784038,-0.004678895760321544,-0.0051318352135546474,0.009140744663317601
2025-01-30,104735.3046875,3247.780029296875,2823.0,258.04998779296875,519.1847534179688,594.856201171875,6071.169921875,19681.75,15.84000015258789,0.009952379879751394,0.0432961927853559,0.019464772107505413,0.01514551884715587,0.004262226451942741,0.005367392840917917,0.005275414405311762,0.0025177710384303165,-0.04347822080763086
2025-01-31,102405.0234375,3298.26513671875,2812.5,258.55999755859375,518.4303588867188,591.6903686523438,6040.52978515625,19627.439453125,16.43000030517578,-0.022249243050878498,0.015544497153892722,-0.0037194473963868546,0.0019763991077348386,-0.0014530367586559345,-0.005322013140813708,-0.005046825754019935,-0.0027594368831531657,0.03724748402174094
2025-02-01,100655.90625,3118.32861328125,,,,,,,,-0.017080384621634526,-0.05455489961504678,,,,,,,
2025-02-02,97688.9765625,2868.69287109375,,,,,,,,-0.02947596219670423,-0.08005434100956466,,,,,,,
2025-02-03,101405.421875,2884.566650390625,2833.89990234375,259.94000244140625,514.2813110351562,587.7085571289062,5994.56982421875,19391.9609375,18.6200008392334,0.03804365081173988,0.005533453740142802,,,,,,,
2025-02-04,97871.8203125,2735.05126953125,2853.300048828125,262.5,520.59423828125,591.651123046875,6037.8798828125,19654.01953125,17.209999084472656,-0.034846278405663456,-0.05183287439003281,0.006845741611526401,0.00984841707528572,0.012275241410944826,0.0067083690889735426,0.007224881828679752,0.01351377483662497,-0.07572511768043466
2025-02-05,96615.4453125,2787.779052734375,2871.60009765625,264.1300048828125,522.9566650390625,594.0499267578125,6061.47998046875,19692.330078125,15.770000457763672,-0.012836943218062724,0.01927853557646908,0.006413643330515084,0.006209542410714253,0.0045379425742630985,0.004054422644520939,0.003908672930614365,0.0019492474205637933,-0.08367220821110855
2025-02-06,96593.296875,2688.40087890625,2856.0,263.42999267578125,525.6863403320312,596.1145629882812,6083.56982421875,19791.990234375,15.5,-0.00022924323774897726,-0.035647794157377954,-0.005432545314712378,-0.0026502562908058414,0.005219696918414618,0.003475526445625654,0.003644298722618622,0.005060861556485108,-0.01712114457363567
2025-02-07,96529.0859375,2622.211181640625,2867.300048828125,263.8999938964844,519.0557250976562,590.6580200195312,6025.990234375,19523.400390625,16.540000915527344,-0.0006647556256734743,-0.024620471517087794,0.003956599729735721,0.0017841598670260694,-0.01261325380870082,-0.009153513951071335,-0.009464770111542897,-0.013570633401157828,0.06709683325982874
2025-02-08,96482.453125,2632.308349609375,,,,,,,,-0.00048309597099249757,0.0038506311160004802,,,,,,,
2025-02-09,96500.09375,2628.72119140625,,,,,,,,0.00018283765004545316,-0.0013627424019899692,,,,,,,
2025-02-10,97437.5546875,2661.166748046875,2914.300048828125,268.3699951171875,525.3389282226562,594.6693725585938,6066.43994140625,19714.26953125,15.8100004196167,0.009714611676219231,0.0123427150611084,,,,,,,
2025-02-11,95747.4296875,2602.781982421875,2912.5,267.3900146484375,524.0882568359375,595.1217041015625,6068.5,19643.859375,16.020000457763672,-0.017345724709743937,-0.02193953673434812,-0.0006176607754746488,-0.0036516022155236305,-0.002380694289970231,0.0007606437523806076,0.00033958278885926063,-0.0035715325966498845,0.013282734508116123
2025-02-12,97885.859375,2736.902099609375,2909.0,267.6700134277344,524.3958740234375,593.2044067382812,6051.97021484375,19649.94921875,15.890000343322754,0.02233406885677658,0.051529524214203315,-0.001201716738197467,0.0010471549570203464,0.000586956840737507,-0.003221689530170546,-0.0027238667143857365,0.0003100125914030638,-0.008114863341212808
2025-02-13,96623.8671875,2675.902587890625,2925.89990234375,270.30999755859375,531.9398803710938,599.4672241210938,6115.06982421875,19945.640625,15.100000381469727,-0.012892487184132717,-0.022287794557012575,0.005809522978257098,0.009862831092105617,0.014386090206573776,0.010557604278849553,0.010426292122230674,0.015047947603236134,-0.04971679954588537
2025-02-14,97508.96875,2726.091552734375,2883.60009765625,266.2900085449219,534.1731567382812,599.4376831054688,6114.6298828125,20026.76953125,14.770000457763672,0.009160278803397981,0.018755901306300338,-0.014457023855674711,-0.014871773334245608,0.004198362351831131,-4.927878362037674e-05,-7.194380749464546e-05,0.004067500652163103,-0.021854299031079605
2025-02-15,97580.3515625,2693.559814453125,,,,,,,,0.0007320640697474623,-0.011933472391497446,,,,,,,
2025-02-16,96175.03125,2663.31591796875,,,,,,,,-0.014401672980240199,-0.011228225310643603,,,,,,,
2025-02-17,95773.3828125,2743.19970703125,,,,,,,,-0.004176223623530095,0.029994109419593684,,,,,,,
2025-02-18,95539.546875,2669.3388671875,2931.60009765625,270.70001220703125,535.3841552734375,601.1975708007812,6129.580078125,20041.259765625,15.350000381469727,-0.0024415545387781457,-0.026925068435387,,,,,,,
2025-02-19,96635.609375,2715.77099609375,2919.39990234375,270.8500061035156,535.5330810546875,602.6133422851562,6144.14990234375,20056.25,15.270000457763672,0.011472343504350446,0.017394617624989728,-0.004161616491367259,0.000554096378723612,0.00027816620978238227,0.0023549188372289365,0.0023769693899173827,0.0007479686681528541,-0.005211721284556381
2025-02-20,98333.9375,2740.386474609375,2940.0,270.989990234375,533.2599487304688,600.1063232421875,6117.52001953125,19962.359375,15.65999984741211,0.017574558032842136,0.009063900656951951,0.007056278120620485,0.0005168326664386491,-0.004244616074401963,-0.0041602448320542385,-0.0043341850761716705,-0.0046813649111873135,0.025540234312838583
2025-02-21,96125.546875,2659.655517578125,2937.60009765625,270.739990234375,522.1923828125,589.842041015625,6013.1298828125,19524.009765625,18.209999084472656,-0.02245807176184722,-0.029459697666460616,-0.0008162933142006334,-0.0009225433005247696,-0.02075454184083636,-0.01710410610424462,-0.01706412670256352,-0.02195880763092417,0.1628352019097845
2025-02-22,96577.7578125,2764.029296875,,,,,,,,0.0047043783073406065,0.039243345090012705,,,,,,,
2025-02-23,96273.921875,2821.310302734375,,,,,,,,-0.0031460239332733453,0.020723733255699095,,,,,,,
2025-02-24,91418.171875,2513.8212890625,2947.89990234375,272.2099914550781,516.0282592773438,587.1580200195312,5983.25,19286.9296875,18.979999542236328,-0.05043681513571874,-0.10898801644535905,,,,,,,
2025-02-25,88736.171875,2493.592529296875,2904.5,268.6199951171875,509.52667236328125,584.2378540039062,5955.25,19026.390625,19.43000030517578,-0.029337712021491935,-0.008047015853369976,-0.014722312080286182,-0.013188334192659745,-0.012599284626713003,-0.004973390324342075,-0.004679730915472358,-0.013508581548304033,0.023709208313628327
2025-02-26,84347.0234375,2331.45263671875,2916.800048828125,269.0299987792969,510.7574462890625,584.5328979492188,5956.06005859375,19075.259765625,19.100000381469727,-0.04946290046952739,-0.06502260921668868,0.004234824867662246,0.0015263333689308212,0.002415524039345529,0.0005050065539069504,0.00013602428004699796,0.0025684924475790627,-0.016984041097423352
2025-02-27,84704.2265625,2305.484375,2883.199951171875,264.92999267578125,496.5730895996094,575.2025756835938,5861.56982421875,18544.419921875,21.1299991607666,0.004234922709094535,-0.01113823258073876,-0.011519506683274172,-0.015239958822878874,-0.027771218594090707,-0.015962013940292508,-0.015864553655509872,-0.02782870850894581,0.1062826564792283
2025-02-28,84373.0078125,2237.9052734375,2836.800048828125,263.2699890136719,504.4147644042969,584.178955078125,5954.5,18847.279296875,19.6299991607666,-0.003910297790814532,-0.029312322518993406,-0.016093196146486743,-0.006265820058134697,0.015791582284513828,0.015605596661077747,0.01585414463498891,0.016331563687400408,-0.07098911782188544
2025-03-01,86031.9140625,2216.643310546875,,,,,,,,0.019661575342751147,-0.009500832382402846,,,,,,,
2025-03-02,94248.3515625,2519.694580078125,,,,,,,,0.09550452979612856,0.13671629895947635,,,,,,,
2025-03-03,86065.671875,2145.573974609375,2890.199951171875,266.739990234375,493.37689208984375,573.9441528320312,5849.72021484375,18350.189453125,22.780000686645508,-0.08682040111941614,-0.14847855308604507,,,,,,,
2025-03-04,87222.1953125,2170.01513671875,2909.60009765625,269.05999755859375,491.8879699707031,567.1505126953125,5778.14990234375,18285.16015625,23.510000228881836,0.013437685575495406,0.011391432967872817,0.006712389043017186,0.008697635934455272,-0.0030178189189887794,-0.01183676164866676,-0.012234826602200433,-0.0035437943047462728,0.032045633021612785
2025-03-05,90623.5625,2241.977294921875,2915.300048828125,269.6199951171875,498.30023193359375,573.2461547851562,5842.6298828125,18552.73046875,21.93000030517578,0.03899657851208138,0.03316205356610458,0.0019590153218878026,0.0020813110966888537,0.013036021115280683,0.010747838454513436,0.011159277893187936,0.014633194908524993,-0.06720544059225653
2025-03-06,89961.7265625,2202.476806640625,2916.60009765625,268.25,484.59228515625,563.0703125,5738.52001953125,18069.259765625,24.8700008392334,-0.007303133084179958,-0.017618594251921915,0.0004459399740508463,-0.005081207410422395,-0.027509412797484978,-0.017751261304090216,-0.017819007085749905,-0.026059274883519334,0.1340629499838053
2025-03-07,86742.671875,2138.987548828125,2904.699951171875,268.3900146484375,488.1557922363281,566.226318359375,5770.2001953125,18196.220703125,23.3700008392334,-0.0357824911826653,-0.02882630029114286,-0.00408014334702167,0.0005219558189655249,0.007353619092241859,0.005604994241949157,0.00552061780274804,0.007026349676013233,-0.06031362884530711
2025-03-08,86154.59375,2201.51025390625,,,,,,,,-0.006779571257010009,0.029230046295678047,,,,,,,
2025-03-09,80601.0390625,2015.5091552734375,,,,,,,,-0.0644603432710168,-0.08448795471326165,,,,,,,
2025-03-10,78532.0,1861.1513671875,2891.0,266.0400085449219,469.2366027832031,551.1444702148438,5614.56005859375,17468.3203125,27.860000610351562,-0.02567012890361897,-0.07658500963990722,,,,,,,
2025-03-11,82862.2109375,1919.844970703125,2912.89990234375,269.1600036621094,468.1149597167969,546.5629272460938,5572.06982421875,17436.099609375,26.920000076293945,0.05513944554449135,0.031536179458804936,0.007575199703822255,0.011727541035094546,-0.0023903571455282657,-0.00831278043479966,-0.007567865323653167,-0.001844522114810565,-0.03374014764767641
2025-03-12,83722.359375,1908.982666015625,2939.10009765625,270.3299865722656,473.3956604003906,549.4632568359375,5599.2998046875,17648.44921875,24.229999542236328,0.010380466895202334,-0.005657907202539225,0.008994540214519287,0.004346793335703092,0.011280777454300006,0.005306487954566119,0.004886869929446425,0.012178733439950351,-0.09992572535044164
2025-03-13,81066.703125,1862.9696044921875,2984.300048828125,275.1300048828125,464.8789978027344,542.1386108398438,5521.52001953125,17303.009765625,24.65999984741211,-0.0317197970748182,-0.024103446480985946,0.015378840349098422,0.017756144523255468,-0.01799058020610711,-0.013330547411436466,-0.013890984206835322,-0.01957336017705169,0.017746608060236646
2025-03-14,83969.1015625,1909.467529296875,2994.5,275.239990234375,476.11541748046875,553.3370361328125,5638.93994140625,17754.08984375,21.770000457763672,0.03580259620308812,0.024959035666801466,0.003417870524071498,0.00039975774946587883,0.024170633069774405,0.020656018717465807,0.021265869083087807,0.026069457524154904,-0.1171938121464231
2025-03-15,84343.109375,1937.3946533203125,,,,,,,,0.004454112352525463,0.01462560823630299,,,,,,,
2025-03-16,82579.6875,1887.43505859375,,,,,,,,-0.020907717157540473,-0.025786999381329778,,,,,,,
2025-03-17,84075.6875,1927.0029296875,3000.0,276.7300109863281,479.2023620605469,557.6039428710938,5675.1201171875,17808.66015625,20.510000228881836,0.018115835083536647,0.020963831795744126,,,,,,,
2025-03-18,82718.5,1932.54345703125,3035.10009765625,279.9599914550781,471.0332336425781,551.5770874023438,5614.66015625,17504.119140625,21.700000762939453,-0.016142449028442418,0.002875204421535882,0.011700032552083295,0.011671955843306048,-0.017047345891288757,-0.010808487898628982,-0.010653512117636543,-0.017100725880162315,0.05802050320710772
2025-03-19,86854.2265625,2057.7490234375,3035.89990234375,281.1099853515625,477.3363342285156,557.5842895507812,5675.2900390625,17750.7890625,19.899999618530273,0.049997601050550955,0.06478796942480636,0.000263518388773365,0.004107707999658539,0.013381434972633555,0.010890956650734918,0.010798495567894584,0.014092107114519692,-0.08294935857713559
2025-03-20,84167.1953125,1982.099853515625,3040.0,280.75,475.7183837890625,555.9718017578125,5662.89013671875,17691.630859375,19.799999237060547,-0.030937253791171848,-0.03676306928602102,0.0013505378267197887,-0.0012805854303336028,-0.003389539667178476,-0.0028919175507399197,-0.0021848931523151816,-0.003332708361115988,-0.005025144893802347
2025-03-21,84043.2421875,1964.8475341796875,3018.199951171875,278.489990234375,477.28668212890625,556.1552734375,5667.56005859375,17784.05078125,19.280000686645508,-0.0014727011460912154,-0.008704061657306195,-0.007171068693462179,-0.008049901213267985,0.003296694837295,0.00033000177186570667,0.0008246534476661349,0.0052239345603362075,-0.02626255406322109
2025-03-22,83832.484375,1980.037841796875,,,,,,,,-0.0025077306278807887,0.007731036303297412,,,,,,,
2025-03-23,86054.375,2005.2991943359375,,,,,,,,0.026503933905394295,0.012758015026691494,,,,,,,
2025-03-24,87498.9140625,2077.47900390625,3013.10009765625,277.25,487.76043701171875,566.115234375,5767.56982421875,18188.58984375,17.479999542236328,0.016786352378946434,0.035994533770415726,,,,,,,
2025-03-25,87471.703125,2067.76416015625,3023.699951171875,278.4700012207031,490.5438537597656,567.47607421875,5776.64990234375,18271.859375,17.149999618530273,-0.0003109860024155253,-0.004676265671871183,0.003517922794489925,0.004400365088198743,0.005706524221397613,0.0024038212736889886,0.0015743334544251475,0.004578119137620407,-0.018878714665219953
2025-03-26,86900.8828125,2009.1893310546875,3020.89990234375,278.239990234375,481.5175476074219,560.7013549804688,5712.2001953125,17899.01953125,18.329999923706055,-0.00652577110204744,-0.028327615997143618,-0.000926033956193284,-0.0008259812019960622,-0.01840061002326654,-0.011938334576674592,-0.011156934922627149,-0.02040513973417113,0.06880468404796991
2025-03-27,87177.1015625,2002.357421875,3060.199951171875,281.9700012207031,478.7738037109375,559.2122802734375,5693.31005859375,17804.029296875,18.690000534057617,0.003178549412391707,-0.003400331205273277,0.013009384653107636,0.013405732882559862,-0.0056981181892904464,-0.002655735881150312,-0.003306980860763864,-0.005307007694424604,0.019639967913255507
2025-03-28,84353.1484375,1895.5029296875,3086.5,284.05999755859375,466.16876220703125,547.95068359375,5580.93994140625,17322.990234375,21.649999618530273,-0.032393289916566204,-0.05336434495667708,0.008594225621777918,0.007412123023167849,-0.02632775938492371,-0.020138321487112032,-0.01973722070834405,-0.027018550378617556,0.15837340823392898
2025-03-29,82597.5859375,1827.3203125,,,,,,,,-0.020812056603918605,-0.03597072635426679,,,,,,,
2025-03-30,82334.5234375,1806.2186279296875,,,,,,,,-0.0031848691098436133,-0.01154788485957492,,,,,,,
2025-03-31,82548.9140625,1823.47998046875,3122.800048828125,288.1400146484375,466.14892578125,551.62890625,5611.85009765625,17299.2890625,22.280000686645508,0.0026038970780313253,0.009556624138489678,,,,,,,
2025-04-01,85169.171875,1905.491455078125,3118.89990234375,287.57000732421875,469.9065856933594,553.18701171875,5633.06982421875,17449.890625,21.770000457763672,0.0317418810684309,0.044975253629213396,-0.0012489260994595908,-0.0019782303576065807,0.008061071696800814,0.002824553701041621,0.0037812354559083605,0.008705650385741004,-0.02289049430718948
2025-04-02,82485.7109375,1795.313232421875,3139.89990234375,288.1600036621094,473.3361511230469,556.6878051757812,5670.97021484375,17601.05078125,21.510000228881836,-0.031507420800550134,-0.05782142048584138,0.006733143306144385,0.0020516615880092903,0.007298398307457488,0.0063284086265045225,0.006728194715792668,0.008662527433463518,-0.011943051144452932
2025-04-03,83102.828125,1815.63720703125,3097.0,286.4200134277344,447.99676513671875,529.2537231445312,5396.52001953125,16550.609375,30.020000457763672,0.007481504135517403,0.011320573057860273,-0.013662824828182485,-0.006038278082531101,-0.053533595366014985,-0.04928091072982521,-0.04839563335990149,-0.05968060766968586,0.395629945993925
2025-04-04,83843.8046875,1815.335205078125,3012.0,279.7200012207031,420.1722106933594,498.2696838378906,5074.080078125,15587.7900390625,45.310001373291016,0.008916382019940938,-0.00016633386447217902,-0.02744591540200192,-0.02339226273628292,-0.06210882892171765,-0.05854288397358964,-0.05974960534553109,-0.05817425293064171,0.5093271379872046
2025-04-05,83504.796875,1805.9732666015625,,,,,,,,-0.004043325726492686,-0.0051571403729591125,,,,,,,
2025-04-06,78214.484375,1576.72802734375,,,,,,,,-0.06335339642726368,-0.12693722742042624,,,,,,,
2025-04-07,79235.3359375,1555.240966796875,2951.300048828125,273.7099914550781,421.1861877441406,497.38214111328125,5062.25,15603.259765625,46.97999954223633,0.013051950296130821,-0.013627626435405826,,,,,,,
2025-04-08,76271.953125,1472.5531005859375,2968.39990234375,275.20001220703125,413.60125732421875,489.591796875,4982.77001953125,15267.91015625,52.33000183105469,-0.03739976334343409,-0.05316723773116572,0.00579400712659317,0.005443793790763651,-0.01800849752587219,-0.01566269392150721,-0.015700524562941354,-0.02149227881944238,0.11387829589075582
2025-04-09,82573.953125,1668.0400390625,3056.5,285.3800048828125,463.2461853027344,541.0083618164062,5456.89990234375,17124.970703125,33.619998931884766,0.0826253916648998,0.1327537447707503,0.029679322380616213,0.03699125081478161,0.12003089231326824,0.10501925332407813,0.09515387644904849,0.12163161348672213,-0.35753873962348437
2025-04-10,79626.140625,1522.518798828125,3155.199951171875,292.3500061035156,443.5433044433594,517.3019409179688,5268.0498046875,16387.310546875,40.720001220703125,-0.0356990599146636,-0.08724085563087758,0.0322918210933667,0.0244235794430141,-0.04253220314485495,-0.043818954699414436,-0.03460757958472693,-0.043075119311905774,0.21118389394369697
2025-04-11,83404.8359375,1567.1497802734375,3222.199951171875,297.92999267578125,451.7146911621094,526.5321044921875,5363.35986328125,16724.4609375,37.560001373291016,0.04745546227457886,0.02931391157840868,0.02123478734687345,0.019086664805096243,0.01842297389429648,0.017842893761116585,0.018092095201708958,0.020573869620679863,-0.07760313734483593
2025-04-12,85287.109375,1643.528564453125,,,,,,,,0.022567917271733462,0.04873738626716384,,,,,,,
2025-04-13,83684.9765625,1596.685791015625,,,,,,,,-0.01878516957885823,-0.028501344272703122,,,,,,,
2025-04-14,84542.390625,1622.7698974609375,3204.800048828125,296.2300109863281,454.7765197753906,531.6402587890625,5405.97021484375,16831.48046875,30.889999389648438,0.010245734631468162,0.016336405441875312,,,,,,,
2025-04-15,83668.9921875,1588.6324462890625,3218.699951171875,297.7799987792969,455.2834777832031,530.151123046875,5396.6298828125,16823.169921875,30.1200008392334,-0.01033089354397465,-0.021036532181973544,0.004337213595847489,0.005232379352138938,0.0011147409458669433,-0.00280102140040972,-0.0017277808903947145,-0.0004937502016194584,-0.024927114458703215
2025-04-16,84033.8671875,1578.1053466796875,3326.60009765625,307.4700012207031,441.55511474609375,518.3668823242188,5275.7001953125,16307.16015625,32.63999938964844,0.004360934564412222,-0.00662651680945181,0.03352289685936416,0.0325408102664011,-0.030153440014896726,-0.022228078391931083,-0.0224083715440897,-0.03067256456549472,0.08366528818726215
2025-04-17,84895.75,1582.54833984375,3308.699951171875,306.1199951171875,441.4755554199219,519.1064453125,5282.7001953125,16286.4501953125,29.649999618530273,0.01025637449930672,0.002815397066748826,-0.005380913232397977,-0.004390692094044635,-0.00018017983149765104,0.0014267172797870487,0.0013268380955802073,-0.0012699918771302832,-0.09160538685752617
2025-04-18,84450.8046875,1588.9246826171875,,,,,,,,-0.005241078764249063,0.004029161456178265,,,,,,,
2025-04-19,85063.4140625,1612.9228515625,,,,,,,,0.007254038339443714,0.015103402450633574,,,,,,,
2025-04-20,85174.3046875,1587.5142822265625,,,,,,,,0.0013036230231544543,-0.01575312130479345,,,,,,,
2025-04-21,87518.90625,1579.7344970703125,3406.199951171875,315.5899963378906,430.5505065917969,506.7503662109375,5158.2001953125,15870.900390625,33.81999969482422,0.027527099529631727,-0.004900607977736393,,,,,,,
2025-04-22,93441.890625,1757.3316650390625,3400.800048828125,311.1099853515625,441.85333251953125,519.934814453125,5287.759765625,16300.419921875,30.56999969482422,0.06767662701452015,0.11242216226721125,-0.0015853157246075167,-0.014195668551963636,0.026252032583137908,0.0260176392979643,0.025117204723895226,0.027063337345606397,-0.09609698490025054
2025-04-23,93699.109375,1796.104248046875,3276.300048828125,303.6499938964844,451.873779296875,527.9915161132812,5375.85986328125,16708.05078125,28.450000762939453,0.0027527134594511615,0.022063326905880754,-0.03660903264303972,-0.023978630729734163,0.022678219309120617,0.015495599517855618,0.01666113847096007,0.025007383940334194,-0.06934900075395489
2025-04-24,93943.796875,1769.8316650390625,3332.0,308.07000732421875,464.5881652832031,539.1051635742188,5484.77001953125,17166.0390625,26.469999313354492,0.0026114175645013393,-0.014627537926254486,0.017000869988021305,0.014556277018207942,0.028137029783210643,0.021048912949868326,0.020259113708281262,0.02741123349732466,-0.0695958311594923
2025-04-25,94720.5,1786.634521484375,3282.39990234375,304.7300109863281,469.7673645019531,543.0004272460938,5525.2099609375,17382.939453125,24.84000015258789,0.008267742531563593,0.009494042160750782,-0.014885983690351101,-0.010841679678267213,0.011147936184712881,0.007225424527655733,0.007373133469998461,0.012635436155963742,-0.06157911609556577
2025-04-26,94646.9296875,1821.881103515625,,,,,,,,-0.0007767095032226168,0.019727919508667258,,,,,,,
2025-04-27,93754.84375,1792.864990234375,,,,,,,,-0.00942540809771053,-0.015926458222360718,,,,,,,
2025-04-28,94978.75,1798.851806640625,3332.5,309.07000732421875,469.61822509765625,543.2074584960938,5528.75,17366.130859375,25.149999618530273,0.013054325526514532,0.0033392455309573243,,,,,,,
2025-04-29,94284.7890625,1799.1756591796875,3318.800048828125,306.05999755859375,472.7198181152344,546.6292724609375,5560.830078125,17461.3203125,24.170000076293945,-0.007306486319308303,0.00018003291759050022,-0.0041110131048387455,-0.009738925467677184,0.0066044988286668715,0.006299276475910887,0.005802410694099036,0.005481327642628653,-0.038966185172991996
2025-04-30,94207.3125,1793.775390625,3305.0,303.7699890136719,472.6601867675781,546.84619140625,5569.06005859375,17446.33984375,24.700000762939453,-0.0008217291810309613,-0.0030015237962643937,-0.004158144095784855,-0.007482221012837353,-0.00012614522465759226,0.0003968300935219826,0.00147999135976562,-0.0008579230254012193,0.021928038269446892
2025-05-01,96492.3359375,1839.2215576171875,3210.0,297.4599914550781,478.83349609375,550.7216796875,5604.14013671875,17710.740234375,24.600000381469727,0.02425526614507767,0.025335483600515296,-0.02874432677760963,-0.02077228754256477,0.013060777063517381,0.007086980474864335,0.006299102138585644,0.015155063640452937,-0.004048598315015806
2025-05-02,96910.0703125,1842.7078857421875,3231.89990234375,297.9800109863281,485.941162109375,558.8966674804688,5686.669921875,17977.73046875,22.68000030517578,0.0043291974532626565,0.0018955454880142941,0.006822399484034181,0.0017481999132260562,0.0148437109634314,0.014844136511218409,0.01472657412963474,0.015075046601202846,-0.07804878237889012
2025-05-03,95891.796875,1833.8397216796875,,,,,,,,-0.010507405827035687,-0.004812571830357215,,,,,,,
2025-05-04,94315.9765625,1808.59423828125,,,,,,,,-0.016433317174712747,-0.013766461212495806,,,,,,,
2025-05-05,94748.0546875,1819.697509765625,3311.300048828125,306.8800048828125,483.058349609375,555.6917724609375,5650.3798828125,17844.240234375,23.639999389648438,0.0045811763897039,0.006139172208646793,,,,,,,
2025-05-06,96802.4765625,1815.0875244140625,3411.39990234375,315.4800109863281,478.5650634765625,551.047119140625,5606.91015625,17689.66015625,24.760000228881836,0.02168299794413664,-0.0025333800408158247,0.03022977442079,0.02802400275899264,-0.00930174612745227,-0.008358326594873233,-0.007693239651855532,-0.008662743613326751,0.04737736328892761
2025-05-07,97032.3203125,1811.606689453125,3381.39990234375,310.75,480.44390869140625,553.3645629882812,5631.27978515625,17738.16015625,23.549999237060547,0.0023743581586117557,-0.0019177229274721652,-0.008794043752944014,-0.014993060801348546,0.003925997441590834,0.00420552756227166,0.00434635623313584,0.00274171462716688,-0.048869183385945925
2025-05-08,103241.4609375,2206.5146484375,3296.60009765625,304.6300048828125,485.4044189453125,557.22021484375,5663.93994140625,17928.140625,22.479999542236328,0.06399043746457878,0.2179876908621854,-0.025078312869389552,-0.0196942722998793,0.010324847842107632,0.006967652273661029,0.005799775094835535,0.010710269107760961,-0.04543523267467309
2025-05-09,102970.8515625,2345.50732421875,3335.39990234375,306.8399963378906,485.0863037109375,556.5103149414062,5659.91015625,17928.919921875,21.899999618530273,-0.002621130818400763,0.0629919569669184,0.011769642522029056,0.007254674259445482,-0.0006553612244943885,-0.0012740024202869682,-0.0007114809122162891,4.346780245101378e-05,-0.025800708875297285
2025-05-10,104696.328125,2582.422607421875,,,,,,,,0.016756941758927724,0.10100811912068441,,,,,,,
2025-05-11,104106.359375,2510.23779296875,,,,,,,,-0.005635047193781384,-0.027952363120453683,,,,,,,
2025-05-12,102812.953125,2496.397705078125,3220.0,298.19000244140625,504.84881591796875,574.9014892578125,5844.18994140625,18708.33984375,18.389999389648438,-0.01242389281274392,-0.005513456904119418,,,,,,,
2025-05-13,104169.8125,2680.129638671875,3240.300048828125,299.4599914550781,512.5430908203125,578.6981201171875,5886.5498046875,19010.08984375,18.219999313354492,0.013197358248725033,0.0735988233044782,0.0063043629901009535,0.004258992599597278,0.015240750616307253,0.006603967688927792,0.0072482009835321826,0.016129170333668563,-0.009244158887228515
2025-05-14,103539.4140625,2610.063232421875,3181.39990234375,293.1600036621094,515.6148071289062,579.437744140625,5892.580078125,19146.810546875,18.6200008392334,-0.006051642240404331,-0.02614291683469505,-0.01817737419276233,-0.021037827999516923,0.005993088900442478,0.0012780826440004223,0.001024415597859818,0.007192007205055306,0.021953981391520827
2025-05-15,103744.640625,2546.85693359375,3220.699951171875,297.8399963378906,516.1814575195312,582.2679443359375,5916.93017578125,19112.3203125,17.829999923706055,0.00198211052629782,-0.02421638604114429,0.012353067842610033,0.015963953531585195,0.0010989800579628284,0.004884390469782174,0.004132332074135769,-0.001801356643215457,-0.0424275445714678
2025-05-16,103489.2890625,2536.297607421875,3182.0,294.239990234375,518.4281005859375,585.9559936523438,5958.3798828125,19211.099609375,17.239999771118164,-0.0024613470244020386,-0.004146022508211833,-0.012016006383268829,-0.012087047232674286,0.004352428847797629,0.006333938442399267,0.007005272294898557,0.005168357125659773,-0.03309030595134499
2025-05-17,103191.0859375,2475.75439453125,,,,,,,,-0.0028814878109744146,-0.023870705359441913,,,,,,,
2025-05-18,106446.0078125,2498.233642578125,,,,,,,,0.03154266519659865,0.009079756900171487,,,,,,,
2025-05-19,105606.1796875,2529.166748046875,3228.89990234375,298.0299987792969,518.9251708984375,586.5969848632812,5963.60009765625,19215.4609375,18.139999389648438,-0.007889709931436006,0.01238199059589462,,,,,,,
2025-05-20,106791.0859375,2524.173095703125,3280.300048828125,303.5799865722656,517.1954345703125,584.6246948242188,5940.4599609375,19142.7109375,18.09000015258789,0.011220046530480143,-0.001974425904344268,0.015918779782261305,0.0186222454642182,-0.003333305889036464,-0.0033622573759429786,-0.0038802294486252054,-0.00378601378528598,-0.0027562976153725494
2025-05-21,109678.078125,2552.34716796875,3309.300048828125,305.82000732421875,510.0081481933594,574.7732543945312,5844.60986328125,18872.640625,20.8700008392334,0.027034018449719976,0.011161703733228778,0.008840654686561367,0.007378683875855163,-0.013896654719940282,-0.016850879747133396,-0.01613513066101424,-0.01410825840612473,0.1536761007847649
2025-05-22,111673.28125,2664.156982421875,3292.300048828125,303.1099853515625,510.9624938964844,575.0001220703125,5842.009765625,18925.740234375,20.280000686645508,0.018191448638679386,0.04380666386466037,-0.0051370379685032885,-0.008861493387459118,0.0018712361880994788,0.00039470812889552676,-0.00044487103794299543,0.0028135760347527405,-0.02827025054444432
2025-05-23,107287.796875,2526.44189453125,3363.60009765625,309.75,506.2306213378906,571.0753173828125,5802.81982421875,18737.2109375,22.290000915527344,-0.03927066820202352,-0.051691806751355096,0.021656607165408293,0.021906288045034472,-0.009260704288703403,-0.006825745833528796,-0.006708297825321674,-0.009961528296397737,0.09911243396581493
2025-05-24,107791.15625,2530.646240234375,,,,,,,,0.004691674073487251,0.001664137106111907,,,,,,,
2025-05-25,109035.390625,2551.763916015625,,,,,,,,0.011543009819045436,0.008344775909608915,,,,,,,
2025-05-26,109440.3671875,2564.138427734375,,,,,,,,0.003714175371671846,0.004849395212889407,,,,,,,
2025-05-27,108994.640625,2663.06982421875,3299.10009765625,304.5,518.139892578125,582.9483642578125,5921.5400390625,19199.16015625,18.959999084472656,-0.004072780217708405,0.03858270497969518,,,,,,,
2025-05-28,107802.328125,2682.212890625,3293.60009765625,303.80999755859375,515.8433837890625,579.5758056640625,5888.5498046875,19100.939453125,19.309999465942383,-0.010939184653144474,0.007188345657390238,-0.0016671212867737095,-0.0022660178699712707,-0.004432217673176475,-0.005785347040202837,-0.005571225417268844,-0.00511588539944674,0.018459936622906348
2025-05-29,105641.7578125,2632.65478515625,3317.10009765625,305.6099853515625,516.857421875,581.863525390625,5912.169921875,19175.869140625,19.18000030517578,-0.020041963379443528,-0.01847657419064974,0.007135049581982633,0.0059247154716217665,0.001965786744203335,0.003947231240857718,0.004011194261904327,0.003922827339664758,-0.0067322198012426115
2025-05-30,103998.5703125,2529.943603515625,3288.89990234375,303.6000061035156,516.042236328125,581.2127685546875,5911.68994140625,19113.76953125,18.56999969482422,-0.015554336978341854,-0.039014299261621144,-0.008501460457109866,-0.006576942326457891,-0.0015771961712724991,-0.0011184011499958402,-8.118516130162234e-05,-0.0032384247576783265,-0.03180399377715093
2025-05-31,104638.09375,2529.08740234375,,,,,,,,0.006149348357177731,-0.00033842697943353706,,,,,,,
2025-06-01,105652.1015625,2536.266357421875,,,,,,,,0.009690618169351017,0.002838555548326349,,,,,,,
2025-06-02,105881.53125,2607.097412109375,3370.60009765625,311.6700134277344,520.1181030273438,584.4866333007812,5935.93994140625,19242.609375,18.360000610351562,0.0021715582000447764,0.027927293393387842,,,,,,,
2025-06-03,105432.46875,2593.2802734375,3350.199951171875,308.9100036621094,524.183837890625,587.81982421875,5970.3701171875,19398.9609375,17.690000534057617,-0.004241178746647534,-0.005299816803046031,-0.006052378179944973,-0.008855551213511115,0.007816945496833538,0.005702766715374175,0.005800290454605506,0.008125278617521214,-0.03649237766997637
2025-06-04,104731.984375,2608.64306640625,3373.5,310.8999938964844,525.645263671875,587.6619262695312,5970.81005859375,19460.490234375,17.610000610351562,-0.0066439151364365845,0.005924077364914293,0.006954823344193173,0.006441974072654677,0.0027880023678923394,-0.00026861623700524806,7.36874595066439e-05,0.0031717831214381764,-0.004522324550077617
2025-06-05,101575.953125,2416.28564453125,3350.699951171875,309.3299865722656,521.688720703125,584.8218994140625,5939.2998046875,19298.44921875,18.479999542236328,-0.030134359325224014,-0.07373849813037003,-0.0067585738337409,-0.00504987891618125,-0.007527021058102434,-0.004832756264298466,-0.005277383403094138,-0.008326666680717576,0.04940368550432428
2025-06-06,104390.34375,2477.19482421875,3322.699951171875,305.17999267578125,526.7883911132812,590.8275146484375,6000.35986328125,19529.94921875,16.770000457763672,0.027707252931573167,0.02520777285804554,-0.008356462950437349,-0.013416073696802311,0.009775312763678379,0.010269135339138424,0.010280683010067904,0.011995782530291654,-0.0925324202830431
2025-06-07,105615.625,2526.50537109375,,,,,,,,0.011737496074678777,0.019905800865118284,,,,,,,
2025-06-08,105793.6484375,2510.787109375,,,,,,,,0.0016855786016509722,-0.006221345063654238,,,,,,,
2025-06-09,110294.1015625,2681.51708984375,3332.10009765625,306.6199951171875,527.5638427734375,591.35986328125,6005.8798828125,19591.240234375,17.15999984741211,0.04253991795791734,0.06799858890117094,,,,,,,
2025-06-10,110257.234375,2813.517578125,3320.89990234375,306.7099914550781,531.0531005859375,594.7128295898438,6038.81005859375,19714.990234375,16.950000762939453,-0.0003342625487465778,0.049226047740363876,-0.0033613021770798612,0.000293510988597534,0.006613906279393067,0.005669925398706033,0.00548298940767844,0.006316598567499998,-0.012237708994171426
2025-06-11,108686.625,2773.529296875,3321.300048828125,308.3699951171875,529.263671875,593.0166015625,6022.240234375,19615.880859375,17.260000228881836,-0.014244955298426398,-0.01421291324458307,0.0001204933891842952,0.005412290790508978,-0.00336958528057385,-0.0028521799815779403,-0.002743888954607865,-0.005027107486322402,0.01828905321468688
2025-06-12,105929.0546875,2651.795166015625,3380.89990234375,312.20001220703125,530.5062255859375,595.3734741210938,6045.259765625,19662.490234375,18.020000457763672,-0.025371753999169577,-0.04389141697422694,0.01794473628983151,0.0124202002480438,0.0023477026234117737,0.003974378714497684,0.0038224199557175265,0.002376104103309906,0.04403245763636199
2025-06-13,106090.96875,2579.486083984375,3431.199951171875,316.2900085449219,523.8458862304688,588.7171020507812,5976.97021484375,19406.830078125,20.81999969482422,0.0015285141831733462,-0.02726797414745119,0.014877710160320134,0.013100564311248064,-0.012554686513080004,-0.011180162300879815,-0.011296379879250695,-0.013002430170469537,0.15538286159444614
2025-06-14,105472.40625,2533.444091796875,,,,,,,,-0.0058304915798971235,-0.017849288846087386,,,,,,,
2025-06-15,105552.0234375,2546.837158203125,,,,,,,,0.0007548627203146641,0.005286505610925474,,,,,,,
2025-06-16,106796.7578125,2540.60498046875,3396.39990234375,311.7799987792969,531.132568359375,594.318359375,6033.10986328125,19701.2109375,19.110000610351562,0.011792615001237072,-0.0024470263889081467,,,,,,,
2025-06-17,104601.1171875,2510.761474609375,3386.60009765625,311.94000244140625,525.953369140625,589.23974609375,5982.72021484375,19521.08984375,21.600000381469727,-0.020559056941174436,-0.011746613932036243,-0.002885350656363417,0.0005131941200071655,-0.009751236371642769,-0.008545274096177669,-0.008352184790166306,-0.009142640740278152,0.130298257016767
2025-06-18,104883.328125,2524.301513671875,3389.800048828125,310.260009765625,525.8638305664062,589.1510009765625,5980.8701171875,19546.26953125,20.139999389648438,0.0026979724986506692,0.005392801825034654,0.0009448860448830754,-0.005385627565021256,-0.00017024051840386356,-0.00015060952316237053,-0.0003092402101070313,0.0012898709908895079,-0.06759263731651588
2025-06-19,104684.2890625,2521.653564453125,,,,,,,,-0.0018977187896134229,-0.0010489829382142046,,,,,,,
2025-06-20,103309.6015625,2407.30419921875,3368.10009765625,310.1300048828125,523.7167358398438,587.7673950195312,5967.83984375,19447.41015625,20.6200008392334,-0.013131746055793259,-0.04534697662134013,,,,,,,
2025-06-21,102257.40625,2300.49560546875,,,,,,,,-0.010184874363913243,-0.04436854876282892,,,,,,,
2025-06-22,100987.140625,2228.213134765625,,,,,,,,-0.012422235919953284,-0.031420390689421374,,,,,,,
2025-06-23,105577.7734375,2421.824951171875,3377.699951171875,311.0799865722656,529.1017456054688,593.572998046875,6025.169921875,19630.970703125,19.829999923706055,0.04545759771084712,0.0868910668308287,,,,,,,
2025-06-24,106045.6328125,2448.0087890625,3317.39990234375,306.19000244140625,537.1928100585938,600.1304321289062,6092.18017578125,19912.529296875,17.479999542236328,0.004431419225533917,0.01081161455453472,-0.017852399472962133,-0.015719378751237634,0.015292076656950204,0.011047392828865465,0.01112172017970181,0.01434257113455839,-0.11850733184624906
2025-06-25,107361.2578125,2419.310302734375,3327.10009765625,307.1199951171875,538.566162109375,600.4666748046875,6092.16015625,19973.55078125,16.760000228881836,0.012406215749838134,-0.011723195789307361,0.0029240355694371,0.003037305817845004,0.0025565346837599368,0.000560282661534961,-3.2861029504172024e-06,0.0030644768158396563,-0.041189893147009715
2025-06-26,106960.0,2416.146728515625,3333.5,306.7799987792969,543.6019287109375,605.16455078125,6141.02001953125,20167.91015625,16.59000015258789,-0.003737454466123835,-0.0013076347482894324,0.0019235677184039623,-0.0011070472235482631,0.00935032119700785,0.007823708081869052,0.008020121275230219,0.009730837402353698,-0.010143202504316884
2025-06-27,107088.4296875,2423.866943359375,3273.699951171875,301.2200012207031,545.462890625,608.1712646484375,6173.06982421875,20273.4609375,16.31999969482422,0.0012007263229245613,0.0031952591093227234,-0.017939117692552853,-0.018123728993798327,0.003423390933279924,0.004968423651560361,0.005218970885222163,0.005233600330041721,-0.01627489181918751
2025-06-28,107327.703125,2437.109375,,,,,,,,0.002234353778444831,0.00546334924732772,,,,,,,
2025-06-29,108385.5703125,2500.9599609375,,,,,,,,0.009856422495764683,0.02619931078698512,,,,,,,
2025-06-30,107135.3359375,2486.46435546875,3294.39990234375,304.8299865722656,548.9959716796875,611.0791015625,6204.9501953125,20369.73046875,16.729999542236328,-0.011535062936840146,-0.005796016607685361,,,,,,,
2025-07-01,105698.28125,2405.792724609375,3336.699951171875,307.54998779296875,544.3681640625,610.8812866210938,6198.009765625,20202.890625,16.829999923706055,-0.013413452013053329,-0.032444314225516746,0.012839986061810915,0.008923010663382636,-0.008429583923955652,-0.0003237141327537829,-0.001118531087121899,-0.00819057689575009,0.005977309277102272
2025-07-02,108859.3203125,2571.33544921875,3348.0,309.25,548.1599731445312,613.650634765625,6227.419921875,20393.130859375,16.639999389648438,0.02990624847553991,0.06881005288444131,0.00338659423786547,0.005527596405484614,0.006965523210861191,0.004533365492089381,0.004745096791088033,0.00941648588344024,-0.011289396014196651
2025-07-03,109647.9765625,2591.00732421875,3331.60009765625,307.1400146484375,553.5538940429688,618.4869995117188,6279.35009765625,20601.099609375,16.3799991607666,0.007244728772290987,0.007650450666005781,-0.0048984176653972256,-0.006822911403597365,0.009840048822782776,0.007881299997254843,0.008338955206607324,0.010197980458914957,-0.015625014328040088
2025-07-04,108034.3359375,2508.518310546875,3332.5,,,,,,,-0.014716556343200904,-0.03183665785149692,0.0002701111530112321,,,,,,
2025-07-05,108231.1796875,2517.280029296875,,,,,,,,0.0018220480395592098,0.003492786444157847,,,,,,,
2025-07-06,109232.0703125,2571.236572265625,,,,,,,,0.009247710575546852,0.021434461935417204,,,,,,,
2025-07-07,108299.8515625,2543.01318359375,3332.199951171875,307.3699951171875,549.3840942382812,613.8779907226562,6229.97998046875,20412.51953125,17.790000915527344,-0.008534295352390808,-0.010976581842489175,,,,,,,
2025-07-08,108950.2734375,2615.505859375,3307.0,304.1600036621094,549.692626953125,613.5418090820312,6225.52001953125,20418.4609375,16.809999465942383,0.006005750382996888,0.028506606355380493,-0.007562556731630865,-0.010443411868664265,0.0005615974653789824,-0.0005476359239223738,-0.0007158868810946961,0.000291066776000104,-0.055087206247954934
2025-07-09,111326.5546875,2770.777587890625,3311.60009765625,305.5199890136719,553.5839233398438,617.2210083007812,6263.259765625,20611.33984375,15.9399995803833,0.021810695604753683,0.05936584999764771,0.0013910183417751298,0.004471282664348264,0.0070790405326841555,0.005996656078344209,0.0060621034026635545,0.009446299936140878,-0.05175490262933857
2025-07-10,115987.203125,2954.84521484375,3317.39990234375,306.20001220703125,552.7876586914062,618.9617309570312,6280.4599609375,20630.66015625,15.779999732971191,0.041864660687494615,0.06643175827521208,0.0017513602235985637,0.0022257895319868215,-0.0014383810924882834,0.002820258275139098,0.0027462050044453346,0.0009373632498645978,-0.010037631845926431
2025-07-11,117516.9921875,2957.88623046875,3356.0,309.1400146484375,551.543701171875,616.7858276367188,6259.75,20585.529296875,16.399999618530273,0.013189291760499877,0.0010291624108509367,0.011635648035372315,0.009601575193336043,-0.0022503351874316735,-0.0035154084840562927,-0.0032975229626984737,-0.0021875625420221256,0.03929023422374556
2025-07-12,117435.2265625,2942.91162109375,,,,,,,,-0.0006957770402219454,-0.005062604917237423,,,,,,,
2025-07-13,119116.1171875,2973.35888671875,,,,,,,,0.014313342548076147,0.010345966697322684,,,,,,,
2025-07-14,119849.703125,3013.350830078125,3351.5,308.010009765625,553.5439453125,617.9627685546875,6268.56005859375,20640.330078125,17.200000762939453,0.006158578325259345,0.013450089573111779,,,,,,,
2025-07-15,117777.1875,3139.8896484375,3329.800048828125,306.7300109863281,554.0515747070312,615.322021484375,6243.759765625,20677.80078125,17.3799991607666,-0.01729262210051885,0.04199272686615596,-0.0064746982461211244,-0.004155705135267751,0.0009170534676243847,-0.004273310957695342,-0.003956298214731202,0.0018154120105235982,0.010465022665288926
2025-07-16,118738.5078125,3371.5068359375,3352.5,308.260009765625,554.6188354492188,617.3792724609375,6263.7001953125,20730.490234375,17.15999984741211,0.00816219450392297,0.07376602792880305,0.006817211495886655,0.004988096125243757,0.0010238410431149259,0.0033433729083833796,0.003193657417327689,0.0025481168757934824,-0.012658188951534366
2025-07-17,119289.84375,3476.784423828125,3340.10009765625,307.5899963378906,559.107177734375,621.1574096679688,6297.35986328125,20885.650390625,16.520000457763672,0.004643278306736054,0.03122567831346279,-0.003698703159955241,-0.0021735334020257513,0.00809266111837137,0.0061196372725167425,0.00537376740890938,0.00748463516761011,-0.03729600205940298
2025-07-18,118003.2265625,3549.016357421875,3353.0,308.3900146484375,558.5698852539062,620.702392578125,6296.7900390625,20895.650390625,16.40999984741211,-0.01078563897020779,0.020775499653849394,0.0038621304651325072,0.002600924347578637,-0.0009609829776214829,-0.0007325310505222893,-9.048620868445933e-05,0.00047879763440294987,-0.006658632403358511
2025-07-19,117939.9765625,3595.273681640625,,,,,,,,-0.0005360022928398989,0.013033843623181607,,,,,,,
2025-07-20,117300.7890625,3759.471435546875,,,,,,,,-0.00541960002562214,0.04567044638207407,,,,,,,
2025-07-21,117439.5390625,3763.371337890625,3401.89990234375,313.1300048828125,561.4658203125,621.8794555664062,6305.60009765625,20974.1796875,16.649999618530273,0.0011828564931994912,0.0010373538968471152,,,,,,,
2025-07-22,119995.4140625,3749.1455078125,3439.199951171875,316.1000061035156,558.5598754882812,621.9684448242188,6309.6201171875,20892.689453125,16.5,0.02176332622218302,-0.0037800761075303946,0.010964475704422494,0.009484882235462067,-0.005175639761297202,0.00014309727876682388,0.0006375316336257875,-0.0038852644341349496,-0.00900898630432001
2025-07-23,118754.9609375,3629.70361328125,3394.10009765625,312.17999267578125,561.1076049804688,627.2598266601562,6358.91015625,21020.01953125,15.369999885559082,-0.010337504434577038,-0.03185843128317001,-0.013113472364483347,-0.01240118112003663,0.0045612468850546595,0.008507476351847565,0.007811886951519131,0.006094480005107927,-0.06848485542066174
2025-07-24,118368.0,3708.005615234375,3371.0,310.2699890136719,562.3018798828125,627.4674072265625,6363.35009765625,21057.9609375,15.390000343322754,-0.0032584822936673197,0.021572560819185016,-0.006805956510299027,-0.006118276977772341,0.0021284240166115076,0.0003309323466664793,0.0006982236416543941,0.001805012892285518,0.0013012659669868754
2025-07-25,117635.8828125,3727.266845703125,3334.0,307.3999938964844,563.6553955078125,630.1181030273438,6388.64013671875,21108.3203125,14.930000305175781,-0.006185093838706357,0.005194498732584263,-0.010975971521803629,-0.0092499926477293,0.0024070978124457465,0.004224435835635587,0.00397432777929585,0.002391464926232212,-0.02988954047337322
2025-07-26,117947.3671875,3741.39599609375,,,,,,,,0.002647868724685587,0.0037907536475187964,,,,,,,
2025-07-27,119448.4921875,3875.24658203125,,,,,,,,0.012727075099638885,0.03577557309550983,,,,,,,
2025-07-28,117924.4765625,3787.42578125,3309.10009765625,305.4100036621094,565.4168090820312,629.9598999023438,6389.77001953125,21178.580078125,15.029999732971191,-0.012758768211219684,-0.022661990384936437,,,,,,,
2025-07-29,117922.1484375,3793.454833984375,3323.39990234375,306.25,564.5410766601562,628.2982788085938,6370.85986328125,21098.2890625,15.979999542236328,-1.9742508661990676e-05,0.0015918602984175134,0.00432135754902907,0.002750389076383808,-0.0015488262955902776,-0.0026376616892719307,-0.002959442388724254,-0.003791142528385638,0.0632069079270261
2025-07-30,117831.1875,3808.20166015625,3295.800048828125,300.9599914550781,565.2974853515625,627.5070190429688,6362.89990234375,21129.669921875,15.479999542236328,-0.0007713643170961237,0.0038874395023140718,-0.008304704316853595,-0.017273497289540862,0.001339864755069975,-0.0012593696215839056,-0.0012494327466496813,0.0014873651262450327,-0.03128911228554565
2025-07-31,115758.203125,3696.707763671875,3293.199951171875,302.9599914550781,562.3018798828125,625.1531372070312,6339.39013671875,21122.44921875,16.719999313354492,-0.017592832754910526,-0.029277308933214563,-0.0007889124393861691,0.0066454015709211944,-0.00529916645018691,-0.003751164153554032,-0.0036948193411530106,-0.0003417328880052084,0.0801033467562382
2025-08-01,113320.0859375,3488.365966796875,3347.699951171875,309.1099853515625,551.2251586914062,614.9066162109375,6238.009765625,20650.130859375,20.3799991607666,-0.021062154747402473,-0.05635874139752328,0.01654925325156964,0.020299689958884537,-0.019698886999479193,-0.01639041762130744,-0.015992133140148468,-0.022360965552978174,0.21889952139464608
2025-08-02,112526.9140625,3392.7412109375,,,,,,,,-0.006999393518263508,-0.027412478154400954,,,,,,,
2025-08-03,114217.671875,3497.379150390625,,,,,,,,0.015025363723748075,0.030841709681774132,,,,,,,
2025-08-04,115071.8828125,3718.986083984375,3374.39990234375,310.9100036621094,561.3961181640625,624.2530517578125,6329.93994140625,21053.580078125,17.520000457763672,0.007478798363486527,0.06336371438852972,,,,,,,
2025-08-05,114141.4453125,3611.8994140625,3381.89990234375,311.1600036621094,557.5845336914062,621.088134765625,6299.18994140625,20916.55078125,17.850000381469727,-0.008085706753543476,-0.028794587423448093,0.00222261741851959,0.0008040912066364925,-0.006789474222089975,-0.005069926343612585,-0.004857865996303334,-0.006508598365053131,0.0188356115915409
2025-08-06,115028.0,3683.920654296875,3380.0,310.5,564.600830078125,625.845458984375,6345.06005859375,21169.419921875,16.770000457763672,0.007767158415357134,0.01993999056395901,-0.0005617855047789222,-0.00212110700071233,0.012583376981905037,0.007659660445043404,0.007281907295092482,0.01208942828430759,-0.06050419611347535
2025-08-07,117496.8984375,3914.325927734375,3400.300048828125,313.1199951171875,566.5115356445312,625.3212280273438,6340.0,21242.69921875,16.56999969482422,0.021463456180234486,0.06254349511267532,0.006005931605954196,0.008437987494967825,0.003384170664683328,-0.000837636431655131,-0.0007974800154801898,0.0034615637625137197,-0.01192610360644697
2025-08-08,116688.7265625,4009.848876953125,3439.10009765625,313.04998779296875,571.796142578125,630.1972045898438,6389.4501953125,21450.01953125,15.149999618530273,-0.0068782400705657,0.02440342244929994,0.011410772070393316,-0.00022357985855403495,0.00932833067129235,0.007797554830949682,0.007799715348974834,0.009759603069510403,-0.08569704903117736
2025-08-09,116500.359375,4263.59912109375,,,,,,,,-0.0016142706587778388,0.06328174749903215,,,,,,,
2025-08-10,119306.7578125,4254.2177734375,,,,,,,,0.02408918266480664,-0.0022003353011864624,,,,,,,
2025-08-11,118731.4453125,4226.966796875,3353.10009765625,308.54998779296875,570.1041870117188,628.9509887695312,6373.4501953125,21385.400390625,16.25,-0.004822128356753663,-0.006405637420032861,,,,,,,
2025-08-12,120172.90625,4590.9248046875,3348.89990234375,308.2699890136719,577.269775390625,635.6467895507812,6445.759765625,21681.900390625,14.729999542236328,0.012140515376580119,0.08610382463415012,-0.0012526304584333792,-0.0009074665058316222,0.012568910283689894,0.010645981802730908,0.01134543584661274,0.013864598959296481,-0.09353848970853362
2025-08-13,123344.0625,4756.27587890625,3358.699951171875,309.2099914550781,577.558349609375,637.82275390625,6466.580078125,21713.140625,14.489999771118164,0.026388279596092357,0.036016942392504525,0.002926348685807545,0.0030492830145867345,0.0004998949036518763,0.0034232287352642388,0.0032300788824048965,0.0014408439210664703,-0.01629326399026665
2025-08-14,118359.578125,4548.16650390625,3335.199951171875,307.25,577.1105346679688,637.882080078125,6468.5400390625,21710.669921875,14.829999923706055,-0.040411222672351976,-0.04375468965602913,-0.006996754798475169,-0.006338706734070332,-0.0007753587870543699,9.301357079483097e-05,0.00030309080129242716,-0.00011378838131570479,0.023464469148273492
2025-08-15,117398.3515625,4439.98876953125,3336.0,307.42999267578125,574.57275390625,636.388671875,6449.7998046875,21622.98046875,15.09000015258789,-0.008121240187970669,-0.023784910750758614,0.00023988031897270723,0.0005858183101099534,-0.004397391156927721,-0.0023411979263346927,-0.0028971350972291088,-0.004039002639741107,0.017532045193487944
2025-08-16,117491.3515625,4426.18017578125,,,,,,,,0.0007921746665282559,-0.0031100515039045318,,,,,,,
2025-08-17,117453.0625,4473.271484375,,,,,,,,-0.00032588834829794244,0.010639266076744924,,,,,,,
2025-08-18,116252.3125,4312.5048828125,3331.699951171875,306.95001220703125,574.3438110351562,636.2501220703125,6449.14990234375,21629.76953125,14.989999771118164,-0.01022323279139703,-0.03593937951766457,,,,,,,
2025-08-19,112831.1796875,4073.464111328125,3313.39990234375,305.2699890136719,566.5513916015625,632.7984008789062,6411.3701171875,21314.94921875,15.569999694824219,-0.029428514056440758,-0.055429681352263005,-0.00549270615491293,-0.005473279447945512,-0.013567517023556408,-0.00542510102815319,-0.005858103118756786,-0.014554954552111976,0.038692457142231795
2025-08-20,114274.7421875,4334.50048828125,3343.39990234375,308.3599853515625,563.1876220703125,631.1170654296875,6395.77978515625,21172.859375,15.6899995803833,0.012794003430595335,0.06408215951312646,0.009054144046657164,0.010122175284489776,-0.0059372716775808465,-0.0026569843521784264,-0.0024316693228262354,-0.006666206064662283,0.007707121895382807
2025-08-21,112419.03125,4223.2099609375,3336.89990234375,307.2900085449219,560.5801391601562,628.5850830078125,6370.169921875,21100.310546875,16.600000381469727,-0.01623902974513114,-0.025675513855549226,-0.0019441287880170854,-0.0034698951143765644,-0.004629865444433889,-0.004011906127353915,-0.004004181529308926,-0.003426501203265042,0.05799877791100583
2025-08-22,116874.0859375,4831.3486328125,3374.39990234375,310.5799865722656,569.2284545898438,638.2380981445312,6466.91015625,21496.5390625,14.220000267028809,0.03962900798880531,0.14399915644733907,0.011237975695243652,0.01070642694476942,0.015427438158341023,0.015356735941821187,0.015186444876893468,0.018778326259453193,-0.1433734975751969
2025-08-23,115374.328125,4776.09033203125,,,,,,,,-0.012832252765613172,-0.011437448418844975,,,,,,,
2025-08-24,113458.4296875,4779.6474609375,,,,,,,,-0.016605933647771742,0.0007447783980119027,,,,,,,
2025-08-25,110124.3515625,4372.98779296875,3373.800048828125,309.8299865722656,567.58642578125,635.42919921875,6439.31982421875,21449.2890625,14.789999961853027,-0.029385900493979156,-0.08508151935728459,,,,,,,
2025-08-26,111802.65625,4600.4267578125,3388.60009765625,312.0799865722656,569.8653564453125,638.0897216796875,6465.93994140625,21544.26953125,14.619999885559082,0.015240086898922645,0.05200997021062914,0.00438675932596122,0.007262047243691283,0.004015125380995022,0.004186969160700382,0.004133995191134998,0.00442814064714403,-0.011494258061691465
2025-08-27,111222.0625,4503.39306640625,3404.60009765625,312.7099914550781,570.7412109375,639.543701171875,6481.39990234375,21590.140625,14.850000381469727,-0.005193022862549412,-0.021092323933093016,0.004721713846100206,0.0020187288833615202,0.0015369498817243699,0.002278644276482167,0.0023909843081744153,0.0021291552114803824,0.015731908188168164
2025-08-28,112544.8046875,4507.177734375,3431.800048828125,315.0299987792969,574.31396484375,641.8085327148438,6501.85986328125,21705.16015625,14.430000305175781,0.01189280397942638,0.0008404036496352241,0.007989176523433672,0.007419038046796889,0.006259849188709143,0.003541324132844581,0.0031567194195349924,0.005327410008474587,-0.028282832693932725
2025-08-29,108410.8359375,4360.15283203125,3473.699951171875,318.07000732421875,567.666015625,637.98095703125,6460.259765625,21455.55078125,15.359999656677246,-0.036731759955323295,-0.032620169651272346,0.012209307578411543,0.00964990177666114,-0.011575461551868504,-0.005963734491660877,-0.00639818429357164,-0.011500001529734183,0.06444901814505788
2025-08-30,108808.0703125,4374.1533203125,,,,,,,,0.003664157476186425,0.0032110086092389523,,,,,,,
2025-08-31,108236.7109375,4390.01904296875,,,,,,,,-0.00525107534173741,0.0036271528440883216,,,,,,,
2025-09-01,109250.59375,4314.47021484375,,,,,,,,0.009367272930950854,-0.017209225605980594,,,,,,,
2025-09-02,111200.5859375,4325.36572265625,3549.39990234375,325.5899963378906,562.9088745117188,633.2533569335938,6415.5400390625,21279.630859375,17.170000076293945,0.017848801737061493,0.002525340834435452,,,,,,,
2025-09-03,111723.2109375,4450.38916015625,3593.199951171875,328.1400146484375,567.3375854492188,636.685302734375,6448.259765625,21497.73046875,16.350000381469727,0.004699840343410866,0.028904708992612438,0.012340127918300414,0.007831992196408066,0.007867545064627945,0.005419546163007771,0.0051000736279842585,0.010249219585447555,-0.047757698962177964
2025-09-04,110723.6015625,4298.744140625,3565.800048828125,326.69000244140625,572.4727783203125,642.00634765625,6502.080078125,21707.689453125,15.300000190734863,-0.008947195185422974,-0.03407455260068215,-0.007625487786955487,-0.004418882618094533,0.00905138845512532,0.008357417548391144,0.008346486409699372,0.009766565111615222,-0.06422019365362708
2025-09-05,110650.984375,4306.98876953125,3613.199951171875,331.04998779296875,573.298828125,640.1469116210938,6481.5,21700.390625,15.180000305175781,-0.0006558419928113235,0.00191791570666755,0.01329292211977151,0.01334594055214322,0.0014429503654500575,-0.002896289175246314,-0.003165152978388819,-0.0003362323816525903,-0.007843129677328364
2025-09-06,110224.6953125,4274.2421875,,,,,,,,-0.0038525555367432407,-0.007603126867408605,,,,,,,
2025-09-07,111167.6171875,4305.34765625,,,,,,,,0.008554542812086785,0.007277423081211376,,,,,,,
2025-09-08,112071.4296875,4308.072265625,3638.10009765625,334.82000732421875,576.095458984375,641.7195434570312,6495.14990234375,21798.69921875,15.109999656677246,0.008130177859939192,0.0006328430576436617,,,,,,,
2025-09-09,111530.546875,4309.04150390625,3643.300048828125,334.05999755859375,577.7275390625,643.203125,6512.60986328125,21879.490234375,15.039999961853027,-0.004826232823193166,0.00022498189944109015,0.0014293040412012292,-0.002269905468609168,0.0028330028516494465,0.0023118846201510834,0.0026881536531127015,0.003706231037653218,-0.004632673488730754
2025-09-10,113955.359375,4349.14599609375,3643.60009765625,335.260009765625,577.9166259765625,645.0624389648438,6532.0400390625,21886.060546875,15.350000381469727,0.02174124101370767,0.009307056372314992,8.235633192543723e-05,0.0035922056391106683,0.0003272942715684124,0.00289071040325517,0.002983469943562689,0.00030029550184296205,0.02061173007998507
2025-09-11,115507.5390625,4461.2333984375,3636.89990234375,334.760009765625,581.2803955078125,650.4231567382812,6587.47021484375,22043.0703125,14.710000038146973,0.013620945043858246,0.025772278613875654,-0.001838894261971813,-0.0014913797811720864,0.0058205100529264975,0.008310385862863257,0.008485890387959882,0.00717396195120279,-0.04169383240506963
2025-09-12,116101.578125,4715.24609375,3649.39990234375,335.4200134277344,583.8480224609375,650.2055053710938,6584.2900390625,22141.099609375,14.760000228881836,0.005142859655061782,0.05693777317310178,0.00343699313581447,0.0019715725978484144,0.004417191725315073,-0.000334630409346115,-0.00048276131466740146,0.004447170720106586,0.003399061224010902
2025-09-13,115950.5078125,4668.1796875,,,,,,,,-0.0013011908618274504,-0.009981749693273922,,,,,,,
2025-09-14,115407.65625,4609.59765625,,,,,,,,-0.004681752350561785,-0.012549223717087221,,,,,,,
2025-09-15,115444.875,4526.8203125,3682.199951171875,338.9100036621094,588.8439331054688,653.6671142578125,6615.27978515625,22348.75,15.6899995803833,0.0003224981011604733,-0.0179576071325368,,,,,,,
2025-09-16,116843.1875,4503.564453125,3688.89990234375,339.5899963378906,588.3463745117188,652.76708984375,6606.759765625,22333.9609375,16.360000610351562,0.012112382641498831,-0.005137349788500112,0.0018195511543968035,0.0020064107533963593,-0.0008449753249998304,-0.0013768849532600491,-0.0012879303382402618,-0.0006617400302030285,0.04270242497685861
2025-09-17,116468.5078125,4592.7333984375,3681.800048828125,336.9700012207031,587.172119140625,651.9561157226562,6600.35009765625,22261.330078125,15.720000267028809,-0.0032066883445814875,0.019799637873646025,-0.0019246533393638687,-0.007715171664187115,-0.001995857239824539,-0.0012423636756685452,-0.0009701681605103207,-0.0032520366440261794,-0.03911982392701152
2025-09-18,117137.203125,4589.9189453125,3643.699951171875,335.6199951171875,592.466552734375,655.0023803710938,6631.9599609375,22470.720703125,15.699999809265137,0.005741425944741474,-0.0006128056825500661,-0.010348225637178965,-0.0040063094596702875,0.009016834112455463,0.004672499536354291,0.004789119185128365,0.009406024899013321,-0.0012722937292578562
2025-09-19,115688.859375,4470.9169921875,3671.5,339.17999267578125,596.4771728515625,658.2465209960938,6664.35986328125,22631.48046875,15.449999809265137,-0.012364506846338497,-0.025926809284188335,0.007629620770278844,0.010607227252210416,0.006769361238499583,0.004952868450893266,0.004885418870829605,0.0071541882322734285,-0.01592356707243181
2025-09-20,115721.9609375,4482.265625,,,,,,,,0.0002861257573012477,0.002538323308692858,,,,,,,
2025-09-21,115306.09375,4451.3291015625,,,,,,,,-0.003593675600818802,-0.006901983511407805,,,,,,,
2025-09-22,112748.5078125,4202.87744140625,3740.699951171875,345.04998779296875,600.0083618164062,661.3607177734375,6693.75,22788.98046875,16.100000381469727,-0.02218083931492132,-0.055815163176552995,,,,,,,
2025-09-23,112014.5,4165.50390625,3780.60009765625,346.4599914550781,596.02294921875,657.7606201171875,6656.919921875,22573.470703125,16.639999389648438,-0.00651013327573835,-0.008892368544476281,0.010666492101799152,0.004086375052867464,-0.006642261760471446,-0.005443470649980853,-0.005502159197012135,-0.009456753272509166,0.0335403102723042
2025-09-24,113328.6328125,4153.46923828125,3732.10009765625,343.32000732421875,593.9305419921875,655.6678466796875,6637.97021484375,22497.859375,16.18000030517578,0.011731809832655538,-0.0028891265593804505,-0.012828651205417652,-0.009063049726670935,-0.0035106152024937387,-0.0031816642308674092,-0.002846617843333288,-0.0033495659183030435,-0.02764417676354103
2025-09-25,109049.2890625,3868.333984375,3736.89990234375,344.75,591.3699340820312,652.6429443359375,6604.72021484375,22384.69921875,16.739999771118164,-0.03776048156409062,-0.0686499014554498,0.0012860868041868478,0.004165188877066628,-0.004311291858417277,-0.004613467564511753,-0.0050090613431266195,-0.005029818809150544,0.03461059674784095
2025-09-26,109712.828125,4035.887939453125,3775.300048828125,346.739990234375,593.801025390625,656.3819580078125,6643.7001953125,22484.0703125,15.289999961853027,0.0060847628462732395,0.043314242191835106,0.010275936601965352,0.00577227044053652,0.004110948441042206,0.0057290340826092745,0.005901836747171263,0.00443924185797262,-0.08661886673181729
2025-09-27,109681.9453125,4018.658203125,,,,,,,,-0.0002814877077529365,-0.004269131498844225,,,,,,,
2025-09-28,112122.640625,4141.4765625,,,,,,,,0.02225248016477188,0.03056203169493088,,,,,,,
2025-09-29,114400.3828125,4217.341796875,3820.89990234375,352.4599914550781,596.5509643554688,658.2266845703125,6661.2099609375,22591.150390625,16.1200008392334,0.02031473906432546,0.018318402441761972,,,,,,,
2025-09-30,114056.0859375,4145.95751953125,3840.800048828125,355.4700012207031,598.1849975585938,660.7061157226562,6688.4599609375,22660.009765625,16.280000686645508,-0.003009577997342028,-0.016926367551390986,0.005208235492420998,0.008540004081594166,0.002739134291552814,0.003766834755358328,0.0040908483833717035,0.003048068549381,0.00992554833016479
2025-10-01,118648.9296875,4351.1123046875,3867.5,356.0299987792969,601.0545043945312,662.95751953125,6711.2001953125,22755.16015625,16.290000915527344,0.04026829179914837,0.04948308905476795,0.006951663932628138,0.0015753722020723782,0.004797022405524931,0.0034075722246513784,0.003399920834961989,0.004199044555106113,0.0006142646474234237
2025-10-02,120681.2578125,4487.923828125,3839.699951171875,354.7900085449219,603.5255126953125,663.7210693359375,6715.35009765625,22844.05078125,16.6299991607666,0.017128920845327356,0.03144288491246505,-0.007188118636877849,-0.003482825151325697,0.004111121841221976,0.0011517326256851312,0.0006183547238911569,0.003906394171239613,0.020871591536571144
2025-10-03,122266.53125,4514.87060546875,3880.800048828125,357.6400146484375,600.9848022460938,663.7113037109375,6715.7900390625,22780.509765625,16.649999618530273,0.013136036748664148,0.006004285806920251,0.010703986816393396,0.008032937892485048,-0.004209781352692232,-1.4713447336833774e-05,6.551280273581206e-05,-0.002781512623722282,0.001202673407877164
2025-10-04,122425.4296875,4489.197265625,,,,,,,,0.001299606980548873,-0.005686395488865736,,,,,,,
2025-10-05,123513.4765625,4515.4228515625,,,,,,,,0.008887425412982486,0.005841932173111797,,,,,,,
2025-10-06,124752.53125,4687.771484375,3948.5,364.3800048828125,605.498291015625,666.0914916992188,6740.27978515625,22941.669921875,16.3700008392334,0.010031736794915869,0.0381688799649984,,,,,,,
2025-10-07,121451.3828125,4451.15185546875,3976.60009765625,366.260009765625,602.3099975585938,663.6219482421875,6714.58984375,22788.359375,17.239999771118164,-0.026461574802715715,-0.05047593076900958,0.007116651299544197,0.005159462258136571,-0.005265569704058781,-0.0037075138893177817,-0.0038114057910215715,-0.006682623688557987,0.05314593080531016
2025-10-08,123354.8671875,4527.64794921875,4043.300048828125,372.29998779296875,609.2147216796875,667.5791625976562,6753.72021484375,23043.380859375,16.299999237060547,0.01567280940669602,0.017185685016793073,0.016773110077421993,0.01649095687844504,0.011463738189771755,0.005963055269571305,0.0058276636405680815,0.01119086636200639,-0.0545243936506532
2025-10-09,121705.5859375,4369.1435546875,3946.300048828125,365.42999267578125,608.4774169921875,665.6452026367188,6735.10986328125,23024.630859375,16.43000030517578,-0.013370216251727518,-0.03500810935589638,-0.02399030465921359,-0.018452848086064955,-0.0012102542195092658,-0.002896974724933221,-0.002755570407195318,-0.0008136826846035783,0.007975526024544655
2025-10-10,113214.3671875,3843.0087890625,3975.89990234375,369.1199951171875,587.3546142578125,647.6542358398438,6552.509765625,22204.4296875,21.65999984741211,-0.06976852117831744,-0.12042057191289324,0.007500659643053353,0.010097700011942212,-0.03471419340226101,-0.027027862178845674,-0.02711167321141361,-0.035622771843095036,0.3183201123002275
2025-10-11,110807.8828125,3750.611572265625,,,,,,,,-0.02125599811033263,-0.02404293663335999,,,,,,,
2025-10-12,115169.765625,4164.427734375,,,,,,,,0.03936437283871608,0.11033298280456205,,,,,,,
2025-10-13,115271.078125,4245.4677734375,4108.60009765625,378.0899963378906,599.8190307617188,657.5919189453125,6654.72021484375,22694.609375,19.030000686645508,0.000879679657679322,0.01946006611990403,,,,,,,
2025-10-14,113118.6640625,4125.412109375,4138.7001953125,380.7900085449219,595.8236694335938,656.78857421875,6644.31005859375,22521.69921875,20.809999465942383,-0.01867262888064536,-0.028278547964407763,0.007326120075161535,0.007141189222626965,-0.006660944590322959,-0.0012216462876413203,-0.0015643266604626893,-0.007618996801966316,0.09353645376092956
2025-10-15,110783.1640625,3987.45947265625,4176.89990234375,387.3900146484375,600.0282592773438,659.7044067382812,6671.06005859375,22670.080078125,20.639999389648438,-0.02064646024028005,-0.03343972264134598,0.009229880210824382,0.017332403569977117,0.007056768737883523,0.004439529909605389,0.004026001159503689,0.006588350991361569,-0.008169153323245748
2025-10-16,108186.0390625,3894.75439453125,4280.2001953125,396.45001220703125,597.806396484375,655.2116088867188,6629.06982421875,22562.5390625,25.309999465942383,-0.023443318504017374,-0.023249158708877005,0.024731330743833713,0.02338727694573084,-0.0037029302513930107,-0.006810319600221937,-0.006294387099829435,-0.004743742203573875,0.22625970030968534
2025-10-17,106467.7890625,3832.558837890625,4189.89990234375,388.989990234375,601.7320556640625,658.9308471679688,6664.009765625,22679.970703125,20.780000686645508,-0.01588236351834038,-0.015969057439913503,-0.021097212477968474,-0.01881705572696646,0.006566773461732511,0.005676392528467966,0.0052707155502571545,0.005204717443356266,-0.1789805956097521
2025-10-18,107198.265625,3890.34619140625,,,,,,,,0.006861009972426446,0.015078008181977465,,,,,,,
2025-10-19,108666.7109375,3984.649658203125,,,,,,,,0.013698405510000455,0.024240379173758653,,,,,,,
2025-10-20,110588.9296875,3980.76025390625,4336.39990234375,403.1499938964844,609.3143310546875,665.7840576171875,6735.1298828125,22990.5390625,18.229999542236328,0.01768912239467313,-0.0009760969295927735,,,,,,,
2025-10-21,108476.890625,3876.76416015625,4087.699951171875,377.239990234375,609.1549682617188,665.7741088867188,6735.35009765625,22953.669921875,17.8700008392334,-0.019098105646452646,-0.02612468149719649,-0.057351710352510854,-0.06426889260666147,-0.00026154446867010517,-1.494287878323064e-05,3.2696450934288634e-05,-0.0016036657742026783,-0.01974759802757342
2025-10-22,107688.5859375,3808.122314453125,4044.39990234375,377.2799987792969,603.286376953125,662.3128051757812,6699.39990234375,22740.400390625,18.600000381469727,-0.007267028792566799,-0.017705963754152787,-0.010592765943036375,0.00010605594835544352,-0.009633987432361102,-0.005198916065879078,-0.005337539220865439,-0.009291304265325873,0.04085056004214738
2025-10-23,110069.7265625,3856.0263671875,4125.5,378.7900085449219,608.35791015625,666.2402954101562,6738.43994140625,22941.80078125,17.299999237060547,0.022111355667553845,0.01257944172448533,0.02005244278866991,0.004002358382396931,0.008406510401807177,0.005929962705964353,0.0058273934429324825,0.008856501520000837,-0.06989253321222011
2025-10-24,111033.921875,3934.5673828125,4118.39990234375,377.5199890136719,614.8541259765625,671.6851806640625,6791.68994140625,23204.869140625,16.3700008392334,0.008759859251149305,0.0203683813713873,-0.001721027186098678,-0.0033528327110016187,0.01067827953226419,0.008172554694480416,0.00790242258787388,0.011466770280299965,-0.05375713519309755
2025-10-25,111641.7265625,3953.470947265625,,,,,,,,0.005474045023684315,0.004804483597282472,,,,,,,
2025-10-26,114472.4453125,4157.9892578125,,,,,,,,0.025355383127430242,0.051731330083082616,,,,,,,
2025-10-27,114119.328125,4120.1220703125,4001.89990234375,367.010009765625,625.80419921875,679.6095581054688,6875.16015625,23637.4609375,15.789999961853027,-0.0030847352525406047,-0.009107091228975794,,,,,,,
2025-10-28,112956.1640625,3982.262451171875,3966.199951171875,364.3800048828125,630.6165161132812,681.41455078125,6890.89013671875,23827.490234375,16.420000076293945,-0.01019252462848308,-0.03346008122768285,-0.008920750654199727,-0.007166030388359279,0.007689812405443863,0.002655925971395856,0.0022879438603986557,0.008039327801639073,0.03989867738840602
2025-10-29,110055.3046875,3903.35302734375,3983.699951171875,363.0,633.4561767578125,681.7418823242188,6890.58984375,23958.470703125,16.920000076293945,-0.025681284408657135,-0.01981522433432381,0.0044122838524138785,-0.0037872684129753864,0.0045029912347254175,0.0004803706386860007,-4.3578255173426506e-05,0.005497031683221021,0.03045066977325206
2025-10-30,108305.546875,3804.375244140625,4001.300048828125,370.1300048828125,623.7715454101562,674.2440185546875,6822.33984375,23581.140625,16.90999984741211,-0.015898895718551742,-0.025357117972616416,0.00441802793181556,0.01964188672951095,-0.015288557761366617,-0.010998097614260183,-0.00990481243951924,-0.01574933904590925,-0.0005910300730935791
2025-10-31,109556.1640625,3847.080322265625,3982.199951171875,368.1199951171875,626.780517578125,676.4556274414062,6840.2001953125,23724.9609375,17.440000534057617,0.011547120379193476,0.01122525392067275,-0.004773472977074977,-0.005430550723012573,0.004823836851984398,0.0032801312668069293,0.0026179217059763005,0.006098954871908369,0.03134244183488977
2025-11-01,110064.015625,3874.18798828125,,,,,,,,0.004635536182247879,0.007046295825625215,,,,,,,
2025-11-02,110639.625,3911.063232421875,,,,,,,,0.005229768982454308,0.009518186585722344,,,,,,,
2025-11-03,106547.5234375,3602.30810546875,4000.300048828125,368.7799987792969,629.7796020507812,677.72509765625,6851.97021484375,23834.720703125,17.170000076293945,-0.03698585893164408,-0.0789440386423853,,,,,,,
2025-11-04,101590.5234375,3292.574462890625,3947.699951171875,362.32000732421875,616.996337890625,669.691650390625,6771.5498046875,23348.640625,19.0,-0.046523840630681046,-0.08598199640611282,-0.013149038075696118,-0.017517195825319742,-0.02029799650310915,-0.011853548427536165,-0.011736830084583816,-0.020393781164017133,0.10658124144289749
2025-11-05,103891.8359375,3425.171142578125,3980.300048828125,366.510009765625,621.0116577148438,672.012451171875,6796.2900390625,23499.80078125,18.010000228881836,0.02265282648549194,0.040271429297028094,0.008257997836581543,0.011564369498527016,0.006507850334973142,0.003465476656154154,0.0036535556982648654,0.006474045263609396,-0.05210525111148234
2025-11-06,101301.2890625,3312.2578125,3979.89990234375,366.07000732421875,609.4439086914062,664.8021850585938,6720.31982421875,23053.990234375,19.5,-0.02493503798083263,-0.03296574838976807,-0.00010053173867952125,-0.0012005195756799036,-0.018627265494505663,-0.010729363869237507,-0.011178189042419073,-0.018970822392277542,0.08273180189796547
2025-11-07,103372.40625,3435.301025390625,3999.39990234375,368.30999755859375,607.5209350585938,665.4567260742188,6728.7998046875,23004.5390625,19.079999923706055,0.020445121741957006,0.037147836870148554,0.004899620713705977,0.006119021470095687,-0.0031552922350828183,0.000984565078659072,0.0012618418007710464,-0.0021450157379379053,-0.0215384654509716
2025-11-08,102282.1171875,3400.3759765625,,,,,,,,-0.010547196317199026,-0.01016651774327515,,,,,,,
2025-11-09,104719.640625,3582.621337890625,,,,,,,,0.02383137448193029,0.053595650182295396,,,,,,,
2025-11-10,105996.59375,3568.4599609375,4111.7998046875,378.3800048828125,620.9617919921875,675.8406982421875,6832.43017578125,23527.169921875,17.600000381469727,0.012194017448672767,-0.003952797579624412,,,,,,,
2025-11-11,102997.46875,3415.2822265625,4106.7998046875,379.8699951171875,619.307861328125,677.387939453125,6846.60986328125,23468.30078125,17.280000686645508,-0.028294541304540788,-0.04292544572498369,-0.0012160125097286922,0.003937814406542062,-0.00266349827862411,0.002289357854538432,0.002075350517340535,-0.0025021768797727217,-0.018181800448205276
2025-11-12,101663.1875,3413.09423828125,4204.39990234375,385.989990234375,618.8197021484375,677.7648315429688,6850.919921875,23406.4609375,17.510000228881836,-0.012954505253314763,-0.0006406464052173266,0.023765487069725033,0.016110762091908537,-0.0007882334621760467,0.0005563903162315587,0.0006295171887717999,-0.0026350371220488222,0.013310158165333874
2025-11-13,99697.4921875,3232.757080078125,4186.89990234375,382.8699951171875,606.1858520507812,666.5180053710938,6737.490234375,22870.359375,20.0,-0.01933536967351135,-0.05283685290035778,-0.004162306252134762,-0.008083098515826892,-0.020416043726134814,-0.016593994920437227,-0.01655685496159698,-0.022903999196268954,0.1422044396670561
2025-11-14,94397.7890625,3103.78564453125,4087.60009765625,375.9599914550781,606.64404296875,666.4088134765625,6734.10986328125,22900.58984375,19.829999923706055,-0.053157837862490065,-0.039895183075048135,-0.02371678497303309,-0.018047911171504505,0.0007558588119775944,-0.0001638243733123046,-0.0005017255648851471,0.0013218187022914218,-0.008500003814697288
2025-11-15,95549.1484375,3166.63134765625,,,,,,,,0.012196889211437911,0.02024808099609965,,,,,,,
2025-11-16,94177.078125,3092.847412109375,,,,,,,,-0.01435983820826503,-0.023300450051277788,,,,,,,
2025-11-17,92093.875,3024.538818359375,4068.300048828125,371.6499938964844,601.4630126953125,660.2003173828125,6672.41015625,22708.0703125,22.3799991607666,-0.02212006537551514,-0.02208598894421776,,,,,,,
2025-11-18,92948.875,3122.97900390625,4061.300048828125,374.3500061035156,594.1397705078125,654.65625,6617.31982421875,22432.849609375,24.690000534057617,0.009284005043766586,0.03254717213392322,-0.0017206203859069236,0.007264932736103624,-0.012175714936622062,-0.008397553343794883,-0.008256436690967983,-0.012119951159984765,0.10321722340993555
2025-11-19,91465.9921875,3023.07080078125,4077.699951171875,374.9599914550781,597.686767578125,657.185302734375,6642.16015625,22564.23046875,23.65999984741211,-0.015953746750565823,-0.031991314382848524,0.004038091780114161,0.0016294519610446923,0.005969970781927181,0.0038631766432766224,0.0037538357962292324,0.005856628188694035,-0.041717321359500015
2025-11-20,86631.8984375,2831.777587890625,4056.5,374.8500061035156,583.5385131835938,647.1683349609375,6538.759765625,22078.05078125,26.420000076293945,-0.05285126891851111,-0.0632777812683677,-0.005198997333235034,-0.0002933255655774847,-0.023671687515956052,-0.015242227316648038,-0.015567283563270418,-0.02154647765069262,0.11665258861714323
2025-11-21,85090.6875,2765.69921875,4076.699951171875,374.2699890136719,587.9224853515625,653.6148681640625,6602.990234375,22273.080078125,23.43000030517578,-0.017790340109098413,-0.023334590055091975,0.0049796502334216175,-0.0015473311468576778,0.00751273835218047,0.009961138168965045,0.009823035415319481,0.008833628421609951,-0.11317183052550484
2025-11-22,84648.359375,2767.607421875,,,,,,,,-0.0051983141515926645,0.0006899532357182991,,,,,,,
2025-11-23,86805.0078125,2801.676025390625,,,,,,,,0.025477734635657168,0.012309767363083646,,,,,,,
2025-11-24,88270.5625,2952.71337890625,4091.89990234375,380.20001220703125,602.9575805664062,663.2351684570312,6705.1201171875,22872.009765625,20.520000457763672,0.01688329653360121,0.05390964270915899,,,,,,,
2025-11-25,87341.890625,2957.936279296875,4139.2001953125,380.0799865722656,606.6740112304688,669.4735717773438,6765.8798828125,23025.58984375,18.559999465942383,-0.010520742688141405,0.0017688477411781367,0.01155949414638835,-0.00031569077041548876,0.006163668529668875,0.009406020092127543,0.009061696817220577,0.00671476095449286,-0.09551661540434953
2025-11-26,90518.3671875,3027.81201171875,4165.2001953125,383.1199951171875,612.034423828125,674.09521484375,6812.60986328125,23214.689453125,17.190000534057617,0.03636830551491177,0.023623136478952533,0.006281406738781081,0.007998338908444147,0.008835737972002766,0.006903398821459961,0.006906711511012631,0.008212584809258683,-0.07381459974709137
2025-11-27,91285.375,3014.542236328125,,,,,,,,0.008473504729832548,-0.0043826285579375845,,,,,,,
2025-11-28,90919.265625,3032.304443359375,4218.2998046875,387.8800048828125,616.996337890625,677.7747192382812,6849.08984375,23365.689453125,16.350000381469727,-0.004010602738938163,0.0058921738820569836,,,,,,,
2025-11-29,90851.7578125,2991.685302734375,,,,,,,,-0.0007425028351905061,-0.013395469150188521,,,,,,,
2025-11-30,90394.3125,2992.112548828125,,,,,,,,-0.005035073877646679,0.0001428111751458072,,,,,,,
2025-12-01,86321.5703125,2800.18896484375,4239.2998046875,389.75,614.923828125,674.6803588867188,6812.6298828125,23275.919921875,17.239999771118164,-0.045055292472078956,-0.06414317003534598,,,,,,,
2025-12-02,91350.203125,2997.939697265625,4186.60009765625,387.239990234375,619.7362670898438,675.9299926757812,6829.3701171875,23413.669921875,16.59000015258789,0.05825464938016567,0.07062049558248629,-0.012431229084807538,-0.006440050713598433,0.007826073319548543,0.0018521864059071191,0.002457235261999813,0.005918133438435724,-0.03770299461483784
2025-12-03,93527.8046875,3191.57177734375,4199.2998046875,386.8800048828125,621.2507934570312,678.2706298828125,6849.72021484375,23454.08984375,16.079999923706055,0.023837949867722363,0.06458838390069488,0.0030334177459079292,-0.0009296182229129313,0.002443824006459039,0.003462839691083186,0.0029797912994984355,0.0017263385880927906,-0.03074142400187263
2025-12-04,92141.625,3134.31640625,4211.7998046875,387.1300048828125,620.6729125976562,678.7664794921875,6857.1201171875,23505.140625,15.779999732971191,-0.014821043775501641,-0.01793955301277983,0.0029766867290701438,0.0006461951944911615,-0.0009301893300760478,0.0007310498015529188,0.0010803218396737702,0.0021766259782449726,-0.01865672836805088
2025-12-05,89387.7578125,3024.432861328125,4212.89990234375,386.44000244140625,623.20361328125,680.0557861328125,6870.39990234375,23578.130859375,15.40999984741211,-0.029887330373216225,-0.03505821706537382,0.0002611941942316509,-0.0017823532991587676,0.004077349973276911,0.0018994848443159018,0.001936641757662061,0.0031052881384325826,-0.023447394918898135
2025-12-06,89272.375,3040.207763671875,,,,,,,,-0.0012908122468182626,0.005215821632364781,,,,,,,
2025-12-07,90405.640625,3061.3017578125,,,,,,,,0.012694471554050235,0.0069383396729270075,,,,,,,
2025-12-08,90640.203125,3125.197998046875,4187.2001953125,385.4200134277344,622.0079956054688,678.0126953125,6846.509765625,23545.900390625,16.65999984741211,0.0025945560296725123,0.02087224497595197,,,,,,,
2025-12-09,92691.7109375,3321.114990234375,4206.7001953125,387.3999938964844,622.775146484375,677.4276123046875,6840.509765625,23576.490234375,16.93000030517578,0.022633530616329445,0.0626894655346446,0.004657049840088856,0.005137202012788666,0.0012333456873967474,-0.0008629381305947925,-0.0008763589340257116,0.0012991579528713881,0.016206510218282677
2025-12-10,92020.9453125,3325.39013671875,4196.39990234375,389.04998779296875,625.3258666992188,681.92041015625,6886.68017578125,23654.150390625,15.770000457763672,-0.007236522211271801,0.0012872624094455443,-0.002448544581386547,0.004259147967166088,0.004095732190410706,0.00663214455678518,0.00674955693920154,0.003293965958375278,-0.06851741444195236
2025-12-11,92511.3359375,3237.056884765625,4285.5,393.239990234375,623.3032836914062,683.5072021484375,6901.0,23593.859375,14.850000381469727,0.005329119618741718,-0.026563274780229462,0.021232508752677903,0.010769830543307712,-0.0032344464150966257,0.0023269460314641055,0.002079350841514227,-0.002548855681956619,-0.05833862077290075
2025-12-12,90270.4140625,3084.172607421875,4300.10009765625,395.44000244140625,611.3867797851562,676.1581420898438,6827.41015625,23195.169921875,15.739999771118164,-0.024223213861206738,-0.0472294070775402,0.0034068597961147695,0.005594579039939429,-0.019118307600878626,-0.010751986278262682,-0.010663649289958,-0.01689801769130872,0.059932617291983625
2025-12-13,90298.7109375,3116.6953125,,,,,,,,0.00031346787642294593,0.01054503402301843,,,,,,,
2025-12-14,88175.1796875,3060.5947265625,,,,,,,,-0.023516739363752315,-0.018000022559953033,,,,,,,
2025-12-15,86419.78125,2964.18310546875,4306.7001953125,395.79998779296875,608.3179931640625,675.1365966796875,6816.509765625,23057.41015625,16.5,-0.019908078936967,-0.03150094334836495,,,,,,,
2025-12-16,87843.984375,2964.180908203125,4304.5,395.8900146484375,609.5235595703125,673.2918701171875,6800.259765625,23111.4609375,16.479999542236328,0.01648005936140917,-7.412718940891239e-07,-0.0005108772871849077,0.00022745542760316262,0.001981802971139146,-0.002732375302379353,-0.0023839179519623555,0.002344182667685546,-0.0012121489553740261
2025-12-17,86143.7578125,2831.403564453125,4347.5,399.2900085449219,598.2247924804688,665.8832397460938,6721.43017578125,22693.3203125,17.6200008392334,-0.01935507109105894,-0.04479394067431908,0.009989545824137469,0.008588228474273762,-0.018537047358446523,-0.011003593983400228,-0.011592143912241393,-0.01809234933831194,0.06917483790429602
2025-12-18,85462.5078125,2827.069091796875,4339.5,398.57000732421875,606.8931884765625,670.9115600585938,6774.759765625,23006.359375,16.8700008392334,-0.007908292107279613,-0.001530856537254932,-0.001840138010350767,-0.0018032036998043566,0.014490198509077512,0.0075513543702006025,0.007934262269941872,0.013794326180095018,-0.04256526471497213
2025-12-19,88103.3828125,2977.970703125,4361.39990234375,399.0199890136719,614.8043212890625,676.9923095703125,6834.5,23307.619140625,14.90999984741211,0.03090097713717843,0.05337740480626607,0.005046641858220902,0.0011289903434381632,0.013035461532133308,0.009063414425573013,0.008818059450332205,0.013094630085295655,-0.11618262562637516
2025-12-20,88344.0,2977.58251953125,,,,,,,,0.002731077738661547,-0.00013035171680586544,,,,,,,
2025-12-21,88621.75,3001.61376953125,,,,,,,,0.0031439599746445612,0.008070725107488519,,,,,,,
2025-12-22,88490.015625,3006.07373046875,4444.60009765625,408.2300109863281,617.7513427734375,681.2098999023438,6878.490234375,23428.830078125,14.079999923706055,-0.0014864790528285043,0.0014858543703297755,,,,,,,
2025-12-23,87414.0,2963.3740234375,4482.7998046875,413.6400146484375,620.6444702148438,684.3233032226562,6909.7900390625,23561.83984375,14.0,-0.01215974047919599,-0.014204477620910372,0.008594633081026481,0.013252341857567629,0.004683320360612031,0.0045704023396588855,0.004550388765703239,0.0056771834180993075,-0.005681812794001595
2025-12-24,87611.9609375,2945.590576171875,4480.60009765625,411.92999267578125,622.460205078125,686.7305297851562,6932.0498046875,23613.310546875,13.470000267028809,0.0022646365284737513,-0.006001080904730394,-0.000490699368048908,-0.004134082564786756,0.002925563588204838,0.003517674396244841,0.0032214822012188726,0.002184494227374767,-0.03785712378365658
2025-12-25,87234.7421875,2903.57958984375,,,,,,,,-0.004305562231041726,-0.014262330504439258,,,,,,,
2025-12-26,87301.4296875,2925.74560546875,4529.10009765625,416.739990234375,622.4203491210938,686.660888671875,6929.93994140625,23593.099609375,13.600000381469727,0.0007644603322913834,0.007634030664264602,,,,,,,
2025-12-27,87802.15625,2947.998291015625,,,,,,,,0.005735605525503784,0.0076058169600530245,,,,,,,
2025-12-28,87835.8359375,2948.568115234375,,,,,,,,0.00038358610925337544,0.0001932919094582708,,,,,,,
2025-12-29,87138.140625,2934.538330078125,4325.10009765625,398.6000061035156,619.4074096679688,684.2138671875,6905.740234375,23474.349609375,14.199999809265137,-0.007943173820266769,-0.004758168917232131,,,,,,,
2025-12-30,88430.1328125,2971.416748046875,4370.10009765625,398.8900146484375,617.9707641601562,683.3783569335938,6896.240234375,23419.080078125,14.329999923706055,0.014826942349620564,0.01256702548089339,0.010404383478751278,0.0007275678386380324,-0.002319387022803987,-0.0012211244085722495,-0.0013756671519022934,-0.002354464859291694,0.009154937759653814
2025-12-31,87508.828125,2967.03759765625,4325.60009765625,396.30999755859375,612.8628540039062,678.3152465820312,6845.5,23241.990234375,14.949999809265137,-0.01041844740246467,-0.0014737583994245407,-0.010182833117224455,-0.006467991163222386,-0.008265617813153048,-0.0074089416209803804,-0.007357666300846111,-0.0075617762593251925,0.04326586802930965
2026-01-01,88731.984375,3000.394287109375,,,,,,,,0.013977518339667538,0.01124242223269234,,,,,,,
2026-01-02,89944.6953125,3124.422607421875,4314.39990234375,398.2799987792969,611.6756591796875,679.55859375,6858.47021484375,23235.630859375,14.510000228881836,0.013667122921255048,0.04133734051066695,,,,,,,
2026-01-03,90603.1875,3125.91748046875,,,,,,,,0.007321078638514056,0.00047844777570227315,,,,,,,
2026-01-04,91413.4921875,3140.71044921875,,,,,,,,0.008943445698309516,0.004732360608502573,,,,,,,
2026-01-05,93882.5546875,3226.13037109375,4436.89990234375,408.760009765625,616.5341796875,684.0845336914062,6902.0498046875,23395.8203125,14.899999618530273,0.027009825802690735,0.027197643098951785,,,,,,,
2026-01-06,93729.03125,3295.94677734375,4482.2001953125,413.17999267578125,621.951416015625,688.1529541015625,6944.81982421875,23547.169921875,14.75,-0.0016352711961346023,0.021640912864389295,0.010209897443217208,0.010813149047262716,0.008786595304206557,0.0059472480516442605,0.006196712678341321,0.00646908752731945,-0.010067088749702191
2026-01-07,91308.0546875,3166.843994140625,4449.2998046875,409.2300109863281,622.550048828125,685.9347534179688,6920.93017578125,23584.279296875,15.380000114440918,-0.025829527204251357,-0.03917016624496916,-0.00734023229471259,-0.009559953917111952,0.0009625073552126384,-0.003223412281198157,-0.003439923431013958,0.0015759590270558732,0.042711872165486
2026-01-08,91027.125,3104.382568359375,4449.7001953125,411.489990234375,619.0083618164062,685.8651123046875,6921.4599609375,23480.01953125,15.449999809265137,-0.003076724046541912,-0.01972355629036915,8.998958096251286e-05,0.005522515913727544,-0.005688999652936455,-0.00010152731427326422,7.65482590914246e-05,-0.004420731467457473,0.004551345533378326
2026-01-09,90513.1015625,3083.047119140625,4490.2998046875,414.4700012207031,625.173828125,690.4010009765625,6966.27978515625,23671.349609375,14.489999771118164,-0.005646925984974294,-0.006872686838344633,0.009124122433634918,0.007242001159325273,0.00996023105487942,0.006613382996888628,0.006475487031883276,0.008148633687052653,-0.062135925566243366
2026-01-10,90386.6484375,3082.39599609375,,,,,,,,-0.001397069847536736,-0.00021119464663144072,,,,,,,
2026-01-11,90827.4609375,3118.88525390625,,,,,,,,0.004876964768804504,0.01183795263773435,,,,,,,
2026-01-12,91192.9921875,3092.3251953125,4604.2998046875,422.2300109863281,625.6925659179688,691.4852294921875,6977.27001953125,23733.900390625,15.119999885559082,0.004024457429802286,-0.008515881935856728,,,,,,,
2026-01-13,95321.78125,3322.095458984375,4589.2001953125,421.6300048828125,624.7647705078125,690.1026000976562,6963.740234375,23709.869140625,15.979999542236328,0.04527528885126264,0.07430339604003233,-0.0032794583357990126,-0.0014210408732292512,-0.0014828295247444334,-0.0019995067653818532,-0.0019391230550597216,-0.0010125284763347064,0.056878284602278395
2026-01-14,96929.328125,3354.72265625,4626.2998046875,425.94000244140625,618.0905151367188,686.7106323242188,6926.60009765625,23471.75,16.75,0.016864423365986925,0.009821270239958713,0.00808411221913885,0.010222226854541994,-0.010682829260153182,-0.0049151644595419874,-0.005333360445499591,-0.010043039006782273,0.04818526156577807
2026-01-15,95551.1875,3317.101318359375,4616.2998046875,423.3299865722656,620.3153076171875,688.5806884765625,6944.47021484375,23530.01953125,15.84000015258789,-0.01421799419905967,-0.011214440579919382,-0.0021615546813174014,-0.006127660830587689,0.0035994606388298767,0.002723208385480236,0.0025799262171273263,0.0024825388498939116,-0.054328349099230455
2026-01-16,95525.1171875,3295.482177734375,4588.39990234375,421.2900085449219,619.7965087890625,688.0037231445312,6940.009765625,23515.390625,15.859999656677246,-0.00027284132392391136,-0.006517479736100618,-0.00604378041378939,-0.004818883830700504,-0.0008363469702494797,-0.000837905189162047,-0.0006423023039563436,-0.0006217124567436949,0.0012625949429734273
2026-01-17,95099.921875,3308.8642578125,,,,,,,,-0.004451136256293897,0.004060735078022848,,,,,,,
2026-01-18,93634.4296875,3281.15771484375,,,,,,,,-0.01541002514624834,-0.0083734299173297,,,,,,,
2026-01-19,92553.59375,3186.62109375,,,,,,,,-0.011543146480490485,-0.028811971050971552,,,,,,,
2026-01-20,88310.90625,2935.605712890625,4759.60009765625,437.2300109863281,606.6276245117188,673.9981689453125,6796.85986328125,22954.3203125,20.09000015258789,-0.04584033237499219,-0.07877164352915944,,,,,,,
2026-01-21,89376.9609375,2978.901123046875,4831.7998046875,443.6000061035156,614.8282470703125,681.77685546875,6875.6201171875,23224.8203125,16.899999618530273,0.012071608510981546,0.014748373722715646,0.01516928009704066,0.014568979615140476,0.013518379690002691,0.0115411092816613,0.011587741323274559,0.01178427399798454,-0.1587854907829206
2026-01-22,89462.453125,2949.63330078125,4908.7998046875,451.7900085449219,619.2976684570312,685.3379516601562,6913.35009765625,23436.01953125,15.640000343322754,0.000956534957143873,-0.009825039857546347,0.015936090714126827,0.01846258414950319,0.00726938199084981,0.005223257672714476,0.005487502192628835,0.00909368580287051,-0.07455617181351726
2026-01-23,89503.875,2953.25634765625,4976.2001953125,458.0,621.2530517578125,685.5865478515625,6915.60986328125,23501.240234375,16.09000015258789,0.00046300848627667257,0.0012283041671792283,0.013730523408316264,0.013745304981574558,0.003157420737031069,0.00036273518897367296,0.0003268698377891788,0.0027829257881455405,0.02877236568970143
2026-01-24,89110.734375,2948.74072265625,,,,,,,,-0.00439244250598092,-0.0015290325215363554,,,,,,,
2026-01-25,86572.21875,2815.90234375,,,,,,,,-0.028487203509257375,-0.04504918926428636,,,,,,,
2026-01-26,88267.140625,2926.45703125,5079.7001953125,464.70001220703125,623.9866333007812,689.0680541992188,6950.22998046875,23601.359375,16.149999618530273,0.019578126787931138,0.03926083862438623,,,,,,,
2026-01-27,89102.5703125,3022.2109375,5079.89990234375,476.1000061035156,629.6432495117188,691.8134765625,6978.60009765625,23817.099609375,16.350000381469727,0.009464787027023913,0.032720079340819774,3.9314727950712225e-05,0.024531942321975864,0.009065284269015539,0.0039842543077575066,0.004081896177137168,0.009141008826954566,0.012383948462139527
2026-01-28,89184.5703125,3006.607421875,5301.60009765625,494.55999755859375,631.728271484375,691.7438354492188,6978.02978515625,23857.44921875,16.350000381469727,0.0009202877056453396,-0.005162947242162819,0.043642630676681726,0.038773348494905324,0.0033114338544455446,-0.0001006645803248718,-8.172305219089626e-05,0.0016941445447504755,0.0
2026-01-29,84561.5859375,2818.232666015625,5318.39990234375,495.8999938964844,627.9472045898438,690.3711547851562,6969.009765625,23685.119140625,16.8799991607666,-0.05183614563372574,-0.06265359238084345,0.0031688177867144063,0.0027094717415592218,-0.005985274152202957,-0.001984377154833794,-0.001292631274007694,-0.007223323690009664,0.032415826723621866
2026-01-30,84128.65625,2702.375244140625,4713.89990234375,444.95001220703125,620.405029296875,688.3120727539062,6939.02978515625,23461.8203125,17.440000534057617,-0.005119696877728619,-0.041109956346790044,-0.11366200569716556,-0.10274245274560045,-0.012010843010114347,-0.002982572514766746,-0.004301899620894223,-0.009427811057196478,0.03317543845574367
2026-01-31,78621.1171875,2445.091796875,,,,,,,,-0.06546567255435032,-0.09520641066538593,,,,,,,
2026-02-01,76974.4453125,2267.96484375,,,,,,,,-0.02094439679701987,-0.0724418417956253,,,,,,,
2026-02-02,78688.765625,2344.356689453125,4622.5,427.1300048828125,624.6650390625,691.7339477539062,6976.43994140625,23592.109375,16.34000015258789,0.022271291537603544,0.03368299377022699,,,,,,,
2026-02-03,75633.546875,2227.558837890625,4903.7001953125,454.2900085449219,615.0676879882812,685.885009765625,6917.81005859375,23255.189453125,18.0,-0.03882661934945053,-0.04982085366444211,0.06083292489183334,0.06358720612372104,-0.015363995860281365,-0.008455473390127866,-0.008403983020698336,-0.01428104272151376,0.10159117698350828
2026-02-04,73019.703125,2143.504150390625,4920.39990234375,453.9700012207031,604.322998046875,682.5626831054688,6882.72021484375,22904.580078125,18.639999389648438,-0.03455931736640505,-0.037733992059035826,0.0034055318159975645,-0.0007044119795716064,-0.017469117873106343,-0.004843853725993386,-0.005072391906223106,-0.015076607984928048,0.03555552164713549
2026-02-05,62702.09765625,1821.68310546875,4861.39990234375,441.8800048828125,595.6235961914062,674.0379638671875,6798.39990234375,22540.58984375,21.770000457763672,-0.14129892381358544,-0.15013782215594373,-0.011990895287168901,-0.026631707613677613,-0.014395285110089362,-0.012489284060324235,-0.012251015567674717,-0.01589159168749088,0.1679185177362963
2026-02-06,70555.390625,2063.386962890625,4951.2001953125,455.4599914550781,608.2138671875,686.96923828125,6932.2998046875,23031.2109375,20.3700008392334,0.1252476912623226,0.1326816155325108,0.01847210572523683,0.03073229479090611,0.021137965447641127,0.01918478647681998,0.0196957966973359,0.021766116022293724,-0.06430866279706493
2026-02-07,69281.96875,2090.54931640625,,,,,,,,-0.018048541205989532,0.013163964881106383,,,,,,,
2026-02-08,70264.7265625,2088.762939453125,,,,,,,,0.014184900201757111,-0.0008545012256375717,,,,,,,
2026-02-09,70120.78125,2103.567626953125,5050.89990234375,467.0299987792969,612.8728637695312,690.2816772460938,6964.81982421875,23238.669921875,17.360000610351562,-0.00204861414171964,0.007087777756089597,,,,,,,
2026-02-10,68793.9609375,2019.4974365234375,5003.7998046875,462.3999938964844,610.029541015625,688.4613037109375,6941.81005859375,23102.470703125,17.790000915527344,-0.018921927121284043,-0.03996552777885132,-0.009325090294185823,-0.009913720520981939,-0.004639335369521991,-0.0026371459581814305,-0.003303712975458173,-0.005860887013236171,0.02476960196184419
2026-02-11,66991.96875,1940.621337890625,5071.60009765625,467.6300048828125,611.6657104492188,688.3021850585938,6941.47021484375,23066.470703125,17.649999618530273,-0.02619404614799148,-0.03905729079240505,0.013549761304446184,0.011310577541873812,0.002682115083918246,-0.00023112214366449724,-4.895607156218951e-05,-0.0015582748902752686,-0.007869662158076385
2026-02-12,66221.84375,1946.940673828125,4923.7001953125,451.3900146484375,599.22509765625,677.668701171875,6832.759765625,22597.150390625,20.81999969482422,-0.011495780977477277,0.0032563467246882194,-0.029162374693560533,-0.03472828959819363,-0.02033890829654672,-0.01544885969788623,-0.01566101212770199,-0.020346429175938763,0.17960340763780214
2026-02-13,68857.84375,2048.52734375,5022.0,462.6199951171875,600.5020141601562,678.1461181640625,6836.169921875,22546.669921875,20.600000381469727,0.039805596623848194,0.05217758881277712,0.019964620262842958,0.024878663914389865,0.0021309462986458527,0.0007044991031190939,0.0004990891480125548,-0.0022339307336266545,-0.010566729902939609
2026-02-14,69767.625,2086.009765625,,,,,,,,0.013212456278809848,0.01829725240883784,,,,,,,
2026-02-15,68788.1875,1966.04296875,,,,,,,,-0.014038567315427408,-0.05751017989077156,,,,,,,
2026-02-16,68843.15625,1997.917724609375,,,,,,,,0.000799101589935125,0.016212644568821766,,,,,,,
2026-02-17,67494.21875,1992.1943359375,4882.89990234375,448.20001220703125,599.8834838867188,679.2402954101562,6843.22021484375,22578.380859375,20.290000915527344,-0.019594358734823403,-0.0028646768590002702,,,,,,,
2026-02-18,66425.3203125,1953.97412109375,4986.5,458.2799987792969,604.3629760742188,682.662109375,6881.31005859375,22753.630859375,19.6200008392334,-0.015836888807606253,-0.019184983188783145,0.021216920217128177,0.022489929267582198,0.007467270408041182,0.005037707550576753,0.005566070147410729,0.007761849757584871,-0.03302119497595557
2026-02-19,66957.5234375,1948.2010498046875,4975.89990234375,459.55999755859375,602.04833984375,680.8616333007812,6861.89013671875,22682.73046875,20.229999542236328,0.008012052068341324,-0.002954528018943803,-0.0021257590807680637,0.0027930496262249527,-0.003829877610147525,-0.002637433731113581,-0.0028221256867719813,-0.0031160033782383634,0.031090656315525544
2026-02-20,68005.421875,1969.0223388671875,5059.2998046875,468.6199951171875,607.3757934570312,685.7855834960938,6909.509765625,22886.0703125,19.09000015258789,0.015650197075734784,0.010687443713567113,0.016760767696405443,0.019714504323102178,0.00884888016577512,0.007231939581382241,0.006939724763506794,0.008964522328127167,-0.056351923650237334
2026-02-21,68003.765625,1973.7371826171875,,,,,,,,-2.435467576455963e-05,0.0023945100352251725,,,,,,,
2026-02-22,67659.390625,1957.805908203125,,,,,,,,-0.005064057803784272,-0.008071629067117003,,,,,,,
2026-02-23,64616.73828125,1855.5028076171875,5204.7001953125,481.2799987792969,599.9932250976562,678.7827758789062,6837.75,22627.26953125,21.010000228881836,-0.04497014110892317,-0.05225395436661606,,,,,,,
2026-02-24,64080.04296875,1852.969482421875,5155.7998046875,474.6099853515625,606.4380493164062,683.7164916992188,6890.06982421875,22863.6796875,19.549999237060547,-0.008305824880296298,-0.001365303886856295,-0.009395428898871239,-0.01385890426498504,0.010741494985549327,0.00726847527019836,0.0076516140863223114,0.01044801963062758,-0.06949076515545527
2026-02-25,67960.125,2054.6279296875,5206.39990234375,473.4200134277344,615.227294921875,689.4859008789062,6946.1298828125,23152.080078125,17.93000030517578,0.060550552894326426,0.10882988045871778,0.00981420915727682,-0.0025072627221415233,0.014493229135896346,0.008438306300538434,0.008136355657339944,0.012613909684129787,-0.082864398726613
2026-02-26,67453.7734375,2026.7926025390625,5176.5,477.4800109863281,607.8048095703125,685.6561889648438,6908.85986328125,22878.380859375,18.6299991607666,-0.007450715585058165,-0.013547624241957545,-0.005742913127032345,0.008575889154321725,-0.012064622965899163,-0.005554445579207146,-0.005365580569328343,-0.011821798206745227,0.03904064939635021
2026-02-27,65881.796875,1930.7618408203125,5230.5,483.75,605.8594360351562,682.3637084960938,6878.8798828125,22668.2109375,19.860000610351562,-0.023304501473983996,-0.04738065532627633,0.010431758910460776,0.01313141674919538,-0.0032006550532752698,-0.004801940858611298,-0.00433935281103115,-0.00918639842420832,0.06602262506673928
2026-02-28,66995.859375,1965.050537109375,,,,,,,,0.016910019957618205,0.017759153699916874,,,,,,,
2026-03-01,65738.1015625,1939.066650390625,,,,,,,,-0.018773664883674046,-0.013223011941958851,,,,,,,
2026-03-02,68775.8515625,2027.2689208984375,5294.39990234375,490.0,606.6575317382812,682.751708984375,6881.6201171875,22748.859375,21.440000534057617,0.04620988327616793,0.045486972038864204,,,,,,,
2026-03-03,68293.6484375,1982.7689208984375,5107.39990234375,468.1400146484375,600.162841796875,676.7337036132812,6816.6298828125,22516.689453125,23.56999969482422,-0.007011227255569463,-0.021950713860043103,-0.03532033912232768,-0.04461221500318879,-0.01070569407223343,-0.008814339520359149,-0.009444031095625416,-0.010205782982251166,0.09934697330735043
2026-03-04,72710.578125,2126.50537109375,5120.2001953125,471.79998779296875,609.3112182617188,681.5082397460938,6869.5,22807.48046875,21.149999618530273,0.06467555605177866,0.07249278959354588,0.002506224931178025,0.007818116439543887,0.015243157069594115,0.00705526576749449,0.007756049264286302,0.012914465789047869,-0.10267289383229639
2026-03-05,70841.125,2071.60546875,5065.2998046875,466.1300048828125,607.4755859375,677.70849609375,6830.7099609375,22748.990234375,23.75,-0.025710882421896564,-0.025816959171616194,-0.010722313294558417,-0.012017768242597593,-0.0030126350364195753,-0.005575491873376914,-0.005646704863891072,-0.0025645197616256388,0.12293146233401209
2026-03-06,68136.4921875,1978.751220703125,5146.10009765625,473.510009765625,598.337158203125,668.82568359375,6740.02001953125,22387.6796875,29.489999771118164,-0.03817885179689062,-0.04482236094062009,0.015951729627923683,0.01583250339069653,-0.015043283953991238,-0.01310712873041986,-0.013276795812569242,-0.015882487229215148,0.24168420088918596
2026-03-07,67272.59375,1969.4554443359375,,,,,,,,-0.01267893913767526,-0.004697799435284367,,,,,,,
2026-03-08,65969.78125,1936.604736328125,,,,,,,,-0.01936617019467901,-0.016680097080789325,,,,,,,
2026-03-09,68402.3828125,1992.938232421875,5091.5,472.5299987792969,606.3283081054688,674.6845703125,6795.990234375,22695.94921875,25.5,0.03687448277691541,0.02908879392733521,,,,,,,
2026-03-10,69926.921875,2037.1204833984375,5229.7001953125,477.8599853515625,606.3383178710938,673.6002807617188,6781.47998046875,22697.099609375,24.93000030517578,0.022287806357257578,0.022169403074209226,0.02714331637287626,0.01127967872100144,1.6508821196747903e-05,-0.0016071058958396778,-0.0021351198877325173,5.0687046129427316e-05,-0.022352929208792838
2026-03-11,70204.8828125,2051.5732421875,5167.39990234375,476.239990234375,606.2584228515625,672.7548217773438,6775.7998046875,22716.130859375,24.229999542236328,0.003975020350486469,0.007094700046877733,-0.011912784794927855,-0.003390104145245987,-0.00013176640363377068,-0.0012551345486657706,-0.0008376012017449197,0.0008384881913343634,-0.028078650395929716
2026-03-12,70493.4609375,2073.13623046875,5115.7998046875,466.8800048828125,595.85302734375,662.5390625,6672.6201171875,22311.98046875,27.290000915527344,0.004110513591636167,0.010510464768130001,-0.009985698539191068,-0.019653925633074443,-0.017163300525987357,-0.015184966271003186,-0.015227676506708532,-0.0177913392525737,0.12628978254650813
2026-03-13,70968.265625,2092.5634765625,5052.5,460.8399963378906,592.3213500976562,658.7890014648438,6632.18994140625,22105.359375,27.190000534057617,0.006735442992662266,0.009370945241431228,-0.012373393624492413,-0.012936961278600778,-0.005927094575381431,-0.00566013575260893,-0.006059115470564369,-0.009260544757082045,-0.0036643597696923713
2026-03-14,71214.625,2097.086669921875,,,,,,,,0.0034714019404360474,0.0021615561057222177,,,,,,,
2026-03-15,72789.9140625,2177.476318359375,,,,,,,,0.022120302711697182,0.03833396568225522,,,,,,,
2026-03-16,74861.0859375,2351.176025390625,4994.0,460.42999267578125,598.9656982421875,665.493408203125,6699.3798828125,22374.1796875,23.510000228881836,0.028454105238008953,0.07977111189072517,,,,,,,
2026-03-17,73922.4765625,2318.053466796875,5001.0,459.2699890136719,601.8887939453125,667.2440185546875,6716.08984375,22479.529296875,22.3700008392334,-0.01253801442025071,-0.014087655809712052,0.0014016820184221679,-0.002519392047785618,0.0048802389046711525,0.002630544991105488,0.0024942548757938,0.004708535054532392,-0.048489977820074914
2026-03-18,71245.578125,2203.671630859375,4889.89990234375,444.739990234375,593.4986572265625,657.9335327148438,6624.7001953125,22152.419921875,25.09000015258789,-0.0362122396594321,-0.04934391616753975,-0.02221557641596683,-0.03163716142328721,-0.013939679228373136,-0.013953644515257158,-0.013607567880073446,-0.014551433469982555,0.12159138181989015
2026-03-19,69912.7890625,2137.423828125,4600.7001953125,426.4100036621094,591.623046875,656.3121948242188,6606.490234375,22090.689453125,24.059999465942383,-0.01870697238447039,-0.03006246566260873,-0.059142255016843004,-0.041215062676522196,-0.003160260480330801,-0.002464288275344284,-0.002748797741878972,-0.0027866241687231064,-0.041052239154301895
2026-03-20,70522.5859375,2146.4970703125,4570.39990234375,413.3800048828125,580.6888427734375,646.9034423828125,6506.47998046875,21647.609375,26.780000686645508,0.008722250723753211,0.00424494293930433,-0.006586017710874081,-0.0305574415876555,-0.018481707498242073,-0.014335787930812693,-0.015138182356779217,-0.020057322297033164,0.11305075981208423
2026-03-21,68711.5234375,2076.68994140625,,,,,,,,-0.025680602546325204,-0.03252141820817256,,,,,,,
2026-03-22,67845.2109375,2053.04833984375,,,,,,,,-0.012607965253281006,-0.01138427123429453,,,,,,,
2026-03-23,70914.859375,2152.14599609375,4404.10009765625,404.0400085449219,587.3545532226562,653.6959228515625,6581.0,21946.759765625,26.149999618530273,0.04524488014825101,0.04826854503462008,,,,,,,
2026-03-24,70517.859375,2155.704345703125,4399.2998046875,404.1300048828125,583.3389282226562,651.5015869140625,6556.3701171875,21761.890625,26.950000762939453,-0.005598262529164066,0.0016533960130185044,-0.0010899600059736114,0.00022274115430986896,-0.006836798962342794,-0.0033568144771775055,-0.0037425745042546366,-0.008423527782655094,0.03059277843515873
2026-03-25,71309.8828125,2168.021484375,4549.7998046875,416.2900085449219,587.1747436523438,655.1322021484375,6591.89990234375,21929.8203125,25.329999923706055,0.011231529778693128,0.005713742098458985,0.03420998947142473,0.030089336389747867,0.006575620525403059,0.0055726882440485515,0.005419124381509377,0.007716686495385705,-0.06011134669284157
2026-03-26,68791.625,2059.578369140625,4375.5,400.6400146484375,573.1600952148438,643.432373046875,6477.16015625,21408.080078125,27.440000534057617,-0.03531428903229905,-0.050019391420208725,-0.03830933495313904,-0.0375939695290467,-0.023867934697473725,-0.017858729983344035,-0.017406172392416708,-0.023791359297075876,0.08330045861456314
2026-03-27,66338.375,1991.27197265625,4492.0,414.70001220703125,561.9624633789062,632.4606323242188,6368.85009765625,20948.359375,31.049999237060547,-0.035662044616623034,-0.03316523299517671,0.026625528511027285,0.035093842463368,-0.019536656388718376,-0.01705189415742525,-0.01672184352107431,-0.021474167765036856,0.13155971693667867
2026-03-28,66319.6953125,1992.694580078125,,,,,,,,-0.0002815819275042708,0.0007144214559386963,,,,,,,
2026-03-29,65954.921875,1982.5596923828125,,,,,,,,-0.005500227885263609,-0.005086021609450597,,,,,,,
2026-03-30,66691.4453125,2023.514892578125,4526.0,414.5799865722656,557.6671752929688,630.3460693359375,6343.72021484375,20794.640625,30.610000610351562,0.011167073154841889,0.020657738756954647,,,,,,,
2026-03-31,68233.3125,2104.708251953125,4647.60009765625,430.2900085449219,576.54638671875,648.6688842773438,6528.52001953125,21590.630859375,25.25,0.02311941479563351,0.040124913175980215,0.026867012297006276,0.037893826237359374,0.03385390473424077,0.029067865784757174,0.02913114047102594,0.03827862422484163,-0.17510619090085677
2026-04-01,68078.5546875,2138.737060546875,4783.2001953125,437.82000732421875,583.6685791015625,653.5562744140625,6575.31982421875,21840.94921875,24.540000915527344,-0.002268068291422898,0.016167945634351977,0.029176369482527553,0.017499822514495555,0.012353199234057088,0.00753449141030349,0.007168516684867399,0.011593841838405838,-0.028118775622679504
2026-04-02,66888.5703125,2056.8525390625,4651.5,429.4100036621094,584.3378295898438,654.144775390625,6582.68994140625,21879.1796875,23.8700008392334,-0.017479577533077273,-0.038286390129433245,-0.02753390824861668,-0.019208815315471695,0.0011466275764089318,0.0009004595313388819,0.0011208758485563575,0.0017504032616484366,-0.027302365578560805
2026-04-03,66931.1015625,2053.38525390625,,,,,,,,0.0006358522809097877,-0.001685723740716183,,,,,,,
2026-04-04,67290.515625,2065.3515625,,,,,,,,0.005369911059425414,0.005827600335098326,,,,,,,
2026-04-05,68981.8984375,2108.99560546875,,,,,,,,0.02513553056906015,0.021131532161972943,,,,,,,
2026-04-06,68859.828125,2107.761474609375,4656.7998046875,427.6499938964844,587.85400390625,657.23681640625,6611.830078125,21996.33984375,24.170000076293945,-0.0017695992030517527,-0.0005851746946151648,,,,,,,
2026-04-07,71940.703125,2241.806640625,4657.10009765625,431.80999755859375,587.9439086914062,657.5260009765625,6616.85009765625,22017.849609375,25.780000686645508,0.04474125312086663,0.06359598447469827,6.44848353685834e-05,0.009727589667910319,0.00015293726768694782,0.0004400005646272298,0.0007592481161695641,0.0009778793098211835,0.06661152690399286
2026-04-08,71123.359375,2190.33544921875,4749.5,434.5299987792969,605.4246826171875,674.27294921875,6782.81005859375,22634.990234375,21.040000915527344,-0.011361353371537541,-0.022959692630716844,0.019840651995058467,0.00629906958171822,0.029732043596962132,0.02546963651219092,0.025081414644149813,0.028029105291791367,-0.18386344627110762
2026-04-09,71767.828125,2189.14404296875,4792.2001953125,437.9100036621094,609.5202026367188,678.162841796875,6824.66015625,22822.419921875,19.489999771118164,0.009061281070850802,-0.0005439378020498653,0.008990461166964892,0.007778530578574028,0.006764706060259584,0.005769017699185586,0.006170023529293189,0.008280528754784022,-0.07366925270736524
2026-04-10,72979.046875,2245.148681640625,4761.89990234375,437.1300048828125,610.3992309570312,677.7140502929688,6816.89013671875,22902.890625,19.229999542236328,0.016876904061948084,0.025582893392399164,-0.0063228353853806984,-0.0017811851128632927,0.0014421643720912147,-0.0006617754265585418,-0.0011385210916523558,0.003525949632005032,-0.013340186348648642
2026-04-11,73054.2734375,2285.39013671875,,,,,,,,0.0010307967248304184,0.017923737259448957,,,,,,,
2026-04-12,70753.40625,2192.201171875,,,,,,,,-0.031495312720733026,-0.04077595476873197,,,,,,,
2026-04-13,74484.640625,2370.71484375,4742.39990234375,435.3599853515625,616.7122802734375,684.3369750976562,6886.240234375,23183.740234375,19.1200008392334,0.05273575609654846,0.08143124552858283,,,,,,,
2026-04-14,74181.609375,2323.30859375,4825.0,445.0899963378906,627.909912109375,692.675537109375,6967.3798828125,23639.080078125,18.360000610351562,-0.004068372317531099,-0.01999660571788242,0.017417362381318302,0.022349346089928224,0.01815697886050316,0.012184877209840739,0.011782866364792755,0.019640482473783916,-0.039748964201003045
2026-04-15,74805.078125,2359.43701171875,4800.0,440.4599914550781,636.7003173828125,698.1414184570312,7022.9501953125,24016.01953125,18.170000076293945,0.008404626904874313,0.015550417222206292,-0.005181347150259086,-0.010402401583740839,0.013999468879074328,0.007890969227043909,0.007975783355387733,0.015945605830651965,-0.010348612622076536
2026-04-16,75152.1328125,2348.64501953125,4785.39990234375,440.0799865722656,639.7669067382812,699.8569946289062,7041.27978515625,24102.69921875,17.940000534057617,0.004639453579876829,-0.004573969185826421,-0.0030416870117186967,-0.0008627455164704756,0.004816377928118731,0.002457347646937613,0.0026099558353673835,0.003609244545592194,-0.012658202601573132
2026-04-17,77126.875,2421.07177734375,4857.60009765625,445.92999267578125,648.1376953125,708.3152465820312,7126.06005859375,24468.48046875,17.479999542236328,0.02627659540184779,0.030837677558848364,0.015087599111024863,0.013293051904224695,0.013084122492198702,0.012085686101644066,0.012040463669150903,0.015175945510511601,-0.02564108016318145
2026-04-18,75726.2109375,2351.1005859375,,,,,,,,-0.01816051878803593,-0.02890091572709097,,,,,,,
2026-04-19,73856.3515625,2264.9169921875,,,,,,,,-0.024692366775663332,-0.036656702084753356,,,,,,,
2026-04-20,75872.5234375,2315.21240234375,4806.60009765625,442.0899963378906,646.0799560546875,706.8988037109375,7109.14013671875,24404.390625,18.8700008392334,0.027298557704868998,0.022206292914811687,,,,,,,
2026-04-21,76352.7734375,2327.970458984375,4698.39990234375,429.57000732421875,643.6226806640625,702.2708129882812,7064.009765625,24259.9609375,19.5,0.0063296958930805225,0.005510533991485822,-0.022510754611198003,-0.028320000717914517,-0.00380336112828894,-0.006546892848539487,-0.006348217959672997,-0.005918184547990535,0.03338628154465928
2026-04-22,78203.1015625,2376.088134765625,4732.5,435.260009765625,654.390869140625,709.3825073242188,7137.89990234375,24657.5703125,18.920000076293945,0.024233934691509473,0.020669366999717997,0.007257810821773569,0.013245809401008168,0.01673059200687632,0.01012671209511895,0.010460084168953943,0.0163895307178914,-0.029743585831079722
2026-04-23,78268.953125,2331.513916015625,4705.10009765625,431.0400085449219,650.7048950195312,706.6295776367188,7108.39990234375,24438.5,19.309999465942383,0.0008420581944230676,-0.018759497216376042,-0.0057897310816165115,-0.00969535708776803,-0.005632679633709281,-0.0038807408683984024,-0.004132868267081369,-0.008884505234035278,0.02061307547969271
2026-04-24,77455.3125,2315.690185546875,4722.2998046875,433.25,663.1512451171875,712.10546875,7165.080078125,24836.599609375,18.709999084472656,-0.010395445352393673,-0.006786890852357175,0.0036555454027040746,0.005127114447075254,0.019127488040923124,0.007749309237231605,0.007973689797975636,0.016289854507232526,-0.03107200404267052
2026-04-25,77612.015625,2318.8291015625,,,,,,,,0.0020231423764509593,0.0013554991229898228,,,,,,,
2026-04-26,78657.5390625,2369.72900390625,,,,,,,,0.013471154293320797,0.021950691540593592,,,,,,,
2026-04-27,77366.625,2303.06396484375,4675.39990234375,429.8900146484375,663.5008544921875,713.332275390625,7173.91015625,24887.099609375,18.020000457763672,-0.01641182876919478,-0.028131925191703266,,,,,,,
2026-04-28,76350.671875,2289.419677734375,4591.5,421.9100036621094,656.8281860351562,709.8612060546875,7138.7998046875,24663.80078125,17.829999923706055,-0.013131671764148978,-0.0059244064939814045,-0.01794496815164226,-0.0185629131043068,-0.010056759402575555,-0.004865992267119479,-0.004894172187521972,-0.008972472953050814,-0.010543869546671303
2026-04-29,75776.1328125,2253.415771484375,4545.2001953125,417.4100036621094,660.84375,709.7515258789062,7135.9501953125,24673.240234375,18.809999465942383,-0.007525003361340765,-0.01572621507544203,-0.010083808055646348,-0.010665781709228828,0.006113568281962856,-0.00015450932498595193,-0.0003991720531409948,0.00038272499882396893,0.054963519149170637
2026-04-30,76304.3203125,2256.251220703125,4614.7001953125,423.6600036621094,667.0069580078125,716.8132934570312,7209.009765625,24892.310546875,16.889999389648438,0.00697036758667724,0.0012582894176169646,0.01529085563088639,0.014973287523456946,0.00932627116139395,0.009949633527564838,0.010238239941821936,0.00887886270384497,-0.10207337218538048
2026-05-01,78179.0,2295.09375,4629.89990234375,423.17999267578125,673.4099731445312,718.7982177734375,7230.1201171875,25114.439453125,16.989999771118164,0.024568460603834108,0.017215516135995923,0.003293758291533111,-0.0011330099187530918,0.009599622702352262,0.0027690952923506984,0.002928328889657106,0.0089235953340574,0.00592068591376127
2026-05-02,78657.25,2316.23193359375,,,,,,,,0.006117371672699878,0.009210161281538065,,,,,,,
2026-05-03,78538.2265625,2321.6357421875,,,,,,,,-0.00151319093281288,0.002333017050397679,,,,,,,
2026-05-04,79827.90625,2346.39697265625,4519.5,414.7099914550781,672.141357421875,716.1649780273438,7200.75,25067.80078125,18.290000915527344,0.016421044171065935,0.01066542438971041,,,,,,,
2026-05-05,80927.0546875,2361.1826171875,4555.7998046875,418.2699890136719,680.8617553710938,721.9102172851562,7259.22021484375,25326.130859375,17.3799991607666,0.013768974900303155,0.006301424994813232,0.008031818716119021,0.008584306218673232,0.012974053527471385,0.008022228723942426,0.008120017337603702,0.010305254951532117,-0.04975405736520189
2026-05-06,81427.53125,2350.802001953125,4681.89990234375,430.9599914550781,695.0062255859375,731.9443359375,7365.1201171875,25838.939453125,17.389999389648438,0.006184292316489204,-0.004396362720448854,0.027679025212324904,0.030339261182306565,0.02077436440402569,0.013899399692774095,0.014588330317794274,0.020248201219420503,0.0005753871901450491
2026-05-07,80009.9921875,2291.107666015625,4699.7998046875,431.67999267578125,694.1771240234375,729.7001342773438,7337.10986328125,25806.19921875,17.079999923706055,-0.017408596831308243,-0.025393178961011564,0.0038232133785665035,0.001670691560653026,-0.001192941202506459,-0.0030660824190705815,-0.003803095327784889,-0.0012670889389402307,-0.01782630689032183
2026-05-08,80186.765625,2306.97216796875,4720.39990234375,433.7699890136719,710.44921875,735.724609375,7398.93017578125,26247.080078125,17.190000534057617,0.0022093920105095144,0.00692438080865676,0.0043831862020387025,0.004841540894531038,0.023440839756069476,0.00825609701116825,0.008425703533400997,0.0170843003899106,0.006440316794081857
2026-05-09,80664.3671875,2326.727294921875,,,,,,,,0.0059561145630133705,0.008563227258402195,,,,,,,
2026-05-10,82138.9296875,2369.0439453125,,,,,,,,0.01828022150812214,0.018187198165845242,,,,,,,
2026-05-11,81728.296875,2339.36083984375,4718.7001953125,434.6499938964844,712.5069580078125,737.4002685546875,7412.83984375,26274.130859375,18.3799991607666,-0.004999247178679611,-0.012529571487047475,,,,,,,
2026-05-12,80477.4921875,2274.6435546875,4677.60009765625,432.92999267578125,706.463623046875,736.2831420898438,7400.9599609375,26088.19921875,17.989999771118164,-0.015304426194186482,-0.027664515902802167,-0.008710046401565918,-0.003957209812161522,-0.008481790799397704,-0.0015149526145865622,-0.0016026088601545085,-0.007076604802653486,-0.021218683757119994
2026-05-13,79277.1171875,2257.576416015625,4697.7001953125,430.5,713.9254760742188,740.4025268554688,7444.25,26402.33984375,17.8700008392334,-0.014915661104390687,-0.007503214574742345,0.004297096211008045,-0.005612899814961714,0.010562260792936318,0.00559483781461112,0.005849246488426552,0.012041483674895437,-0.006670313141271755
2026-05-14,81051.25,2280.934814453125,4678.10009765625,427.2099914550781,718.9998168945312,746.2474975585938,7501.240234375,26635.220703125,17.260000228881836,0.022378876470797504,0.010346670115700896,-0.004172275122156011,-0.007642296271595517,0.00710766178035227,0.0078943149045545,0.007655604577358366,0.008820462911741878,-0.0341354550477867
2026-05-15,79065.6796875,2223.328857421875,4555.7998046875,417.2900085449219,708.1517944335938,737.2706298828125,7408.5,26225.140625,18.43000030517578,-0.024497713637975926,-0.02525541574718848,-0.02614315436089598,-0.02322039069444226,-0.015087656778261405,-0.012029343756796207,-0.012363320128051747,-0.015396158443578667,0.06778679378787822
2026-05-16,78131.4375,2179.751953125,,,,,,,,-0.0118160267665125,-0.01959984648757984,,,,,,,
2026-05-17,77429.3515625,2127.645263671875,,,,,,,,-0.008985959556932488,-0.023904871092521485,,,,,,,
2026-05-18,76954.171875,2128.51611328125,4552.5,418.42999267578125,705.1051025390625,736.751953125,7403.0498046875,26090.73046875,17.81999969482422,-0.006136945201154598,0.000409302069402262,,,,,,,
2026-05-19,76750.90625,2109.9638671875,4506.2998046875,411.5,700.7599487304688,731.8446044921875,7353.60986328125,25870.7109375,18.059999465942383,-0.002641385386229267,-0.008716046816836354,-0.01014831308347064,-0.016561892782745447,-0.006162420032059024,-0.0066607880874933745,-0.006678320788135905,-0.008432862066224178,0.01346800085456068
2026-05-20,77457.7734375,2126.9833984375,4531.2998046875,417.3999938964844,712.3671875,739.3452758789062,7432.97021484375,26270.359375,17.440000534057617,0.009209887179670861,0.008066266685735402,0.0055477888918964435,0.014337773746013083,0.016563787343382597,0.010248994582563453,0.010792026370445518,0.015447910900689754,-0.03432995294678509
2026-05-21,77539.171875,2131.41064453125,4539.7998046875,416.989990234375,713.7256469726562,740.8114624023438,7445.72021484375,26293.099609375,16.760000228881836,0.0010508749979196708,0.0020814671600175583,0.0018758414508805998,-0.0009822799906678004,0.001906965251198045,0.0019830877010671433,0.0017153304306989359,0.0008656232695711807,-0.03899084199268488
2026-05-22,75488.2421875,2064.636962890625,4521.0,413.82000732421875,716.7523193359375,743.7239990234375,7473.47021484375,26343.970703125,16.700000762939453,-0.02645023976792371,-0.031328398313085315,-0.0041411087484714,-0.0076020599640161945,0.004240666390677106,0.003931549076803931,0.0037269732409066503,0.001934769749697418,-0.003579920353401156
2026-05-23,76673.3671875,2115.951416015625,,,,,,,,0.015699464786268935,0.024853983556100134,,,,,,,
2026-05-24,76981.125,2097.993896484375,,,,,,,,0.004013881531345742,-0.0084867352791419,,,,,,,
2026-05-25,77279.9296875,2111.370361328125,,,,,,,16.59000015258789,0.0038815318365379436,0.00637583591933466,,,,,,,
2026-05-26,75825.734375,2070.858154296875,4500.39990234375,414.0,729.4783935546875,748.6613159179688,7519.1201171875,26656.1796875,17.010000228881836,-0.01881724424932052,-0.019187636510046735,,,,,,,0.025316460062143387
2026-05-27,74344.703125,2022.1982421875,4447.5,408.489990234375,728.6492919921875,748.5316162109375,7520.35986328125,26674.73046875,16.290000915527344,-0.019532039646005694,-0.02349746263809005,-0.011754489265765167,-0.013309202332427494,-0.0011365676760621835,-0.0001732421647460125,0.00016487914469087706,0.0006959279787079886,-0.042328001391321646
2026-05-28,73536.5546875,2007.552734375,4499.2998046875,412.7699890136719,734.79248046875,752.6609497070312,7563.6298828125,26917.470703125,15.739999771118164,-0.010870289388891785,-0.007242369965002715,0.011646948777403132,0.010477609933210896,0.008430926296197239,0.005516578600909927,0.005753716619668614,0.009100007014480438,-0.03376311316747249
2026-05-29,73372.5234375,2011.978515625,4560.5,417.1199951171875,737.49951171875,754.5361328125,7580.06005859375,26972.619140625,15.319999694824219,-0.00223060831034394,0.002204565376648926,0.013602159884686937,0.010538571648365469,0.0036840758744198787,0.0024914048034492264,0.002172260678511728,0.002048797158850313,-0.026683613875561618
2026-05-30,73754.8359375,2019.458251953125,,,,,,,,0.0052105676905831455,0.0037176024843394995,,,,,,,
2026-05-31,73579.6875,2004.341552734375,,,,,,,,-0.002374738351372918,-0.007485522022616653,,,,,,,
2026-06-01,71319.7734375,2003.22119140625,4475.2001953125,411.260009765625,741.9246826171875,756.5908203125,7599.9599609375,27086.810546875,16.049999237060547,-0.030713830668280595,-0.0005589672711203697,,,,,,,
2026-06-02,66703.65625,1857.71630859375,4489.10009765625,411.95001220703125,745.3408813476562,757.6182250976562,7609.77978515625,27093.900390625,15.770000457763672,-0.06472422674681189,-0.0726354550544448,0.003105984478260826,0.001677776649860796,0.004604508800567064,0.0013579397972762752,0.0012920889411551784,0.00026174524083333317,-0.017445407639044563
2026-06-03,64014.3671875,1811.7322998046875,4436.7001953125,407.8699951171875,743.39306640625,752.3018798828125,7553.68017578125,26853.98046875,16.059999465942383,-0.04031696632071802,-0.024752976854615305,-0.011672696354244283,-0.009904155768766576,-0.002613320951729392,-0.00701718232049986,-0.007372041104846239,-0.008855126741294739,0.01838928343441748
2026-06-04,63801.57421875,1769.58056640625,4475.7998046875,411.2699890136719,739.7969970703125,755.1445922851562,7584.31005859375,26830.9609375,15.399999618530273,-0.0033241439086123536,-0.023265983281846703,0.008812767970283408,0.008335974543818736,-0.004837372714978083,0.0037786857621391334,0.004054961568363158,-0.0008572111414465455,-0.04109588227644323
2026-06-05,60922.66796875,1580.86083984375,4337.10009765625,396.239990234375,704.2860107421875,735.65478515625,7383.740234375,25709.4296875,21.510000228881836,-0.04512280904119048,-0.10664658628443302,-0.030988809393572514,-0.036545333189379026,-0.04800098739080161,-0.025809371248925683,-0.026445361894386843,-0.04179989127532524,0.3967532962143463
2026-06-06,60867.4140625,1568.7677001953125,,,,,,,,-0.0009069515189049637,-0.00764971801669323,,,,,,,
2026-06-07,63239.51953125,1686.396240234375,,,,,,,,0.03897168140434348,0.0749814902642485,,,,,,,
2026-06-08,63090.58984375,1690.1485595703125,4335.89990234375,397.2699890136719,715.283935546875,737.3204345703125,7405.72998046875,25929.66015625,18.920000076293945,-0.0023550097882448773,0.0022250520052251588,,,,,,,
2026-06-09,61643.78125,1637.7066650390625,4260.0,390.7799987792969,707.052978515625,735.1560668945312,7386.64990234375,25678.8203125,19.8700008392334,-0.022932240724538477,-0.031027979306495035,-0.017504994131142815,-0.01633647245916592,-0.01150725833784727,-0.0029354505508077944,-0.0025763939780845124,-0.009673857745857828,0.05021145661250648
2026-06-10,61449.2890625,1620.1376953125,4108.2001953125,374.5799865722656,692.9285278320312,723.56591796875,7266.990234375,25169.5,22.219999313354492,-0.0031550982687325035,-0.010727787888769158,-0.0356337569688967,-0.04145558180468856,-0.019976509699805467,-0.015765562508027298,-0.016199450298948426,-0.019834256648155746,0.11826866506623457
2026-06-11,63561.0546875,1672.2806396484375,4090.300048828125,386.32000732421875,716.332763671875,735.8642578125,7394.2998046875,25809.66015625,19.440000534057617,0.0343659895373587,0.032184267106926345,-0.004357174829210941,0.03134182597256352,0.03377582954055702,0.016996847886747934,0.017518885564244746,0.02543396397425446,-0.12511246018023325
2026-06-12,63543.19921875,1665.1278076171875,4215.0,386.5400085449219,720.5481567382812,739.843994140625,7431.4599609375,25888.83984375,17.68000030517578,-0.000280918383714468,-0.0042772916588651455,0.030486749060769203,0.0005694792310315666,0.005884685554236491,0.005408247901529384,0.0050255138730570525,0.0030678314639034365,-0.09053498871043908
2026-06-13,64421.32421875,1680.214599609375,,,,,,,,0.013819338824553329,0.009060440840140016,,,,,,,
2026-06-14,65710.3984375,1724.61328125,,,,,,,,0.020010054657876974,0.026424411293025862,,,,,,,
2026-06-15,66289.5,1794.961181640625,4328.0,396.54998779296875,743.1832885742188,752.890380859375,7554.2900390625,26683.939453125,16.200000762939453,0.00881293640382963,0.0407905361482761,,,,,,,
2026-06-16,65600.640625,1790.398193359375,4330.89990234375,397.6300048828125,729.0587768554688,748.4019775390625,7511.35009765625,26376.33984375,16.40999984741211,-0.010391681563445165,-0.002542109728010611,0.0006700328890365537,0.002723533282284807,-0.019005421591015037,-0.005961562844234103,-0.005684179609759754,-0.01152751863776913,0.012962905838441063
2026-06-17,64418.4453125,1747.885498046875,4358.89990234375,388.6000061035156,721.7168579101562,739.0560302734375,7420.10009765625,26021.66015625,18.440000534057617,-0.01802109402037566,-0.023744826972111888,0.006465169048318842,-0.02270955075927472,-0.010070407460121666,-0.012487870885051433,-0.012148282108228825,-0.013446887991323875,0.12370510088491216
2026-06-18,62896.47265625,1709.533447265625,4224.10009765625,387.1199951171875,739.8070068359375,746.739990234375,7500.580078125,26517.9296875,16.399999618530273,-0.0236263487711752,-0.021941969782405923,-0.030925189315546997,-0.003808571701190089,0.02506543768170255,0.010396992441959574,0.010846212235623431,0.019071401604282556,-0.11062911369007722
2026-06-19,63540.8359375,1710.982421875,,,,,,,,0.010244823819797633,0.0008475848259608121,,,,,,,
2026-06-20,64239.67578125,1739.3013916015625,,,,,,,,0.01099827903487749,0.01655129203228678,,,,,,,
2026-06-21,63237.5390625,1704.58056640625,,,,,,,,-0.015599965388407244,-0.019962512168946955,,,,,,,
2026-06-22,63952.10546875,1726.5108642578125,4181.89990234375,384.5899963378906,737.9500122070312,744.3900146484375,7472.7900390625,26166.599609375,17.280000686645508,0.01129971875635083,0.012865509723484658,,,,,,,
2026-06-23,62668.01953125,1665.436767578125,4129.89990234375,377.32000732421875,713.6500244140625,733.5800170898438,7365.4599609375,25587.0390625,19.489999771118164,-0.02007886883610832,-0.03537429039344153,-0.012434539614603501,-0.018903219228002643,-0.03292904314791367,-0.014521954010491611,-0.014362785193208105,-0.022148867469480193,0.1278934604545825
2026-06-24,60995.1328125,1619.9249267578125,3990.300048828125,365.9200134277344,710.6199951171875,733.239990234375,7358.22021484375,25476.640625,18.6299991607666,-0.026694424544815853,-0.027327270363134648,-0.033802236571496835,-0.030213064971899906,-0.00424581964999271,-0.0004635170636431152,-0.0009829319733113406,-0.004314623400946682,-0.044125224240688765
2026-06-25,59721.67578125,1564.816650390625,4030.5,369.4599914550781,716.3800048828125,734.2999877929688,7357.490234375,25358.599609375,18.889999389648438,-0.02087801063020267,-0.034019031040829484,0.010074418133964924,0.009674185334065832,0.008105611726665796,0.0014456352254532678,-9.92061187945481e-05,-0.004633303792383359,0.013955997884818938
2026-06-26,60016.4296875,1576.6160888671875,4078.699951171875,373.6300048828125,706.52001953125,728.989990234375,7354.02001953125,25297.619140625,18.40999984741211,0.004935459402204856,0.007540460713794772,0.011958801928265705,0.011286779419095394,-0.013763624451209266,-0.007231373616869652,-0.00047165741757115853,-0.002404725406345176,-0.025410246572022843
2026-06-27,59940.09765625,1571.5882568359375,,,,,,,,-0.0012718522519159503,-0.0031890021082193742,,,,,,,
2026-06-28,59532.33984375,1570.3612060546875,,,,,,,,-0.006802755224698642,-0.0007807711567662245,,,,,,,
2026-06-29,60138.37890625,1610.205810546875,4022.300048828125,368.5799865722656,724.0800170898438,741.0,7440.43017578125,25820.140625,17.649999618530273,0.010179997360940662,0.025372891496913352,,,,,,,
2026-06-30,58558.859375,1569.5838623046875,4022.89990234375,368.3800048828125,736.4000244140625,746.77001953125,7499.35986328125,26213.720703125,16.450000762939453,-0.026264750729518727,-0.02522779881684256,0.00014913196637333925,-0.0005425733809176769,0.017014704222517052,0.007786800986842035,0.007920198981480553,0.015243142314411706,-0.06798860518563254
2026-07-01,60003.7578125,1608.960693359375,4068.300048828125,370.6000061035156,725.1699829101562,745.760009765625,7483.22998046875,26040.029296875,16.59000015258789,0.024674292718837698,0.025087433682497773,0.011285427822333993,0.006026389031102086,-0.015249920059198452,-0.001352504438058455,-0.0021508346187620875,-0.006625973024473875,0.008510600799718215
2026-07-02,61485.30078125,1698.16943359375,4112.7001953125,378.1300048828125,712.5999755859375,744.780029296875,7483.240234375,25832.669921875,16.149999618530273,0.024690836420271145,0.05544494691670465,0.010913685311181531,0.020318398961908235,-0.017333877050142776,-0.001314069480687241,1.3702513856905796e-06,-0.007963100679955204,-0.026522033153145053
2026-07-03,62544.19921875,1756.5186767578125,,,,,,,,0.017221977026140145,0.03436008328131357,,,,,,,
2026-07-04,63088.3046875,1779.032958984375,,,,,,,,0.008699535297381988,0.01281755925767869,,,,,,,
2026-07-05,63547.8828125,1783.0059814453125,,,,,,,,0.00728468021571449,0.0022332483728719765,,,,,,,
2026-07-06,63995.015625,1797.57373046875,4155.10009765625,382.1300048828125,722.8200073242188,751.280029296875,7537.43017578125,26121.16015625,15.569999694824219,0.0070361559301554966,0.008170330988810814,,,,,,,
2026-07-07,63297.39453125,1768.511474609375,4145.2998046875,377.489990234375,709.4299926757812,747.7100219726562,7503.85009765625,25818.689453125,16.1299991607666,-0.010901178582999993,-0.0161674903047212,-0.002358617780177652,-0.012142502784779907,-0.0185246873533641,-0.004751899671231685,-0.0044551096782159405,-0.011579527912071952,0.035966568845119395
2026-07-08,62257.57421875,1742.6776123046875,4070.89990234375,374.45001220703125,711.4400024414062,745.4000244140625,7482.7099609375,25870.650390625,16.899999618530273,-0.01642753734494773,-0.014607687128744051,-0.017948014823829794,-0.008053135463158334,0.0028332742996159954,-0.0030894297130047432,-0.002817238676629863,0.0020125319526513863,0.0477371666352322
2026-07-09,63193.1484375,1744.484619140625,4130.60009765625,378.17999267578125,723.280029296875,751.7100219726562,7543.64013671875,26206.890625,15.84000015258789,0.015027476262771566,0.0010369140127690635,0.01466511010946947,0.009961224054354512,0.01664234062582648,0.00846525000257925,0.008142795337428232,0.012996976469398902,-0.06272186330585061
2026-07-10,64127.140625,1795.6932373046875,4104.10009765625,377.010009765625,725.510009765625,754.9500122070312,7575.39013671875,26281.609375,15.029999732971191,0.014779959704393386,0.0293545827817554,-0.006415532700693172,-0.003093719744077794,0.0030831495111482976,0.0043101596888019955,0.004208843399813977,0.00285111084215095,-0.05113638963471623
2026-07-11,64135.9296875,1798.739990234375,,,,,,,,0.00013705682826858911,0.0016967001191476871,,,,,,,
