week,ticker,net_val,n_fear,n_pairs,n_comments
2017-12-30,AAPL,-19.75,1,108,78
2018-01-06,AAPL,-12.0,1,36,22
2018-01-13,AAPL,-88.0,5,208,121
2018-01-20,AAPL,-5.25,3,32,20
2018-01-27,AAPL,-82.0,3,211,123
2018-02-03,AAPL,-14.5,5,79,57
2018-02-10,AAPL,-6.0,4,55,34
2018-02-17,AAPL,-1.0,0,47,28
2018-02-24,AAPL,-11.0,3,40,28
2018-03-03,AAPL,-6.25,0,16,12
2018-03-10,AAPL,-3.5,2,28,14
2018-03-17,AAPL,-16.0,1,32,16
2018-03-24,AAPL,-8.5,0,20,11
2018-03-31,AAPL,-3.0,1,27,21
2018-04-07,AAPL,-5.88,3,28,22
2018-04-14,AAPL,-20.88,0,65,48
2018-04-21,AAPL,-7.25,3,41,22
2018-04-28,AAPL,-12.75,1,59,45
2018-05-05,AAPL,-7.75,3,29,23
2018-05-12,AAPL,-11.5,4,43,20
2018-05-19,AAPL,-1.0,0,18,13
2018-05-26,AAPL,-2.75,1,22,16
2018-06-02,AAPL,-14.879999999999999,1,65,40
2018-06-09,AAPL,-1.5,2,29,17
2018-06-16,AAPL,0.0,0,18,13
2018-06-23,AAPL,-19.38,0,49,41
2018-06-30,AAPL,-2.0,0,17,13
2018-07-07,AAPL,-4.25,2,13,9
2018-07-14,AAPL,-10.0,0,26,14
2018-07-21,AAPL,-5.0,0,15,13
2018-07-28,AAPL,-31.13,4,171,124
2018-08-04,AAPL,-7.5,5,48,33
2018-08-11,AAPL,-9.75,1,30,24
2018-08-18,AAPL,-4.0,6,66,45
2018-08-25,AAPL,-14.0,1,81,52
2018-09-01,AAPL,-1.25,0,23,16
2018-09-08,AAPL,-19.5,1,48,36
2018-09-15,AAPL,-8.0,11,56,34
2018-09-22,AAPL,-14.0,1,66,39
2018-09-29,AAPL,-11.25,4,50,33
2018-10-06,AAPL,-8.5,2,45,28
2018-10-13,AAPL,-4.25,2,30,20
2018-10-20,AAPL,-6.5,2,43,30
2018-10-27,AAPL,-30.5,5,172,92
2018-11-03,AAPL,-43.26,2,157,110
2018-11-10,AAPL,-32.0,3,118,76
2018-11-17,AAPL,-8.5,1,122,76
2018-11-24,AAPL,-23.0,9,106,69
2018-12-01,AAPL,-27.25,0,138,75
2018-12-08,AAPL,-28.75,3,86,59
2018-12-15,AAPL,-15.25,7,71,49
2018-12-22,AAPL,0.75,4,72,42
2018-12-29,AAPL,-176.89,21,562,336
2019-01-05,AAPL,-50.620000000000005,3,206,143
2019-01-12,AAPL,-17.63,4,101,63
2019-01-19,AAPL,-3.25,13,79,45
2019-01-26,AAPL,-33.5,4,134,100
2019-02-02,AAPL,-10.88,6,50,28
2019-02-09,AAPL,-21.0,3,69,46
2019-02-16,AAPL,-18.5,0,54,39
2019-02-23,AAPL,-10.5,2,42,29
2019-03-02,AAPL,-7.5,0,16,15
2019-03-09,AAPL,-17.25,3,37,28
2019-03-16,AAPL,-13.25,2,47,28
2019-03-23,AAPL,-20.75,2,111,65
2019-03-30,AAPL,-5.5,1,23,15
2019-04-06,AAPL,-20.25,0,49,41
2019-04-13,AAPL,-6.75,1,21,12
2019-04-20,AAPL,-7.0,0,29,18
2019-04-27,AAPL,-7.51,2,57,38
2019-05-04,AAPL,-22.75,1,59,35
2019-05-11,AAPL,-6.0,0,46,31
2019-05-18,AAPL,-22.25,4,63,42
2019-05-25,AAPL,-20.25,4,64,34
2019-06-01,AAPL,-26.75,7,108,63
2019-06-08,AAPL,-12.5,0,30,18
2019-06-15,AAPL,0.5,0,6,5
2019-06-22,AAPL,-12.88,0,50,38
2019-06-29,AAPL,-0.5,0,7,7
2019-07-06,AAPL,-16.25,1,70,45
2019-07-13,AAPL,-4.5,2,8,4
2019-07-20,AAPL,0.1299999999999999,2,25,17
2019-07-27,AAPL,-18.0,2,60,38
2019-08-03,AAPL,-6.25,1,19,12
2019-08-10,AAPL,-8.75,1,50,33
2019-08-17,AAPL,-26.0,0,86,61
2019-08-24,AAPL,-7.25,5,22,13
2019-08-31,AAPL,-7.0,0,22,17
2019-09-07,AAPL,-11.0,0,45,26
2019-09-14,AAPL,-13.25,1,52,36
2019-09-21,AAPL,-4.75,2,16,11
2019-09-28,AAPL,-6.5,0,18,10
2019-10-05,AAPL,-8.5,1,21,10
2019-10-12,AAPL,-7.0,0,18,9
2019-10-19,AAPL,-7.5,3,41,23
2019-10-26,AAPL,-18.0,3,111,71
2019-11-02,AAPL,-5.0,1,39,24
2019-11-09,AAPL,-5.5,1,15,10
2019-11-16,AAPL,-17.75,6,57,30
2019-11-23,AAPL,-9.25,1,28,18
2019-11-30,AAPL,-13.5,5,36,21
2019-12-07,AAPL,-9.0,1,26,22
2019-12-14,AAPL,-1.25,0,21,11
2019-12-21,AAPL,-4.75,4,31,21
2019-12-28,AAPL,-3.75,0,45,34
2020-01-04,AAPL,-8.0,1,77,48
2020-01-11,AAPL,-7.25,7,54,34
2020-01-18,AAPL,-6.75,3,30,19
2020-01-25,AAPL,-29.88,5,129,92
2020-02-01,AAPL,-12.75,5,62,31
2020-02-08,AAPL,-17.75,9,56,30
2020-02-15,AAPL,-44.75,8,155,90
2020-02-22,AAPL,-36.75,7,121,77
2020-02-29,AAPL,-15.5,3,64,37
2020-03-07,AAPL,-10.87,1,53,33
2020-03-14,AAPL,-24.389999999999997,8,104,63
2020-03-21,AAPL,-23.5,2,79,48
2020-03-28,AAPL,-4.13,3,61,41
2020-04-04,AAPL,-29.25,14,85,37
2020-04-11,AAPL,-11.5,0,71,52
2020-04-18,AAPL,-26.75,5,73,44
2020-04-25,AAPL,-13.0,4,63,37
2020-05-02,AAPL,-32.75,4,92,60
2020-05-09,AAPL,-19.75,3,65,36
2020-05-16,AAPL,-24.25,4,63,42
2020-05-23,AAPL,-8.75,7,33,19
2020-05-30,AAPL,-7.5,2,43,30
2020-06-06,AAPL,-10.75,0,55,37
2020-06-13,AAPL,-10.629999999999999,1,44,29
2020-06-20,AAPL,-13.13,2,83,54
2020-06-27,AAPL,-1.75,0,32,23
2020-07-04,AAPL,-17.38,3,60,47
2020-07-11,AAPL,-12.25,4,56,40
2020-07-18,AAPL,-8.0,1,68,45
2020-07-25,AAPL,-10.379999999999999,6,109,76
2020-08-01,AAPL,-13.25,3,121,80
2020-08-08,AAPL,-9.629999999999999,9,111,84
2020-08-15,AAPL,-47.63,10,204,132
2020-08-22,AAPL,-28.259999999999998,6,134,97
2020-08-29,AAPL,-15.12,15,198,131
2020-09-05,AAPL,-10.129999999999999,4,89,61
2020-09-12,AAPL,-13.75,3,121,86
2020-09-19,AAPL,-17.5,2,57,41
2020-09-26,AAPL,-59.010000000000005,4,155,96
2020-10-03,AAPL,-8.5,3,35,21
2020-10-10,AAPL,-11.5,9,65,34
2020-10-17,AAPL,-15.5,5,101,62
2020-10-24,AAPL,-9.379999999999999,2,59,40
2020-10-31,AAPL,-4.75,0,25,18
2020-11-07,AAPL,-22.130000000000003,6,78,52
2020-11-14,AAPL,-5.25,0,26,17
2020-11-21,AAPL,-5.5,3,40,27
2020-11-28,AAPL,-7.5,0,27,19
2020-12-05,AAPL,-7.25,2,56,38
2020-12-12,AAPL,-42.0,5,133,72
2020-12-19,AAPL,-22.25,1,111,73
2020-12-26,AAPL,-6.0,1,66,53
2021-01-02,AAPL,-11.0,3,77,47
2021-01-09,AAPL,-17.0,2,72,47
2021-01-16,AAPL,-7.75,3,81,52
2021-01-23,AAPL,-3.5,2,113,73
2021-01-30,AAPL,9.620000000000001,9,170,104
2021-02-06,AAPL,-23.63,3,159,112
2021-02-13,AAPL,-9.379999999999999,10,67,44
2021-02-20,AAPL,-13.0,6,145,76
2021-02-27,AAPL,-32.38,5,136,80
2021-03-06,AAPL,-21.25,3,134,88
2021-03-13,AAPL,-12.75,11,66,37
2021-03-20,AAPL,-4.0,2,32,22
2021-03-27,AAPL,-4.25,4,38,20
2021-04-03,AAPL,-8.0,3,23,14
2021-04-10,AAPL,-0.5,1,58,35
2021-04-17,AAPL,-8.5,3,47,25
2021-04-24,AAPL,0.2400000000000001,5,147,101
2021-05-01,AAPL,-12.75,2,93,66
2021-05-08,AAPL,-19.63,3,57,33
2021-05-15,AAPL,-3.25,1,23,17
2021-05-22,AAPL,-4.0,4,32,20
2021-05-29,AAPL,-11.629999999999999,5,138,101
2021-06-05,AAPL,-7.0,3,42,26
2021-06-12,AAPL,-6.75,1,34,25
2021-06-19,AAPL,-6.25,6,72,42
2021-06-26,AAPL,-4.0,1,36,20
2021-07-03,AAPL,-3.25,2,42,23
2021-07-10,AAPL,-6.75,1,18,8
2021-07-17,AAPL,-6.5,2,18,9
2021-07-24,AAPL,-10.379999999999999,4,81,58
2021-07-31,AAPL,-4.5,1,36,19
2021-08-07,AAPL,-7.0,6,103,75
2021-08-14,AAPL,-7.25,0,20,11
2021-08-21,AAPL,-4.0,1,14,10
2021-08-28,AAPL,-4.5,0,16,10
2021-09-04,AAPL,-19.75,0,90,57
2021-09-11,AAPL,-35.5,1,111,75
2021-09-18,AAPL,-0.75,0,11,8
2021-09-25,AAPL,-4.5,0,13,10
2021-10-02,AAPL,-7.75,3,20,7
2021-10-09,AAPL,2.25,1,20,11
2021-10-16,AAPL,-9.0,4,36,19
2021-10-23,AAPL,-0.25,0,28,15
2021-10-30,AAPL,-2.25,0,39,25
2021-11-06,AAPL,-9.25,0,16,9
2021-11-13,AAPL,-7.5,3,30,18
2021-11-20,AAPL,-10.75,0,27,22
2021-11-27,AAPL,-12.0,4,40,21
2021-12-04,AAPL,-23.5,8,66,24
2021-12-11,AAPL,-10.0,1,43,21
2021-12-18,AAPL,-0.75,0,6,5
2021-12-25,AAPL,-0.5,1,21,18
2022-01-01,AAPL,-4.5,2,29,19
2022-01-08,AAPL,-3.5,3,20,15
2022-01-15,AAPL,-8.75,0,38,27
2022-01-22,AAPL,5.0,4,76,41
2022-01-29,AAPL,-16.25,0,46,27
2022-02-05,AAPL,-10.760000000000002,7,59,45
2022-02-12,AAPL,-1.75,0,4,4
2022-02-19,AAPL,1.5,0,44,24
2022-02-26,AAPL,-5.5,0,17,12
2022-03-05,AAPL,0.75,0,10,9
2022-03-12,AAPL,-4.75,2,22,17
2022-03-19,AAPL,-7.25,0,27,17
2022-03-26,AAPL,-0.75,0,13,9
2022-04-02,AAPL,-2.75,1,20,12
2022-04-09,AAPL,-4.5,3,28,16
2022-04-16,AAPL,-5.25,0,18,18
2022-04-23,AAPL,-10.5,2,43,31
2022-04-30,AAPL,-3.38,1,30,16
2022-05-07,AAPL,-2.5,1,29,17
2022-05-14,AAPL,-9.5,4,29,17
2022-05-21,AAPL,-2.5,0,27,19
2022-05-28,AAPL,-2.75,0,5,4
2022-06-04,AAPL,-3.25,0,7,4
2022-06-11,AAPL,-6.25,0,17,10
2022-06-18,AAPL,-2.75,0,15,7
2022-06-25,AAPL,-0.25,2,13,6
2022-07-02,AAPL,-3.25,2,15,12
2022-07-09,AAPL,1.0,0,7,4
2022-07-16,AAPL,-4.75,0,10,9
2022-07-23,AAPL,-1.75,0,39,30
2022-07-30,AAPL,-0.25,3,16,8
2022-08-06,AAPL,-1.25,0,10,7
2022-08-13,AAPL,-9.0,1,21,11
2022-08-20,AAPL,-4.25,0,16,10
2022-08-27,AAPL,-11.25,2,39,25
2022-09-03,AAPL,-4.75,3,20,11
2022-09-10,AAPL,-5.25,2,24,15
2022-09-17,AAPL,-1.5,1,13,5
2022-09-24,AAPL,-11.75,2,35,27
2022-10-01,AAPL,-3.5,0,11,9
2022-10-08,AAPL,-3.0,2,14,10
2022-10-15,AAPL,-2.0,0,4,4
2022-10-22,AAPL,-6.25,0,39,25
2022-10-29,AAPL,-11.25,1,32,18
2022-11-05,AAPL,-24.5,6,58,39
2022-11-12,AAPL,-0.5,0,16,10
2022-11-19,AAPL,1.0,0,17,9
2022-11-26,AAPL,-1.0,2,9,5
2022-12-03,AAPL,-4.0,1,22,17
2022-12-10,AAPL,-3.25,0,16,11
2022-12-17,AAPL,1.25,0,5,3
2022-12-24,AAPL,-6.75,2,46,27
2022-12-31,AAPL,-9.25,8,50,33
2023-01-07,AAPL,-3.0,5,26,17
2023-01-14,AAPL,-6.75,1,20,11
2023-01-21,AAPL,-2.0,1,5,5
2023-01-28,AAPL,-6.75,3,30,22
2023-02-04,AAPL,-1.0,0,2,2
2023-02-11,AAPL,-1.5,3,17,10
2023-02-18,AAPL,-1.63,0,3,3
2023-02-25,AAPL,-0.25,0,4,3
2023-03-04,AAPL,-6.0,2,32,17
2023-03-11,AAPL,-0.5,0,3,3
2023-03-18,AAPL,-3.5,2,10,4
2023-03-25,AAPL,0.25,0,40,28
2023-04-01,AAPL,-4.25,0,8,6
2023-04-08,AAPL,-7.25,5,16,8
2023-04-15,AAPL,-0.75,0,7,5
2023-04-22,AAPL,-2.5,0,9,6
2023-04-29,AAPL,-3.0,0,11,7
2023-05-06,AAPL,-6.75,0,20,16
2023-05-13,AAPL,-5.0,2,17,13
2023-05-20,AAPL,-2.13,0,13,6
2023-05-27,AAPL,-3.25,0,12,7
2023-06-03,AAPL,1.5,0,4,4
2023-06-10,AAPL,2.5,0,18,12
2023-06-17,AAPL,-0.25,1,12,7
2023-06-24,AAPL,-2.25,1,13,8
2023-07-01,AAPL,-5.5,4,27,14
2023-07-08,AAPL,-0.75,0,2,2
2023-07-15,AAPL,3.0,5,27,19
2023-07-22,AAPL,0.75,0,19,13
2023-07-29,AAPL,-7.88,1,39,24
2023-08-05,AAPL,-6.0,1,40,27
2023-08-12,AAPL,-1.75,0,6,5
2023-08-19,AAPL,-4.25,0,9,7
2023-08-26,AAPL,-4.0,1,20,11
2023-09-02,AAPL,-4.5,4,16,13
2023-09-09,AAPL,2.0,1,12,8
2023-09-16,AAPL,1.75,0,28,20
2023-09-23,AAPL,-0.5,0,1,1
2023-09-30,AAPL,-2.75,1,9,6
2023-10-07,AAPL,-3.0,0,10,8
2023-10-14,AAPL,-0.5,0,5,5
2023-10-21,AAPL,-3.0,0,10,8
2023-10-28,AAPL,2.0,0,10,6
2023-11-04,AAPL,-1.0,0,10,6
2023-11-11,AAPL,-1.0,0,2,1
2023-11-18,AAPL,-1.25,0,4,3
2023-11-25,AAPL,-5.5,0,22,11
2023-12-02,AAPL,-5.5,7,50,34
2023-12-09,AAPL,-1.25,1,3,3
2023-12-16,AAPL,-4.25,0,8,6
2023-12-23,AAPL,-2.5,1,9,7
2023-12-30,AAPL,-7.75,4,67,43
2024-01-06,AAPL,-4.5,3,22,14
2024-01-13,AAPL,-7.25,0,24,20
2024-01-20,AAPL,1.5,0,15,12
2024-01-27,AAPL,-7.0,0,16,10
2024-02-03,AAPL,-1.5,1,17,13
2024-02-10,AAPL,-3.5,0,26,20
2024-02-17,AAPL,-2.62,0,29,20
2024-02-24,AAPL,2.25,1,18,12
2024-03-02,AAPL,1.25,2,40,29
2024-03-09,AAPL,-7.62,1,26,18
2024-03-16,AAPL,-5.0,6,35,21
2024-03-23,AAPL,-7.38,1,31,19
2024-03-30,AAPL,-1.25,0,9,8
2024-04-06,AAPL,-2.0,2,19,13
2024-04-13,AAPL,-5.5,2,34,19
2024-04-20,AAPL,0.5,0,4,3
2024-04-27,AAPL,-9.25,0,29,15
2024-05-04,AAPL,0.75,0,16,10
2024-05-11,AAPL,-2.5,0,28,13
2024-05-18,AAPL,-5.25,2,11,6
2024-05-25,AAPL,2.0,0,6,4
2024-06-01,AAPL,-0.75,0,12,9
2024-06-08,AAPL,-10.0,3,42,30
2024-06-15,AAPL,-3.0,0,21,11
2024-06-22,AAPL,-2.5,1,10,6
2024-06-29,AAPL,-3.25,1,14,8
2024-07-06,AAPL,1.25,1,15,10
2024-07-13,AAPL,-1.75,0,8,5
2024-07-20,AAPL,-2.25,0,8,8
2024-07-27,AAPL,-1.0,0,4,4
2024-08-03,AAPL,-8.25,2,26,16
2024-08-10,AAPL,-6.25,2,21,14
2024-08-17,AAPL,-1.75,0,5,5
2024-08-24,AAPL,2.25,0,10,6
2024-08-31,AAPL,0.0,0,17,10
2024-09-07,AAPL,-0.75,0,2,2
2024-09-14,AAPL,-0.75,1,13,11
2024-09-21,AAPL,-1.25,1,5,5
2024-09-28,AAPL,1.0,0,7,2
2024-10-05,AAPL,0.5,0,2,2
2024-10-12,AAPL,-2.25,0,5,3
2024-10-19,AAPL,-3.25,1,8,7
2024-10-26,AAPL,0.5,0,2,2
2024-11-02,AAPL,-6.75,5,33,20
2024-11-09,AAPL,3.25,0,34,23
2024-11-16,AAPL,-0.75,0,15,10
2024-11-23,AAPL,-5.5,0,21,16
2024-11-30,AAPL,-1.75,2,26,13
2024-12-07,AAPL,-8.0,0,15,11
2024-12-14,AAPL,-2.75,0,16,12
2024-12-21,AAPL,-6.0,1,21,11
2024-12-28,AAPL,2.38,2,33,22
2025-01-04,AAPL,-2.75,0,15,14
2025-01-11,AAPL,-0.5,1,15,8
2025-01-18,AAPL,-6.25,1,32,21
2025-01-25,AAPL,-5.75,0,22,15
2025-02-01,AAPL,-6.25,0,25,11
2025-02-08,AAPL,-7.5,4,17,10
2025-02-15,AAPL,-6.25,0,14,9
2025-02-22,AAPL,-14.0,3,45,24
2025-03-01,AAPL,-9.0,6,25,17
2025-03-08,AAPL,-0.25,0,10,6
2025-03-15,AAPL,-4.5,2,11,7
2025-03-22,AAPL,1.0,1,22,8
2025-03-29,AAPL,-21.25,3,64,41
2025-04-05,AAPL,-41.88,12,111,60
2025-04-12,AAPL,-28.119999999999997,2,60,32
2025-04-19,AAPL,-17.75,6,33,13
2025-04-26,AAPL,-7.5,0,18,15
2025-05-03,AAPL,-9.0,2,32,25
2025-05-10,AAPL,-3.5,0,24,14
2025-05-17,AAPL,-29.0,0,78,47
2025-05-24,AAPL,-6.5,3,70,49
2025-05-31,AAPL,-8.25,1,21,9
2025-06-07,AAPL,-4.0,2,18,13
2025-06-14,AAPL,-12.0,0,28,16
2025-06-21,AAPL,0.5,0,2,2
2025-06-28,AAPL,1.0,0,9,6
2025-07-05,AAPL,-9.75,1,27,19
2025-07-12,AAPL,0.25,0,20,12
2025-07-19,AAPL,-14.0,3,44,20
2025-07-26,AAPL,-5.13,4,31,22
2025-08-02,AAPL,-15.0,3,51,31
2025-08-09,AAPL,-6.63,1,56,37
2025-08-16,AAPL,-3.75,1,12,6
2025-08-23,AAPL,-0.75,3,9,4
2025-08-30,AAPL,-5.75,0,17,13
2025-09-06,AAPL,-2.0,0,11,10
2025-09-13,AAPL,0.5,0,5,4
2025-09-20,AAPL,-2.25,0,11,8
2025-09-27,AAPL,-7.25,2,20,9
2025-10-04,AAPL,-5.0,0,21,18
2025-10-11,AAPL,-6.25,4,20,13
2025-10-18,AAPL,-2.75,0,10,7
2025-10-25,AAPL,-8.0,1,74,49
2025-11-01,AAPL,-6.25,0,13,9
2025-11-08,AAPL,-0.75,0,9,9
2025-11-15,AAPL,-3.0,0,8,5
2025-11-22,AAPL,1.25,0,11,7
2025-11-29,AAPL,-1.75,0,7,5
2025-12-06,AAPL,-2.75,0,7,7
2025-12-13,AAPL,0.25,2,20,8
2025-12-20,AAPL,-1.0,0,6,5
2025-12-27,AAPL,-7.0,0,25,18
2026-01-03,AAPL,-2.5,1,16,10
2026-01-10,AAPL,-9.0,1,38,27
2026-01-17,AAPL,0.75,1,38,21
2026-01-24,AAPL,-13.25,0,31,13
2026-01-31,AAPL,-4.0,1,13,12
2026-02-07,AAPL,-6.0,0,18,11
2026-02-14,AAPL,-7.0,1,11,6
2026-02-21,AAPL,-4.5,0,10,5
2026-02-28,AAPL,-2.63,0,21,13
2026-03-07,AAPL,0.5,0,7,6
2026-03-14,AAPL,-4.25,1,20,9
2026-03-21,AAPL,-7.5,0,15,8
2026-03-28,AAPL,-1.75,1,16,7
2026-04-04,AAPL,-1.5,0,5,3
2026-04-11,AAPL,-6.5,3,14,5
2026-04-18,AAPL,-32.129999999999995,2,120,88
2026-04-25,AAPL,0.0,3,25,11
2026-05-02,AAPL,-0.25,0,16,13
2026-05-09,AAPL,-3.75,0,14,8
2026-05-16,AAPL,0.75,1,13,7
2026-05-23,AAPL,-0.5,1,15,11
2026-05-30,AAPL,-6.5,0,16,14
2026-06-06,AAPL,-2.0,0,13,10
2026-06-13,AAPL,-6.75,0,21,14
2026-06-20,AAPL,-1.75,1,13,7
2026-06-27,AAPL,-1.75,0,8,6
2026-07-04,AAPL,0.5,0,3,3
2026-07-11,AAPL,-1.0,0,10,5
2018-01-06,ABNB,0.0,0,2,1
2018-01-13,ABNB,-0.25,0,2,2
2018-01-20,ABNB,-7.25,0,28,20
2018-01-27,ABNB,-5.0,0,24,14
2018-02-03,ABNB,0.0,0,1,1
2018-02-10,ABNB,-0.5,0,1,1
2018-02-17,ABNB,-0.5,1,2,1
2018-02-24,ABNB,0.0,1,2,1
2018-03-10,ABNB,1.0,0,2,1
2018-03-24,ABNB,-0.5,0,3,2
2018-04-07,ABNB,-1.25,0,3,2
2018-04-28,ABNB,-0.25,0,2,1
2018-05-05,ABNB,-1.0,0,2,2
2018-05-12,ABNB,0.5,0,2,2
2018-05-19,ABNB,-1.5,1,3,3
2018-06-02,ABNB,-1.0,1,7,4
2018-06-09,ABNB,-0.5,0,1,1
2018-06-23,ABNB,-1.0,0,2,1
2018-07-07,ABNB,0.5,0,1,1
2018-07-14,ABNB,0.0,1,2,1
2018-09-22,ABNB,-2.0,2,4,2
2018-10-27,ABNB,1.5,0,3,2
2018-11-10,ABNB,0.5,1,5,3
2018-11-17,ABNB,0.5,0,3,2
2018-12-08,ABNB,0.5,0,1,1
2018-12-22,ABNB,-1.25,0,2,2
2018-12-29,ABNB,0.5,0,3,2
2019-01-05,ABNB,1.0,0,2,1
2019-02-09,ABNB,0.5,0,1,1
2019-02-16,ABNB,1.0,0,2,1
2019-02-23,ABNB,-0.5,0,2,1
2019-03-02,ABNB,0.5,0,1,1
2019-03-23,ABNB,0.5,0,1,1
2019-04-06,ABNB,-1.0,0,2,2
2019-04-13,ABNB,-1.5,0,3,1
2019-04-20,ABNB,0.75,0,3,1
2019-05-04,ABNB,-0.5,0,1,1
2019-05-25,ABNB,0.0,0,1,1
2019-06-15,ABNB,-1.0,1,4,1
2019-06-22,ABNB,-1.0,1,4,3
2019-07-06,ABNB,-3.63,0,8,4
2019-07-13,ABNB,-0.25,0,5,4
2019-08-17,ABNB,0.25,0,5,2
2019-08-24,ABNB,-0.25,1,2,1
2019-08-31,ABNB,-2.25,0,4,1
2019-09-07,ABNB,-2.0,0,6,2
2019-09-14,ABNB,-4.75,2,14,8
2019-09-21,ABNB,-5.5,0,8,3
2019-10-05,ABNB,-0.5,0,1,1
2019-10-19,ABNB,-7.75,3,19,12
2019-11-02,ABNB,-10.0,4,21,13
2019-11-09,ABNB,0.25,1,5,2
2019-11-23,ABNB,0.25,0,2,1
2019-12-14,ABNB,-0.25,2,5,1
2019-12-21,ABNB,-1.75,0,3,2
2019-12-28,ABNB,-0.5,0,1,1
2020-01-11,ABNB,-0.5,0,2,1
2020-01-18,ABNB,0.5,0,1,1
2020-02-01,ABNB,-0.75,0,1,1
2020-02-22,ABNB,-1.0,1,4,3
2020-02-29,ABNB,0.75,0,1,1
2020-03-07,ABNB,-6.5,4,25,12
2020-03-14,ABNB,-0.25,1,8,4
2020-03-21,ABNB,-38.5,6,124,80
2020-03-28,ABNB,-18.75,7,47,25
2020-04-04,ABNB,-4.13,4,19,8
2020-04-11,ABNB,-16.25,2,47,27
2020-04-18,ABNB,-5.5,2,18,6
2020-04-25,ABNB,-3.0,2,9,4
2020-05-02,ABNB,-21.130000000000003,1,67,48
2020-05-09,ABNB,-1.0,0,16,13
2020-05-16,ABNB,1.5,0,14,7
2020-05-23,ABNB,-2.0,0,4,2
2020-05-30,ABNB,0.0,1,2,1
2020-06-06,ABNB,-2.0,0,4,1
2020-06-20,ABNB,-1.75,0,4,3
2020-06-27,ABNB,2.37,1,15,8
2020-07-04,ABNB,-2.25,0,14,7
2020-07-11,ABNB,-0.5,0,4,4
2020-07-25,ABNB,1.0,0,5,2
2020-08-08,ABNB,-6.0,0,43,22
2020-08-15,ABNB,-5.75,1,32,17
2020-08-22,ABNB,-1.25,6,22,16
2020-08-29,ABNB,1.0,2,9,5
2020-09-12,ABNB,6.75,2,24,12
2020-09-19,ABNB,-1.5,0,3,1
2020-10-03,ABNB,-23.38,1,105,70
2020-10-10,ABNB,0.0,0,2,2
2020-10-17,ABNB,0.0,2,5,2
2020-10-31,ABNB,0.5,0,1,1
2020-11-07,ABNB,1.0,0,9,5
2020-11-14,ABNB,-2.5,4,24,16
2020-11-21,ABNB,-8.13,8,75,46
2020-11-28,ABNB,8.620000000000001,5,55,34
2020-12-05,ABNB,-42.26,12,211,148
2020-12-12,ABNB,0.75,0,23,16
2020-12-19,ABNB,-2.25,1,18,13
2020-12-26,ABNB,-4.25,1,15,9
2021-01-02,ABNB,-0.25,0,2,1
2021-01-09,ABNB,-1.38,0,9,7
2021-01-16,ABNB,-2.0,0,4,2
2021-01-23,ABNB,-1.0,0,2,1
2021-01-30,ABNB,0.0,1,8,5
2021-02-06,ABNB,0.5,0,7,4
2021-02-13,ABNB,-0.5,1,10,4
2021-02-20,ABNB,-3.0,0,17,11
2021-02-27,ABNB,-6.5,1,34,22
2021-03-06,ABNB,-0.5,0,3,2
2021-03-13,ABNB,0.5,0,1,1
2021-03-20,ABNB,-1.25,0,6,5
2021-03-27,ABNB,-1.0,0,3,2
2021-04-03,ABNB,-0.25,1,8,6
2021-04-10,ABNB,-0.5,0,5,3
2021-04-17,ABNB,1.5,4,13,5
2021-05-01,ABNB,0.5,0,5,4
2021-05-08,ABNB,-9.25,0,24,15
2021-05-15,ABNB,-2.0,0,6,2
2021-05-22,ABNB,0.75,0,5,3
2021-05-29,ABNB,0.5,0,2,2
2021-06-05,ABNB,-1.0,0,2,1
2021-06-26,ABNB,-1.75,0,3,2
2021-07-03,ABNB,3.25,4,17,8
2021-07-10,ABNB,-1.5,0,10,4
2021-07-17,ABNB,1.5,0,3,1
2021-08-14,ABNB,-4.5,0,13,7
2021-08-28,ABNB,-1.0,0,2,1
2021-09-11,ABNB,-0.5,1,1,1
2021-09-18,ABNB,-0.25,0,2,2
2021-10-09,ABNB,0.5,0,2,2
2021-10-23,ABNB,2.0,0,4,1
2021-10-30,ABNB,-0.5,0,1,1
2021-11-06,ABNB,-3.5,0,7,4
2021-11-13,ABNB,0.0,0,1,1
2021-11-27,ABNB,-0.5,0,1,1
2021-12-04,ABNB,-1.5,0,4,3
2021-12-25,ABNB,-1.0,0,2,1
2022-01-01,ABNB,-0.5,0,1,1
2022-01-15,ABNB,-1.75,0,6,2
2022-01-29,ABNB,0.5,0,1,1
2022-02-05,ABNB,-1.0,0,3,1
2022-02-12,ABNB,-11.0,4,42,26
2022-02-26,ABNB,-1.0,0,2,2
2022-03-12,ABNB,-3.0,0,13,6
2022-03-19,ABNB,-1.5,0,3,1
2022-04-02,ABNB,-1.0,0,2,1
2022-04-09,ABNB,-2.0,0,4,2
2022-04-23,ABNB,-0.5,0,1,1
2022-04-30,ABNB,-9.25,0,32,19
2022-05-07,ABNB,-1.0,0,2,1
2022-05-14,ABNB,-0.5,0,3,3
2022-05-21,ABNB,-0.25,0,1,1
2022-05-28,ABNB,-0.25,0,4,2
2022-06-04,ABNB,-1.25,2,2,1
2022-06-11,ABNB,-0.5,0,1,1
2022-06-18,ABNB,0.5,0,1,1
2022-06-25,ABNB,-3.5,0,7,2
2022-07-16,ABNB,-1.5,0,3,1
2022-07-23,ABNB,-1.5,0,3,2
2022-07-30,ABNB,-1.0,0,2,2
2022-08-13,ABNB,-5.0,0,8,5
2022-08-20,ABNB,-1.5,0,3,1
2022-09-03,ABNB,1.5,0,7,4
2022-09-10,ABNB,0.75,0,3,2
2022-09-17,ABNB,-1.5,0,3,2
2022-10-01,ABNB,0.0,0,1,1
2022-10-08,ABNB,1.0,0,2,1
2022-10-22,ABNB,-2.63,1,13,9
2022-10-29,ABNB,0.0,0,2,2
2022-11-05,ABNB,-2.25,0,4,3
2022-11-12,ABNB,-0.5,0,1,1
2022-11-26,ABNB,-0.88,1,2,2
2022-12-31,ABNB,0.0,0,1,1
2023-01-14,ABNB,-2.25,3,6,4
2023-02-11,ABNB,0.0,0,2,2
2023-02-18,ABNB,-1.5,0,4,2
2023-03-25,ABNB,0.5,0,1,1
2023-04-01,ABNB,-0.5,0,1,1
2023-05-06,ABNB,-0.5,1,3,3
2023-05-27,ABNB,-1.0,0,2,1
2023-06-10,ABNB,-0.5,0,1,1
2023-07-08,ABNB,-2.0,1,4,2
2023-07-22,ABNB,-3.5,0,5,1
2023-08-05,ABNB,0.0,0,1,1
2023-08-12,ABNB,-0.5,0,3,1
2023-08-19,ABNB,-0.75,1,4,2
2023-08-26,ABNB,0.0,0,2,2
2023-09-02,ABNB,-1.25,0,5,3
2023-09-09,ABNB,1.5,0,3,1
2023-09-16,ABNB,-0.5,0,1,1
2023-09-23,ABNB,0.25,0,1,1
2023-10-07,ABNB,-2.75,1,7,3
2023-10-14,ABNB,-0.5,0,1,1
2023-10-21,ABNB,-0.5,0,1,1
2023-11-04,ABNB,-2.75,1,9,6
2023-11-11,ABNB,-0.5,0,1,1
2023-11-18,ABNB,-1.25,1,2,1
2023-11-25,ABNB,-0.5,1,1,1
2023-12-09,ABNB,-1.25,0,2,1
2023-12-30,ABNB,-0.25,1,5,2
2024-01-06,ABNB,-1.5,0,3,1
2024-01-13,ABNB,-1.5,0,6,3
2024-02-03,ABNB,-1.0,0,2,1
2024-02-17,ABNB,0.5,0,1,1
2024-02-24,ABNB,0.75,0,3,3
2024-03-02,ABNB,0.75,0,3,2
2024-04-20,ABNB,-0.5,0,1,1
2024-04-27,ABNB,0.25,0,1,1
2024-05-04,ABNB,1.0,0,2,1
2024-05-11,ABNB,0.0,0,4,2
2024-05-25,ABNB,0.5,0,1,1
2024-06-01,ABNB,-2.0,0,5,4
2024-06-22,ABNB,0.5,0,1,1
2024-06-29,ABNB,-4.0,0,8,5
2024-07-06,ABNB,-4.5,0,13,5
2024-07-13,ABNB,-1.75,3,10,5
2024-07-20,ABNB,-1.5,0,2,2
2024-08-10,ABNB,-1.75,0,3,1
2024-08-17,ABNB,1.5,0,3,1
2024-08-31,ABNB,0.75,0,3,2
2024-09-07,ABNB,-0.5,0,1,1
2024-09-21,ABNB,-0.5,0,2,2
2024-10-05,ABNB,0.0,0,4,2
2024-10-12,ABNB,-0.5,0,1,1
2024-11-23,ABNB,0.75,1,3,1
2024-11-30,ABNB,1.75,0,4,2
2024-12-07,ABNB,2.0,0,4,3
2024-12-21,ABNB,-1.0,0,2,2
2025-01-04,ABNB,0.0,0,1,1
2025-01-11,ABNB,1.25,0,4,2
2025-02-08,ABNB,1.25,0,2,2
2025-02-15,ABNB,-1.5,0,3,1
2025-02-22,ABNB,0.0,0,4,3
2025-03-01,ABNB,-1.0,0,3,2
2025-03-08,ABNB,0.75,0,2,2
2025-03-15,ABNB,-8.0,0,33,18
2025-03-22,ABNB,-3.0,0,11,7
2025-03-29,ABNB,-3.25,0,6,2
2025-04-05,ABNB,-4.0,0,7,2
2025-04-12,ABNB,-0.5,0,1,1
2025-04-19,ABNB,-5.5,0,21,8
2025-04-26,ABNB,-1.75,0,3,1
2025-05-03,ABNB,-1.0,0,2,1
2025-05-17,ABNB,-1.0,1,2,2
2025-06-07,ABNB,0.5,0,1,1
2025-06-14,ABNB,-1.5,0,3,1
2025-06-21,ABNB,-1.0,0,2,1
2025-06-28,ABNB,-0.5,0,1,1
2025-07-05,ABNB,0.25,0,1,1
2025-07-26,ABNB,0.0,0,1,1
2025-08-16,ABNB,2.5,0,5,1
2025-08-23,ABNB,-1.75,0,3,3
2025-08-30,ABNB,0.5,0,4,3
2025-09-06,ABNB,-1.75,0,3,3
2025-09-13,ABNB,-0.5,1,1,1
2025-10-04,ABNB,-0.5,0,1,1
2025-11-22,ABNB,-0.5,0,1,1
2025-12-13,ABNB,1.25,0,2,1
2026-01-31,ABNB,-0.25,1,5,2
2026-02-07,ABNB,-3.0,0,6,2
2026-02-14,ABNB,-9.0,0,21,11
2026-04-11,ABNB,1.0,0,2,1
2026-05-02,ABNB,-0.5,0,1,1
2026-05-23,ABNB,0.5,0,3,2
2018-01-13,ADBE,0.5,0,1,1
2018-03-31,ADBE,-0.5,0,1,1
2018-04-21,ADBE,-0.5,1,1,1
2018-04-28,ADBE,-0.5,0,1,1
2018-05-05,ADBE,-1.5,0,3,1
2018-05-12,ADBE,0.0,0,1,1
2018-05-26,ADBE,0.0,0,2,1
2018-06-09,ADBE,0.5,0,1,1
2018-06-16,ADBE,-2.88,1,11,5
2018-06-23,ADBE,0.25,0,1,1
2018-07-21,ADBE,0.5,0,1,1
2018-09-15,ADBE,-2.75,0,8,6
2018-09-29,ADBE,1.0,0,3,2
2018-10-13,ADBE,0.0,0,1,1
2018-11-24,ADBE,-0.25,1,1,1
2018-12-01,ADBE,-1.0,0,2,1
2018-12-08,ADBE,-2.5,0,7,5
2018-12-29,ADBE,-0.5,0,1,1
2019-02-09,ADBE,0.5,0,1,1
2019-02-16,ADBE,0.25,0,1,1
2019-03-09,ADBE,-0.5,0,1,1
2019-04-20,ADBE,-1.25,1,3,1
2019-04-27,ADBE,-0.5,0,1,1
2019-05-18,ADBE,0.25,0,1,1
2019-06-08,ADBE,-0.5,0,1,1
2019-06-15,ADBE,-1.5,0,5,4
2019-10-05,ADBE,0.0,1,4,3
2019-10-12,ADBE,-0.5,0,1,1
2019-10-19,ADBE,-0.25,0,1,1
2019-11-16,ADBE,-0.5,0,1,1
2020-01-04,ADBE,-4.0,0,8,4
2020-02-08,ADBE,-0.5,0,1,1
2020-02-15,ADBE,-0.5,0,1,1
2020-02-22,ADBE,0.5,0,1,1
2020-03-07,ADBE,-0.25,0,2,2
2020-04-04,ADBE,-0.5,0,1,1
2020-05-02,ADBE,-0.5,0,1,1
2020-05-09,ADBE,2.0,0,3,1
2020-05-16,ADBE,-2.75,0,5,2
2020-05-23,ADBE,-1.0,0,2,2
2020-06-06,ADBE,1.5,0,11,4
2020-06-13,ADBE,-1.5,0,8,6
2020-06-20,ADBE,0.0,0,2,2
2020-07-04,ADBE,1.5,1,5,2
2020-07-18,ADBE,-0.5,0,1,1
2020-08-01,ADBE,1.5,0,3,1
2020-08-08,ADBE,1.5,0,3,1
2020-08-22,ADBE,0.75,0,1,1
2020-09-12,ADBE,-0.5,0,5,3
2020-09-19,ADBE,1.5,0,4,2
2020-10-10,ADBE,-0.5,0,1,1
2020-11-28,ADBE,1.62,0,6,2
2020-12-05,ADBE,-0.25,0,3,2
2020-12-12,ADBE,-2.0,0,4,1
2021-01-16,ADBE,-0.5,0,3,2
2021-01-30,ADBE,0.12,1,3,2
2021-02-06,ADBE,-2.5,6,10,2
2021-03-13,ADBE,-5.88,0,11,6
2021-03-27,ADBE,0.0,0,6,5
2021-04-03,ADBE,-0.5,0,1,1
2021-05-01,ADBE,-1.5,0,3,1
2021-05-08,ADBE,-0.5,1,2,1
2021-05-15,ADBE,0.5,0,1,1
2021-07-03,ADBE,-1.25,0,2,1
2021-07-10,ADBE,0.5,0,2,1
2021-07-24,ADBE,-0.75,0,1,1
2021-07-31,ADBE,-1.75,3,47,37
2021-08-07,ADBE,-2.5,0,4,2
2021-10-23,ADBE,-1.25,0,3,1
2021-12-04,ADBE,-1.75,0,9,5
2021-12-11,ADBE,0.25,0,1,1
2022-01-08,ADBE,-1.0,0,3,2
2022-01-15,ADBE,0.5,0,1,1
2022-01-22,ADBE,0.5,0,5,4
2022-02-05,ADBE,0.0,0,1,1
2022-02-26,ADBE,-0.38,0,1,1
2022-04-02,ADBE,-2.0,0,3,1
2022-05-21,ADBE,-1.5,0,3,1
2022-09-10,ADBE,-3.5,0,12,10
2022-09-17,ADBE,0.0,0,1,1
2022-10-08,ADBE,-0.75,0,3,1
2022-10-15,ADBE,1.5,0,5,1
2022-10-29,ADBE,-0.25,0,1,1
2022-11-05,ADBE,-0.5,0,1,1
2022-12-17,ADBE,0.0,0,2,1
2023-01-07,ADBE,-1.0,0,4,2
2023-05-27,ADBE,1.0,3,12,7
2023-06-03,ADBE,0.5,0,1,1
2023-06-17,ADBE,0.0,0,2,1
2023-09-16,ADBE,1.0,0,2,1
2023-11-04,ADBE,-0.5,0,1,1
2023-11-25,ADBE,0.75,0,1,1
2024-01-20,ADBE,-0.5,0,1,1
2024-02-03,ADBE,-0.5,0,1,1
2024-03-09,ADBE,0.75,0,2,1
2024-05-04,ADBE,0.5,0,1,1
2024-09-28,ADBE,-2.0,0,3,2
2024-10-05,ADBE,-0.5,0,1,1
2024-10-12,ADBE,0.0,0,4,2
2024-11-09,ADBE,-1.0,1,2,1
2024-12-07,ADBE,-12.75,0,26,13
2024-12-14,ADBE,-1.38,0,3,2
2024-12-21,ADBE,-1.0,0,2,1
2025-03-01,ADBE,-0.25,0,1,1
2025-03-08,ADBE,0.0,0,1,1
2025-05-17,ADBE,0.0,0,1,1
2025-06-21,ADBE,-0.5,0,1,1
2025-06-28,ADBE,-4.0,2,10,5
2025-07-05,ADBE,0.0,0,2,2
2025-07-12,ADBE,-3.25,0,13,9
2025-07-19,ADBE,0.75,0,12,11
2025-07-26,ADBE,-3.0,0,21,14
2025-08-02,ADBE,-0.5,0,5,4
2025-08-16,ADBE,-0.5,0,1,1
2025-09-06,ADBE,0.0,0,1,1
2025-09-20,ADBE,-2.5,0,6,3
2025-09-27,ADBE,-0.5,1,2,1
2025-10-11,ADBE,-9.63,3,23,15
2025-10-18,ADBE,-6.25,1,10,3
2025-10-25,ADBE,-4.75,0,8,4
2025-11-08,ADBE,-3.0,0,7,2
2025-11-22,ADBE,-5.75,0,17,8
2025-11-29,ADBE,-4.0,1,12,9
2025-12-06,ADBE,0.5,0,1,1
2025-12-13,ADBE,1.0,0,2,1
2026-01-10,ADBE,-1.5,1,5,3
2026-01-17,ADBE,-8.63,1,21,14
2026-01-31,ADBE,-3.75,0,10,7
2026-02-07,ADBE,-4.0,0,7,7
2026-02-14,ADBE,0.25,0,14,9
2026-03-07,ADBE,1.0,0,5,5
2026-03-14,ADBE,-3.25,0,5,3
2026-03-28,ADBE,-1.0,0,4,3
2026-04-11,ADBE,-1.5,0,3,2
2026-04-18,ADBE,-3.25,0,7,4
2026-05-02,ADBE,-3.75,0,8,2
2026-05-23,ADBE,-0.25,0,1,1
2026-06-13,ADBE,-3.5,0,24,17
2026-06-20,ADBE,-0.75,2,3,2
2026-06-27,ADBE,-1.75,0,3,1
2026-07-11,ADBE,-1.0,0,2,1
2017-12-30,AMC,0.5,0,1,1
2018-01-20,AMC,0.0,0,4,2
2018-03-03,AMC,0.5,0,3,1
2018-03-17,AMC,-2.25,1,4,1
2018-04-07,AMC,0.0,0,1,1
2018-04-28,AMC,1.0,0,2,1
2018-05-12,AMC,-1.5,0,5,2
2018-05-19,AMC,0.5,0,1,1
2018-06-16,AMC,-2.0,0,7,5
2018-06-23,AMC,-1.5,0,3,2
2018-07-14,AMC,0.0,0,8,4
2018-07-21,AMC,1.0,0,2,1
2018-07-28,AMC,-3.25,3,13,6
2018-08-04,AMC,-0.75,1,5,2
2018-08-11,AMC,-2.25,0,5,2
2018-09-22,AMC,-0.5,0,1,1
2018-09-29,AMC,0.0,0,1,1
2018-10-13,AMC,-0.75,1,2,1
2019-01-19,AMC,-0.5,0,1,1
2019-02-09,AMC,0.5,0,3,1
2019-02-23,AMC,-0.5,1,3,1
2019-03-30,AMC,0.0,0,1,1
2019-05-11,AMC,-0.75,0,1,1
2019-06-01,AMC,-0.5,1,1,1
2019-06-08,AMC,0.5,0,1,1
2019-06-29,AMC,0.0,0,3,3
2019-10-26,AMC,-0.25,0,1,1
2019-11-09,AMC,-0.5,0,1,1
2019-11-23,AMC,-0.5,0,1,1
2019-11-30,AMC,0.5,0,1,1
2019-12-14,AMC,0.5,0,2,1
2020-02-01,AMC,0.5,0,1,1
2020-02-22,AMC,-3.5,2,8,5
2020-03-07,AMC,0.5,0,1,1
2020-03-14,AMC,0.75,0,2,2
2020-03-21,AMC,1.75,0,6,2
2020-03-28,AMC,1.0,0,5,2
2020-04-04,AMC,-2.5,5,7,4
2020-04-11,AMC,-39.760000000000005,11,133,82
2020-04-18,AMC,-1.25,1,7,5
2020-04-25,AMC,-2.5,1,14,9
2020-05-02,AMC,-1.12,0,7,4
2020-05-09,AMC,-2.0,2,20,11
2020-05-16,AMC,-1.75,0,8,5
2020-05-23,AMC,2.0,0,6,4
2020-05-30,AMC,-2.0,1,12,10
2020-06-06,AMC,1.5,0,9,7
2020-06-13,AMC,-3.0,1,19,12
2020-06-20,AMC,-1.0,0,4,2
2020-06-27,AMC,-0.5,0,2,1
2020-07-18,AMC,0.5,0,1,1
2020-07-25,AMC,-2.25,0,4,2
2020-08-01,AMC,-0.5,0,1,1
2020-08-15,AMC,-0.5,0,4,3
2020-08-29,AMC,0.25,0,4,2
2020-10-03,AMC,-1.5,0,3,1
2020-10-10,AMC,-15.5,3,66,41
2020-10-17,AMC,-2.5,0,6,2
2020-10-31,AMC,-4.25,2,6,2
2020-11-07,AMC,-1.0,1,11,8
2020-11-14,AMC,-1.5,0,5,1
2020-11-21,AMC,-3.25,0,6,3
2020-11-28,AMC,0.5,0,1,1
2020-12-05,AMC,2.0,0,4,1
2020-12-12,AMC,-2.0,0,6,4
2020-12-19,AMC,0.0,0,2,2
2020-12-26,AMC,0.0,0,4,2
2021-01-02,AMC,4.75,0,10,4
2021-01-09,AMC,-1.5,1,3,2
2021-01-16,AMC,-3.75,6,21,12
2021-01-23,AMC,-30.740000000000002,27,448,280
2021-01-30,AMC,-90.26,71,676,355
2021-02-06,AMC,-14.88,24,197,98
2021-02-13,AMC,-19.5,8,68,43
2021-02-20,AMC,-9.120000000000001,3,73,53
2021-02-27,AMC,-3.75,0,40,23
2021-03-06,AMC,12.990000000000002,2,59,27
2021-03-13,AMC,1.5,2,35,19
2021-03-20,AMC,-4.75,2,29,18
2021-03-27,AMC,-0.75,0,9,6
2021-04-03,AMC,0.5,0,3,2
2021-04-10,AMC,-10.879999999999999,1,24,12
2021-04-17,AMC,0.5,0,6,5
2021-04-24,AMC,-6.75,1,15,7
2021-05-01,AMC,-4.5,2,19,8
2021-05-08,AMC,-3.75,1,24,16
2021-05-15,AMC,1.0,0,16,12
2021-05-22,AMC,-9.0,0,38,23
2021-05-29,AMC,-43.75,10,171,105
2021-06-05,AMC,-16.25,5,61,37
2021-06-12,AMC,-30.5,11,136,76
2021-06-19,AMC,-12.5,8,52,36
2021-06-26,AMC,-20.88,7,59,33
2021-07-03,AMC,-6.0,1,33,22
2021-07-10,AMC,-2.75,1,21,15
2021-07-17,AMC,-1.62,1,10,8
2021-07-24,AMC,-2.5,0,5,3
2021-07-31,AMC,-11.5,4,44,25
2021-08-07,AMC,-25.0,2,95,51
2021-08-14,AMC,-4.5,1,13,10
2021-08-21,AMC,-4.5,0,18,10
2021-08-28,AMC,-2.5,0,8,5
2021-09-04,AMC,-4.0,1,11,9
2021-09-25,AMC,-5.75,1,14,7
2021-10-02,AMC,-4.5,0,7,3
2021-10-09,AMC,-3.5,0,9,6
2021-10-16,AMC,-3.75,0,8,7
2021-10-30,AMC,-1.5,0,14,7
2021-11-06,AMC,-1.5,0,6,5
2021-11-13,AMC,-4.25,1,17,7
2021-11-20,AMC,0.0,0,2,2
2021-11-27,AMC,-3.25,0,6,3
2021-12-04,AMC,-2.75,0,13,6
2021-12-11,AMC,-19.0,2,57,29
2021-12-18,AMC,-2.0,1,6,3
2021-12-25,AMC,-1.5,0,10,9
2022-01-01,AMC,-4.75,1,16,9
2022-01-08,AMC,-3.75,2,8,2
2022-01-15,AMC,-14.13,4,42,25
2022-01-22,AMC,-2.75,0,6,4
2022-01-29,AMC,1.75,0,5,4
2022-02-05,AMC,-5.0,0,9,6
2022-02-12,AMC,1.0,0,4,4
2022-02-19,AMC,-2.5,0,5,3
2022-02-26,AMC,-1.25,0,2,2
2022-03-05,AMC,-2.0,0,4,2
2022-03-12,AMC,-5.75,0,11,5
2022-03-19,AMC,-3.25,1,7,6
2022-03-26,AMC,-4.75,0,10,7
2022-04-09,AMC,0.5,0,4,3
2022-04-16,AMC,-0.25,0,3,2
2022-04-23,AMC,-1.0,0,3,1
2022-04-30,AMC,-4.5,0,9,5
2022-05-07,AMC,-3.75,0,12,8
2022-05-14,AMC,-2.0,1,6,3
2022-05-21,AMC,-0.5,0,1,1
2022-06-04,AMC,-4.25,1,7,4
2022-06-11,AMC,0.5,0,1,1
2022-06-18,AMC,-1.0,0,4,2
2022-06-25,AMC,-2.5,3,7,3
2022-07-02,AMC,-1.0,0,4,4
2022-07-16,AMC,0.0,0,2,2
2022-07-30,AMC,-1.5,0,4,3
2022-08-06,AMC,0.25,0,1,1
2022-08-13,AMC,-2.0,2,4,3
2022-08-20,AMC,-1.75,0,3,2
2022-08-27,AMC,-1.0,0,2,2
2022-09-03,AMC,-1.0,0,3,2
2022-09-10,AMC,-0.5,0,1,1
2022-09-17,AMC,2.0,1,6,4
2022-09-24,AMC,-1.25,0,2,2
2022-10-15,AMC,0.5,0,1,1
2022-10-22,AMC,-1.0,0,3,2
2022-10-29,AMC,-2.5,0,5,2
2022-11-05,AMC,0.5,0,5,4
2022-11-19,AMC,-1.25,0,9,5
2022-11-26,AMC,0.0,0,2,2
2022-12-03,AMC,-0.5,0,1,1
2022-12-10,AMC,-4.25,0,6,2
2022-12-17,AMC,-5.0,0,11,5
2022-12-24,AMC,-0.5,0,1,1
2022-12-31,AMC,-1.25,0,2,2
2023-01-07,AMC,-2.25,1,6,3
2023-01-14,AMC,-3.25,1,6,3
2023-01-21,AMC,-2.25,0,4,2
2023-01-28,AMC,1.5,0,3,1
2023-02-04,AMC,0.25,1,4,2
2023-02-11,AMC,-2.0,0,4,3
2023-02-18,AMC,0.5,0,1,1
2023-02-25,AMC,-1.0,0,7,2
2023-03-18,AMC,-2.25,0,4,3
2023-03-25,AMC,-1.5,0,2,2
2023-04-01,AMC,-2.0,1,4,4
2023-04-08,AMC,-4.5,0,9,4
2023-04-22,AMC,-0.5,0,2,2
2023-04-29,AMC,-0.5,0,1,1
2023-05-06,AMC,-0.5,0,1,1
2023-06-03,AMC,-1.0,0,2,2
2023-06-10,AMC,-0.5,0,7,4
2023-06-17,AMC,-2.0,1,6,2
2023-07-01,AMC,-0.25,0,3,3
2023-07-08,AMC,-1.0,0,2,2
2023-07-15,AMC,0.5,0,1,1
2023-07-22,AMC,-0.5,0,1,1
2023-07-29,AMC,-0.5,0,1,1
2023-08-12,AMC,-1.0,0,6,3
2023-08-19,AMC,-0.5,0,1,1
2023-08-26,AMC,-2.75,0,6,5
2023-09-02,AMC,-1.0,0,2,2
2023-09-09,AMC,1.25,2,14,10
2023-09-16,AMC,-7.25,1,26,16
2023-09-23,AMC,-0.5,0,3,2
2023-09-30,AMC,0.5,0,1,1
2023-10-07,AMC,-0.5,0,5,5
2023-10-14,AMC,-1.5,0,3,2
2023-10-21,AMC,-0.5,0,1,1
2023-10-28,AMC,-1.75,0,5,5
2023-11-04,AMC,-2.5,0,5,1
2023-11-18,AMC,0.5,0,3,2
2023-11-25,AMC,-0.5,0,2,1
2023-12-16,AMC,-4.25,1,10,8
2023-12-23,AMC,-2.25,0,11,10
2023-12-30,AMC,-0.25,0,4,4
2024-01-06,AMC,-0.5,0,1,1
2024-01-13,AMC,-0.5,0,1,1
2024-01-20,AMC,-1.5,1,3,2
2024-02-03,AMC,-2.5,2,6,4
2024-02-10,AMC,-1.0,0,7,7
2024-02-17,AMC,-2.5,0,9,7
2024-02-24,AMC,-0.75,0,2,2
2024-03-02,AMC,-1.0,0,4,2
2024-03-09,AMC,-6.5,0,16,11
2024-03-16,AMC,1.5,0,3,2
2024-03-23,AMC,-1.75,0,4,1
2024-03-30,AMC,-0.5,0,1,1
2024-04-06,AMC,-0.25,0,4,4
2024-04-13,AMC,1.25,0,2,2
2024-04-20,AMC,1.25,0,17,9
2024-04-27,AMC,0.5,0,3,2
2024-05-11,AMC,-4.75,0,18,10
2024-05-18,AMC,-2.75,0,13,5
2024-05-25,AMC,-0.25,1,7,4
2024-06-01,AMC,0.0,0,1,1
2024-06-15,AMC,0.75,0,4,4
2024-06-29,AMC,-6.0,0,12,6
2024-07-20,AMC,-2.75,0,8,4
2024-07-27,AMC,1.5,0,3,2
2024-08-03,AMC,0.0,0,1,1
2024-08-17,AMC,0.0,0,2,1
2024-08-31,AMC,0.5,0,1,1
2024-09-07,AMC,0.0,1,2,1
2024-10-05,AMC,0.0,0,2,1
2024-10-12,AMC,-0.5,0,1,1
2024-11-09,AMC,-0.75,0,2,1
2024-11-23,AMC,0.25,0,1,1
2024-11-30,AMC,1.25,0,2,2
2024-12-14,AMC,-1.0,0,2,1
2024-12-21,AMC,0.25,0,1,1
2024-12-28,AMC,0.0,0,2,2
2025-01-11,AMC,-1.0,0,2,1
2025-02-01,AMC,-0.5,0,1,1
2025-02-15,AMC,-1.0,1,3,2
2025-02-22,AMC,-0.75,0,3,2
2025-03-01,AMC,0.75,0,3,2
2025-04-05,AMC,-1.25,0,7,3
2025-04-26,AMC,0.25,0,2,1
2025-05-03,AMC,0.0,0,1,1
2025-05-10,AMC,-1.0,0,2,2
2025-05-24,AMC,-2.5,1,6,3
2025-05-31,AMC,-1.0,0,6,3
2025-06-07,AMC,-0.5,0,3,3
2025-06-14,AMC,-2.5,0,5,3
2025-06-21,AMC,-0.5,0,1,1
2025-06-28,AMC,1.75,0,3,1
2025-07-12,AMC,-1.0,0,4,3
2025-07-19,AMC,-1.0,0,2,2
2025-07-26,AMC,-1.5,1,9,6
2025-08-02,AMC,0.5,0,4,2
2025-08-16,AMC,-0.5,0,1,1
2025-08-30,AMC,0.5,0,2,2
2025-09-20,AMC,-1.5,0,5,4
2025-09-27,AMC,-2.5,1,5,2
2025-10-18,AMC,1.0,0,6,3
2025-11-01,AMC,-1.0,0,2,1
2025-11-15,AMC,-0.5,0,1,1
2025-12-06,AMC,0.0,0,1,1
2025-12-13,AMC,0.75,0,7,4
2025-12-27,AMC,-2.0,0,6,2
2026-02-07,AMC,-0.5,0,1,1
2026-02-28,AMC,-0.5,0,1,1
2026-03-07,AMC,1.5,0,4,1
2026-03-21,AMC,0.25,0,1,1
2026-03-28,AMC,-0.5,0,2,1
2026-04-11,AMC,-0.5,0,1,1
2026-04-25,AMC,-0.5,0,1,1
2026-05-02,AMC,-0.5,0,1,1
2026-05-09,AMC,1.0,0,2,2
2026-06-13,AMC,-1.0,0,2,2
2026-06-20,AMC,-0.5,0,1,1
2017-12-30,AMD,1.25,2,20,11
2018-01-06,AMD,3.25,0,12,7
2018-01-13,AMD,-2.5,2,16,10
2018-01-20,AMD,1.0,0,8,6
2018-01-27,AMD,0.0,0,15,11
2018-02-03,AMD,-1.75,4,20,12
2018-02-10,AMD,1.5,0,8,6
2018-02-17,AMD,-3.75,2,19,10
2018-02-24,AMD,0.0,0,8,6
2018-03-03,AMD,3.5,1,16,10
2018-03-10,AMD,-3.75,2,16,13
2018-03-17,AMD,-4.0,0,12,9
2018-03-24,AMD,0.5,0,13,10
2018-03-31,AMD,-2.25,0,9,6
2018-04-07,AMD,1.25,0,7,7
2018-04-14,AMD,-2.0,2,13,11
2018-04-21,AMD,-2.88,4,12,5
2018-04-28,AMD,1.0,0,4,4
2018-05-05,AMD,-0.75,0,10,7
2018-05-12,AMD,1.75,0,21,13
2018-05-19,AMD,-2.0,1,14,11
2018-05-26,AMD,-0.5,0,7,6
2018-06-02,AMD,-1.75,3,10,7
2018-06-09,AMD,-1.25,2,10,8
2018-06-16,AMD,1.25,1,21,11
2018-06-23,AMD,0.0,2,14,8
2018-06-30,AMD,-0.5,3,7,5
2018-07-07,AMD,-1.0,0,2,2
2018-07-14,AMD,-6.25,0,11,5
2018-07-21,AMD,1.5,1,22,14
2018-07-28,AMD,0.5,1,51,38
2018-08-04,AMD,-1.0,0,14,10
2018-08-11,AMD,4.25,0,17,9
2018-08-18,AMD,3.0,0,12,9
2018-08-25,AMD,1.75,3,44,36
2018-09-01,AMD,-2.25,2,14,9
2018-09-08,AMD,0.0,0,16,11
2018-09-15,AMD,-0.1299999999999999,2,27,21
2018-09-22,AMD,3.0,0,16,12
2018-09-29,AMD,-1.5,0,7,5
2018-10-06,AMD,2.5,1,14,11
2018-10-13,AMD,-1.0,0,4,3
2018-10-20,AMD,-10.370000000000001,4,64,43
2018-10-27,AMD,-4.25,6,47,24
2018-11-03,AMD,-2.0,0,11,10
2018-11-10,AMD,-4.25,1,25,15
2018-11-17,AMD,-0.25,0,5,4
2018-11-24,AMD,-1.75,0,6,4
2018-12-01,AMD,-1.0,0,2,2
2018-12-08,AMD,2.75,0,9,5
2018-12-15,AMD,1.0,0,11,9
2018-12-22,AMD,-1.5,0,6,5
2018-12-29,AMD,-1.13,1,13,10
2019-01-05,AMD,0.5,0,5,5
2019-01-12,AMD,-2.0,0,5,3
2019-01-19,AMD,0.75,0,6,5
2019-01-26,AMD,-2.75,2,32,22
2019-02-02,AMD,-0.25,0,5,4
2019-02-09,AMD,-1.75,0,4,3
2019-02-16,AMD,-1.75,2,4,4
2019-02-23,AMD,-2.25,0,4,3
2019-03-09,AMD,-0.5,0,5,4
2019-03-16,AMD,0.5,0,2,2
2019-03-23,AMD,-1.5,0,3,3
2019-03-30,AMD,-2.0,0,11,7
2019-04-20,AMD,-1.0,1,3,3
2019-04-27,AMD,-1.5,2,13,11
2019-05-04,AMD,-1.25,1,8,4
2019-05-11,AMD,0.25,0,4,2
2019-05-18,AMD,-0.75,2,10,6
2019-05-25,AMD,-2.0,1,27,16
2019-06-01,AMD,1.12,1,17,7
2019-06-08,AMD,-2.5,0,15,11
2019-06-15,AMD,-2.0,2,12,7
2019-06-22,AMD,-1.5,1,12,6
2019-06-29,AMD,-1.75,0,12,7
2019-07-06,AMD,-2.0,0,11,8
2019-07-13,AMD,-1.25,1,6,6
2019-07-20,AMD,0.25,1,10,6
2019-07-27,AMD,-0.75,0,18,12
2019-08-10,AMD,4.75,0,17,11
2019-08-17,AMD,1.88,1,7,4
2019-08-24,AMD,0.75,1,7,5
2019-08-31,AMD,0.5,0,2,1
2019-09-07,AMD,1.0,0,6,5
2019-09-14,AMD,-0.5,1,3,2
2019-09-21,AMD,-1.25,0,3,2
2019-09-28,AMD,0.5,0,3,2
2019-10-05,AMD,1.25,2,14,9
2019-10-12,AMD,-5.75,0,13,3
2019-10-19,AMD,-0.5,0,1,1
2019-10-26,AMD,0.0,0,6,3
2019-11-02,AMD,-2.0,1,18,10
2019-11-09,AMD,-0.75,2,20,14
2019-11-16,AMD,-0.75,1,37,22
2019-11-23,AMD,0.5,0,13,10
2019-12-07,AMD,2.75,0,8,6
2019-12-14,AMD,0.5,1,7,4
2019-12-21,AMD,-1.5,0,20,12
2019-12-28,AMD,-2.0,0,33,25
2020-01-04,AMD,4.5,2,30,19
2020-01-11,AMD,1.75,0,13,12
2020-01-18,AMD,2.0,2,21,13
2020-01-25,AMD,0.1200000000000001,5,30,21
2020-02-01,AMD,-1.0,0,18,10
2020-02-08,AMD,-4.0,3,19,15
2020-02-15,AMD,1.37,2,48,32
2020-02-22,AMD,-3.5,7,71,43
2020-02-29,AMD,-7.75,3,28,16
2020-03-07,AMD,4.62,1,31,24
2020-03-14,AMD,-2.5,2,25,16
2020-03-21,AMD,0.75,1,9,5
2020-03-28,AMD,1.75,1,20,15
2020-04-04,AMD,-1.5099999999999998,2,24,12
2020-04-11,AMD,0.75,1,31,20
2020-04-18,AMD,-5.25,1,20,12
2020-04-25,AMD,-0.5,10,39,26
2020-05-02,AMD,1.0,1,17,13
2020-05-09,AMD,2.25,1,11,7
2020-05-16,AMD,-1.75,4,23,14
2020-05-23,AMD,1.75,0,16,12
2020-05-30,AMD,-2.5,7,27,11
2020-06-06,AMD,-0.75,0,29,19
2020-06-13,AMD,7.25,0,19,12
2020-06-20,AMD,2.0,1,8,5
2020-06-27,AMD,1.75,3,16,10
2020-07-04,AMD,-1.5,0,11,11
2020-07-11,AMD,0.25,0,13,7
2020-07-18,AMD,4.37,5,64,41
2020-07-25,AMD,-12.510000000000002,12,163,118
2020-08-01,AMD,3.75,4,41,27
2020-08-08,AMD,-4.51,2,33,18
2020-08-15,AMD,-11.629999999999999,5,57,36
2020-08-22,AMD,-1.12,3,40,29
2020-08-29,AMD,-1.0,0,29,21
2020-09-05,AMD,-1.75,0,7,3
2020-09-12,AMD,-7.5,1,32,23
2020-09-19,AMD,2.0,0,5,3
2020-09-26,AMD,0.75,2,12,7
2020-10-03,AMD,-7.75,1,30,20
2020-10-10,AMD,0.25,1,3,3
2020-10-17,AMD,-2.0,0,14,10
2020-10-24,AMD,-14.25,2,99,66
2020-10-31,AMD,0.0,1,10,10
2020-11-07,AMD,-0.25,1,15,7
2020-11-14,AMD,-2.25,0,6,6
2020-11-21,AMD,1.0,1,9,7
2020-11-28,AMD,-1.0,4,14,7
2020-12-05,AMD,-2.5,0,14,9
2020-12-12,AMD,-2.0,0,20,13
2020-12-19,AMD,-2.5,0,13,11
2020-12-26,AMD,1.0,1,17,11
2021-01-02,AMD,-0.25,2,13,5
2021-01-09,AMD,-0.8799999999999999,0,24,17
2021-01-16,AMD,-0.8799999999999999,3,45,33
2021-01-23,AMD,-0.009999999999999787,7,53,32
2021-01-30,AMD,23.87,7,131,81
2021-02-06,AMD,1.12,2,34,23
2021-02-13,AMD,3.5,2,21,11
2021-02-20,AMD,-2.38,5,44,22
2021-02-27,AMD,5.63,1,26,18
2021-03-06,AMD,2.62,1,24,18
2021-03-13,AMD,-1.75,2,9,8
2021-03-20,AMD,2.75,2,29,21
2021-03-27,AMD,1.75,1,10,4
2021-04-03,AMD,-0.5,3,7,5
2021-04-10,AMD,-4.5,1,18,11
2021-04-17,AMD,2.62,0,14,9
2021-04-24,AMD,-5.5,0,15,8
2021-05-01,AMD,-1.75,0,16,11
2021-05-08,AMD,2.0,0,12,6
2021-05-15,AMD,-5.75,1,22,19
2021-05-22,AMD,2.25,0,7,4
2021-05-29,AMD,-4.25,2,18,16
2021-06-05,AMD,0.25,0,5,5
2021-06-12,AMD,1.0,0,10,4
2021-06-19,AMD,-0.75,1,11,8
2021-06-26,AMD,0.5,1,18,15
2021-07-03,AMD,0.25,2,11,6
2021-07-10,AMD,1.0,0,2,2
2021-07-17,AMD,0.0,0,8,6
2021-07-24,AMD,-8.75,1,26,17
2021-07-31,AMD,3.25,3,36,28
2021-08-07,AMD,0.25,0,5,4
2021-08-14,AMD,-0.25,1,3,3
2021-08-21,AMD,-2.5,0,18,13
2021-08-28,AMD,0.75,0,2,1
2021-09-04,AMD,2.0,0,4,2
2021-09-11,AMD,0.25,0,2,2
2021-09-18,AMD,0.75,2,7,2
2021-09-25,AMD,-2.75,4,7,4
2021-10-02,AMD,-0.5,0,11,5
2021-10-16,AMD,-0.5,0,1,1
2021-10-23,AMD,4.25,0,27,19
2021-10-30,AMD,5.5,3,48,24
2021-11-06,AMD,3.0,2,29,22
2021-11-13,AMD,0.25,0,8,4
2021-11-20,AMD,0.0,2,5,4
2021-11-27,AMD,0.5,0,12,8
2021-12-04,AMD,1.0,3,16,6
2021-12-11,AMD,0.5,0,1,1
2021-12-25,AMD,0.0,1,2,1
2022-01-01,AMD,-1.5,0,9,6
2022-01-08,AMD,0.75,0,16,9
2022-01-15,AMD,5.0,1,44,25
2022-01-22,AMD,1.25,2,34,20
2022-01-29,AMD,0.0,0,13,11
2022-02-05,AMD,-3.5,1,19,13
2022-02-12,AMD,-6.5,0,14,6
2022-02-19,AMD,-0.25,0,13,8
2022-02-26,AMD,-0.75,0,3,3
2022-03-05,AMD,-1.0,0,7,2
2022-03-12,AMD,0.75,0,9,5
2022-03-19,AMD,-2.25,0,6,5
2022-03-26,AMD,-5.75,6,14,6
2022-04-02,AMD,-0.5,2,7,4
2022-04-09,AMD,1.5,0,14,9
2022-04-16,AMD,-6.5,2,16,8
2022-04-23,AMD,-2.25,3,19,7
2022-04-30,AMD,0.0,0,7,4
2022-05-07,AMD,-4.25,0,12,7
2022-05-14,AMD,-6.25,8,19,9
2022-05-28,AMD,0.5,0,1,1
2022-06-04,AMD,-0.5,1,3,2
2022-06-11,AMD,0.75,0,3,3
2022-06-18,AMD,-0.5,0,3,2
2022-06-25,AMD,1.0,0,3,2
2022-07-02,AMD,0.5,0,1,1
2022-07-09,AMD,-1.0,0,2,2
2022-07-16,AMD,0.5,0,2,2
2022-07-23,AMD,-1.0,0,5,3
2022-07-30,AMD,-9.75,13,64,37
2022-08-06,AMD,-1.0,2,2,1
2022-08-13,AMD,-1.25,0,9,7
2022-08-20,AMD,0.0,0,3,2
2022-08-27,AMD,-0.88,0,2,2
2022-09-03,AMD,-0.5,1,7,3
2022-09-10,AMD,-0.5,0,11,8
2022-09-17,AMD,-3.25,2,10,7
2022-09-24,AMD,-1.0,0,2,2
2022-10-01,AMD,2.25,1,28,19
2022-10-08,AMD,-14.25,0,54,29
2022-10-15,AMD,0.0,0,2,2
2022-10-22,AMD,-0.25,0,10,7
2022-10-29,AMD,-0.5,0,1,1
2022-11-05,AMD,0.5,0,1,1
2022-11-12,AMD,-0.5,0,1,1
2022-11-26,AMD,0.0,0,4,2
2022-12-03,AMD,1.5,0,3,1
2022-12-17,AMD,-1.5,2,4,1
2022-12-24,AMD,0.0,0,2,1
2022-12-31,AMD,-1.0,0,2,1
2023-01-07,AMD,1.0,2,7,4
2023-01-21,AMD,0.0,0,3,3
2023-01-28,AMD,0.5,0,3,2
2023-02-11,AMD,0.0,1,6,4
2023-02-18,AMD,-3.63,2,10,8
2023-02-25,AMD,0.0,0,1,1
2023-03-18,AMD,-0.5,0,1,1
2023-03-25,AMD,-1.5,3,3,1
2023-04-01,AMD,0.25,0,2,2
2023-04-08,AMD,-1.5,2,6,5
2023-04-29,AMD,0.0,0,2,2
2023-05-06,AMD,-0.5,1,1,1
2023-05-13,AMD,-0.5,0,12,8
2023-05-20,AMD,-2.5,0,9,5
2023-05-27,AMD,-0.13,0,9,8
2023-06-03,AMD,0.5,0,4,2
2023-06-10,AMD,-1.75,3,13,5
2023-06-17,AMD,-0.5,1,7,4
2023-07-01,AMD,0.5,0,2,2
2023-07-08,AMD,-5.0,1,9,3
2023-07-15,AMD,0.25,0,3,3
2023-07-22,AMD,-1.0,0,3,2
2023-07-29,AMD,-1.0,0,6,4
2023-08-19,AMD,0.5,0,3,3
2023-08-26,AMD,-7.0,0,17,10
2023-09-02,AMD,-0.5,0,1,1
2023-09-09,AMD,-0.5,0,1,1
2023-09-16,AMD,-1.5,0,7,5
2023-09-23,AMD,-0.5,0,1,1
2023-10-07,AMD,1.5,0,3,1
2023-10-14,AMD,-0.5,0,1,1
2023-10-21,AMD,-0.75,0,8,4
2023-10-28,AMD,-0.75,0,2,1
2023-11-04,AMD,-1.5,0,3,2
2023-11-11,AMD,-0.5,0,1,1
2023-11-18,AMD,0.0,0,1,1
2023-11-25,AMD,0.5,0,1,1
2023-12-02,AMD,-0.75,0,6,5
2023-12-09,AMD,-0.5,0,11,7
2023-12-16,AMD,0.0,0,1,1
2023-12-23,AMD,-1.0,1,6,3
2023-12-30,AMD,4.0,0,10,5
2024-01-06,AMD,-1.5,0,5,4
2024-01-13,AMD,5.25,2,15,7
2024-01-20,AMD,1.5,2,34,17
2024-01-27,AMD,-0.5,2,12,7
2024-02-03,AMD,-0.5,0,13,6
2024-02-10,AMD,-2.5,0,14,7
2024-02-17,AMD,-5.13,1,31,21
2024-02-24,AMD,-2.75,1,22,15
2024-03-02,AMD,4.75,0,16,10
2024-03-09,AMD,-1.5,2,6,4
2024-03-16,AMD,-1.25,0,5,5
2024-03-23,AMD,2.5,0,9,5
2024-03-30,AMD,5.0,1,11,5
2024-04-06,AMD,0.5,1,6,3
2024-04-13,AMD,0.5,1,7,5
2024-04-20,AMD,-3.25,0,6,3
2024-04-27,AMD,2.0,0,4,1
2024-05-04,AMD,1.0,0,2,1
2024-05-11,AMD,-1.5,1,10,9
2024-05-18,AMD,1.0,2,16,11
2024-05-25,AMD,-0.5,0,4,4
2024-06-01,AMD,1.0,2,9,4
2024-06-08,AMD,4.75,1,26,19
2024-06-15,AMD,1.5,0,3,1
2024-06-29,AMD,0.0,0,4,4
2024-07-06,AMD,-1.5,0,5,2
2024-07-13,AMD,1.75,1,7,4
2024-07-20,AMD,-0.75,2,7,5
2024-07-27,AMD,0.5,0,5,5
2024-08-03,AMD,0.5,1,5,4
2024-08-10,AMD,-0.5,0,1,1
2024-08-17,AMD,-2.5,3,5,1
2024-08-24,AMD,-1.0,0,3,3
2024-09-14,AMD,-1.0,1,6,3
2024-09-21,AMD,-0.5,0,1,1
2024-09-28,AMD,-1.25,0,15,9
2024-10-05,AMD,0.25,0,3,2
2024-10-12,AMD,-1.5,0,5,3
2024-10-19,AMD,0.25,0,2,2
2024-11-09,AMD,-0.5,0,4,3
2024-11-16,AMD,-2.0,0,4,4
2024-11-23,AMD,-4.75,0,14,11
2024-11-30,AMD,1.0,0,2,2
2024-12-07,AMD,1.75,0,25,16
2024-12-14,AMD,-0.25,0,14,12
2024-12-21,AMD,0.25,2,14,9
2024-12-28,AMD,-5.0,2,31,21
2025-01-04,AMD,7.75,0,23,17
2025-01-11,AMD,-1.0,0,4,3
2025-01-18,AMD,-4.0,0,22,17
2025-01-25,AMD,-0.5,3,34,18
2025-02-01,AMD,-1.0,1,22,19
2025-02-08,AMD,-2.0,0,11,7
2025-02-15,AMD,0.0,0,5,3
2025-02-22,AMD,-0.25,0,13,10
2025-03-01,AMD,-2.75,0,11,10
2025-03-08,AMD,-2.38,1,8,4
2025-03-22,AMD,0.5,0,1,1
2025-03-29,AMD,0.5,0,6,5
2025-04-05,AMD,0.0,0,4,4
2025-04-12,AMD,-1.75,0,3,3
2025-04-19,AMD,0.5,0,1,1
2025-04-26,AMD,0.5,0,3,2
2025-05-03,AMD,-1.25,0,2,2
2025-05-10,AMD,-5.25,0,12,4
2025-05-17,AMD,-0.5,0,1,1
2025-05-24,AMD,-2.75,2,9,4
2025-05-31,AMD,1.25,2,8,6
2025-06-07,AMD,-1.5,1,7,4
2025-06-14,AMD,-1.25,1,23,17
2025-06-21,AMD,0.75,0,4,3
2025-06-28,AMD,2.5,0,18,10
2025-07-05,AMD,4.5,0,9,6
2025-07-12,AMD,1.75,0,11,5
2025-07-19,AMD,5.25,0,13,5
2025-07-26,AMD,-8.5,4,119,74
2025-08-02,AMD,-6.5,6,82,58
2025-08-09,AMD,-7.0,3,41,24
2025-08-16,AMD,0.25,0,7,6
2025-08-23,AMD,0.25,0,4,2
2025-08-30,AMD,1.12,1,7,5
2025-09-06,AMD,1.0,0,7,4
2025-09-13,AMD,-1.0,0,4,2
2025-09-20,AMD,-2.5,0,12,9
2025-09-27,AMD,2.25,0,4,3
2025-10-04,AMD,-7.129999999999999,6,55,43
2025-10-11,AMD,-3.25,1,9,4
2025-10-18,AMD,-0.75,1,13,8
2025-10-25,AMD,0.75,0,9,8
2025-11-01,AMD,-3.75,1,24,15
2025-11-08,AMD,-6.0,2,16,6
2025-11-15,AMD,-2.25,3,14,8
2025-11-22,AMD,-0.5,0,7,6
2025-11-29,AMD,0.25,0,2,2
2025-12-06,AMD,-0.5,0,2,1
2025-12-13,AMD,1.0,0,7,6
2025-12-20,AMD,1.25,0,14,7
2025-12-27,AMD,-1.38,0,11,9
2026-01-03,AMD,-1.0,1,7,3
2026-01-10,AMD,1.0,0,4,2
2026-01-17,AMD,-1.0,0,2,2
2026-01-24,AMD,-0.5,0,11,6
2026-01-31,AMD,-6.25,1,21,15
2026-02-07,AMD,-5.0,0,10,5
2026-02-14,AMD,0.5,0,1,1
2026-02-21,AMD,0.5,0,7,4
2026-02-28,AMD,0.5,0,3,2
2026-03-07,AMD,-0.5,0,1,1
2026-03-14,AMD,1.0,0,2,2
2026-03-21,AMD,0.5,0,1,1
2026-03-28,AMD,-0.25,0,5,3
2026-04-04,AMD,-1.75,1,4,2
2026-04-11,AMD,2.5,0,7,3
2026-04-18,AMD,0.5,0,1,1
2026-05-02,AMD,-4.75,12,78,42
2026-05-09,AMD,-14.5,4,42,24
2026-05-16,AMD,-7.0,4,22,10
2026-05-23,AMD,1.37,2,34,21
2026-05-30,AMD,2.0,0,9,6
2026-06-06,AMD,1.0,0,2,1
2026-06-13,AMD,-5.25,1,17,11
2026-06-20,AMD,-0.5,0,12,7
2026-06-27,AMD,2.5,0,5,3
2026-07-04,AMD,0.25,0,3,2
2026-07-11,AMD,-0.5,0,7,6
2017-12-30,AMZN,-5.63,0,20,13
2018-01-06,AMZN,-13.75,1,55,37
2018-01-13,AMZN,-42.5,5,130,67
2018-01-20,AMZN,-8.75,2,68,49
2018-01-27,AMZN,-28.13,12,114,73
2018-02-03,AMZN,-35.0,10,109,71
2018-02-10,AMZN,-12.5,4,76,50
2018-02-17,AMZN,-6.5,0,42,29
2018-02-24,AMZN,-13.5,4,66,42
2018-03-03,AMZN,-21.25,3,66,40
2018-03-10,AMZN,-21.75,5,95,65
2018-03-17,AMZN,-7.5,0,30,20
2018-03-24,AMZN,-81.88,8,239,163
2018-03-31,AMZN,-89.38,11,233,128
2018-04-07,AMZN,-34.25,6,79,44
2018-04-14,AMZN,-16.63,2,56,41
2018-04-21,AMZN,-30.13,5,133,94
2018-04-28,AMZN,-33.75,1,111,67
2018-05-05,AMZN,-75.75,4,208,130
2018-05-12,AMZN,-10.75,4,39,27
2018-05-19,AMZN,-3.0,0,15,9
2018-05-26,AMZN,-2.37,2,19,15
2018-06-02,AMZN,-11.75,1,35,20
2018-06-09,AMZN,-8.5,2,26,21
2018-06-16,AMZN,-5.0,1,17,15
2018-06-23,AMZN,-37.370000000000005,3,90,60
2018-06-30,AMZN,5.5,0,22,13
2018-07-07,AMZN,-11.63,5,56,37
2018-07-14,AMZN,-20.38,5,71,47
2018-07-21,AMZN,-7.629999999999999,8,105,72
2018-07-28,AMZN,-14.25,0,53,37
2018-08-04,AMZN,-18.5,6,83,44
2018-08-11,AMZN,-7.25,6,70,44
2018-08-18,AMZN,-19.639999999999997,13,128,85
2018-08-25,AMZN,-6.63,5,44,34
2018-09-01,AMZN,-27.5,2,108,69
2018-09-08,AMZN,-10.129999999999999,3,43,24
2018-09-15,AMZN,-11.5,1,49,30
2018-09-22,AMZN,-19.25,3,68,50
2018-09-29,AMZN,-14.75,2,69,45
2018-10-06,AMZN,-10.0,6,62,38
2018-10-13,AMZN,-27.75,2,82,60
2018-10-20,AMZN,-14.88,19,99,64
2018-10-27,AMZN,-2.0,2,56,35
2018-11-03,AMZN,-28.0,4,72,43
2018-11-10,AMZN,-40.75,3,89,58
2018-11-17,AMZN,-8.5,2,46,28
2018-11-24,AMZN,-7.75,1,42,31
2018-12-01,AMZN,-9.25,0,32,18
2018-12-08,AMZN,-66.88,3,138,73
2018-12-15,AMZN,-16.75,7,59,42
2018-12-22,AMZN,-16.75,3,54,30
2018-12-29,AMZN,-19.75,5,84,51
2019-01-05,AMZN,-20.759999999999998,1,82,64
2019-01-12,AMZN,-10.25,2,29,22
2019-01-19,AMZN,-2.75,2,22,13
2019-01-26,AMZN,-8.25,1,44,34
2019-02-02,AMZN,-32.5,9,74,46
2019-02-09,AMZN,-122.38,4,293,185
2019-02-16,AMZN,-8.0,3,44,28
2019-02-23,AMZN,-32.0,0,78,53
2019-03-02,AMZN,-71.25,10,188,134
2019-03-09,AMZN,-25.25,3,67,49
2019-03-16,AMZN,-4.5,1,26,19
2019-03-23,AMZN,-9.5,1,43,29
2019-03-30,AMZN,-13.75,3,44,32
2019-04-06,AMZN,-24.5,4,64,40
2019-04-13,AMZN,-6.5,0,21,14
2019-04-20,AMZN,-6.38,3,59,38
2019-04-27,AMZN,-32.38,7,108,66
2019-05-04,AMZN,-8.25,2,37,24
2019-05-11,AMZN,-10.5,3,68,35
2019-05-18,AMZN,-10.25,2,46,31
2019-05-25,AMZN,-5.5,5,25,14
2019-06-01,AMZN,-8.25,0,19,16
2019-06-08,AMZN,-18.5,4,52,38
2019-06-15,AMZN,-12.5,1,33,23
2019-06-22,AMZN,-6.5,0,15,8
2019-06-29,AMZN,-1.75,0,5,3
2019-07-06,AMZN,-13.25,2,31,18
2019-07-13,AMZN,-17.75,3,56,39
2019-07-20,AMZN,-11.75,5,38,23
2019-07-27,AMZN,-8.25,2,22,16
2019-08-03,AMZN,-8.25,0,20,14
2019-08-10,AMZN,-8.75,0,38,23
2019-08-17,AMZN,-9.5,0,24,16
2019-08-24,AMZN,-9.0,0,29,20
2019-08-31,AMZN,-10.0,1,29,19
2019-09-07,AMZN,-3.25,2,25,19
2019-09-14,AMZN,-2.25,2,12,10
2019-09-21,AMZN,-12.25,0,27,15
2019-09-28,AMZN,-6.25,0,14,10
2019-10-05,AMZN,-3.0,0,13,11
2019-10-12,AMZN,-11.75,0,50,34
2019-10-19,AMZN,-3.620000000000001,0,51,30
2019-10-26,AMZN,-8.0,1,34,22
2019-11-02,AMZN,-7.5,2,27,20
2019-11-09,AMZN,-63.75,5,145,93
2019-11-16,AMZN,-7.63,2,22,14
2019-11-23,AMZN,-5.75,1,19,11
2019-11-30,AMZN,-7.25,0,19,11
2019-12-07,AMZN,-1.5,0,10,9
2019-12-14,AMZN,0.0,1,7,5
2019-12-21,AMZN,-22.25,4,54,29
2019-12-28,AMZN,-12.25,1,39,28
2020-01-04,AMZN,-9.0,4,30,21
2020-01-11,AMZN,-14.25,1,42,31
2020-01-18,AMZN,-13.25,0,30,17
2020-01-25,AMZN,-13.12,2,69,48
2020-02-01,AMZN,-4.25,0,33,17
2020-02-08,AMZN,-27.25,1,72,58
2020-02-15,AMZN,-6.25,1,20,16
2020-02-22,AMZN,-8.5,16,53,27
2020-02-29,AMZN,-4.0,2,24,19
2020-03-07,AMZN,-9.25,2,50,29
2020-03-14,AMZN,-7.5,2,63,38
2020-03-21,AMZN,-39.25,2,126,84
2020-03-28,AMZN,-14.75,5,80,52
2020-04-04,AMZN,-17.63,5,51,28
2020-04-11,AMZN,-51.25,8,188,115
2020-04-18,AMZN,-24.75,5,138,84
2020-04-25,AMZN,-24.380000000000003,9,108,72
2020-05-02,AMZN,-22.25,4,70,47
2020-05-09,AMZN,-20.75,2,75,50
2020-05-16,AMZN,-25.0,10,92,62
2020-05-23,AMZN,-10.25,1,58,36
2020-05-30,AMZN,-33.0,4,104,69
2020-06-06,AMZN,-14.25,6,54,34
2020-06-13,AMZN,-6.37,2,32,21
2020-06-20,AMZN,-31.0,7,95,57
2020-06-27,AMZN,-7.75,5,45,27
2020-07-04,AMZN,-34.63,10,122,74
2020-07-11,AMZN,-40.75,15,150,90
2020-07-18,AMZN,-18.75,11,78,46
2020-07-25,AMZN,-33.0,6,136,94
2020-08-01,AMZN,-16.25,9,116,77
2020-08-08,AMZN,-10.5,1,30,21
2020-08-15,AMZN,-10.75,2,64,47
2020-08-22,AMZN,-25.880000000000003,8,88,57
2020-08-29,AMZN,-18.25,5,86,57
2020-09-05,AMZN,-4.25,1,37,25
2020-09-12,AMZN,-7.0,4,45,31
2020-09-19,AMZN,-21.25,1,65,39
2020-09-26,AMZN,-10.5,3,54,30
2020-10-03,AMZN,-11.75,2,41,27
2020-10-10,AMZN,-8.75,6,24,14
2020-10-17,AMZN,-0.75,3,44,29
2020-10-24,AMZN,-11.25,1,92,61
2020-10-31,AMZN,-14.37,1,55,34
2020-11-07,AMZN,-27.5,8,119,80
2020-11-14,AMZN,-25.25,8,146,90
2020-11-21,AMZN,-4.5,1,31,22
2020-11-28,AMZN,-12.25,5,62,42
2020-12-05,AMZN,-19.25,4,61,36
2020-12-12,AMZN,-12.0,3,72,40
2020-12-19,AMZN,-10.75,5,57,37
2020-12-26,AMZN,-19.5,4,83,51
2021-01-02,AMZN,-10.5,6,83,47
2021-01-09,AMZN,-4.5,3,70,40
2021-01-16,AMZN,-4.75,1,74,43
2021-01-23,AMZN,-13.75,4,72,44
2021-01-30,AMZN,-16.25,14,209,135
2021-02-06,AMZN,-15.0,6,83,50
2021-02-13,AMZN,-2.5,7,76,45
2021-02-20,AMZN,-20.5,1,71,37
2021-02-27,AMZN,-10.5,1,70,46
2021-03-06,AMZN,-32.5,15,123,69
2021-03-13,AMZN,-48.0,12,141,72
2021-03-20,AMZN,-1.25,1,41,20
2021-03-27,AMZN,-6.75,5,39,23
2021-04-03,AMZN,-13.25,0,28,18
2021-04-10,AMZN,-13.0,2,42,26
2021-04-17,AMZN,2.0,0,27,11
2021-04-24,AMZN,-5.13,1,16,13
2021-05-01,AMZN,-8.0,1,71,52
2021-05-08,AMZN,-1.12,2,34,22
2021-05-15,AMZN,-5.0,2,35,21
2021-05-22,AMZN,-40.5,3,113,80
2021-05-29,AMZN,-6.0,0,20,11
2021-06-05,AMZN,-17.130000000000003,2,60,38
2021-06-12,AMZN,-11.13,0,33,20
2021-06-19,AMZN,-8.25,4,29,16
2021-06-26,AMZN,0.75,0,22,13
2021-07-03,AMZN,-9.379999999999999,2,33,20
2021-07-10,AMZN,-14.63,2,40,26
2021-07-17,AMZN,4.13,1,15,7
2021-07-24,AMZN,-13.25,3,51,34
2021-07-31,AMZN,-5.13,0,45,23
2021-08-07,AMZN,-10.75,2,30,17
2021-08-14,AMZN,-4.62,0,26,11
2021-08-21,AMZN,-9.25,3,24,11
2021-08-28,AMZN,-4.5,0,38,27
2021-09-04,AMZN,-2.0,0,12,6
2021-09-11,AMZN,-2.75,0,8,8
2021-09-18,AMZN,-4.0,0,10,8
2021-09-25,AMZN,-1.25,2,11,6
2021-10-02,AMZN,-1.5,0,7,6
2021-10-09,AMZN,-15.0,4,34,17
2021-10-16,AMZN,-4.87,0,37,17
2021-10-23,AMZN,-6.75,0,53,34
2021-10-30,AMZN,-10.75,0,27,19
2021-11-06,AMZN,-11.129999999999999,0,29,19
2021-11-13,AMZN,-11.0,3,33,21
2021-11-20,AMZN,-6.0,1,18,13
2021-11-27,AMZN,-7.25,0,15,8
2021-12-04,AMZN,-12.75,0,30,19
2021-12-11,AMZN,-4.75,1,27,14
2021-12-18,AMZN,-3.0,0,11,7
2021-12-25,AMZN,1.75,0,13,7
2022-01-01,AMZN,-1.25,0,15,12
2022-01-08,AMZN,-1.0,0,13,10
2022-01-15,AMZN,-7.5,2,32,22
2022-01-22,AMZN,-7.25,2,36,18
2022-01-29,AMZN,-37.879999999999995,2,101,59
2022-02-05,AMZN,-20.0,7,46,24
2022-02-12,AMZN,-12.5,3,38,25
2022-02-19,AMZN,-3.25,0,16,11
2022-02-26,AMZN,-4.25,0,9,5
2022-03-05,AMZN,-10.879999999999999,2,38,25
2022-03-12,AMZN,-6.25,0,17,14
2022-03-19,AMZN,-1.75,1,9,7
2022-03-26,AMZN,0.5,0,5,4
2022-04-02,AMZN,-8.0,2,16,11
2022-04-09,AMZN,-5.0,0,19,13
2022-04-16,AMZN,-1.75,0,12,10
2022-04-23,AMZN,-7.25,4,45,31
2022-04-30,AMZN,-7.5,2,45,32
2022-05-07,AMZN,-5.88,2,23,14
2022-05-14,AMZN,-6.25,2,24,12
2022-05-21,AMZN,-9.0,1,29,26
2022-05-28,AMZN,-13.25,8,42,31
2022-06-04,AMZN,-5.25,1,21,16
2022-06-11,AMZN,-5.0,2,17,12
2022-06-18,AMZN,0.0,2,8,4
2022-06-25,AMZN,-3.0,0,12,5
2022-07-02,AMZN,-5.75,1,27,16
2022-07-09,AMZN,-3.0,0,6,2
2022-07-16,AMZN,-17.5,5,64,50
2022-07-23,AMZN,-4.5,1,11,11
2022-07-30,AMZN,-0.5,0,2,2
2022-08-06,AMZN,-3.0,1,6,3
2022-08-13,AMZN,-1.5,0,9,7
2022-08-20,AMZN,0.0,0,8,5
2022-08-27,AMZN,-3.25,0,12,10
2022-09-03,AMZN,-6.75,0,26,16
2022-09-10,AMZN,-7.0,4,21,11
2022-09-17,AMZN,-5.0,1,10,5
2022-09-24,AMZN,-0.75,0,1,1
2022-10-01,AMZN,-4.0,0,9,5
2022-10-08,AMZN,-2.5,2,7,2
2022-10-15,AMZN,-0.5,1,5,4
2022-10-22,AMZN,-9.5,4,32,22
2022-10-29,AMZN,-5.5,0,10,4
2022-11-05,AMZN,-4.5,0,14,7
2022-11-12,AMZN,-2.25,0,13,7
2022-11-19,AMZN,-3.5,2,13,11
2022-11-26,AMZN,-6.25,0,10,6
2022-12-03,AMZN,-2.75,1,6,4
2022-12-17,AMZN,-9.370000000000001,3,61,45
2022-12-24,AMZN,-11.0,3,27,16
2022-12-31,AMZN,-34.5,0,74,47
2023-01-07,AMZN,-1.5,0,6,5
2023-01-14,AMZN,4.0,0,10,7
2023-01-21,AMZN,-0.5,0,1,1
2023-01-28,AMZN,-0.5,0,9,6
2023-02-04,AMZN,-3.0,1,11,6
2023-02-11,AMZN,-0.25,0,4,3
2023-02-18,AMZN,-2.25,0,4,4
2023-02-25,AMZN,-5.0,0,15,9
2023-03-04,AMZN,2.37,1,6,4
2023-03-11,AMZN,-0.5,0,1,1
2023-03-18,AMZN,-18.0,1,45,27
2023-03-25,AMZN,-2.25,0,10,6
2023-04-01,AMZN,-0.75,0,2,1
2023-04-08,AMZN,-5.5,3,14,9
2023-04-15,AMZN,-2.5,0,10,4
2023-04-22,AMZN,0.0,1,7,6
2023-04-29,AMZN,-4.0,0,11,6
2023-05-06,AMZN,1.25,0,3,2
2023-05-13,AMZN,-4.25,1,8,6
2023-05-20,AMZN,-4.5,0,10,6
2023-05-27,AMZN,-2.75,0,8,7
2023-06-03,AMZN,-0.5,0,3,3
2023-06-10,AMZN,-1.0,3,12,5
2023-06-24,AMZN,-3.88,3,13,7
2023-07-01,AMZN,-1.0,3,11,9
2023-07-08,AMZN,-1.75,0,3,2
2023-07-15,AMZN,-3.75,0,10,6
2023-07-22,AMZN,0.25,0,5,4
2023-07-29,AMZN,1.75,0,8,6
2023-08-05,AMZN,-1.5,0,3,2
2023-08-12,AMZN,0.5,0,3,2
2023-08-19,AMZN,-5.0,1,22,13
2023-08-26,AMZN,-1.25,4,19,9
2023-09-02,AMZN,-2.0,0,8,6
2023-09-09,AMZN,-1.0,2,4,4
2023-09-16,AMZN,-2.25,0,30,18
2023-09-23,AMZN,-0.5,0,3,3
2023-09-30,AMZN,-1.5,0,5,2
2023-10-07,AMZN,0.0,0,4,3
2023-10-14,AMZN,-1.5,0,3,3
2023-10-21,AMZN,-6.25,0,19,17
2023-10-28,AMZN,-2.5,0,9,5
2023-11-04,AMZN,0.25,0,3,3
2023-11-11,AMZN,-3.0,0,7,4
2023-11-18,AMZN,-1.0,0,2,2
2023-11-25,AMZN,-0.5,0,9,7
2023-12-02,AMZN,0.25,0,8,5
2023-12-09,AMZN,-4.5,1,13,9
2023-12-16,AMZN,-2.5,1,7,4
2023-12-23,AMZN,-4.0,0,10,5
2023-12-30,AMZN,-2.0,0,11,7
2024-01-06,AMZN,-6.25,1,24,18
2024-01-13,AMZN,-1.5,0,12,6
2024-01-20,AMZN,-5.5,0,9,4
2024-01-27,AMZN,-7.0,1,17,9
2024-02-03,AMZN,0.25,0,9,6
2024-02-10,AMZN,-4.88,2,16,8
2024-02-17,AMZN,-0.75,0,9,7
2024-02-24,AMZN,-3.88,0,20,15
2024-03-02,AMZN,-3.75,0,9,6
2024-03-09,AMZN,-1.5,3,28,21
2024-03-16,AMZN,2.5,1,17,11
2024-03-23,AMZN,0.25,0,7,5
2024-03-30,AMZN,4.25,2,15,7
2024-04-06,AMZN,0.0,2,6,5
2024-04-13,AMZN,-3.5,0,11,7
2024-04-20,AMZN,-1.38,1,12,6
2024-04-27,AMZN,-1.5,0,3,3
2024-05-04,AMZN,0.5,0,5,3
2024-05-11,AMZN,-3.5,5,13,6
2024-05-25,AMZN,-2.0,0,4,3
2024-06-01,AMZN,-1.0,0,4,2
2024-06-08,AMZN,0.0,0,4,3
2024-06-15,AMZN,-4.25,0,10,5
2024-06-22,AMZN,0.5,0,5,3
2024-06-29,AMZN,-3.75,2,14,10
2024-07-06,AMZN,-1.5,0,4,3
2024-07-13,AMZN,-4.25,1,14,7
2024-07-20,AMZN,-1.5,1,5,4
2024-07-27,AMZN,-2.25,0,8,6
2024-08-03,AMZN,2.0,0,7,6
2024-08-10,AMZN,1.0,0,2,1
2024-08-17,AMZN,-2.5,0,5,4
2024-08-24,AMZN,-2.0,0,6,2
2024-08-31,AMZN,-0.75,0,9,3
2024-09-07,AMZN,-0.5,0,5,2
2024-09-21,AMZN,0.75,0,4,3
2024-09-28,AMZN,-3.0,1,9,6
2024-10-05,AMZN,0.25,0,1,1
2024-10-12,AMZN,-3.25,0,11,6
2024-10-19,AMZN,-11.25,1,20,8
2024-10-26,AMZN,-1.5,0,3,3
2024-11-02,AMZN,-2.5,0,9,9
2024-11-09,AMZN,0.0,0,2,2
2024-11-16,AMZN,-3.5,0,10,8
2024-11-23,AMZN,-8.75,1,17,7
2024-11-30,AMZN,-2.0,1,16,10
2024-12-07,AMZN,-1.0,1,6,4
2024-12-14,AMZN,0.25,1,18,14
2024-12-21,AMZN,-0.5,0,1,1
2024-12-28,AMZN,1.75,0,21,15
2025-01-04,AMZN,-4.5,0,14,9
2025-01-11,AMZN,-2.75,1,9,6
2025-01-18,AMZN,2.5,0,10,6
2025-01-25,AMZN,-2.5,0,10,7
2025-02-01,AMZN,-2.0,0,9,7
2025-02-08,AMZN,-10.75,3,33,22
2025-02-15,AMZN,2.0,0,7,4
2025-02-22,AMZN,-1.75,0,6,5
2025-03-01,AMZN,-5.75,1,14,7
2025-03-08,AMZN,-7.0,3,25,15
2025-03-15,AMZN,-4.5,2,17,10
2025-03-22,AMZN,-0.5,0,13,9
2025-03-29,AMZN,-2.5,0,15,9
2025-04-05,AMZN,-30.0,3,74,37
2025-04-12,AMZN,-3.0,0,7,3
2025-04-19,AMZN,-9.25,0,24,9
2025-04-26,AMZN,-32.0,5,84,53
2025-05-03,AMZN,-7.75,2,21,10
2025-05-10,AMZN,-0.75,1,17,9
2025-05-17,AMZN,0.5,0,19,10
2025-05-24,AMZN,1.0,0,5,5
2025-05-31,AMZN,1.0,0,2,2
2025-06-07,AMZN,3.75,0,10,4
2025-06-14,AMZN,-0.5,0,8,6
2025-06-21,AMZN,-1.5,0,5,2
2025-06-28,AMZN,0.62,2,11,8
2025-07-05,AMZN,-0.25,0,9,6
2025-07-12,AMZN,-5.63,2,15,7
2025-07-19,AMZN,-6.38,0,24,18
2025-07-26,AMZN,3.5,1,30,17
2025-08-02,AMZN,-8.5,0,24,18
2025-08-09,AMZN,-3.25,4,26,16
2025-08-16,AMZN,-2.5,2,14,11
2025-08-23,AMZN,-1.75,0,10,8
2025-08-30,AMZN,-0.25,1,4,2
2025-09-06,AMZN,-5.0,2,18,9
2025-09-13,AMZN,-6.5,1,17,8
2025-09-20,AMZN,-6.5,1,26,15
2025-09-27,AMZN,0.0,0,4,4
2025-10-04,AMZN,-2.5,0,14,9
2025-10-11,AMZN,-10.0,0,27,15
2025-10-18,AMZN,0.12,5,41,28
2025-10-25,AMZN,-9.25,2,32,19
2025-11-01,AMZN,-5.5,4,17,9
2025-11-08,AMZN,-9.25,1,39,24
2025-11-15,AMZN,-5.5,5,10,6
2025-11-22,AMZN,-0.5,1,3,3
2025-11-29,AMZN,0.5,0,3,2
2025-12-06,AMZN,0.0,2,15,8
2025-12-13,AMZN,-4.5,0,11,8
2025-12-20,AMZN,-10.75,0,37,29
2025-12-27,AMZN,-1.75,0,7,5
2026-01-03,AMZN,-6.0,0,15,7
2026-01-10,AMZN,-1.5,0,16,11
2026-01-17,AMZN,-5.75,0,20,11
2026-01-24,AMZN,-7.75,3,20,15
2026-01-31,AMZN,-7.75,1,27,18
2026-02-07,AMZN,1.75,0,14,8
2026-02-14,AMZN,-4.25,1,23,12
2026-02-21,AMZN,-0.5,0,1,1
2026-02-28,AMZN,-6.0,1,14,6
2026-03-07,AMZN,-3.25,0,6,5
2026-03-14,AMZN,-2.5,0,5,3
2026-03-21,AMZN,-1.5,0,2,2
2026-03-28,AMZN,-3.5,0,7,5
2026-04-04,AMZN,-0.75,2,8,4
2026-04-11,AMZN,-4.0,0,14,7
2026-04-18,AMZN,-1.5,0,10,5
2026-04-25,AMZN,-1.25,1,5,4
2026-05-02,AMZN,-3.25,0,21,9
2026-05-09,AMZN,-3.5,0,8,6
2026-05-16,AMZN,-2.5,0,7,7
2026-05-23,AMZN,0.75,0,14,9
2026-05-30,AMZN,-2.0,0,7,5
2026-06-06,AMZN,-7.0,2,26,16
2026-06-13,AMZN,-5.25,0,9,5
2026-06-20,AMZN,-2.0,0,6,6
2026-06-27,AMZN,-3.25,0,15,8
2026-07-04,AMZN,-2.25,0,15,10
2026-07-11,AMZN,-2.0,2,8,6
2018-01-06,ARKK,0.25,0,1,1
2018-01-13,ARKK,0.5,0,4,2
2018-02-10,ARKK,-0.5,0,1,1
2018-02-17,ARKK,1.0,0,2,2
2018-02-24,ARKK,0.25,0,1,1
2018-03-03,ARKK,-2.25,0,15,9
2018-03-10,ARKK,-1.0,0,9,8
2018-03-17,ARKK,0.0,0,4,3
2018-04-14,ARKK,-0.5,0,1,1
2018-04-21,ARKK,0.5,0,1,1
2018-05-05,ARKK,1.0,0,2,2
2018-05-19,ARKK,-1.25,0,2,1
2018-06-02,ARKK,0.25,0,2,2
2018-06-09,ARKK,0.5,0,3,2
2018-06-23,ARKK,0.25,0,1,1
2018-06-30,ARKK,0.5,0,1,1
2018-07-14,ARKK,-0.25,0,1,1
2018-07-21,ARKK,-1.0,0,2,1
2018-07-28,ARKK,0.5,0,1,1
2018-08-04,ARKK,0.5,0,1,1
2018-08-11,ARKK,1.0,0,2,1
2018-08-25,ARKK,0.5,0,1,1
2018-09-15,ARKK,0.0,1,2,1
2018-09-29,ARKK,0.0,0,2,1
2018-10-06,ARKK,-0.75,3,4,2
2018-10-13,ARKK,0.5,0,1,1
2018-11-03,ARKK,-1.25,1,3,1
2018-12-29,ARKK,1.0,0,2,1
2019-01-26,ARKK,0.5,0,1,1
2019-02-09,ARKK,-0.5,0,1,1
2019-03-02,ARKK,0.5,0,1,1
2019-04-06,ARKK,0.5,0,1,1
2019-04-27,ARKK,0.5,0,1,1
2019-05-04,ARKK,1.0,0,2,1
2019-05-11,ARKK,0.0,0,2,1
2019-07-20,ARKK,1.0,0,2,1
2019-07-27,ARKK,0.5,0,1,1
2019-08-03,ARKK,-0.5,1,1,1
2019-08-10,ARKK,-0.5,0,1,1
2019-10-19,ARKK,-0.5,0,1,1
2019-12-21,ARKK,-0.5,0,1,1
2019-12-28,ARKK,0.5,0,1,1
2020-02-29,ARKK,0.0,0,4,2
2020-03-07,ARKK,0.5,0,1,1
2020-03-14,ARKK,0.5,0,1,1
2020-04-04,ARKK,0.0,0,1,1
2020-04-11,ARKK,0.0,0,1,1
2020-05-02,ARKK,1.0,0,2,1
2020-05-09,ARKK,1.5,0,2,1
2020-05-16,ARKK,-0.5,0,1,1
2020-05-23,ARKK,6.5,0,15,8
2020-05-30,ARKK,0.75,3,8,3
2020-06-06,ARKK,2.75,0,11,6
2020-06-13,ARKK,0.25,4,11,4
2020-06-20,ARKK,0.75,0,6,5
2020-06-27,ARKK,0.0,0,5,3
2020-07-04,ARKK,-3.0,2,6,4
2020-07-11,ARKK,0.0,0,10,6
2020-07-18,ARKK,-0.5,0,5,3
2020-07-25,ARKK,1.5,0,3,2
2020-08-01,ARKK,-0.5,2,11,6
2020-08-08,ARKK,3.25,0,10,7
2020-08-15,ARKK,-1.25,3,21,15
2020-08-22,ARKK,3.25,0,9,4
2020-08-29,ARKK,6.5,1,23,17
2020-09-05,ARKK,4.38,3,19,12
2020-09-12,ARKK,0.5,0,4,3
2020-09-19,ARKK,-3.25,2,16,11
2020-09-26,ARKK,-0.5,0,1,1
2020-10-03,ARKK,-0.25,2,19,10
2020-10-10,ARKK,2.0,2,21,15
2020-10-17,ARKK,-1.75,7,25,13
2020-10-24,ARKK,1.0,0,11,8
2020-10-31,ARKK,-1.0,1,24,17
2020-11-07,ARKK,0.25,0,5,5
2020-11-14,ARKK,1.0,0,7,3
2020-11-21,ARKK,6.5,1,18,15
2020-11-28,ARKK,9.25,3,33,28
2020-12-05,ARKK,9.75,7,44,34
2020-12-12,ARKK,-1.13,8,38,20
2020-12-19,ARKK,4.87,6,55,29
2020-12-26,ARKK,-1.25,1,44,31
2021-01-02,ARKK,12.0,2,45,25
2021-01-09,ARKK,1.12,5,29,23
2021-01-16,ARKK,-3.25,7,44,33
2021-01-23,ARKK,6.13,0,14,9
2021-01-30,ARKK,2.75,4,36,27
2021-02-06,ARKK,2.51,15,107,61
2021-02-13,ARKK,1.75,12,88,52
2021-02-20,ARKK,-4.5,5,72,43
2021-02-27,ARKK,-13.129999999999999,20,100,58
2021-03-06,ARKK,-21.509999999999998,9,126,80
2021-03-13,ARKK,1.62,2,16,9
2021-03-20,ARKK,-14.75,9,38,22
2021-03-27,ARKK,-7.5,5,47,33
2021-04-03,ARKK,0.5,1,11,7
2021-04-10,ARKK,-0.63,1,3,2
2021-04-17,ARKK,-2.25,3,13,7
2021-04-24,ARKK,1.0,0,4,3
2021-05-01,ARKK,-12.01,7,45,25
2021-05-08,ARKK,-18.75,16,87,47
2021-05-15,ARKK,-2.75,2,24,12
2021-05-22,ARKK,-7.5,1,45,22
2021-05-29,ARKK,-8.25,0,43,24
2021-06-05,ARKK,0.5,0,3,1
2021-06-12,ARKK,4.0,0,17,11
2021-06-19,ARKK,-1.0,2,11,6
2021-06-26,ARKK,-1.25,0,12,5
2021-07-03,ARKK,-2.0,4,7,5
2021-07-10,ARKK,-0.5,0,6,5
2021-07-17,ARKK,-1.75,0,6,4
2021-07-24,ARKK,-1.25,2,5,3
2021-07-31,ARKK,-2.25,0,10,8
2021-08-07,ARKK,-0.5,0,7,3
2021-08-14,ARKK,-9.379999999999999,2,40,33
2021-08-21,ARKK,-1.13,1,10,7
2021-08-28,ARKK,-5.0,0,19,10
2021-09-04,ARKK,2.0,0,4,4
2021-09-11,ARKK,-2.5,4,5,3
2021-09-18,ARKK,-0.5,0,1,1
2021-09-25,ARKK,-1.5,0,3,2
2021-10-02,ARKK,-3.25,1,16,8
2021-10-09,ARKK,1.0,0,2,2
2021-10-23,ARKK,0.5,0,3,2
2021-10-30,ARKK,-0.75,0,3,1
2021-11-06,ARKK,1.0,0,5,3
2021-11-13,ARKK,-0.25,0,1,1
2021-11-20,ARKK,-0.25,0,1,1
2021-11-27,ARKK,-13.25,1,28,16
2021-12-04,ARKK,-18.88,0,49,26
2021-12-11,ARKK,-9.5,2,29,17
2021-12-18,ARKK,-9.5,2,30,20
2022-01-01,ARKK,-4.5,3,20,14
2022-01-08,ARKK,-1.0,0,5,4
2022-01-15,ARKK,-0.63,0,9,7
2022-01-22,ARKK,-4.13,3,29,15
2022-01-29,ARKK,-2.0,1,13,8
2022-02-05,ARKK,0.0,0,2,2
2022-02-12,ARKK,-21.25,0,48,28
2022-02-19,ARKK,0.25,0,16,10
2022-02-26,ARKK,-3.5,2,7,2
2022-03-05,ARKK,-4.25,1,22,13
2022-03-12,ARKK,-2.75,0,12,8
2022-03-19,ARKK,-1.25,0,3,2
2022-03-26,ARKK,-2.5,0,7,5
2022-04-02,ARKK,0.0,2,5,3
2022-04-09,ARKK,-9.0,3,31,18
2022-04-16,ARKK,-1.63,2,3,2
2022-04-23,ARKK,-1.5,1,18,12
2022-04-30,ARKK,-5.5,0,27,16
2022-05-07,ARKK,-4.63,2,38,23
2022-05-14,ARKK,-0.25,2,15,7
2022-05-21,ARKK,-1.0,0,18,12
2022-05-28,ARKK,-9.0,1,18,12
2022-06-04,ARKK,-0.75,0,20,13
2022-06-11,ARKK,-1.5,2,9,6
2022-06-18,ARKK,-0.75,0,4,3
2022-06-25,ARKK,-2.0,0,5,3
2022-07-02,ARKK,-0.5,0,1,1
2022-07-16,ARKK,-1.0,0,3,1
2022-07-23,ARKK,-2.0,0,6,4
2022-07-30,ARKK,-1.5,0,2,1
2022-08-13,ARKK,-0.5,0,1,1
2022-08-20,ARKK,-1.62,3,3,1
2022-08-27,ARKK,0.5,0,4,4
2022-09-03,ARKK,-0.5,0,1,1
2022-09-10,ARKK,-0.5,0,5,3
2022-09-17,ARKK,-3.25,0,10,3
2022-09-24,ARKK,-1.5,2,12,5
2022-10-08,ARKK,-0.5,0,7,2
2022-10-15,ARKK,-0.5,0,1,1
2022-10-22,ARKK,0.0,0,1,1
2022-10-29,ARKK,-7.5,0,25,17
2022-11-05,ARKK,-1.0,0,2,1
2022-11-12,ARKK,-0.5,0,3,2
2022-11-19,ARKK,-1.0,1,4,1
2022-11-26,ARKK,-1.0,0,2,2
2022-12-03,ARKK,-0.5,0,1,1
2022-12-10,ARKK,-1.0,0,4,3
2022-12-17,ARKK,-2.0,0,4,1
2022-12-24,ARKK,-0.5,0,1,1
2023-01-07,ARKK,-1.5,2,5,3
2023-01-28,ARKK,0.0,0,3,2
2023-02-04,ARKK,-4.5,2,9,6
2023-02-11,ARKK,0.5,0,1,1
2023-02-18,ARKK,-0.75,0,1,1
2023-02-25,ARKK,-1.0,0,4,4
2023-03-04,ARKK,-1.5,0,3,1
2023-03-18,ARKK,-1.5,0,3,3
2023-03-25,ARKK,-1.75,3,4,1
2023-04-01,ARKK,-0.75,1,2,1
2023-04-08,ARKK,-0.5,0,1,1
2023-04-15,ARKK,-0.5,0,1,1
2023-04-29,ARKK,-2.5,0,5,3
2023-05-06,ARKK,-0.5,0,1,1
2023-05-13,ARKK,-2.0,0,4,1
2023-05-20,ARKK,-0.5,0,1,1
2023-05-27,ARKK,-2.0,0,4,2
2023-06-03,ARKK,-5.5,0,15,10
2023-06-17,ARKK,-0.5,0,5,4
2023-06-24,ARKK,-2.5,0,5,1
2023-07-01,ARKK,1.0,0,6,2
2023-07-15,ARKK,-1.5,0,5,3
2023-07-29,ARKK,-1.0,0,2,2
2023-08-12,ARKK,0.0,0,2,2
2023-08-19,ARKK,-0.5,0,4,4
2023-08-26,ARKK,-2.0,0,5,2
2023-09-16,ARKK,-1.0,0,2,1
2023-09-23,ARKK,-0.25,0,13,8
2023-09-30,ARKK,-2.0,1,4,1
2023-10-07,ARKK,-1.5,0,3,2
2023-10-14,ARKK,-3.75,0,9,5
2023-10-28,ARKK,-1.5,0,3,2
2023-11-04,ARKK,-1.0,0,5,3
2023-11-11,ARKK,0.0,0,1,1
2023-12-16,ARKK,1.0,0,2,1
2023-12-23,ARKK,0.0,0,11,8
2023-12-30,ARKK,0.5,0,1,1
2024-01-06,ARKK,1.75,0,12,7
2024-01-13,ARKK,-0.5,0,1,1
2024-01-20,ARKK,-2.0,0,4,2
2024-02-03,ARKK,-8.25,1,27,17
2024-02-10,ARKK,0.0,0,1,1
2024-03-02,ARKK,-3.25,0,13,5
2024-03-09,ARKK,0.0,1,2,2
2024-03-23,ARKK,-0.5,0,1,1
2024-03-30,ARKK,0.5,1,9,3
2024-04-27,ARKK,-0.25,0,2,1
2024-05-04,ARKK,-0.5,0,1,1
2024-05-25,ARKK,-1.5,0,3,3
2024-06-01,ARKK,-0.75,0,7,5
2024-06-08,ARKK,-0.75,1,5,3
2024-06-15,ARKK,-4.25,0,10,7
2024-06-22,ARKK,-0.25,0,1,1
2024-07-06,ARKK,-3.5,3,11,4
2024-07-13,ARKK,-0.5,0,3,2
2024-07-20,ARKK,-2.75,0,7,3
2024-07-27,ARKK,-1.0,0,2,1
2024-08-03,ARKK,-0.5,0,1,1
2024-09-14,ARKK,-0.75,0,2,2
2024-10-05,ARKK,1.5,0,5,3
2024-10-19,ARKK,0.5,0,1,1
2024-11-09,ARKK,-1.0,0,5,3
2024-11-16,ARKK,0.0,0,1,1
2024-11-23,ARKK,-0.25,0,1,1
2024-12-07,ARKK,-0.5,0,1,1
2024-12-28,ARKK,-1.0,0,2,1
2025-02-01,ARKK,-2.0,0,4,2
2025-02-08,ARKK,-0.5,0,2,1
2025-02-15,ARKK,-0.5,0,2,2
2025-03-01,ARKK,-0.5,0,1,1
2025-03-08,ARKK,-0.5,0,1,1
2025-03-15,ARKK,-1.5,1,4,4
2025-03-22,ARKK,0.5,0,3,2
2025-04-26,ARKK,-0.5,0,1,1
2025-05-17,ARKK,0.5,0,1,1
2025-05-31,ARKK,-1.0,0,2,2
2025-06-14,ARKK,-0.5,0,1,1
2025-06-28,ARKK,0.5,0,1,1
2025-07-05,ARKK,2.0,0,5,3
2025-07-19,ARKK,0.5,0,1,1
2025-07-26,ARKK,-0.25,0,3,3
2025-08-02,ARKK,-4.0,0,8,6
2025-08-09,ARKK,0.5,0,1,1
2025-08-23,ARKK,0.0,1,7,5
2025-09-13,ARKK,-0.5,0,1,1
2025-11-01,ARKK,-3.25,0,11,7
2025-11-08,ARKK,-4.0,0,16,10
2025-11-29,ARKK,-0.5,1,1,1
2025-12-20,ARKK,-1.5,0,3,2
2026-01-31,ARKK,-0.5,0,1,1
2026-02-28,ARKK,0.5,0,1,1
2026-05-09,ARKK,-4.25,0,10,4
2018-02-10,AVGO,-2.5,1,7,4
2018-02-17,AVGO,-2.0,2,3,1
2018-03-03,AVGO,-0.75,0,3,2
2018-03-10,AVGO,-1.75,1,10,9
2018-06-09,AVGO,0.0,0,2,2
2018-07-07,AVGO,-1.25,0,6,2
2018-07-14,AVGO,-1.25,0,4,2
2018-07-21,AVGO,1.0,0,4,3
2018-10-06,AVGO,-0.25,0,3,1
2019-02-09,AVGO,0.0,0,1,1
2020-01-11,AVGO,0.0,0,1,1
2020-06-20,AVGO,-1.0,0,3,3
2020-12-26,AVGO,0.5,0,1,1
2021-05-29,AVGO,0.5,0,1,1
2021-06-05,AVGO,0.0,0,4,1
2021-09-04,AVGO,0.5,0,1,1
2021-11-27,AVGO,-0.5,1,1,1
2022-05-21,AVGO,-4.25,0,13,11
2022-05-28,AVGO,-0.5,0,1,1
2022-10-01,AVGO,0.5,0,1,1
2023-12-30,AVGO,-0.5,0,2,1
2024-01-13,AVGO,0.5,0,1,1
2024-02-03,AVGO,0.0,0,2,1
2024-02-24,AVGO,0.5,0,1,1
2024-03-09,AVGO,-0.5,0,1,1
2024-05-04,AVGO,-0.5,0,1,1
2024-06-15,AVGO,0.0,0,5,3
2024-07-27,AVGO,0.25,0,1,1
2024-09-07,AVGO,-1.0,0,2,1
2024-09-14,AVGO,-0.5,0,1,1
2024-12-07,AVGO,-0.75,2,5,2
2024-12-14,AVGO,1.75,0,5,2
2025-01-04,AVGO,0.0,0,2,1
2025-01-18,AVGO,-0.25,0,1,1
2025-02-01,AVGO,-0.5,0,1,1
2025-02-22,AVGO,-0.5,0,2,1
2025-05-03,AVGO,0.5,0,1,1
2025-06-07,AVGO,0.5,0,1,1
2025-07-19,AVGO,-0.5,0,1,1
2025-07-26,AVGO,-1.0,0,2,1
2025-08-02,AVGO,-1.0,0,2,2
2025-08-30,AVGO,0.0,1,2,2
2025-09-06,AVGO,0.0,0,3,3
2025-10-11,AVGO,2.0,0,4,1
2025-11-08,AVGO,0.5,0,3,2
2025-11-15,AVGO,1.0,0,2,1
2025-12-06,AVGO,-0.75,0,2,2
2025-12-13,AVGO,0.0,0,1,1
2025-12-27,AVGO,-1.0,0,2,1
2026-01-10,AVGO,-0.5,0,1,1
2026-03-07,AVGO,1.0,0,2,2
2026-03-28,AVGO,-0.5,0,1,1
2026-05-09,AVGO,-0.5,0,2,1
2026-05-30,AVGO,2.5,0,8,4
2026-06-06,AVGO,-0.5,1,3,2
2026-06-20,AVGO,-2.0,1,3,1
2026-06-27,AVGO,0.5,0,1,1
2026-07-11,AVGO,0.5,0,1,1
2018-01-13,BA,-1.25,0,13,9
2018-01-20,BA,1.0,0,11,5
2018-01-27,BA,4.75,0,32,21
2018-02-03,BA,1.5,0,3,2
2018-02-10,BA,0.5,0,1,1
2018-02-17,BA,-3.0,0,10,6
2018-02-24,BA,-1.0,0,3,2
2018-03-03,BA,-1.5,0,3,3
2018-03-10,BA,-1.0,0,2,2
2018-03-17,BA,0.5,0,1,1
2018-03-31,BA,-1.0,0,4,4
2018-04-07,BA,-3.75,0,9,5
2018-04-14,BA,-0.38,0,5,3
2018-04-21,BA,0.0,0,7,2
2018-05-05,BA,-7.0,0,13,12
2018-05-26,BA,-0.5,0,1,1
2018-06-02,BA,0.5,0,1,1
2018-06-09,BA,-1.5,2,5,1
2018-06-16,BA,-0.38,2,6,2
2018-06-23,BA,-1.5,1,3,2
2018-07-07,BA,-3.0,3,8,3
2018-07-21,BA,-0.75,0,6,1
2018-07-28,BA,-0.5,0,1,1
2018-08-18,BA,-1.5,0,5,4
2018-08-25,BA,-0.25,0,2,2
2018-09-08,BA,-0.5,0,5,3
2018-10-06,BA,3.0,0,7,3
2018-10-13,BA,0.5,0,1,1
2018-10-20,BA,0.0,0,4,4
2018-10-27,BA,-1.5,0,8,8
2018-11-10,BA,-1.5,0,3,3
2018-11-17,BA,-3.25,0,5,3
2018-11-24,BA,0.25,0,1,1
2018-12-01,BA,-0.75,1,4,3
2018-12-08,BA,-1.88,1,7,3
2018-12-15,BA,-3.0,0,14,9
2018-12-22,BA,-0.5,0,1,1
2018-12-29,BA,-1.25,0,5,5
2019-01-19,BA,-1.0,2,2,1
2019-01-26,BA,0.25,1,7,4
2019-02-16,BA,0.5,0,2,1
2019-02-23,BA,-1.0,0,2,1
2019-03-02,BA,0.5,0,3,3
2019-03-09,BA,-64.25,19,277,188
2019-03-16,BA,-21.38,2,55,28
2019-03-23,BA,-6.5,2,29,12
2019-03-30,BA,-18.5,2,42,30
2019-04-06,BA,-20.25,0,44,32
2019-04-13,BA,-4.5,0,14,8
2019-04-20,BA,-6.5,0,16,9
2019-05-04,BA,-4.5,3,23,14
2019-05-11,BA,-2.0,0,4,2
2019-05-18,BA,-4.75,0,8,3
2019-05-25,BA,-3.5,0,10,9
2019-06-01,BA,-0.5,0,1,1
2019-06-08,BA,-1.0,0,2,1
2019-06-15,BA,-0.75,0,5,4
2019-06-22,BA,-13.0,5,46,27
2019-06-29,BA,-59.629999999999995,3,105,55
2019-07-06,BA,-0.5,0,1,1
2019-07-13,BA,-1.5,0,3,3
2019-07-20,BA,-34.5,6,109,63
2019-07-27,BA,-1.75,0,14,9
2019-08-03,BA,-7.75,3,15,5
2019-08-10,BA,-3.0,0,10,5
2019-08-17,BA,-1.0,1,10,5
2019-08-24,BA,-2.0,4,6,3
2019-09-14,BA,-24.25,1,46,31
2019-09-21,BA,-0.5,0,1,1
2019-09-28,BA,-2.5,0,8,7
2019-10-05,BA,-0.5,0,3,2
2019-10-12,BA,-12.5,0,27,16
2019-10-19,BA,-37.129999999999995,0,72,46
2019-10-26,BA,-16.25,2,40,21
2019-11-02,BA,-1.25,1,3,2
2019-11-09,BA,-6.0,3,14,11
2019-11-16,BA,-0.75,0,4,4
2019-11-23,BA,0.5,0,1,1
2019-11-30,BA,0.5,0,1,1
2019-12-07,BA,-6.25,2,11,5
2019-12-14,BA,-32.0,2,88,52
2019-12-21,BA,-21.0,1,42,23
2019-12-28,BA,-6.25,3,12,7
2020-01-04,BA,-2.0,1,22,13
2020-01-11,BA,-13.0,4,29,18
2020-01-18,BA,-91.75,13,224,130
2020-01-25,BA,-29.0,2,69,45
2020-02-01,BA,-3.0,1,16,8
2020-02-08,BA,-19.75,3,50,38
2020-02-15,BA,-5.5,1,13,8
2020-02-22,BA,-15.25,2,46,22
2020-02-29,BA,-5.0,3,24,14
2020-03-07,BA,-31.630000000000003,9,90,57
2020-03-14,BA,-122.13,20,323,190
2020-03-21,BA,-114.25,16,304,186
2020-03-28,BA,-38.75,8,114,74
2020-04-04,BA,-31.0,4,99,54
2020-04-11,BA,-60.37,8,170,107
2020-04-18,BA,-17.75,4,83,40
2020-04-25,BA,-27.130000000000003,11,143,78
2020-05-02,BA,-18.5,7,91,60
2020-05-09,BA,-11.0,9,27,14
2020-05-16,BA,-5.0,4,55,25
2020-05-23,BA,-6.63,4,54,25
2020-05-30,BA,-1.75,3,19,11
2020-06-06,BA,-18.38,3,80,46
2020-06-13,BA,-3.75,1,12,8
2020-06-20,BA,-7.5,4,32,16
2020-06-27,BA,-6.5,1,38,21
2020-07-04,BA,-4.0,1,11,5
2020-07-11,BA,-7.5,0,13,7
2020-07-18,BA,1.0,1,22,13
2020-07-25,BA,-1.0,2,8,6
2020-08-01,BA,-1.5,0,6,6
2020-08-08,BA,0.0,0,2,2
2020-08-15,BA,-0.5,0,1,1
2020-08-22,BA,-3.5,1,34,21
2020-08-29,BA,0.5,0,8,5
2020-09-05,BA,-1.5,0,4,1
2020-09-12,BA,-17.5,1,35,17
2020-09-19,BA,0.0,0,2,2
2020-09-26,BA,-2.25,3,13,6
2020-10-03,BA,-1.0,0,8,5
2020-10-10,BA,-0.5,0,2,1
2020-10-17,BA,-1.5,0,9,7
2020-10-24,BA,-22.5,5,76,41
2020-10-31,BA,-4.75,0,10,7
2020-11-07,BA,-0.5,0,1,1
2020-11-14,BA,-4.0,0,12,7
2020-11-21,BA,-1.0,0,2,2
2020-11-28,BA,-5.0,8,12,3
2020-12-05,BA,0.5,1,7,7
2020-12-12,BA,-0.25,0,6,4
2020-12-19,BA,1.25,2,20,14
2020-12-26,BA,-21.75,4,97,64
2021-01-02,BA,-9.25,1,38,23
2021-01-09,BA,-7.75,0,37,19
2021-01-16,BA,-3.13,2,10,6
2021-01-23,BA,3.0,0,14,7
2021-01-30,BA,1.0,2,11,8
2021-02-06,BA,-1.5,3,10,5
2021-02-13,BA,-0.5,1,6,3
2021-02-20,BA,-0.5,2,5,4
2021-02-27,BA,1.25,1,10,6
2021-03-06,BA,-0.25,3,10,4
2021-03-13,BA,-0.75,0,1,1
2021-03-20,BA,0.5,0,3,3
2021-03-27,BA,-4.0,0,10,6
2021-04-10,BA,-0.5,0,1,1
2021-04-17,BA,1.0,0,2,1
2021-05-01,BA,0.5,0,1,1
2021-05-15,BA,-3.0,2,11,6
2021-05-22,BA,-3.75,0,5,1
2021-05-29,BA,1.5,0,3,1
2021-06-12,BA,2.0,0,4,2
2021-06-19,BA,-0.5,0,1,1
2021-07-03,BA,0.5,0,1,1
2021-07-10,BA,-1.0,1,6,4
2021-07-31,BA,0.25,0,5,4
2021-08-14,BA,-1.5,0,2,1
2021-09-04,BA,-0.5,0,1,1
2021-09-11,BA,-1.75,0,4,2
2021-09-18,BA,-0.5,0,1,1
2021-10-02,BA,-0.5,0,4,2
2021-10-09,BA,-1.0,2,2,1
2021-10-30,BA,-5.5,1,11,6
2021-11-13,BA,-2.5,0,4,2
2021-11-27,BA,-0.5,0,1,1
2021-12-04,BA,-1.0,0,3,2
2021-12-11,BA,-0.5,0,3,1
2022-01-01,BA,0.5,0,1,1
2022-01-22,BA,-0.5,0,2,1
2022-01-29,BA,0.5,0,3,2
2022-02-26,BA,-0.5,0,3,2
2022-03-12,BA,-2.5,0,4,2
2022-03-26,BA,0.5,0,1,1
2022-04-09,BA,-0.5,0,1,1
2022-04-16,BA,-0.75,0,3,3
2022-04-30,BA,-0.5,2,5,3
2022-05-14,BA,-0.5,0,1,1
2022-05-21,BA,0.5,0,1,1
2022-06-18,BA,0.0,0,2,1
2022-07-02,BA,-1.0,0,2,1
2022-07-16,BA,0.25,0,1,1
2022-07-23,BA,-1.0,0,2,2
2022-07-30,BA,1.0,0,2,1
2022-08-13,BA,-2.5,0,4,1
2022-08-20,BA,-2.0,0,4,1
2022-09-03,BA,-1.5,0,3,2
2022-10-01,BA,0.5,0,1,1
2022-10-08,BA,1.5,0,3,1
2022-10-15,BA,-1.0,0,8,6
2022-10-29,BA,-1.0,1,2,1
2022-11-05,BA,-1.0,0,2,2
2022-12-31,BA,0.0,0,1,1
2023-01-21,BA,-0.5,0,1,1
2023-02-18,BA,-0.5,0,1,1
2023-03-11,BA,-0.75,0,1,1
2023-04-01,BA,-0.5,0,1,1
2023-04-08,BA,0.0,1,2,1
2023-04-22,BA,0.5,0,5,2
2023-04-29,BA,-1.0,0,2,1
2023-05-27,BA,1.5,0,3,1
2023-06-24,BA,0.0,0,2,1
2023-07-22,BA,-9.25,0,19,11
2023-07-29,BA,-7.5,0,16,11
2023-08-05,BA,-0.25,0,1,1
2023-09-30,BA,-2.25,1,15,9
2023-10-07,BA,-1.5,1,3,2
2023-10-14,BA,-3.0,0,4,1
2023-10-28,BA,-0.5,0,1,1
2023-11-04,BA,-31.25,3,56,33
2023-11-11,BA,0.5,0,1,1
2023-12-02,BA,-6.25,1,21,15
2023-12-09,BA,0.5,0,3,3
2023-12-16,BA,-0.5,0,1,1
2024-01-06,BA,-11.5,4,28,19
2024-01-13,BA,-19.75,8,41,24
2024-01-20,BA,-17.0,5,60,34
2024-01-27,BA,0.0,0,1,1
2024-02-10,BA,0.0,1,4,2
2024-02-17,BA,0.0,0,2,2
2024-02-24,BA,-12.25,1,36,17
2024-03-02,BA,0.75,0,2,2
2024-03-09,BA,-6.25,0,26,11
2024-03-16,BA,-31.0,6,103,66
2024-03-23,BA,-7.13,1,15,9
2024-03-30,BA,-1.0,0,2,1
2024-04-06,BA,-7.75,0,26,16
2024-04-13,BA,-4.0,1,7,5
2024-04-20,BA,-0.5,0,1,1
2024-05-11,BA,-2.75,0,5,3
2024-05-25,BA,-2.0,0,4,1
2024-06-01,BA,0.25,0,2,2
2024-06-08,BA,-0.5,0,3,2
2024-06-15,BA,-0.5,0,1,1
2024-06-29,BA,-6.25,1,15,11
2024-07-06,BA,-5.0,0,10,7
2024-07-13,BA,-0.5,0,1,1
2024-07-20,BA,-1.0,0,2,2
2024-07-27,BA,-0.25,0,2,2
2024-08-03,BA,-1.0,0,4,3
2024-08-10,BA,-0.5,0,3,2
2024-08-17,BA,-10.25,1,22,14
2024-08-24,BA,-2.25,0,5,3
2024-08-31,BA,-1.25,0,4,3
2024-09-07,BA,-1.0,1,11,8
2024-09-21,BA,1.5,0,3,2
2024-09-28,BA,-1.0,0,4,3
2024-10-05,BA,-0.5,0,1,1
2024-10-12,BA,-0.5,0,1,1
2024-10-19,BA,-0.75,0,1,1
2024-10-26,BA,-0.5,2,3,2
2024-11-02,BA,-4.0,2,10,4
2024-11-09,BA,-1.75,0,3,2
2024-11-23,BA,0.0,0,2,1
2024-12-07,BA,-1.0,0,2,2
2024-12-21,BA,-2.5,1,4,1
2024-12-28,BA,0.0,0,4,2
2025-01-04,BA,-1.0,2,2,1
2025-01-25,BA,0.0,0,3,1
2025-02-01,BA,-0.5,0,1,1
2025-02-08,BA,0.5,0,6,3
2025-02-15,BA,-0.5,0,3,2
2025-02-22,BA,-0.5,0,2,1
2025-03-01,BA,-2.0,1,7,5
2025-03-08,BA,-3.0,0,6,1
2025-03-15,BA,-0.5,0,1,1
2025-04-05,BA,0.0,0,2,2
2025-04-12,BA,-15.75,1,30,23
2025-04-19,BA,-3.25,0,7,6
2025-04-26,BA,-4.25,0,11,7
2025-05-10,BA,-1.25,1,15,10
2025-05-17,BA,-1.0,0,2,2
2025-05-31,BA,-2.0,2,4,2
2025-06-07,BA,-17.75,1,40,31
2025-06-14,BA,0.0,0,4,3
2025-06-21,BA,1.0,0,2,1
2025-07-12,BA,0.0,0,1,1
2025-07-19,BA,-0.25,0,2,2
2025-07-26,BA,0.5,0,3,2
2025-08-02,BA,-1.5,1,3,3
2025-09-27,BA,-0.5,0,1,1
2025-10-04,BA,0.0,0,1,1
2025-10-11,BA,-1.0,0,2,2
2025-10-18,BA,-0.5,0,1,1
2025-11-01,BA,-0.5,0,1,1
2025-11-08,BA,-0.5,0,1,1
2025-11-15,BA,-1.38,0,3,3
2025-12-06,BA,-1.0,0,4,1
2025-12-20,BA,-1.0,0,2,1
2026-01-03,BA,-1.5,0,3,1
2026-01-10,BA,-2.5,0,4,1
2026-02-07,BA,-3.5,1,7,6
2026-02-14,BA,-3.5,0,7,5
2026-02-28,BA,0.0,0,1,1
2026-04-04,BA,-0.5,0,1,1
2026-04-25,BA,0.0,0,1,1
2026-05-23,BA,-1.5,1,5,2
2026-06-06,BA,0.0,0,2,2
2026-06-13,BA,-1.0,0,3,2
2026-06-27,BA,-2.0,0,4,2
2018-01-06,BABA,-8.25,6,18,8
2018-01-20,BABA,-1.25,0,7,4
2018-01-27,BABA,-4.0,1,10,5
2018-02-03,BABA,0.5,0,3,2
2018-02-10,BABA,-5.0,0,11,4
2018-02-17,BABA,-1.25,0,6,4
2018-02-24,BABA,-0.5,0,1,1
2018-03-10,BABA,0.5,0,5,3
2018-03-17,BABA,-0.75,0,3,2
2018-03-24,BABA,-0.5,0,1,1
2018-03-31,BABA,1.0,0,10,5
2018-04-07,BABA,1.5,0,3,1
2018-04-14,BABA,-0.75,0,4,3
2018-04-21,BABA,-0.25,0,1,1
2018-04-28,BABA,-2.75,0,5,2
2018-05-19,BABA,-2.25,2,13,8
2018-05-26,BABA,0.0,0,3,2
2018-06-02,BABA,-0.25,1,1,1
2018-06-09,BABA,-0.5,0,3,2
2018-06-16,BABA,-1.38,0,5,4
2018-06-23,BABA,-1.5,0,7,4
2018-06-30,BABA,-1.0,1,2,2
2018-07-07,BABA,0.0,0,5,2
2018-07-21,BABA,-3.0,2,5,2
2018-08-04,BABA,-1.5,0,4,2
2018-08-11,BABA,1.0,0,2,2
2018-08-18,BABA,3.37,1,16,8
2018-08-25,BABA,4.5,0,10,3
2018-09-01,BABA,-2.0,0,7,5
2018-09-08,BABA,-5.5,0,23,12
2018-09-15,BABA,-3.5,0,8,5
2018-09-22,BABA,-2.5,1,5,3
2018-09-29,BABA,-0.5,0,1,1
2018-10-06,BABA,0.5,0,1,1
2018-10-13,BABA,-2.0,2,4,3
2018-10-20,BABA,0.0,0,4,2
2018-11-10,BABA,-2.0,0,5,3
2018-11-24,BABA,-0.25,2,6,4
2018-12-01,BABA,-0.5,0,1,1
2018-12-08,BABA,-1.0,0,6,3
2018-12-15,BABA,-0.5,1,1,1
2018-12-22,BABA,0.0,0,1,1
2018-12-29,BABA,-0.5,0,1,1
2019-01-05,BABA,-0.5,0,1,1
2019-01-12,BABA,-0.25,0,2,1
2019-01-19,BABA,1.75,0,4,2
2019-01-26,BABA,0.75,1,3,1
2019-02-02,BABA,-0.5,0,1,1
2019-02-09,BABA,-0.5,0,2,1
2019-02-16,BABA,-0.25,0,4,4
2019-03-02,BABA,-1.25,0,4,3
2019-03-16,BABA,-1.25,0,4,2
2019-03-23,BABA,0.25,0,1,1
2019-03-30,BABA,-0.5,2,6,3
2019-04-20,BABA,0.25,0,1,1
2019-04-27,BABA,2.25,0,6,3
2019-05-04,BABA,1.5,0,5,3
2019-05-11,BABA,-3.0,0,6,4
2019-05-18,BABA,-0.5,0,1,1
2019-05-25,BABA,-1.0,2,2,2
2019-06-08,BABA,0.5,0,2,1
2019-06-29,BABA,0.5,0,1,1
2019-07-06,BABA,-3.25,0,11,4
2019-07-13,BABA,0.5,0,1,1
2019-07-20,BABA,-3.25,0,7,1
2019-07-27,BABA,-1.5,2,3,2
2019-08-03,BABA,-1.0,1,10,6
2019-08-24,BABA,-1.25,0,2,2
2019-08-31,BABA,-2.0,0,4,2
2019-09-07,BABA,-0.5,0,1,1
2019-09-21,BABA,-3.25,0,7,6
2019-10-05,BABA,-0.75,1,2,2
2019-10-12,BABA,-2.0,3,11,6
2019-10-19,BABA,-1.5,0,3,3
2019-10-26,BABA,0.5,0,1,1
2019-11-09,BABA,-0.5,0,6,5
2019-11-16,BABA,0.0,0,1,1
2019-11-23,BABA,-1.5,0,5,4
2019-11-30,BABA,-2.5,0,4,3
2019-12-07,BABA,0.0,1,2,1
2019-12-14,BABA,0.5,0,3,2
2019-12-28,BABA,-0.5,0,1,1
2020-01-04,BABA,-1.0,0,2,1
2020-01-11,BABA,-1.5,0,3,1
2020-01-25,BABA,-0.5,0,1,1
2020-02-01,BABA,0.25,0,4,3
2020-02-08,BABA,-0.75,0,3,2
2020-02-15,BABA,-0.5,0,1,1
2020-03-07,BABA,0.25,0,4,1
2020-03-14,BABA,0.0,0,4,2
2020-03-21,BABA,-1.0,0,5,2
2020-03-28,BABA,-1.5,3,5,4
2020-04-04,BABA,-7.88,3,19,9
2020-04-11,BABA,-6.75,1,12,7
2020-04-18,BABA,-9.75,0,22,12
2020-04-25,BABA,-2.5,4,11,6
2020-05-02,BABA,-2.5,0,11,8
2020-05-09,BABA,-6.5,0,12,10
2020-05-16,BABA,-2.5,1,9,4
2020-05-23,BABA,-8.25,1,21,11
2020-05-30,BABA,-0.5,0,1,1
2020-06-06,BABA,-1.0,2,7,3
2020-06-20,BABA,-1.5,0,3,1
2020-06-27,BABA,-1.0,0,2,2
2020-07-04,BABA,-5.5,5,13,9
2020-07-11,BABA,-7.75,4,21,15
2020-07-18,BABA,-0.25,0,2,2
2020-07-25,BABA,-4.25,1,9,5
2020-08-01,BABA,-1.5,3,7,5
2020-08-08,BABA,-3.25,0,7,2
2020-08-15,BABA,-0.5,2,6,5
2020-08-22,BABA,0.5,3,21,10
2020-08-29,BABA,1.0,0,7,4
2020-09-05,BABA,0.5,0,1,1
2020-09-12,BABA,-1.0,2,14,8
2020-09-19,BABA,0.5,0,3,2
2020-09-26,BABA,-1.5,3,9,6
2020-10-10,BABA,0.5,0,1,1
2020-10-17,BABA,-0.5,1,1,1
2020-10-24,BABA,-0.5,1,1,1
2020-10-31,BABA,0.5,1,11,8
2020-11-07,BABA,-7.75,3,21,13
2020-11-14,BABA,-1.75,0,10,7
2020-11-21,BABA,-1.5,0,2,2
2020-11-28,BABA,0.0,0,3,3
2020-12-12,BABA,-1.25,0,2,1
2020-12-19,BABA,-22.38,14,85,52
2020-12-26,BABA,-4.25,4,28,12
2021-01-02,BABA,-5.5,3,27,14
2021-01-09,BABA,-7.75,4,33,20
2021-01-16,BABA,-5.0,2,17,10
2021-01-30,BABA,0.0,1,16,12
2021-02-06,BABA,0.0,0,6,2
2021-02-13,BABA,0.0,0,1,1
2021-02-20,BABA,-6.25,2,15,6
2021-02-27,BABA,-3.0,1,11,6
2021-03-06,BABA,1.0,0,4,2
2021-03-13,BABA,-1.0,3,24,13
2021-03-20,BABA,-4.0,3,7,3
2021-03-27,BABA,-9.75,5,16,8
2021-04-10,BABA,-15.25,1,60,39
2021-04-17,BABA,1.0,1,4,3
2021-04-24,BABA,0.25,0,4,3
2021-05-01,BABA,-0.5,0,1,1
2021-05-08,BABA,-1.75,3,5,4
2021-05-15,BABA,0.5,0,10,7
2021-05-22,BABA,-0.5,1,1,1
2021-05-29,BABA,-1.5,2,3,1
2021-06-05,BABA,-4.75,2,16,11
2021-06-12,BABA,-0.75,0,7,4
2021-06-19,BABA,-2.0,4,4,2
2021-06-26,BABA,1.5,0,3,2
2021-07-03,BABA,-0.5,1,9,7
2021-07-10,BABA,0.25,1,17,9
2021-07-17,BABA,-1.5,0,3,1
2021-07-24,BABA,-5.0,1,47,24
2021-07-31,BABA,-6.0,3,14,9
2021-08-07,BABA,0.0,0,6,4
2021-08-14,BABA,-1.0,0,16,8
2021-08-21,BABA,-0.5,1,3,2
2021-08-28,BABA,-1.5,0,16,12
2021-09-04,BABA,-6.5,5,11,3
2021-09-11,BABA,0.0,0,2,2
2021-09-18,BABA,-2.25,1,7,4
2021-10-02,BABA,-4.5,1,16,7
2021-10-09,BABA,-1.88,0,5,3
2021-10-16,BABA,2.5,0,5,3
2021-10-23,BABA,-1.5,0,3,1
2021-10-30,BABA,0.38,0,1,1
2021-11-06,BABA,-2.0,0,4,2
2021-11-13,BABA,-1.25,0,5,3
2021-11-20,BABA,-1.0,0,3,3
2021-11-27,BABA,-3.5,4,14,8
2021-12-04,BABA,-2.25,0,8,4
2021-12-18,BABA,-0.25,0,1,1
2021-12-25,BABA,-1.25,0,3,3
2022-01-08,BABA,-1.0,0,3,2
2022-01-15,BABA,0.5,1,3,3
2022-01-22,BABA,-4.5,7,13,6
2022-01-29,BABA,-0.5,0,2,2
2022-02-05,BABA,-1.5,1,7,4
2022-02-12,BABA,-0.5,0,1,1
2022-02-19,BABA,-2.0,0,4,2
2022-02-26,BABA,-2.0,1,4,2
2022-03-12,BABA,-11.25,7,26,13
2022-03-19,BABA,-6.87,1,22,13
2022-03-26,BABA,-10.0,1,29,13
2022-04-02,BABA,-2.75,0,5,2
2022-04-09,BABA,0.0,0,1,1
2022-04-30,BABA,-0.75,0,5,2
2022-05-07,BABA,-3.0,0,4,1
2022-05-21,BABA,1.25,1,6,3
2022-06-25,BABA,-3.5,1,7,4
2022-07-23,BABA,-3.0,0,4,1
2022-08-27,BABA,-0.5,0,1,1
2022-09-24,BABA,-0.5,0,1,1
2022-10-29,BABA,-0.25,0,2,2
2022-12-03,BABA,-0.5,0,1,1
2022-12-17,BABA,-1.0,0,2,1
2022-12-31,BABA,0.0,0,2,1
2023-01-07,BABA,1.5,0,3,1
2023-01-14,BABA,0.5,0,3,2
2023-01-21,BABA,0.12,3,12,6
2023-02-04,BABA,-2.75,2,17,5
2023-03-25,BABA,-3.0,0,6,4
2023-04-08,BABA,-1.0,1,2,2
2023-06-03,BABA,-1.0,0,4,1
2023-06-10,BABA,-1.0,0,2,1
2023-06-24,BABA,-0.5,0,1,1
2023-07-29,BABA,1.0,0,2,1
2023-10-14,BABA,0.0,0,1,1
2023-11-25,BABA,-0.5,0,1,1
2023-12-02,BABA,-0.5,1,1,1
2023-12-30,BABA,-1.0,0,2,1
2024-01-06,BABA,1.0,0,3,1
2024-01-27,BABA,-0.5,0,3,3
2024-02-10,BABA,-2.25,0,7,4
2024-03-02,BABA,0.0,2,4,1
2024-03-09,BABA,-0.5,0,1,1
2024-03-16,BABA,-0.5,0,1,1
2024-03-23,BABA,-0.5,0,1,1
2024-04-13,BABA,-1.0,1,2,1
2024-05-11,BABA,-1.5,0,3,1
2024-06-08,BABA,-0.5,0,1,1
2024-08-17,BABA,-1.5,0,3,1
2024-08-31,BABA,0.0,0,1,1
2024-09-14,BABA,0.75,0,1,1
2024-10-05,BABA,-0.5,0,1,1
2024-10-19,BABA,1.0,0,2,1
2024-11-30,BABA,0.0,0,1,1
2024-12-28,BABA,-0.5,1,1,1
2025-01-04,BABA,-2.5,3,5,1
2025-01-18,BABA,-1.5,0,3,2
2025-01-25,BABA,-1.5,0,3,2
2025-02-01,BABA,0.5,0,1,1
2025-02-08,BABA,-1.0,0,2,2
2025-02-15,BABA,-0.5,0,3,3
2025-02-22,BABA,-1.0,1,5,2
2025-03-15,BABA,-0.75,1,3,3
2025-04-05,BABA,-3.75,0,8,4
2025-04-12,BABA,-0.5,0,1,1
2025-04-26,BABA,0.0,0,1,1
2025-05-03,BABA,-1.0,0,3,3
2025-05-10,BABA,0.5,0,1,1
2025-05-17,BABA,-0.5,0,1,1
2025-07-12,BABA,1.0,0,4,2
2025-07-26,BABA,-1.0,0,4,3
2025-08-23,BABA,-0.5,0,2,2
2025-09-06,BABA,-3.5,0,5,2
2025-09-20,BABA,0.25,0,1,1
2025-10-04,BABA,0.0,0,1,1
2025-10-11,BABA,-0.25,2,4,3
2025-10-25,BABA,-1.5,1,3,1
2025-11-08,BABA,0.5,0,1,1
2025-11-22,BABA,0.5,0,1,1
2025-11-29,BABA,0.62,0,1,1
2025-12-13,BABA,0.5,0,1,1
2026-01-10,BABA,2.0,0,4,1
2026-01-17,BABA,0.75,0,2,2
2026-03-21,BABA,0.25,3,10,2
2026-04-18,BABA,-0.5,1,2,1
2026-05-09,BABA,-0.5,0,1,1
2026-05-30,BABA,-0.5,0,1,1
2026-06-13,BABA,0.0,0,1,1
2026-07-04,BABA,-4.0,6,8,5
2018-01-06,BAC,-0.5,0,1,1
2018-01-20,BAC,-0.25,0,4,2
2018-01-27,BAC,-0.5,0,5,3
2018-02-17,BAC,0.75,0,4,2
2018-03-10,BAC,-1.5,0,3,1
2018-03-24,BAC,-0.75,0,1,1
2018-03-31,BAC,1.5,0,3,1
2018-04-07,BAC,2.0,0,6,2
2018-05-05,BAC,1.0,0,4,1
2018-05-12,BAC,0.5,0,1,1
2018-05-19,BAC,0.25,0,4,2
2018-05-26,BAC,0.5,0,1,1
2018-06-23,BAC,-2.5,0,5,2
2018-06-30,BAC,-1.25,0,2,1
2018-07-07,BAC,-2.0,0,5,2
2018-07-14,BAC,-3.0,0,4,1
2018-07-28,BAC,0.0,0,1,1
2018-08-11,BAC,-1.0,0,2,1
2018-08-18,BAC,-1.0,1,2,1
2018-09-08,BAC,-0.5,0,1,1
2018-09-15,BAC,-0.5,0,4,4
2018-09-22,BAC,0.5,0,1,1
2018-10-13,BAC,1.0,0,2,1
2018-11-17,BAC,0.75,0,4,2
2018-11-24,BAC,-1.75,3,6,3
2018-12-08,BAC,0.5,0,1,1
2018-12-15,BAC,-5.0,0,10,3
2018-12-29,BAC,-0.5,0,1,1
2019-01-05,BAC,-0.5,0,1,1
2019-01-12,BAC,-1.5,0,3,1
2019-01-19,BAC,0.5,1,3,1
2019-01-26,BAC,-0.5,0,1,1
2019-03-02,BAC,1.25,0,4,2
2019-03-16,BAC,-0.5,0,1,1
2019-03-23,BAC,-0.5,0,3,2
2019-03-30,BAC,0.5,0,1,1
2019-04-06,BAC,-1.25,0,5,4
2019-04-20,BAC,-0.5,0,1,1
2019-04-27,BAC,-0.25,0,5,2
2019-05-04,BAC,-0.5,0,1,1
2019-05-11,BAC,-1.5,0,4,3
2019-05-25,BAC,-2.5,0,4,1
2019-06-01,BAC,-2.75,2,8,3
2019-06-22,BAC,-1.25,0,3,2
2019-07-20,BAC,-0.5,0,1,1
2019-08-03,BAC,-1.0,0,2,1
2019-08-10,BAC,-0.5,0,1,1
2019-08-17,BAC,-4.0,0,8,2
2019-08-24,BAC,-1.5,0,3,3
2019-08-31,BAC,-1.5,0,3,3
2019-09-14,BAC,-0.75,0,1,1
2019-09-28,BAC,-0.5,0,1,1
2019-10-05,BAC,-1.0,0,3,2
2019-10-12,BAC,0.0,0,1,1
2019-11-30,BAC,1.0,0,4,2
2019-12-07,BAC,-0.5,1,1,1
2019-12-14,BAC,-2.25,0,3,1
2019-12-28,BAC,1.0,0,2,1
2020-01-04,BAC,-1.25,2,7,3
2020-01-11,BAC,0.0,0,1,1
2020-01-18,BAC,-0.5,0,1,1
2020-02-08,BAC,-0.5,0,1,1
2020-02-15,BAC,3.5,0,5,1
2020-02-22,BAC,-0.5,0,2,2
2020-02-29,BAC,1.5,0,3,2
2020-03-07,BAC,-1.0,1,5,4
2020-03-14,BAC,-1.0,1,4,3
2020-03-21,BAC,-0.5,0,1,1
2020-03-28,BAC,0.5,0,5,3
2020-04-04,BAC,-5.38,4,13,4
2020-04-11,BAC,-6.25,0,14,4
2020-04-18,BAC,-4.0,0,13,5
2020-04-25,BAC,-2.5,0,5,1
2020-05-02,BAC,0.75,0,3,1
2020-05-23,BAC,0.5,0,1,1
2020-05-30,BAC,0.0,0,1,1
2020-06-06,BAC,0.5,0,1,1
2020-06-20,BAC,0.5,0,1,1
2020-06-27,BAC,-1.5,0,2,1
2020-07-04,BAC,-0.5,0,1,1
2020-07-18,BAC,-1.0,0,2,1
2020-08-01,BAC,0.5,0,6,3
2020-08-08,BAC,2.75,0,6,2
2020-08-15,BAC,2.25,0,8,3
2020-08-22,BAC,-0.75,0,5,2
2020-09-05,BAC,-1.5,0,4,2
2020-09-19,BAC,-2.0,0,3,1
2020-09-26,BAC,1.0,0,4,2
2020-10-10,BAC,0.0,0,1,1
2020-10-31,BAC,-1.0,0,2,1
2020-12-12,BAC,-5.5,0,8,1
2021-01-23,BAC,-0.13,0,5,5
2021-01-30,BAC,0.0,1,4,2
2021-02-06,BAC,-0.5,0,3,1
2021-02-13,BAC,1.0,0,4,2
2021-02-20,BAC,-0.5,2,6,3
2021-02-27,BAC,-5.75,0,9,2
2021-03-20,BAC,0.5,0,3,3
2021-03-27,BAC,-2.25,0,4,1
2021-04-10,BAC,0.0,0,1,1
2021-05-01,BAC,-1.0,0,2,2
2021-05-15,BAC,-0.25,0,1,1
2021-05-22,BAC,-1.0,0,2,1
2021-06-05,BAC,-1.0,0,2,1
2021-06-19,BAC,-0.5,0,1,1
2021-06-26,BAC,0.0,0,3,1
2021-07-17,BAC,0.25,0,1,1
2021-08-07,BAC,0.5,0,1,1
2021-08-21,BAC,-0.5,1,2,2
2021-09-11,BAC,-0.75,0,1,1
2021-10-02,BAC,-0.5,0,2,2
2021-10-09,BAC,-0.5,0,1,1
2021-10-16,BAC,0.0,0,5,3
2021-10-23,BAC,-0.5,0,1,1
2021-11-13,BAC,-1.0,0,2,1
2021-11-27,BAC,-0.75,0,1,1
2022-01-08,BAC,0.0,0,1,1
2022-01-22,BAC,0.0,2,5,2
2022-02-12,BAC,-0.5,1,1,1
2022-03-12,BAC,-0.5,0,1,1
2022-03-19,BAC,-0.25,0,1,1
2022-03-26,BAC,-0.25,0,1,1
2022-04-02,BAC,-0.5,0,1,1
2022-04-16,BAC,-1.0,0,2,1
2022-04-23,BAC,1.25,0,3,1
2022-05-14,BAC,-1.0,0,2,1
2022-05-28,BAC,0.0,0,1,1
2022-06-11,BAC,0.0,0,2,2
2022-07-02,BAC,-1.0,0,2,2
2022-07-09,BAC,-0.5,0,1,1
2022-08-27,BAC,-0.5,0,2,1
2022-09-10,BAC,0.5,0,1,1
2022-10-01,BAC,-1.0,0,5,3
2022-10-15,BAC,-4.75,5,9,2
2022-10-22,BAC,-0.5,0,1,1
2022-10-29,BAC,-2.25,0,4,2
2022-11-12,BAC,-0.75,0,1,1
2022-11-26,BAC,-0.5,0,1,1
2022-12-03,BAC,-0.5,0,1,1
2022-12-24,BAC,-3.0,0,5,3
2023-01-07,BAC,-1.0,0,2,1
2023-01-14,BAC,-0.5,0,1,1
2023-01-21,BAC,-1.5,0,3,1
2023-01-28,BAC,-0.25,1,1,1
2023-03-04,BAC,2.0,0,4,2
2023-03-11,BAC,-4.25,4,9,6
2023-03-18,BAC,-1.25,0,4,3
2023-03-25,BAC,-1.25,0,8,6
2023-04-01,BAC,-0.5,0,1,1
2023-04-08,BAC,0.0,0,1,1
2023-04-15,BAC,-0.5,0,3,2
2023-04-22,BAC,0.0,0,1,1
2023-04-29,BAC,-2.25,3,6,2
2023-05-13,BAC,1.12,1,4,3
2023-05-20,BAC,-0.75,0,1,1
2023-06-03,BAC,-0.5,1,1,1
2023-07-01,BAC,-0.25,1,1,1
2023-07-08,BAC,0.5,0,1,1
2023-07-22,BAC,-0.5,0,1,1
2023-08-19,BAC,-2.25,0,3,1
2023-09-02,BAC,-0.5,0,2,2
2023-09-16,BAC,0.5,0,1,1
2023-09-30,BAC,0.0,0,1,1
2023-10-14,BAC,-1.25,0,3,2
2023-10-21,BAC,-1.5,1,5,2
2023-11-18,BAC,0.5,0,1,1
2023-11-25,BAC,-0.25,0,3,1
2024-01-13,BAC,-1.25,1,2,2
2024-02-03,BAC,-1.25,0,2,1
2024-02-10,BAC,-1.5,0,3,2
2024-02-17,BAC,-1.0,0,2,1
2024-02-24,BAC,0.0,0,1,1
2024-03-16,BAC,-0.5,0,3,3
2024-04-27,BAC,0.0,0,1,1
2024-06-08,BAC,-0.5,0,1,1
2024-06-15,BAC,0.5,0,1,1
2024-06-29,BAC,-1.25,0,2,2
2024-07-13,BAC,-0.75,1,2,1
2024-07-27,BAC,-0.5,0,1,1
2024-08-03,BAC,0.0,0,1,1
2024-08-24,BAC,0.0,0,2,2
2024-08-31,BAC,-0.25,0,1,1
2024-09-14,BAC,-1.0,0,2,2
2024-10-05,BAC,-2.5,5,5,2
2024-10-19,BAC,0.5,0,1,1
2024-11-16,BAC,-1.75,1,4,1
2024-11-23,BAC,0.0,1,2,1
2024-12-07,BAC,-0.75,0,1,1
2024-12-14,BAC,-2.0,0,4,2
2024-12-28,BAC,-0.5,0,1,1
2025-01-04,BAC,-2.5,0,5,2
2025-01-11,BAC,1.75,0,3,1
2025-01-18,BAC,-5.0,0,8,2
2025-02-01,BAC,-1.5,1,3,1
2025-02-08,BAC,-2.5,0,5,3
2025-02-22,BAC,-1.0,0,2,2
2025-03-01,BAC,-0.5,0,1,1
2025-03-08,BAC,-0.5,0,1,1
2025-04-12,BAC,-1.0,2,2,1
2025-04-19,BAC,-2.25,2,7,4
2025-05-03,BAC,-1.0,2,2,1
2025-05-10,BAC,-2.0,3,6,2
2025-05-31,BAC,-2.5,0,5,3
2025-06-28,BAC,-1.5,0,4,2
2025-07-05,BAC,-1.75,2,5,3
2025-07-19,BAC,1.0,0,2,1
2025-08-16,BAC,-0.5,1,2,1
2025-09-13,BAC,0.5,0,1,1
2025-09-20,BAC,1.0,0,2,1
2025-10-04,BAC,-0.5,0,2,2
2025-10-11,BAC,-0.5,0,1,1
2025-11-29,BAC,-0.75,0,1,1
2025-12-13,BAC,-1.0,0,2,1
2025-12-27,BAC,-1.5,0,3,1
2026-01-03,BAC,0.5,0,1,1
2026-01-24,BAC,-0.5,0,1,1
2026-02-07,BAC,1.0,0,2,1
2026-02-14,BAC,-0.5,1,1,1
2026-04-11,BAC,-0.5,0,1,1
2026-04-25,BAC,-0.5,0,1,1
2026-05-09,BAC,-1.5,1,2,1
2026-05-16,BAC,0.5,0,1,1
2017-12-30,COIN,0.25,1,6,4
2018-01-06,COIN,-1.13,4,19,12
2018-01-13,COIN,-4.0,0,11,6
2018-01-20,COIN,-1.0,2,2,1
2018-01-27,COIN,-3.5,3,9,5
2018-02-03,COIN,-5.75,0,15,9
2018-02-10,COIN,0.88,0,2,2
2018-02-17,COIN,-8.5,2,16,5
2018-03-03,COIN,1.0,0,2,1
2018-03-10,COIN,1.5,0,3,1
2018-03-24,COIN,-0.5,0,1,1
2018-04-28,COIN,-1.25,0,2,2
2018-05-19,COIN,-1.5,0,6,6
2018-06-16,COIN,0.0,0,2,2
2018-06-23,COIN,0.5,0,1,1
2018-08-04,COIN,0.5,0,3,1
2018-08-11,COIN,-2.0,0,4,3
2018-08-25,COIN,1.0,0,2,1
2018-09-08,COIN,-3.75,1,10,4
2018-09-15,COIN,-2.5,0,4,2
2018-09-22,COIN,0.25,0,3,1
2018-10-06,COIN,0.5,0,1,1
2018-10-27,COIN,0.5,0,2,2
2018-11-17,COIN,-0.5,0,2,2
2018-11-24,COIN,-1.5,0,3,1
2018-12-15,COIN,-0.5,0,9,6
2018-12-22,COIN,-3.5,0,5,2
2018-12-29,COIN,-0.25,0,3,1
2019-02-02,COIN,-1.25,0,2,1
2019-02-09,COIN,0.0,0,1,1
2019-02-23,COIN,0.0,0,1,1
2019-03-02,COIN,-3.5,0,9,1
2019-03-16,COIN,-0.5,1,2,1
2019-03-23,COIN,-0.75,1,4,3
2019-04-06,COIN,0.0,0,1,1
2019-04-27,COIN,-0.5,0,1,1
2019-05-11,COIN,0.0,0,2,1
2019-05-18,COIN,-2.5,0,11,3
2019-06-01,COIN,-6.0,0,10,3
2019-06-08,COIN,1.0,0,2,1
2019-06-22,COIN,0.0,0,6,5
2019-07-13,COIN,-0.75,1,2,2
2019-07-20,COIN,-2.5,0,12,9
2019-07-27,COIN,-2.5,1,7,6
2019-08-03,COIN,-2.25,0,3,2
2019-08-17,COIN,-2.0,0,6,2
2019-09-07,COIN,0.5,0,1,1
2019-10-12,COIN,1.75,1,4,1
2019-10-26,COIN,-0.5,0,1,1
2019-11-09,COIN,-1.5,0,3,1
2019-11-23,COIN,-2.0,0,3,2
2019-12-28,COIN,-1.75,0,3,1
2020-01-11,COIN,-1.25,0,2,2
2020-02-01,COIN,0.75,0,1,1
2020-02-08,COIN,-2.0,0,4,3
2020-02-15,COIN,-1.75,0,3,1
2020-02-22,COIN,-1.75,3,7,3
2020-02-29,COIN,-1.75,0,3,3
2020-03-07,COIN,-2.75,0,6,2
2020-03-21,COIN,-1.0,0,2,1
2020-04-04,COIN,-1.25,0,4,2
2020-04-11,COIN,-3.75,2,7,3
2020-04-25,COIN,-2.25,1,4,2
2020-05-02,COIN,-0.75,0,3,3
2020-05-09,COIN,-1.0,0,3,1
2020-05-16,COIN,1.0,0,3,3
2020-05-23,COIN,-0.5,1,2,2
2020-05-30,COIN,-1.0,0,2,2
2020-06-06,COIN,-1.0,0,4,2
2020-06-13,COIN,-1.0,0,3,2
2020-06-20,COIN,0.5,0,1,1
2020-07-04,COIN,0.5,0,5,4
2020-07-11,COIN,0.5,0,1,1
2020-07-25,COIN,0.0,0,3,2
2020-08-01,COIN,-1.5,0,3,1
2020-08-08,COIN,0.5,0,1,1
2020-08-22,COIN,-0.25,0,9,6
2020-09-05,COIN,-0.5,0,2,1
2020-09-12,COIN,1.0,0,2,1
2020-10-17,COIN,-0.5,0,8,4
2020-10-24,COIN,0.5,0,2,2
2020-10-31,COIN,-1.0,0,2,1
2020-11-07,COIN,-2.75,1,10,4
2020-11-14,COIN,-4.5,0,13,8
2020-11-21,COIN,-1.5,0,3,3
2020-11-28,COIN,0.0,2,7,4
2020-12-05,COIN,-2.5,1,6,2
2020-12-12,COIN,-1.0,2,31,23
2020-12-19,COIN,-5.25,1,68,50
2020-12-26,COIN,-4.0,0,11,6
2021-01-02,COIN,2.0,2,25,13
2021-01-09,COIN,-1.5,0,8,4
2021-01-16,COIN,2.0,0,6,4
2021-01-23,COIN,-11.25,4,31,23
2021-01-30,COIN,-1.63,5,42,24
2021-02-06,COIN,-7.75,1,22,15
2021-02-13,COIN,-8.879999999999999,5,74,38
2021-02-20,COIN,-10.25,1,42,31
2021-02-27,COIN,-19.5,8,89,53
2021-03-06,COIN,2.25,0,17,11
2021-03-13,COIN,-0.75,0,7,6
2021-03-20,COIN,1.0,0,7,3
2021-03-27,COIN,-2.5,0,15,12
2021-04-03,COIN,-3.5,7,68,41
2021-04-10,COIN,-22.5,8,146,85
2021-04-17,COIN,-6.75,5,35,20
2021-04-24,COIN,0.0,0,7,3
2021-05-01,COIN,-0.5,0,12,7
2021-05-08,COIN,-6.88,6,45,27
2021-05-15,COIN,-19.0,2,52,26
2021-05-22,COIN,-30.0,7,71,46
2021-05-29,COIN,-4.13,0,23,16
2021-06-05,COIN,-1.5,1,3,2
2021-06-12,COIN,-3.0,0,7,6
2021-06-19,COIN,-2.75,1,8,5
2021-06-26,COIN,0.75,2,10,6
2021-07-03,COIN,-4.25,0,9,7
2021-07-10,COIN,-2.25,2,4,3
2021-07-17,COIN,-1.0,1,2,1
2021-07-24,COIN,0.5,0,2,2
2021-07-31,COIN,-0.62,2,9,6
2021-08-07,COIN,-2.37,0,44,28
2021-08-14,COIN,-0.25,0,1,1
2021-08-21,COIN,1.5,0,4,2
2021-08-28,COIN,-0.5,0,1,1
2021-09-04,COIN,-5.25,2,22,8
2021-09-18,COIN,-1.5,0,8,3
2021-09-25,COIN,-16.75,2,39,29
2021-10-02,COIN,-12.5,3,38,27
2021-10-09,COIN,-2.25,4,14,7
2021-10-16,COIN,-0.75,2,3,2
2021-10-23,COIN,-1.5,0,5,5
2021-10-30,COIN,-5.25,2,23,16
2021-11-06,COIN,-1.0,0,9,8
2021-11-13,COIN,0.0,0,10,6
2021-11-20,COIN,0.0,0,7,5
2021-11-27,COIN,-2.25,1,8,8
2021-12-04,COIN,0.0,0,1,1
2021-12-11,COIN,-3.0,0,9,7
2021-12-25,COIN,-1.75,1,6,5
2022-01-08,COIN,-3.0,1,12,6
2022-01-15,COIN,2.25,1,9,5
2022-01-22,COIN,-1.0,1,5,3
2022-01-29,COIN,-2.25,2,5,2
2022-02-05,COIN,-3.0,0,12,4
2022-02-12,COIN,1.0,0,2,1
2022-02-19,COIN,-2.0,0,13,10
2022-03-05,COIN,0.75,0,2,1
2022-03-12,COIN,0.0,0,2,2
2022-03-19,COIN,-10.75,4,45,26
2022-03-26,COIN,-7.0,2,14,7
2022-04-02,COIN,-2.0,1,8,3
2022-04-09,COIN,-0.5,0,5,4
2022-04-23,COIN,-5.75,0,15,7
2022-04-30,COIN,-12.25,0,24,7
2022-05-07,COIN,-2.0,4,27,12
2022-05-14,COIN,-8.25,1,34,18
2022-05-21,COIN,-1.0,1,4,2
2022-05-28,COIN,-0.25,0,4,3
2022-06-04,COIN,-1.75,1,3,2
2022-06-11,COIN,-5.5,2,14,10
2022-06-18,COIN,-0.5,0,2,2
2022-06-25,COIN,-0.5,1,2,1
2022-07-02,COIN,-0.5,0,1,1
2022-07-09,COIN,0.0,0,1,1
2022-07-16,COIN,-1.0,0,2,2
2022-07-23,COIN,-0.5,0,1,1
2022-09-03,COIN,-0.5,0,7,3
2022-09-17,COIN,-0.5,0,4,2
2022-09-24,COIN,-2.75,0,5,2
2022-10-08,COIN,-2.25,0,4,1
2022-10-29,COIN,-3.75,0,6,2
2022-11-05,COIN,-2.75,1,15,12
2022-11-12,COIN,-6.75,2,29,19
2022-11-19,COIN,-1.0,0,6,3
2022-11-26,COIN,1.0,0,2,1
2022-12-10,COIN,-4.25,0,7,2
2022-12-17,COIN,-7.5,5,19,9
2023-01-07,COIN,-14.75,2,32,16
2023-01-21,COIN,-0.5,0,1,1
2023-02-04,COIN,1.5,0,2,1
2023-02-11,COIN,-0.5,0,4,2
2023-02-18,COIN,0.75,0,1,1
2023-03-04,COIN,-0.25,0,6,4
2023-03-11,COIN,-1.5,3,3,1
2023-03-18,COIN,-4.0,3,8,4
2023-03-25,COIN,0.0,0,2,2
2023-04-01,COIN,-0.5,0,1,1
2023-04-15,COIN,-1.25,0,2,1
2023-04-22,COIN,-5.25,0,12,3
2023-04-29,COIN,-0.5,0,1,1
2023-05-13,COIN,0.5,0,1,1
2023-06-03,COIN,-4.0,1,8,5
2023-06-10,COIN,-0.5,0,1,1
2023-06-17,COIN,-3.0,0,6,4
2023-06-24,COIN,1.0,0,4,2
2023-08-12,COIN,-2.0,4,6,4
2023-08-19,COIN,-2.5,0,5,2
2023-08-26,COIN,-3.75,2,6,2
2023-09-09,COIN,-0.5,0,3,3
2023-09-16,COIN,-3.75,4,8,6
2023-09-30,COIN,1.25,0,2,1
2023-10-14,COIN,-2.5,1,6,2
2023-10-28,COIN,-0.25,0,6,5
2023-11-11,COIN,-0.5,0,1,1
2023-11-25,COIN,-1.0,0,6,5
2023-12-02,COIN,0.5,0,8,3
2023-12-30,COIN,-2.0,0,6,5
2024-01-06,COIN,-3.0,4,19,11
2024-01-13,COIN,1.5,0,8,5
2024-01-27,COIN,0.25,0,1,1
2024-02-03,COIN,-1.0,1,6,4
2024-02-10,COIN,0.75,0,3,2
2024-02-17,COIN,-1.25,0,4,2
2024-02-24,COIN,-0.5,3,5,4
2024-03-02,COIN,-1.5,0,3,3
2024-03-09,COIN,-1.25,1,9,6
2024-03-16,COIN,-1.5,0,5,3
2024-03-23,COIN,-2.5,0,6,3
2024-03-30,COIN,0.5,0,1,1
2024-04-06,COIN,-1.5,0,6,4
2024-04-13,COIN,-1.0,0,5,3
2024-04-27,COIN,-1.25,0,3,2
2024-05-04,COIN,-1.0,0,2,1
2024-06-08,COIN,-2.25,3,10,6
2024-06-15,COIN,-5.5,1,8,3
2024-06-29,COIN,2.0,0,5,3
2024-07-13,COIN,-0.5,1,3,2
2024-07-20,COIN,-1.25,1,5,2
2024-08-10,COIN,1.5,0,2,1
2024-08-17,COIN,0.0,2,5,3
2024-08-31,COIN,-1.0,2,2,1
2024-09-07,COIN,-0.5,0,1,1
2024-09-28,COIN,-4.25,0,7,3
2024-10-05,COIN,1.25,0,3,3
2024-10-26,COIN,-0.5,0,1,1
2024-11-02,COIN,0.0,0,1,1
2024-11-09,COIN,-0.75,0,3,3
2024-11-16,COIN,-1.0,1,7,7
2024-11-23,COIN,-0.75,0,9,7
2024-11-30,COIN,-4.0,0,9,5
2024-12-07,COIN,0.5,0,6,4
2024-12-14,COIN,-1.62,1,5,3
2024-12-21,COIN,-1.5,2,8,3
2024-12-28,COIN,-0.75,0,2,2
2025-01-04,COIN,1.75,1,7,5
2025-01-11,COIN,-11.0,2,25,14
2025-01-25,COIN,1.25,0,3,3
2025-02-08,COIN,-1.63,0,3,3
2025-02-15,COIN,-1.0,0,2,1
2025-02-22,COIN,-1.13,0,3,3
2025-03-01,COIN,-1.0,0,4,1
2025-03-08,COIN,-1.5,0,6,2
2025-03-29,COIN,-0.75,0,2,2
2025-04-05,COIN,-1.5,0,3,1
2025-04-19,COIN,-0.5,1,1,1
2025-04-26,COIN,-0.25,0,1,1
2025-05-10,COIN,-3.0,0,7,4
2025-05-31,COIN,-3.5,4,13,5
2025-06-14,COIN,-2.25,0,7,3
2025-06-21,COIN,-0.5,1,3,1
2025-07-05,COIN,-0.5,1,1,1
2025-07-12,COIN,-5.25,1,20,9
2025-07-19,COIN,-1.0,2,2,1
2025-07-26,COIN,-1.5,0,5,2
2025-08-09,COIN,-0.5,0,7,3
2025-08-16,COIN,-0.5,0,1,1
2025-08-30,COIN,-0.5,1,4,3
2025-09-06,COIN,0.75,0,4,3
2025-09-13,COIN,0.5,0,1,1
2025-09-27,COIN,-1.0,0,2,2
2025-10-04,COIN,-0.5,0,1,1
2025-10-11,COIN,-3.25,0,10,5
2025-10-18,COIN,-1.75,6,10,5
2025-10-25,COIN,0.25,0,1,1
2025-11-15,COIN,-0.25,0,2,1
2025-12-06,COIN,0.5,0,5,4
2025-12-13,COIN,-1.0,0,2,1
2025-12-20,COIN,-1.0,0,2,1
2025-12-27,COIN,-2.25,0,5,3
2026-01-10,COIN,-0.5,0,1,1
2026-01-24,COIN,-0.75,0,1,1
2026-01-31,COIN,-0.5,0,2,1
2026-02-07,COIN,0.5,0,1,1
2026-02-14,COIN,-0.25,0,1,1
2026-03-21,COIN,0.5,0,1,1
2026-03-28,COIN,-0.5,0,1,1
2026-04-11,COIN,-0.5,0,2,1
2026-05-09,COIN,0.0,0,2,1
2026-05-30,COIN,-0.5,1,1,1
2026-06-13,COIN,-0.25,1,7,4
2018-01-06,COST,1.25,0,6,3
2018-01-13,COST,-1.5,0,5,3
2018-01-27,COST,-2.5,0,5,2
2018-02-03,COST,-0.5,0,2,2
2018-02-10,COST,-2.0,0,4,1
2018-02-17,COST,5.0,0,19,14
2018-02-24,COST,0.25,0,1,1
2018-03-03,COST,-0.5,0,1,1
2018-04-14,COST,-0.75,0,2,2
2018-04-21,COST,-3.25,3,12,6
2018-05-05,COST,-0.25,1,1,1
2018-05-19,COST,-0.25,0,2,2
2018-05-26,COST,0.75,0,16,12
2018-06-02,COST,-0.5,0,2,2
2018-06-09,COST,1.5,0,3,1
2018-07-14,COST,-0.5,0,3,3
2018-07-21,COST,-1.0,0,3,1
2018-08-18,COST,0.0,0,2,1
2018-08-25,COST,-3.75,0,5,1
2018-09-01,COST,0.0,0,1,1
2018-09-08,COST,-1.75,0,3,2
2018-09-15,COST,-0.25,0,1,1
2018-09-29,COST,0.5,0,3,1
2018-10-06,COST,1.0,0,2,1
2018-10-20,COST,-0.25,0,1,1
2018-11-10,COST,-1.0,0,2,1
2018-11-17,COST,0.0,0,1,1
2018-12-08,COST,-0.5,0,1,1
2019-01-05,COST,-0.5,0,2,2
2019-02-02,COST,0.25,0,2,2
2019-02-09,COST,-0.5,0,6,5
2019-02-16,COST,-0.25,0,1,1
2019-02-23,COST,-1.0,0,3,2
2019-03-02,COST,-0.5,0,60,41
2019-03-09,COST,-2.0,1,5,5
2019-03-23,COST,-8.0,0,13,8
2019-04-06,COST,-1.0,0,6,6
2019-04-13,COST,-2.5,0,5,2
2019-04-20,COST,-0.5,0,3,1
2019-04-27,COST,0.25,1,8,5
2019-05-11,COST,1.5,0,3,1
2019-05-25,COST,-2.0,0,3,1
2019-06-01,COST,0.5,0,3,3
2019-06-08,COST,-1.75,0,3,1
2019-06-15,COST,0.5,0,4,1
2019-06-22,COST,-0.25,2,8,3
2019-07-06,COST,0.5,0,3,3
2019-07-13,COST,0.25,0,4,3
2019-07-27,COST,-0.5,0,1,1
2019-08-10,COST,0.25,0,3,2
2019-08-17,COST,-0.5,0,1,1
2019-08-24,COST,-3.0,0,6,6
2019-09-07,COST,-1.25,2,3,2
2019-09-28,COST,0.5,0,4,2
2019-10-19,COST,-1.5,0,3,1
2019-10-26,COST,0.5,0,1,1
2019-11-02,COST,-1.75,0,3,1
2019-11-09,COST,0.0,0,4,3
2019-11-16,COST,1.5,0,5,5
2019-11-23,COST,0.75,0,6,6
2019-12-07,COST,0.0,0,1,1
2019-12-14,COST,-0.5,0,3,2
2019-12-21,COST,-1.5,3,3,1
2019-12-28,COST,0.5,0,2,2
2020-01-04,COST,-0.5,0,2,1
2020-01-11,COST,0.25,0,2,2
2020-01-18,COST,0.25,0,3,2
2020-02-08,COST,-1.0,0,2,1
2020-02-15,COST,-0.25,0,1,1
2020-02-22,COST,-0.25,0,6,5
2020-02-29,COST,-6.75,7,27,17
2020-03-07,COST,-1.5,6,27,12
2020-03-14,COST,-3.25,0,16,15
2020-03-21,COST,-1.0,3,11,7
2020-03-28,COST,0.0,1,5,3
2020-04-04,COST,-8.5,0,18,12
2020-04-11,COST,-2.25,1,11,7
2020-04-18,COST,-6.0,6,21,13
2020-04-25,COST,-0.5,0,1,1
2020-05-02,COST,-2.0,0,6,3
2020-05-09,COST,0.5,0,1,1
2020-05-16,COST,-1.0,0,8,4
2020-05-23,COST,2.5,0,5,2
2020-05-30,COST,0.5,2,5,1
2020-06-06,COST,-4.0,0,7,2
2020-06-13,COST,-0.5,0,1,1
2020-06-20,COST,-1.5,0,5,5
2020-07-04,COST,-0.5,1,1,1
2020-07-11,COST,-0.5,0,2,2
2020-07-25,COST,-1.25,0,3,2
2020-08-01,COST,-0.5,0,1,1
2020-08-15,COST,-1.5,0,3,1
2020-08-22,COST,-0.5,0,1,1
2020-08-29,COST,0.0,0,1,1
2020-09-05,COST,9.5,0,30,21
2020-09-12,COST,-0.25,0,2,2
2020-09-19,COST,1.25,2,16,11
2020-09-26,COST,1.0,0,2,2
2020-10-10,COST,-1.0,0,3,2
2020-10-17,COST,1.0,0,6,3
2020-10-24,COST,2.5,0,7,5
2020-11-07,COST,-1.0,0,15,14
2020-11-14,COST,-1.13,0,32,23
2020-11-21,COST,-0.25,0,8,4
2020-11-28,COST,-0.5,0,1,1
2020-12-05,COST,0.0,0,2,2
2020-12-12,COST,0.5,0,2,1
2020-12-19,COST,-0.5,0,5,5
2020-12-26,COST,-1.5,0,3,2
2021-01-02,COST,-1.0,2,4,1
2021-01-09,COST,1.0,0,8,6
2021-01-16,COST,-1.25,0,2,2
2021-01-23,COST,-0.5,0,1,1
2021-01-30,COST,0.0,0,3,3
2021-02-06,COST,0.5,0,4,1
2021-02-13,COST,0.5,0,1,1
2021-02-20,COST,0.0,0,3,3
2021-02-27,COST,-4.0,1,27,18
2021-03-06,COST,1.75,1,5,3
2021-03-13,COST,-5.0,0,14,8
2021-03-20,COST,-2.5,0,5,3
2021-03-27,COST,-0.75,0,1,1
2021-04-03,COST,-0.5,0,1,1
2021-04-10,COST,0.0,0,1,1
2021-04-17,COST,-0.5,1,5,2
2021-05-01,COST,-1.5,0,4,3
2021-05-08,COST,-0.5,0,1,1
2021-05-15,COST,1.0,0,2,1
2021-05-22,COST,-1.5,0,4,2
2021-06-05,COST,-2.5,0,5,3
2021-06-12,COST,-0.75,0,2,2
2021-06-19,COST,-1.5,0,3,2
2021-07-03,COST,1.0,0,2,2
2021-07-17,COST,-1.5,2,3,2
2021-07-31,COST,-0.25,0,2,1
2021-08-07,COST,-3.0,0,6,4
2021-08-14,COST,0.12,0,6,5
2021-09-04,COST,0.5,0,3,2
2021-09-25,COST,-1.0,2,6,2
2021-10-02,COST,0.5,0,1,1
2021-10-30,COST,0.0,0,1,1
2021-11-06,COST,-0.25,0,5,4
2021-11-13,COST,0.5,0,2,2
2021-11-20,COST,-0.5,0,1,1
2021-11-27,COST,-0.25,0,2,1
2021-12-04,COST,0.25,0,3,2
2021-12-18,COST,0.5,0,1,1
2021-12-25,COST,-0.5,0,2,2
2022-01-01,COST,0.5,0,1,1
2022-01-08,COST,-0.5,0,3,3
2022-01-15,COST,-0.75,2,7,5
2022-01-22,COST,-0.25,0,9,4
2022-02-05,COST,0.0,0,1,1
2022-02-12,COST,0.25,0,2,1
2022-02-19,COST,-0.5,0,1,1
2022-02-26,COST,0.5,0,1,1
2022-03-05,COST,1.0,0,2,2
2022-03-19,COST,0.0,0,1,1
2022-04-09,COST,2.25,0,7,4
2022-04-16,COST,0.5,0,1,1
2022-04-23,COST,-1.75,2,9,4
2022-04-30,COST,0.5,0,1,1
2022-05-07,COST,-0.5,0,2,2
2022-05-14,COST,-2.76,1,31,27
2022-05-21,COST,-2.0,0,13,9
2022-05-28,COST,-0.5,0,1,1
2022-06-04,COST,-0.5,0,2,2
2022-06-11,COST,-0.5,0,1,1
2022-07-02,COST,0.5,0,1,1
2022-07-16,COST,-0.5,0,1,1
2022-07-30,COST,-3.0,0,5,3
2022-08-06,COST,0.0,0,1,1
2022-08-20,COST,1.5,0,4,2
2022-09-03,COST,0.25,0,1,1
2022-09-10,COST,-0.5,0,3,2
2022-09-17,COST,0.5,0,1,1
2022-09-24,COST,0.0,0,2,2
2022-10-01,COST,1.0,0,3,2
2022-10-08,COST,0.5,0,1,1
2022-10-15,COST,-1.75,0,8,5
2022-10-22,COST,-0.5,0,2,2
2022-11-19,COST,0.5,0,1,1
2022-12-03,COST,-3.75,0,6,1
2022-12-24,COST,-0.5,0,1,1
2022-12-31,COST,1.5,0,6,2
2023-01-07,COST,-0.5,0,1,1
2023-01-14,COST,0.0,0,1,1
2023-01-21,COST,-0.5,0,1,1
2023-01-28,COST,0.75,0,1,1
2023-02-11,COST,-0.75,0,3,2
2023-02-25,COST,-0.5,0,1,1
2023-03-18,COST,1.5,0,3,2
2023-04-08,COST,0.5,0,1,1
2023-04-15,COST,-0.5,0,1,1
2023-04-29,COST,-2.25,0,3,1
2023-06-03,COST,0.5,0,2,2
2023-06-10,COST,-2.25,0,5,4
2023-06-17,COST,-0.5,0,1,1
2023-07-22,COST,-1.5,0,2,1
2023-08-12,COST,-0.5,0,1,1
2023-08-19,COST,-1.5,0,3,2
2023-08-26,COST,-1.0,0,2,1
2023-09-02,COST,-1.75,0,3,1
2023-09-09,COST,-0.5,0,1,1
2023-09-16,COST,0.25,1,2,2
2023-09-30,COST,-1.5,0,7,6
2023-10-07,COST,-1.0,0,2,2
2023-10-14,COST,-1.5,0,3,1
2023-10-21,COST,-1.75,0,5,3
2023-10-28,COST,-1.5,0,2,1
2023-11-04,COST,2.0,0,4,1
2023-11-11,COST,-0.5,0,1,1
2023-11-18,COST,-0.5,0,2,2
2023-11-25,COST,3.0,0,6,3
2023-12-09,COST,-1.5,0,2,1
2023-12-16,COST,-0.75,0,2,2
2023-12-23,COST,1.0,0,2,1
2023-12-30,COST,-5.0,4,10,4
2024-01-13,COST,-0.5,0,2,2
2024-01-20,COST,0.0,0,2,2
2024-01-27,COST,-0.5,0,1,1
2024-02-03,COST,-0.5,0,1,1
2024-02-17,COST,-1.0,0,2,2
2024-02-24,COST,1.0,0,7,6
2024-03-02,COST,1.25,0,5,5
2024-03-09,COST,1.5,0,3,1
2024-03-16,COST,1.5,0,5,5
2024-03-23,COST,0.5,0,4,4
2024-03-30,COST,0.0,0,9,7
2024-04-06,COST,-1.88,3,30,24
2024-04-13,COST,-4.0,2,18,13
2024-04-27,COST,0.25,0,2,1
2024-05-04,COST,-0.5,0,7,5
2024-05-11,COST,0.0,0,2,2
2024-05-18,COST,0.5,0,1,1
2024-05-25,COST,0.5,0,5,4
2024-06-08,COST,1.0,0,2,2
2024-06-15,COST,-0.5,0,3,3
2024-06-22,COST,-1.0,0,3,3
2024-06-29,COST,0.5,0,2,1
2024-07-06,COST,-1.0,0,2,2
2024-07-20,COST,-2.0,0,4,2
2024-08-10,COST,-0.5,2,3,2
2024-08-17,COST,0.25,0,2,2
2024-08-31,COST,-3.75,1,14,8
2024-09-07,COST,-1.75,1,6,6
2024-09-21,COST,-2.75,1,10,7
2024-09-28,COST,-4.75,0,12,8
2024-10-05,COST,-1.0,0,2,1
2024-10-12,COST,-1.0,0,2,2
2024-11-02,COST,-1.5,0,4,3
2024-11-09,COST,-0.75,0,3,1
2024-11-16,COST,0.5,0,1,1
2024-11-23,COST,-2.5,0,5,4
2024-11-30,COST,0.5,0,1,1
2024-12-07,COST,-1.0,1,2,2
2024-12-14,COST,0.75,0,6,5
2024-12-21,COST,-1.0,0,2,2
2024-12-28,COST,1.0,0,6,5
2025-01-04,COST,1.75,0,4,4
2025-01-25,COST,-0.5,0,4,3
2025-02-01,COST,-2.5,2,5,3
2025-02-08,COST,-7.0,0,12,3
2025-02-15,COST,2.25,0,34,25
2025-02-22,COST,0.0,0,9,6
2025-03-01,COST,-1.5,0,8,6
2025-03-08,COST,-5.5,3,18,12
2025-03-15,COST,-3.0,0,7,5
2025-03-22,COST,-3.75,0,8,6
2025-03-29,COST,-4.25,1,24,15
2025-04-05,COST,-1.25,3,8,5
2025-04-12,COST,0.5,0,9,5
2025-04-19,COST,0.5,0,11,6
2025-04-26,COST,-3.0,0,16,12
2025-05-03,COST,0.0,0,2,2
2025-05-10,COST,1.5,0,3,1
2025-05-24,COST,-0.5,2,7,6
2025-05-31,COST,-1.5,2,8,5
2025-06-07,COST,0.5,0,1,1
2025-06-14,COST,3.0,0,11,4
2025-06-21,COST,-1.88,0,6,6
2025-06-28,COST,1.0,0,2,2
2025-07-12,COST,-0.5,2,9,5
2025-07-19,COST,1.5,0,8,4
2025-07-26,COST,-1.0,0,2,2
2025-08-02,COST,1.0,0,4,3
2025-08-09,COST,-10.5,0,26,21
2025-08-16,COST,-0.5,0,4,3
2025-08-23,COST,1.0,0,4,2
2025-08-30,COST,-0.75,0,5,4
2025-09-06,COST,0.0,0,4,4
2025-09-13,COST,-1.5,1,3,1
2025-09-20,COST,-1.5,0,3,2
2025-10-04,COST,-1.0,0,4,4
2025-10-11,COST,-0.5,0,1,1
2025-10-18,COST,-2.0,1,5,3
2025-10-25,COST,-1.0,0,5,5
2025-11-01,COST,-2.5,1,9,7
2025-11-08,COST,-0.75,0,5,4
2025-11-15,COST,0.5,0,1,1
2025-11-22,COST,1.25,0,5,2
2025-12-06,COST,-0.25,0,2,2
2025-12-13,COST,0.75,2,11,6
2025-12-20,COST,-1.0,0,2,1
2025-12-27,COST,-0.5,0,1,1
2026-01-03,COST,-1.75,0,5,5
2026-01-10,COST,0.0,0,2,2
2026-01-17,COST,-1.5,4,8,5
2026-01-24,COST,1.0,0,6,5
2026-01-31,COST,0.0,0,1,1
2026-02-07,COST,0.5,0,1,1
2026-02-14,COST,-3.75,0,9,5
2026-02-21,COST,-0.5,1,2,1
2026-02-28,COST,-1.0,1,7,5
2026-03-14,COST,0.0,0,2,2
2026-03-21,COST,-0.5,0,1,1
2026-03-28,COST,-2.25,0,9,4
2026-04-04,COST,-2.0,0,3,2
2026-04-18,COST,-0.5,0,2,1
2026-05-02,COST,-1.0,0,2,1
2026-05-09,COST,-1.5,0,3,2
2026-05-23,COST,0.0,0,2,1
2026-06-06,COST,-2.75,0,6,3
2026-06-13,COST,3.5,0,39,29
2026-06-20,COST,0.25,0,3,2
2026-07-11,COST,-1.25,0,3,2
2017-12-30,CRM,1.5,0,3,2
2018-01-20,CRM,-1.0,0,2,2
2018-03-03,CRM,-1.0,0,2,1
2018-03-10,CRM,0.5,0,1,1
2018-03-17,CRM,0.25,0,5,2
2018-03-24,CRM,0.0,0,1,1
2018-06-02,CRM,0.5,0,3,2
2018-07-07,CRM,-0.5,0,1,1
2018-07-28,CRM,-6.5,0,17,9
2018-08-04,CRM,0.0,0,2,1
2018-08-11,CRM,-3.25,0,6,3
2018-08-25,CRM,-1.25,0,8,5
2018-09-01,CRM,-0.5,1,1,1
2018-09-15,CRM,-1.0,0,2,2
2018-09-29,CRM,0.5,0,1,1
2019-01-19,CRM,0.5,0,1,1
2019-03-30,CRM,-1.0,0,2,1
2019-04-13,CRM,-1.5,0,3,1
2019-05-18,CRM,0.5,0,1,1
2019-06-08,CRM,-4.5,0,10,6
2019-06-15,CRM,0.0,0,4,2
2019-07-27,CRM,1.25,0,5,2
2019-08-03,CRM,1.0,0,2,1
2019-08-17,CRM,0.0,0,3,3
2019-10-05,CRM,-0.5,0,1,1
2019-10-12,CRM,-1.0,0,2,1
2019-10-19,CRM,-1.0,0,2,2
2019-11-09,CRM,-0.5,0,4,2
2020-01-11,CRM,0.0,0,2,2
2020-02-08,CRM,-0.63,2,3,2
2020-02-15,CRM,0.5,0,1,1
2020-02-22,CRM,-1.25,0,2,1
2020-02-29,CRM,0.0,0,2,2
2020-04-04,CRM,-0.5,0,1,1
2020-04-11,CRM,-0.5,0,1,1
2020-05-02,CRM,1.25,0,2,1
2020-06-20,CRM,-4.75,0,8,6
2020-07-11,CRM,0.25,0,1,1
2020-07-18,CRM,0.5,0,1,1
2020-08-01,CRM,-0.5,0,1,1
2020-08-22,CRM,-13.5,1,40,28
2020-08-29,CRM,-5.75,4,13,7
2020-09-05,CRM,0.0,0,3,1
2020-09-12,CRM,-1.25,0,2,2
2020-09-19,CRM,-0.5,0,1,1
2020-09-26,CRM,-0.5,0,1,1
2020-10-10,CRM,0.5,0,6,1
2020-10-24,CRM,0.0,0,1,1
2020-11-14,CRM,1.0,0,4,3
2020-11-21,CRM,-10.620000000000001,3,27,16
2020-11-28,CRM,-5.0,0,38,25
2020-12-05,CRM,-0.5,0,5,5
2020-12-19,CRM,0.25,0,3,3
2021-01-02,CRM,0.5,0,2,1
2021-01-09,CRM,1.0,1,4,3
2021-01-16,CRM,2.75,0,6,4
2021-01-23,CRM,-2.0,0,3,1
2021-01-30,CRM,-1.25,0,4,2
2021-02-06,CRM,-0.5,1,5,4
2021-02-13,CRM,0.25,0,1,1
2021-02-20,CRM,-0.25,0,1,1
2021-02-27,CRM,-1.0,1,2,2
2021-03-06,CRM,-0.25,0,3,2
2021-03-13,CRM,0.25,0,2,1
2021-03-20,CRM,-1.63,0,4,3
2021-04-03,CRM,1.0,0,2,1
2021-04-10,CRM,0.0,0,2,2
2021-05-01,CRM,-0.75,0,1,1
2021-05-15,CRM,-0.5,0,1,1
2021-05-22,CRM,0.5,0,3,2
2021-06-05,CRM,0.5,0,1,1
2021-07-17,CRM,0.0,0,2,2
2021-08-21,CRM,1.0,0,2,1
2021-08-28,CRM,-0.75,0,4,3
2021-11-20,CRM,0.0,0,1,1
2021-12-04,CRM,-0.5,0,3,2
2021-12-11,CRM,1.0,0,2,1
2022-01-08,CRM,-1.0,0,2,1
2022-01-15,CRM,1.0,0,2,1
2022-04-30,CRM,0.5,0,5,2
2022-06-04,CRM,-1.75,0,3,1
2022-10-15,CRM,0.0,0,2,2
2022-10-22,CRM,1.0,0,2,2
2022-12-31,CRM,0.0,0,1,1
2023-02-11,CRM,-2.25,0,5,4
2023-02-25,CRM,-1.0,0,3,1
2023-05-27,CRM,0.0,0,1,1
2023-09-09,CRM,-0.5,0,2,1
2023-09-16,CRM,0.0,0,1,1
2023-11-04,CRM,-0.5,0,1,1
2023-11-11,CRM,-0.5,0,1,1
2024-02-10,CRM,-0.5,0,1,1
2024-02-24,CRM,-3.25,1,7,5
2024-05-25,CRM,0.0,0,1,1
2024-06-01,CRM,0.25,0,2,1
2024-06-15,CRM,-0.5,0,1,1
2024-07-27,CRM,0.5,0,1,1
2024-09-14,CRM,0.0,1,4,1
2024-12-14,CRM,0.5,0,1,1
2024-12-21,CRM,-0.5,1,2,1
2025-02-22,CRM,-1.25,0,2,2
2025-03-22,CRM,-1.0,0,2,1
2025-05-03,CRM,-2.0,0,3,1
2025-06-28,CRM,-0.5,0,3,2
2025-07-12,CRM,-0.5,0,1,1
2025-07-19,CRM,-0.5,0,1,1
2025-08-16,CRM,0.5,0,1,1
2025-09-06,CRM,-1.0,0,2,1
2025-09-13,CRM,-1.5,0,3,2
2025-10-25,CRM,-2.5,2,4,1
2026-01-17,CRM,-10.75,0,33,17
2026-01-31,CRM,-6.5,0,15,7
2026-02-07,CRM,-2.0,0,6,3
2026-02-14,CRM,-8.25,1,18,9
2026-02-21,CRM,-0.5,0,7,3
2026-03-14,CRM,-4.75,0,28,14
2026-03-28,CRM,-0.75,0,1,1
2026-04-04,CRM,-2.75,0,4,1
2026-05-02,CRM,0.5,0,3,1
2026-05-16,CRM,-0.5,0,1,1
2026-05-30,CRM,-0.5,0,1,1
2026-06-13,CRM,-12.75,0,29,17
2026-06-20,CRM,-1.0,0,3,3
2026-06-27,CRM,2.0,0,7,3
2026-07-11,CRM,0.5,0,1,1
2018-01-06,CSCO,-0.5,0,1,1
2018-02-17,CSCO,-0.5,1,4,2
2018-02-24,CSCO,-0.75,0,1,1
2018-03-10,CSCO,0.5,0,1,1
2018-03-17,CSCO,1.0,0,2,1
2018-03-24,CSCO,-1.5,0,2,1
2018-04-07,CSCO,0.0,1,2,1
2018-04-21,CSCO,0.0,0,4,2
2018-05-12,CSCO,-0.5,0,1,1
2018-07-07,CSCO,-0.5,0,1,1
2018-07-14,CSCO,0.5,0,1,1
2018-07-21,CSCO,-0.5,0,1,1
2018-07-28,CSCO,-1.75,1,3,3
2018-08-18,CSCO,-1.0,0,2,2
2018-09-15,CSCO,-0.75,0,2,2
2018-10-13,CSCO,-0.5,0,1,1
2018-12-15,CSCO,0.0,0,2,2
2018-12-29,CSCO,-2.5,0,5,2
2019-01-26,CSCO,-0.5,0,3,2
2019-02-02,CSCO,0.5,0,1,1
2019-03-09,CSCO,-0.25,0,1,1
2019-04-06,CSCO,0.5,0,1,1
2019-04-13,CSCO,0.0,0,2,2
2019-04-20,CSCO,0.0,0,2,2
2019-05-11,CSCO,-4.25,0,8,4
2019-05-18,CSCO,0.0,0,4,4
2019-05-25,CSCO,-0.5,0,1,1
2019-06-15,CSCO,0.0,0,1,1
2019-06-22,CSCO,0.5,0,2,1
2019-07-13,CSCO,-1.25,0,2,2
2019-09-21,CSCO,-0.5,0,1,1
2019-09-28,CSCO,-1.0,0,2,2
2019-11-09,CSCO,0.5,0,3,2
2019-11-16,CSCO,0.0,0,1,1
2019-12-28,CSCO,-1.0,0,2,2
2020-01-11,CSCO,-1.5,0,3,1
2020-01-25,CSCO,-0.5,0,3,3
2020-02-08,CSCO,-0.5,0,4,2
2020-02-15,CSCO,-1.0,1,2,2
2020-02-22,CSCO,0.0,0,1,1
2020-02-29,CSCO,-1.0,1,3,1
2020-03-07,CSCO,1.5,0,4,2
2020-03-14,CSCO,-1.25,2,9,5
2020-03-21,CSCO,-1.0,0,2,2
2020-04-11,CSCO,-2.0,0,4,2
2020-04-18,CSCO,0.0,0,2,2
2020-04-25,CSCO,0.75,0,1,1
2020-05-02,CSCO,-1.25,1,2,2
2020-05-16,CSCO,-0.5,0,1,1
2020-05-23,CSCO,-1.5,0,6,3
2020-05-30,CSCO,-0.5,0,1,1
2020-06-06,CSCO,-0.5,1,1,1
2020-06-13,CSCO,1.5,0,3,1
2020-06-20,CSCO,-0.5,0,3,1
2020-07-04,CSCO,-1.0,2,3,2
2020-07-11,CSCO,-8.75,0,15,5
2020-07-18,CSCO,-1.0,1,2,1
2020-07-25,CSCO,0.0,0,1,1
2020-08-01,CSCO,-1.0,0,2,2
2020-08-15,CSCO,-2.0,0,4,4
2020-08-22,CSCO,-1.0,0,3,3
2020-08-29,CSCO,-2.75,1,10,8
2020-09-05,CSCO,-2.75,2,5,3
2020-09-19,CSCO,-0.5,0,2,1
2020-09-26,CSCO,-1.5,0,5,2
2020-10-17,CSCO,1.0,0,4,2
2020-10-24,CSCO,0.25,0,3,3
2020-10-31,CSCO,-2.13,0,4,4
2020-11-21,CSCO,-0.5,0,1,1
2020-11-28,CSCO,-0.5,0,1,1
2020-12-05,CSCO,-2.75,2,5,5
2020-12-19,CSCO,-2.25,2,5,3
2020-12-26,CSCO,1.5,0,8,8
2021-01-02,CSCO,-1.0,0,2,1
2021-01-09,CSCO,-0.5,0,1,1
2021-01-16,CSCO,-1.0,0,3,3
2021-01-23,CSCO,-1.75,1,6,3
2021-02-06,CSCO,-4.0,0,8,4
2021-02-13,CSCO,-3.25,0,7,5
2021-02-20,CSCO,-8.0,0,15,5
2021-02-27,CSCO,-0.25,0,7,3
2021-03-06,CSCO,-0.75,0,4,4
2021-03-13,CSCO,-0.5,0,1,1
2021-03-27,CSCO,-0.5,0,1,1
2021-04-03,CSCO,-3.0,0,6,4
2021-04-10,CSCO,-1.0,1,3,3
2021-05-08,CSCO,0.5,0,2,2
2021-06-19,CSCO,-1.0,0,2,2
2021-07-24,CSCO,-1.0,0,2,1
2021-07-31,CSCO,1.0,0,2,2
2021-08-14,CSCO,-0.5,0,1,1
2021-08-21,CSCO,-0.5,1,1,1
2021-09-04,CSCO,-1.0,2,2,1
2021-09-11,CSCO,0.5,0,1,1
2021-11-06,CSCO,-3.63,0,7,4
2021-11-27,CSCO,-0.5,1,1,1
2021-12-04,CSCO,-1.0,0,2,2
2021-12-11,CSCO,-1.0,0,2,2
2022-01-01,CSCO,-1.5,0,3,2
2022-01-08,CSCO,-1.0,2,2,1
2022-01-15,CSCO,-1.5,0,3,2
2022-02-05,CSCO,-0.75,0,6,5
2022-03-12,CSCO,-0.5,0,1,1
2022-03-19,CSCO,-1.0,0,3,2
2022-04-02,CSCO,-0.5,0,1,1
2022-04-09,CSCO,-0.5,0,1,1
2022-04-30,CSCO,-0.5,0,1,1
2022-05-07,CSCO,-0.5,0,2,2
2022-05-14,CSCO,-11.5,0,24,13
2022-05-21,CSCO,-0.5,0,1,1
2022-06-04,CSCO,-1.0,0,3,2
2022-06-11,CSCO,1.0,0,2,1
2022-06-18,CSCO,-1.0,0,2,2
2022-06-25,CSCO,-0.5,0,1,1
2022-07-02,CSCO,-0.5,0,1,1
2022-08-20,CSCO,-0.5,0,1,1
2022-09-17,CSCO,-2.0,4,4,1
2022-10-08,CSCO,-3.25,2,6,3
2022-11-05,CSCO,-2.5,0,4,1
2022-12-24,CSCO,-1.5,0,3,1
2022-12-31,CSCO,-0.5,0,1,1
2023-01-07,CSCO,-3.75,1,8,3
2023-01-14,CSCO,-1.0,0,2,1
2023-01-28,CSCO,-1.75,0,3,2
2023-02-04,CSCO,-1.0,0,2,1
2023-02-18,CSCO,-0.5,0,1,1
2023-03-04,CSCO,0.0,0,1,1
2023-04-08,CSCO,0.0,0,1,1
2023-05-27,CSCO,0.5,0,2,2
2023-06-10,CSCO,-1.5,0,3,1
2023-06-24,CSCO,-3.0,0,5,2
2023-07-15,CSCO,-0.5,0,1,1
2023-09-16,CSCO,-2.5,0,4,1
2023-10-07,CSCO,-0.5,0,1,1
2023-11-18,CSCO,-0.5,0,1,1
2023-12-02,CSCO,-0.5,1,1,1
2023-12-23,CSCO,-0.25,0,5,4
2024-01-06,CSCO,-2.75,0,12,9
2024-01-13,CSCO,-0.5,0,2,2
2024-01-20,CSCO,-1.0,0,4,3
2024-02-03,CSCO,-1.5,1,3,3
2024-02-10,CSCO,-0.5,0,1,1
2024-02-17,CSCO,-3.88,2,8,6
2024-03-09,CSCO,-0.5,0,1,1
2024-03-23,CSCO,-0.5,0,2,2
2024-03-30,CSCO,1.0,0,2,1
2024-04-20,CSCO,-1.75,0,3,2
2024-05-11,CSCO,1.0,0,3,1
2024-05-18,CSCO,-1.25,1,3,2
2024-05-25,CSCO,-0.5,0,1,1
2024-06-01,CSCO,0.5,0,4,2
2024-06-08,CSCO,0.25,0,3,1
2024-06-29,CSCO,-0.5,0,1,1
2024-07-20,CSCO,-0.75,0,1,1
2024-08-24,CSCO,-1.5,0,8,5
2024-09-07,CSCO,-0.5,0,1,1
2024-09-21,CSCO,-0.5,1,1,1
2024-10-19,CSCO,-0.5,0,1,1
2024-10-26,CSCO,-1.0,0,2,1
2024-11-30,CSCO,-0.5,2,5,3
2024-12-14,CSCO,-0.5,0,1,1
2024-12-28,CSCO,-1.0,0,2,2
2025-01-04,CSCO,-1.0,0,2,2
2025-01-11,CSCO,-0.5,0,1,1
2025-01-25,CSCO,-2.25,1,5,4
2025-02-08,CSCO,-0.5,2,7,6
2025-02-22,CSCO,-5.25,0,12,12
2025-03-01,CSCO,0.0,0,1,1
2025-03-08,CSCO,-1.0,1,2,1
2025-03-15,CSCO,0.5,0,5,1
2025-03-29,CSCO,-2.0,0,9,3
2025-05-10,CSCO,0.25,0,5,2
2025-06-28,CSCO,-0.5,0,1,1
2025-07-05,CSCO,-0.5,0,1,1
2025-07-19,CSCO,0.5,0,1,1
2025-07-26,CSCO,-4.25,6,12,6
2025-08-02,CSCO,-1.5,0,6,4
2025-08-09,CSCO,-0.25,0,5,3
2025-08-16,CSCO,-2.75,0,4,2
2025-08-23,CSCO,-3.0,1,10,6
2025-09-06,CSCO,-1.0,2,2,1
2025-09-20,CSCO,-0.5,0,1,1
2025-09-27,CSCO,-1.0,1,7,2
2025-10-04,CSCO,-2.0,2,4,2
2025-10-18,CSCO,-1.0,0,4,3
2025-10-25,CSCO,-1.5,0,4,3
2025-11-08,CSCO,-2.5,0,5,4
2025-11-15,CSCO,-4.5,0,9,7
2025-11-22,CSCO,-2.0,0,4,2
2025-11-29,CSCO,-1.0,0,2,2
2025-12-06,CSCO,1.5,0,5,2
2025-12-13,CSCO,-1.0,0,2,1
2025-12-20,CSCO,-0.5,0,2,1
2025-12-27,CSCO,-3.0,3,6,4
2026-01-03,CSCO,-0.5,1,1,1
2026-01-17,CSCO,-1.25,0,4,3
2026-01-31,CSCO,0.5,0,3,2
2026-02-14,CSCO,0.0,0,1,1
2026-02-21,CSCO,0.5,0,1,1
2026-02-28,CSCO,0.25,0,1,1
2026-03-07,CSCO,1.0,0,2,1
2026-04-18,CSCO,0.25,1,2,1
2026-04-25,CSCO,-1.0,0,4,4
2026-05-02,CSCO,-1.5,0,3,2
2026-05-09,CSCO,-0.5,0,5,4
2026-05-16,CSCO,-1.5,0,3,2
2026-05-23,CSCO,-2.0,0,4,2
2026-05-30,CSCO,0.5,0,1,1
2026-06-06,CSCO,-3.0,1,6,3
2026-06-13,CSCO,-1.0,0,3,2
2026-06-20,CSCO,-1.0,0,2,2
2026-06-27,CSCO,0.0,0,4,1
2018-01-06,CVX,0.5,0,1,1
2018-02-17,CVX,-0.5,1,1,1
2018-03-10,CVX,0.0,0,6,2
2018-03-24,CVX,-0.5,0,1,1
2018-05-05,CVX,-0.5,0,4,1
2018-05-12,CVX,-0.5,1,1,1
2018-10-13,CVX,-0.5,0,1,1
2018-10-20,CVX,0.5,0,1,1
2019-03-02,CVX,-0.5,0,1,1
2019-04-13,CVX,0.0,0,2,1
2019-06-01,CVX,0.0,0,1,1
2019-09-14,CVX,0.25,0,1,1
2019-11-02,CVX,1.0,0,2,1
2019-11-16,CVX,0.5,0,1,1
2019-12-14,CVX,-0.5,0,1,1
2019-12-21,CVX,0.0,0,2,1
2020-02-01,CVX,-0.25,0,1,1
2020-02-08,CVX,0.5,0,3,1
2020-02-22,CVX,-1.5,0,4,2
2020-03-07,CVX,-0.5,0,1,1
2020-03-28,CVX,1.0,0,4,2
2020-04-11,CVX,-4.0,0,6,1
2020-04-18,CVX,0.5,0,1,1
2020-04-25,CVX,0.0,1,2,2
2020-05-02,CVX,0.0,0,3,3
2020-05-09,CVX,0.5,1,3,1
2020-06-13,CVX,-1.5,1,4,3
2020-06-20,CVX,1.0,0,8,5
2020-07-04,CVX,-0.5,0,1,1
2020-07-11,CVX,0.5,0,2,2
2020-08-22,CVX,0.5,0,3,1
2020-09-05,CVX,-1.75,1,3,2
2020-09-12,CVX,-0.5,0,3,2
2020-10-10,CVX,0.0,0,6,3
2020-10-24,CVX,0.5,0,4,2
2020-11-14,CVX,0.25,0,1,1
2020-12-12,CVX,-0.5,0,2,1
2020-12-26,CVX,-0.5,0,1,1
2021-01-02,CVX,-0.75,0,1,1
2021-01-16,CVX,0.0,0,2,1
2021-01-23,CVX,-1.0,0,4,2
2021-01-30,CVX,0.37,0,4,3
2021-02-06,CVX,0.5,0,1,1
2021-02-13,CVX,-5.25,0,19,11
2021-02-20,CVX,-0.5,0,1,1
2021-03-06,CVX,0.25,0,2,2
2021-03-13,CVX,-1.0,0,2,1
2021-04-03,CVX,0.5,0,3,1
2021-05-08,CVX,-0.5,0,1,1
2021-05-22,CVX,-1.0,0,2,2
2021-06-26,CVX,-0.5,0,1,1
2021-07-17,CVX,-2.75,0,4,1
2021-07-24,CVX,-0.5,0,1,1
2021-10-02,CVX,0.5,0,3,1
2021-10-16,CVX,0.0,0,1,1
2021-10-23,CVX,0.0,0,1,1
2022-01-01,CVX,-0.25,0,2,2
2022-01-15,CVX,-1.5,0,3,1
2022-01-29,CVX,1.0,0,2,1
2022-02-05,CVX,-1.5,0,3,2
2022-02-26,CVX,-1.25,0,2,1
2022-03-05,CVX,0.0,0,2,1
2022-04-09,CVX,0.5,0,1,1
2022-04-30,CVX,-5.5,0,10,6
2022-06-04,CVX,0.5,0,1,1
2022-07-09,CVX,-0.5,0,1,1
2022-07-30,CVX,0.5,0,3,1
2022-08-06,CVX,-2.25,0,3,1
2023-01-14,CVX,-0.5,0,1,1
2023-02-11,CVX,-0.5,0,1,1
2023-03-18,CVX,0.25,0,1,1
2023-03-25,CVX,-0.5,0,1,1
2023-10-21,CVX,-0.5,0,1,1
2024-02-17,CVX,0.0,0,1,1
2024-03-02,CVX,1.0,0,2,2
2024-05-04,CVX,0.25,0,1,1
2024-06-29,CVX,-3.25,0,12,9
2024-07-13,CVX,1.75,0,7,3
2024-07-27,CVX,-1.0,0,2,1
2024-10-12,CVX,0.5,0,1,1
2024-11-02,CVX,0.5,0,1,1
2024-11-30,CVX,-1.5,2,3,2
2024-12-14,CVX,0.5,0,1,1
2025-02-01,CVX,-0.5,0,1,1
2025-02-15,CVX,0.0,0,2,2
2025-05-03,CVX,0.5,0,1,1
2025-06-21,CVX,-1.0,0,2,1
2025-07-12,CVX,-2.0,0,4,2
2025-09-06,CVX,-0.5,0,1,1
2025-10-04,CVX,-0.5,0,1,1
2026-01-03,CVX,-5.5,3,16,10
2026-01-10,CVX,-0.5,0,1,1
2026-01-17,CVX,-2.25,0,4,3
2026-03-21,CVX,0.0,0,4,3
2026-03-28,CVX,3.5,0,6,2
2026-04-04,CVX,0.5,0,1,1
2026-04-11,CVX,-3.0,2,6,3
2026-04-18,CVX,-0.5,0,1,1
2026-05-02,CVX,0.5,0,1,1
2026-05-09,CVX,-0.5,0,1,1
2026-05-30,CVX,-0.5,0,1,1
2026-07-11,CVX,0.25,0,2,1
2017-12-30,DIS,0.5,0,3,2
2018-01-06,DIS,-1.0,0,3,2
2018-01-13,DIS,0.0,0,2,1
2018-01-20,DIS,-2.5,1,8,6
2018-01-27,DIS,0.0,0,3,3
2018-02-03,DIS,-2.5,0,15,13
2018-02-10,DIS,0.75,0,3,2
2018-02-17,DIS,0.5,0,2,2
2018-02-24,DIS,0.8799999999999999,0,14,8
2018-03-03,DIS,2.0,0,15,12
2018-03-10,DIS,-2.5,1,16,11
2018-03-17,DIS,-0.5,0,1,1
2018-03-24,DIS,-0.5,0,1,1
2018-03-31,DIS,-1.75,0,9,6
2018-04-14,DIS,1.0,0,2,1
2018-04-21,DIS,-1.0,0,2,1
2018-04-28,DIS,-1.5,0,5,2
2018-05-05,DIS,-2.0,0,8,5
2018-05-12,DIS,-0.75,0,2,2
2018-05-19,DIS,-5.5,0,17,8
2018-05-26,DIS,-5.25,0,9,4
2018-06-02,DIS,-2.5,1,5,3
2018-06-09,DIS,-1.5,0,23,18
2018-06-16,DIS,-7.0,0,22,7
2018-06-23,DIS,-2.0,2,4,2
2018-06-30,DIS,-4.25,0,37,26
2018-07-07,DIS,-3.25,0,10,9
2018-07-14,DIS,7.25,1,28,18
2018-07-21,DIS,0.25,1,5,4
2018-07-28,DIS,0.5,0,5,3
2018-08-04,DIS,-0.75,0,5,5
2018-08-11,DIS,1.0,0,6,4
2018-08-18,DIS,-3.5,1,13,11
2018-08-25,DIS,0.12,0,2,2
2018-09-01,DIS,0.5,0,1,1
2018-09-08,DIS,-1.0,0,2,2
2018-09-22,DIS,-0.75,0,13,9
2018-09-29,DIS,-0.75,0,3,2
2018-10-06,DIS,0.0,0,12,11
2018-10-13,DIS,-0.5,0,9,6
2018-10-20,DIS,-5.25,0,21,19
2018-10-27,DIS,1.0,2,9,5
2018-11-03,DIS,1.0,0,4,3
2018-11-10,DIS,1.0,0,6,4
2018-11-17,DIS,-1.0,0,5,3
2018-11-24,DIS,0.25,1,2,2
2018-12-01,DIS,-0.5,0,5,3
2018-12-08,DIS,-1.5,2,5,3
2018-12-15,DIS,-1.0,0,4,3
2018-12-22,DIS,-0.5,1,5,3
2018-12-29,DIS,-1.5,0,3,3
2019-01-05,DIS,1.0,0,7,4
2019-01-12,DIS,-1.5,0,8,7
2019-01-19,DIS,-8.870000000000001,0,31,18
2019-01-26,DIS,-0.75,0,1,1
2019-02-02,DIS,-3.75,1,33,21
2019-02-09,DIS,0.0,0,1,1
2019-02-16,DIS,-5.75,0,11,8
2019-03-02,DIS,-0.5,0,1,1
2019-03-09,DIS,-1.0,0,5,3
2019-03-16,DIS,-0.25,3,24,14
2019-03-23,DIS,-1.5,0,9,8
2019-03-30,DIS,0.5,0,3,2
2019-04-06,DIS,5.5,0,58,42
2019-04-13,DIS,-15.5,2,81,59
2019-04-20,DIS,-9.0,0,40,35
2019-04-27,DIS,-0.25,0,11,11
2019-05-04,DIS,2.0,0,12,7
2019-05-11,DIS,-3.75,2,26,16
2019-05-18,DIS,-1.0,0,2,2
2019-05-25,DIS,-0.75,0,3,2
2019-06-01,DIS,0.5,0,1,1
2019-06-08,DIS,1.5,0,10,5
2019-06-15,DIS,2.75,0,8,6
2019-06-22,DIS,-1.5,0,3,2
2019-06-29,DIS,-3.5,2,11,8
2019-07-06,DIS,-1.75,5,18,8
2019-07-13,DIS,-4.5,1,9,7
2019-07-20,DIS,0.75,0,19,15
2019-08-03,DIS,-9.0,7,79,57
2019-08-10,DIS,-2.25,2,8,6
2019-08-17,DIS,-10.25,1,35,24
2019-08-24,DIS,-3.25,0,23,17
2019-08-31,DIS,-1.5,3,11,5
2019-09-07,DIS,-2.75,0,8,6
2019-09-14,DIS,-4.5,1,21,14
2019-09-21,DIS,-5.0,0,13,8
2019-09-28,DIS,-1.5,0,6,5
2019-10-12,DIS,0.25,0,15,12
2019-10-19,DIS,-6.0,1,12,6
2019-10-26,DIS,-0.5,0,3,2
2019-11-02,DIS,8.25,2,33,19
2019-11-09,DIS,-0.25,0,58,39
2019-11-16,DIS,7.25,0,33,23
2019-11-23,DIS,-1.5,3,50,30
2019-11-30,DIS,-4.25,0,9,5
2019-12-07,DIS,-4.0,2,27,24
2019-12-14,DIS,0.25,0,2,2
2019-12-21,DIS,-1.38,1,3,2
2019-12-28,DIS,-2.75,0,6,4
2020-01-04,DIS,-2.5,0,5,3
2020-01-11,DIS,-1.25,1,10,5
2020-01-18,DIS,0.0,0,2,2
2020-01-25,DIS,-4.0,2,12,6
2020-02-01,DIS,2.0,2,24,13
2020-02-08,DIS,-0.5,0,2,2
2020-02-15,DIS,0.0,0,8,4
2020-02-22,DIS,-4.75,2,42,24
2020-02-29,DIS,4.0,3,50,27
2020-03-07,DIS,-22.0,12,130,81
2020-03-14,DIS,0.62,12,103,61
2020-03-21,DIS,-7.75,5,62,30
2020-03-28,DIS,1.87,2,56,32
2020-04-04,DIS,-0.25,2,53,32
2020-04-11,DIS,-1.63,4,58,32
2020-04-18,DIS,-4.63,4,33,17
2020-04-25,DIS,2.0,2,38,25
2020-05-02,DIS,-16.13,6,107,70
2020-05-09,DIS,-15.5,1,81,51
2020-05-16,DIS,-1.5,2,22,11
2020-05-23,DIS,2.5,1,26,14
2020-05-30,DIS,-1.5,4,44,24
2020-06-06,DIS,0.5,1,9,8
2020-06-13,DIS,-0.75,0,11,6
2020-06-20,DIS,-17.0,11,154,98
2020-06-27,DIS,-6.38,2,17,8
2020-07-04,DIS,-3.5,1,9,6
2020-07-11,DIS,-17.25,10,68,43
2020-07-18,DIS,-3.0,0,10,6
2020-07-25,DIS,-4.75,0,17,8
2020-08-01,DIS,-10.629999999999999,5,55,31
2020-08-08,DIS,-1.75,0,4,2
2020-08-15,DIS,2.0,0,11,9
2020-08-22,DIS,0.5,0,1,1
2020-08-29,DIS,-0.5,0,1,1
2020-09-05,DIS,-10.0,1,102,64
2020-09-12,DIS,1.5,0,3,1
2020-09-19,DIS,0.0,0,3,3
2020-09-26,DIS,-10.75,1,35,17
2020-10-03,DIS,-10.76,3,55,40
2020-10-10,DIS,-9.379999999999999,3,72,43
2020-10-17,DIS,0.12,1,4,3
2020-10-24,DIS,-3.25,0,6,3
2020-10-31,DIS,-0.5,2,2,1
2020-11-07,DIS,-4.25,1,10,7
2020-11-14,DIS,-0.5,0,9,3
2020-11-21,DIS,1.5,1,7,3
2020-11-28,DIS,-0.13,0,4,3
2020-12-05,DIS,16.369999999999997,1,70,43
2020-12-12,DIS,-5.38,4,40,20
2020-12-19,DIS,-3.0,2,15,10
2020-12-26,DIS,2.5,2,18,12
2021-01-02,DIS,-1.75,0,8,4
2021-01-09,DIS,0.75,0,10,5
2021-01-16,DIS,1.5,0,13,7
2021-01-23,DIS,-0.5,2,36,22
2021-01-30,DIS,6.75,0,20,11
2021-02-06,DIS,0.0,3,59,39
2021-02-13,DIS,-4.25,2,37,21
2021-02-20,DIS,3.0,0,12,7
2021-02-27,DIS,0.5,1,5,4
2021-03-06,DIS,-1.0,0,4,1
2021-03-13,DIS,-3.5,3,20,9
2021-03-20,DIS,-0.25,0,3,3
2021-03-27,DIS,-0.75,0,6,3
2021-04-03,DIS,3.0,0,8,5
2021-04-10,DIS,-0.75,0,1,1
2021-04-17,DIS,-3.0,1,11,8
2021-04-24,DIS,-4.5,2,15,9
2021-05-01,DIS,-1.5,0,4,4
2021-05-08,DIS,-2.0,0,6,4
2021-05-15,DIS,1.0,1,10,9
2021-05-22,DIS,-1.0,0,6,6
2021-05-29,DIS,0.75,0,5,3
2021-06-05,DIS,0.0,0,6,3
2021-06-12,DIS,0.25,0,12,5
2021-06-19,DIS,-7.25,0,22,11
2021-06-26,DIS,2.0,1,8,4
2021-07-03,DIS,-0.5,0,3,3
2021-07-10,DIS,2.0,0,10,6
2021-07-24,DIS,0.5,0,4,3
2021-07-31,DIS,2.25,0,7,4
2021-08-07,DIS,2.5,0,12,5
2021-08-21,DIS,-0.5,0,1,1
2021-08-28,DIS,-0.25,1,2,1
2021-09-04,DIS,0.0,0,1,1
2021-09-11,DIS,-3.75,1,6,1
2021-09-18,DIS,-0.5,0,3,2
2021-10-02,DIS,-0.5,0,2,2
2021-10-16,DIS,-1.0,0,18,11
2021-10-30,DIS,0.5,0,3,2
2021-11-06,DIS,-1.0,0,2,2
2021-11-13,DIS,1.5,0,6,2
2021-11-20,DIS,-1.75,0,5,3
2021-12-04,DIS,-0.5,0,1,1
2021-12-11,DIS,-0.5,0,1,1
2021-12-18,DIS,-0.75,0,1,1
2021-12-25,DIS,0.0,0,4,3
2022-01-01,DIS,-3.5,0,10,6
2022-01-08,DIS,0.5,0,1,1
2022-01-15,DIS,1.5,1,8,7
2022-01-22,DIS,-1.25,2,10,7
2022-01-29,DIS,0.0,1,2,1
2022-02-05,DIS,-6.38,4,38,21
2022-02-12,DIS,0.5,0,1,1
2022-02-19,DIS,-2.75,0,4,1
2022-02-26,DIS,-1.5,0,2,1
2022-03-05,DIS,-1.5,0,3,2
2022-03-12,DIS,-3.75,1,8,3
2022-03-26,DIS,-0.5,0,4,2
2022-04-02,DIS,-0.75,0,3,2
2022-04-09,DIS,0.5,0,1,1
2022-04-16,DIS,-11.0,1,51,34
2022-04-23,DIS,-6.25,2,31,19
2022-05-07,DIS,-1.25,1,11,4
2022-05-14,DIS,-2.0,0,4,2
2022-05-21,DIS,-0.25,1,3,2
2022-05-28,DIS,1.0,0,3,1
2022-06-11,DIS,-19.75,0,46,31
2022-06-25,DIS,-11.25,0,33,21
2022-07-02,DIS,-1.0,0,5,5
2022-07-09,DIS,-0.5,0,3,2
2022-07-16,DIS,-2.5,0,6,4
2022-07-23,DIS,-0.5,0,18,16
2022-08-06,DIS,-5.25,2,22,12
2022-08-13,DIS,-4.0,0,12,5
2022-08-27,DIS,-17.25,0,54,30
2022-09-17,DIS,-0.75,0,1,1
2022-10-01,DIS,-0.5,0,1,1
2022-10-29,DIS,-2.0,0,4,2
2022-11-12,DIS,0.0,0,2,1
2022-11-19,DIS,-29.63,6,82,48
2022-11-26,DIS,-10.75,1,22,15
2022-12-03,DIS,-3.0,0,5,3
2022-12-17,DIS,-2.5,3,5,3
2022-12-24,DIS,-0.5,0,1,1
2022-12-31,DIS,-0.5,0,1,1
2023-01-07,DIS,0.0,0,1,1
2023-01-14,DIS,1.0,0,3,2
2023-01-21,DIS,-1.0,0,2,1
2023-01-28,DIS,-0.5,0,1,1
2023-02-11,DIS,-1.0,0,2,2
2023-02-25,DIS,0.0,0,2,1
2023-03-04,DIS,-0.5,0,1,1
2023-03-11,DIS,0.25,0,2,2
2023-03-18,DIS,-2.75,0,6,3
2023-03-25,DIS,-3.5,0,8,7
2023-04-01,DIS,-0.5,0,1,1
2023-04-15,DIS,0.5,0,1,1
2023-04-29,DIS,-0.5,0,1,1
2023-05-06,DIS,-17.75,2,53,36
2023-05-13,DIS,-2.0,1,4,1
2023-05-27,DIS,-0.25,0,2,2
2023-06-10,DIS,-0.75,0,4,2
2023-06-24,DIS,-4.25,0,19,10
2023-07-08,DIS,-0.75,0,1,1
2023-07-15,DIS,-1.25,1,4,1
2023-07-22,DIS,-1.5,0,3,2
2023-08-05,DIS,-1.0,0,2,2
2023-08-12,DIS,-1.5,0,3,1
2023-08-19,DIS,0.0,0,3,2
2023-08-26,DIS,-7.75,1,41,25
2023-09-02,DIS,-2.25,0,6,2
2023-09-09,DIS,0.0,0,3,3
2023-09-16,DIS,-6.0,2,39,20
2023-09-23,DIS,0.5,0,1,1
2023-10-07,DIS,0.25,0,1,1
2023-10-14,DIS,-0.5,0,1,1
2023-10-21,DIS,-1.5,0,3,3
2023-10-28,DIS,-0.25,1,2,2
2023-11-04,DIS,-6.75,0,21,13
2023-11-11,DIS,-0.75,1,5,4
2023-11-18,DIS,-0.5,0,1,1
2023-12-02,DIS,-7.0,0,19,12
2023-12-16,DIS,-0.25,0,2,1
2023-12-30,DIS,-1.5,0,3,1
2024-01-06,DIS,2.0,0,3,1
2024-01-13,DIS,-1.0,0,2,2
2024-01-20,DIS,-2.0,0,6,5
2024-02-03,DIS,-0.25,0,5,4
2024-02-10,DIS,3.37,2,17,9
2024-02-24,DIS,-6.0,0,14,7
2024-03-02,DIS,0.25,0,4,3
2024-03-09,DIS,-0.25,0,3,2
2024-03-16,DIS,0.0,0,8,6
2024-04-06,DIS,-1.0,0,2,1
2024-04-13,DIS,-1.0,0,3,3
2024-04-20,DIS,-0.5,0,1,1
2024-04-27,DIS,-0.5,0,1,1
2024-05-04,DIS,-2.25,1,7,5
2024-06-01,DIS,1.75,0,7,4
2024-06-08,DIS,-0.5,0,1,1
2024-06-15,DIS,-2.75,0,5,3
2024-07-06,DIS,-2.25,2,4,2
2024-07-13,DIS,-1.5,3,3,1
2024-07-20,DIS,-0.5,0,2,1
2024-08-03,DIS,-2.75,0,7,3
2024-08-10,DIS,-1.0,1,9,4
2024-08-17,DIS,-5.5,0,17,12
2024-09-21,DIS,-0.25,0,6,1
2024-09-28,DIS,-2.5,0,5,1
2024-10-26,DIS,-24.0,0,48,25
2024-11-16,DIS,0.0,0,2,2
2024-11-23,DIS,-4.5,0,9,3
2024-12-07,DIS,0.0,0,2,1
2024-12-14,DIS,3.25,0,5,2
2024-12-21,DIS,0.5,0,5,3
2024-12-28,DIS,0.5,0,1,1
2025-01-04,DIS,-2.0,0,6,2
2025-01-11,DIS,0.0,0,3,2
2025-02-01,DIS,-2.75,1,5,2
2025-02-15,DIS,-3.0,0,8,5
2025-02-22,DIS,-1.0,0,2,2
2025-03-01,DIS,-0.75,0,5,3
2025-03-08,DIS,-4.5,4,21,10
2025-03-15,DIS,-2.0,2,4,3
2025-03-22,DIS,-3.25,0,9,4
2025-03-29,DIS,-0.5,0,1,1
2025-04-05,DIS,-3.25,0,6,5
2025-04-12,DIS,-2.5,0,4,3
2025-04-26,DIS,-0.25,0,1,1
2025-05-03,DIS,-0.5,0,1,1
2025-05-10,DIS,0.0,1,2,1
2025-05-17,DIS,0.0,0,2,2
2025-06-21,DIS,0.25,0,5,3
2025-07-26,DIS,1.5,1,11,3
2025-08-02,DIS,-2.25,0,3,2
2025-08-09,DIS,-5.0,3,19,12
2025-09-06,DIS,-1.5,0,3,1
2025-09-13,DIS,-0.5,0,1,1
2025-09-20,DIS,-0.5,0,1,1
2025-10-04,DIS,-2.5,0,6,4
2025-10-25,DIS,0.0,0,4,1
2025-11-01,DIS,1.75,1,5,1
2025-11-08,DIS,-0.5,0,3,2
2025-11-15,DIS,-0.5,0,1,1
2025-11-29,DIS,0.0,0,2,2
2025-12-20,DIS,-0.5,0,1,1
2025-12-27,DIS,-13.75,0,32,23
2026-01-31,DIS,0.0,0,2,2
2026-02-07,DIS,-0.5,0,1,1
2026-02-14,DIS,-0.5,0,4,3
2026-03-07,DIS,-0.5,0,1,1
2026-03-28,DIS,-4.0,1,8,2
2026-04-11,DIS,-0.5,0,1,1
2026-04-18,DIS,-2.0,0,4,3
2026-04-25,DIS,1.0,0,2,1
2026-05-16,DIS,-1.0,0,4,3
2026-05-30,DIS,-0.5,0,1,1
2026-06-20,DIS,-0.5,0,1,1
2017-12-30,F,-0.5,0,1,1
2018-01-13,F,-1.0,1,2,2
2018-02-10,F,2.5,0,4,1
2018-02-17,F,-1.25,0,3,1
2018-02-24,F,0.5,0,1,1
2018-05-19,F,0.0,0,2,2
2018-05-26,F,-1.0,0,2,1
2018-07-21,F,-1.0,0,2,1
2018-08-11,F,-1.0,0,2,2
2018-09-01,F,-1.0,0,2,1
2018-10-06,F,-1.0,1,3,2
2018-10-27,F,-0.38,0,1,1
2018-12-01,F,0.5,0,1,1
2019-03-02,F,1.5,0,5,3
2019-04-20,F,0.5,0,1,1
2019-05-18,F,-0.5,0,1,1
2019-06-15,F,-1.0,0,2,1
2019-08-31,F,-2.0,0,3,1
2019-09-28,F,-0.5,0,1,1
2019-10-12,F,0.5,0,1,1
2020-01-04,F,1.5,0,3,1
2020-01-11,F,-0.5,0,1,1
2020-02-01,F,-2.75,0,10,4
2020-02-15,F,-1.5,0,5,2
2020-02-22,F,-0.5,0,1,1
2020-02-29,F,-0.5,0,1,1
2020-03-07,F,-1.0,0,2,2
2020-03-14,F,-0.5,0,5,3
2020-03-21,F,-1.0,0,2,2
2020-03-28,F,-0.25,0,1,1
2020-04-04,F,-0.5,0,2,1
2020-04-11,F,-0.5,0,1,1
2020-04-25,F,0.0,0,3,1
2020-05-02,F,-0.75,0,1,1
2020-05-30,F,-0.5,0,1,1
2020-07-04,F,0.0,1,2,1
2020-08-22,F,0.75,0,1,1
2020-09-12,F,-0.5,0,1,1
2020-09-26,F,-0.5,0,1,1
2021-01-09,F,-1.0,0,2,1
2021-01-23,F,1.0,0,2,1
2021-01-30,F,0.0,0,5,3
2021-02-06,F,-1.0,1,4,3
2021-02-27,F,-0.75,1,10,2
2021-03-13,F,2.75,0,9,5
2021-04-03,F,0.0,0,1,1
2021-05-01,F,0.5,0,1,1
2021-05-29,F,0.0,0,2,2
2021-06-05,F,-0.5,0,1,1
2021-06-12,F,0.75,0,1,1
2021-09-25,F,1.0,0,2,1
2021-10-23,F,-1.0,1,2,2
2021-10-30,F,-1.0,0,2,1
2022-01-01,F,-0.5,0,1,1
2022-01-15,F,-0.5,0,1,1
2023-03-18,F,0.0,0,2,1
2023-06-10,F,0.5,0,2,1
2023-08-12,F,-0.5,0,1,1
2023-08-19,F,0.5,0,1,1
2024-02-03,F,-0.75,0,1,1
2024-09-28,F,-0.5,0,1,1
2025-11-15,F,-0.5,0,1,1
2025-12-27,F,1.0,0,2,1
2018-04-07,GM,-0.25,0,1,1
2018-05-26,GM,-0.5,0,1,1
2018-06-16,GM,-0.5,0,1,1
2018-10-27,GM,1.5,0,3,1
2018-11-10,GM,-0.5,1,1,1
2018-12-15,GM,-2.0,1,3,1
2018-12-29,GM,0.25,0,1,1
2019-04-06,GM,-0.5,1,1,1
2019-04-27,GM,-0.5,0,1,1
2019-06-08,GM,-0.5,0,1,1
2019-08-10,GM,0.5,0,1,1
2019-08-31,GM,-0.5,1,1,1
2019-09-14,GM,-1.5,0,2,1
2019-11-16,GM,-1.0,0,2,1
2019-11-23,GM,-1.0,0,2,1
2019-12-28,GM,-1.75,0,3,1
2020-01-25,GM,-0.5,0,1,1
2020-02-22,GM,-0.5,0,1,1
2020-03-07,GM,0.5,0,1,1
2020-03-14,GM,-5.4,3,12,4
2020-04-04,GM,0.0,0,1,1
2020-05-02,GM,-0.5,0,1,1
2020-05-09,GM,-1.0,0,2,2
2020-05-30,GM,-0.5,0,1,1
2020-06-13,GM,-0.5,0,1,1
2020-08-01,GM,0.5,0,2,2
2020-09-05,GM,-6.25,0,10,4
2020-09-19,GM,-4.75,0,10,4
2020-09-26,GM,-1.5,0,3,3
2020-11-28,GM,-0.5,0,1,1
2020-12-26,GM,-0.5,0,1,1
2021-01-30,GM,0.5,0,1,1
2021-02-06,GM,0.5,0,1,1
2021-02-27,GM,2.5,0,5,1
2021-03-13,GM,0.25,0,1,1
2021-07-03,GM,0.0,0,1,1
2021-07-24,GM,-1.0,0,3,2
2021-07-31,GM,-1.0,0,2,1
2021-09-25,GM,0.5,0,1,1
2021-10-23,GM,-1.5,0,3,1
2021-10-30,GM,0.5,0,3,1
2022-02-12,GM,-1.0,0,2,1
2022-06-25,GM,-1.0,0,2,1
2022-09-10,GM,-0.5,0,1,1
2023-01-28,GM,-0.5,0,1,1
2023-04-15,GM,-0.5,0,1,1
2023-09-30,GM,0.5,0,1,1
2023-10-14,GM,-0.5,1,1,1
2023-11-18,GM,-0.5,0,1,1
2024-01-06,GM,-0.5,0,1,1
2024-05-25,GM,-0.5,0,1,1
2024-06-08,GM,-0.25,0,1,1
2025-02-15,GM,-2.25,0,4,1
2025-08-09,GM,-0.5,0,1,1
2025-09-13,GM,-0.5,0,1,1
2026-02-14,GM,0.0,0,1,1
2026-03-28,GM,-0.5,0,1,1
2017-12-30,GME,-1.0,0,3,1
2018-01-13,GME,-0.5,0,1,1
2018-02-17,GME,-1.0,0,2,2
2018-03-10,GME,0.5,0,1,1
2018-03-17,GME,-1.25,0,3,2
2018-03-24,GME,-6.0,0,15,9
2018-04-07,GME,-0.5,0,1,1
2018-04-14,GME,0.25,0,1,1
2018-04-21,GME,1.5,0,3,1
2018-05-19,GME,-0.25,0,2,2
2018-06-02,GME,-0.5,0,1,1
2018-06-16,GME,-2.5,0,5,3
2018-08-18,GME,-0.5,0,3,1
2018-10-13,GME,-3.13,0,8,4
2018-12-08,GME,0.5,0,1,1
2018-12-29,GME,-0.75,0,1,1
2019-01-26,GME,-1.5,0,3,3
2019-02-16,GME,1.25,0,3,2
2019-02-23,GME,0.0,0,1,1
2019-03-16,GME,-4.0,3,28,12
2019-03-30,GME,-6.75,0,15,9
2019-04-06,GME,-0.5,0,1,1
2019-05-04,GME,-1.0,0,2,1
2019-05-25,GME,-2.0,0,6,3
2019-06-01,GME,-11.75,1,32,21
2019-06-08,GME,-1.0,0,2,1
2019-06-15,GME,-3.0,0,6,3
2019-06-29,GME,-1.0,0,2,1
2019-07-13,GME,-4.75,0,12,6
2019-07-20,GME,-2.0,0,8,6
2019-07-27,GME,-14.0,0,38,23
2019-08-03,GME,-4.75,0,8,3
2019-08-10,GME,-5.5,0,13,4
2019-08-17,GME,-4.88,0,10,7
2019-08-24,GME,-1.5,0,3,3
2019-08-31,GME,-2.0,0,4,2
2019-09-07,GME,-3.25,0,9,4
2019-09-14,GME,-0.25,0,7,4
2019-09-21,GME,-0.75,0,2,2
2019-09-28,GME,-0.5,0,1,1
2019-10-12,GME,-2.0,0,4,2
2019-11-02,GME,-2.0,0,7,5
2019-11-16,GME,0.0,0,1,1
2019-11-23,GME,-2.0,1,4,2
2019-12-07,GME,-2.5,0,8,4
2019-12-14,GME,-0.75,0,1,1
2019-12-21,GME,-1.0,0,14,10
2019-12-28,GME,-1.0,0,3,3
2020-01-11,GME,-2.25,0,8,5
2020-01-18,GME,-2.0,0,4,1
2020-01-25,GME,-1.0,0,2,2
2020-02-08,GME,-2.0,0,5,2
2020-02-22,GME,-4.5,1,16,8
2020-03-07,GME,-3.25,0,8,8
2020-03-14,GME,-0.5,0,3,2
2020-03-21,GME,-5.25,0,19,15
2020-03-28,GME,-33.120000000000005,2,98,70
2020-04-04,GME,-5.25,0,16,9
2020-04-11,GME,-5.5,0,10,6
2020-04-18,GME,0.25,0,6,2
2020-04-25,GME,0.5,0,1,1
2020-05-02,GME,-7.5,0,27,15
2020-05-09,GME,-0.5,0,1,1
2020-05-16,GME,-1.5,0,3,2
2020-06-13,GME,-2.5,1,5,4
2020-06-20,GME,-5.0,0,10,7
2020-06-27,GME,-0.75,0,1,1
2020-07-04,GME,-1.0,0,2,2
2020-07-11,GME,-1.75,0,3,2
2020-07-18,GME,-3.5,0,7,3
2020-07-25,GME,-0.5,0,3,1
2020-08-01,GME,-1.0,2,2,1
2020-08-08,GME,-0.5,0,1,1
2020-08-15,GME,-1.5,0,3,1
2020-08-29,GME,-2.0,0,6,3
2020-09-05,GME,1.5,0,3,2
2020-09-19,GME,0.75,0,5,3
2020-10-03,GME,-0.5,0,5,3
2020-10-10,GME,-0.5,0,1,1
2020-10-17,GME,-0.5,0,3,1
2020-10-24,GME,0.0,0,3,2
2020-11-07,GME,0.38,0,1,1
2020-11-14,GME,0.0,0,2,2
2020-11-28,GME,0.0,0,5,4
2020-12-05,GME,-21.5,0,60,42
2020-12-12,GME,-0.25,0,3,2
2020-12-19,GME,0.5,0,1,1
2020-12-26,GME,-0.5,0,3,3
2021-01-02,GME,-2.75,0,8,5
2021-01-09,GME,-9.25,0,51,29
2021-01-16,GME,-12.75,3,148,93
2021-01-23,GME,-125.88,43,713,417
2021-01-30,GME,-151.26,43,798,414
2021-02-06,GME,-20.87,10,128,63
2021-02-13,GME,-13.25,4,36,18
2021-02-20,GME,-37.870000000000005,9,99,53
2021-02-27,GME,-10.5,4,47,27
2021-03-06,GME,-28.130000000000003,9,110,65
2021-03-13,GME,-1.75,4,21,13
2021-03-20,GME,-7.5,2,28,15
2021-03-27,GME,-7.0,1,15,10
2021-04-03,GME,-3.75,2,15,9
2021-04-10,GME,-9.75,3,21,11
2021-04-17,GME,-4.75,0,14,9
2021-04-24,GME,0.0,2,5,3
2021-05-01,GME,-0.25,0,9,6
2021-05-08,GME,-3.5,0,16,11
2021-05-15,GME,-3.5,1,17,8
2021-05-22,GME,-3.25,0,7,4
2021-05-29,GME,-2.25,1,15,11
2021-06-05,GME,-48.5,4,157,98
2021-06-12,GME,-21.0,5,50,20
2021-06-19,GME,-5.75,1,26,18
2021-06-26,GME,1.5,0,5,5
2021-07-03,GME,0.25,0,21,18
2021-07-10,GME,-1.0,0,10,6
2021-07-17,GME,-1.5,0,5,3
2021-07-24,GME,-6.25,0,11,4
2021-07-31,GME,-11.0,0,31,14
2021-08-07,GME,-23.5,0,62,33
2021-08-14,GME,-0.75,0,8,6
2021-08-21,GME,0.0,0,3,2
2021-08-28,GME,-3.5,3,11,4
2021-09-04,GME,-2.5,0,6,4
2021-09-11,GME,-4.0,0,13,6
2021-09-18,GME,-2.75,0,7,4
2021-09-25,GME,-0.75,0,3,2
2021-10-02,GME,0.5,0,3,2
2021-10-09,GME,-0.75,0,11,7
2021-10-16,GME,-10.5,0,40,19
2021-10-23,GME,1.25,0,4,2
2021-10-30,GME,1.5,0,15,11
2021-11-06,GME,-1.25,0,6,4
2021-11-13,GME,-4.0,2,18,9
2021-11-20,GME,-0.75,2,5,1
2021-11-27,GME,-2.25,0,11,6
2021-12-04,GME,-2.0,0,6,6
2021-12-11,GME,-5.75,0,21,11
2021-12-18,GME,-0.25,0,13,8
2021-12-25,GME,-3.0,0,8,7
2022-01-01,GME,-17.25,2,59,42
2022-01-08,GME,3.25,0,11,8
2022-01-15,GME,0.5,0,3,3
2022-01-22,GME,1.0,0,2,1
2022-01-29,GME,-2.75,0,9,7
2022-02-05,GME,-3.25,2,7,4
2022-02-12,GME,-1.0,0,5,2
2022-02-19,GME,-3.0,0,12,9
2022-02-26,GME,0.25,0,3,2
2022-03-12,GME,-0.25,1,3,3
2022-03-19,GME,-2.5,4,8,5
2022-03-26,GME,-4.25,0,9,3
2022-04-02,GME,-0.5,0,5,3
2022-04-09,GME,1.0,0,5,4
2022-04-16,GME,-5.5,3,12,6
2022-04-23,GME,-5.0,2,15,10
2022-04-30,GME,-5.75,0,14,6
2022-05-07,GME,-5.25,0,14,8
2022-05-14,GME,-0.5,0,1,1
2022-05-21,GME,0.25,0,6,4
2022-05-28,GME,-2.0,0,3,1
2022-06-04,GME,-7.0,1,23,15
2022-06-11,GME,1.25,0,3,3
2022-06-18,GME,0.5,0,1,1
2022-07-02,GME,-30.75,1,76,44
2022-07-09,GME,-17.5,0,47,29
2022-07-16,GME,-5.37,0,10,6
2022-07-23,GME,-0.5,0,1,1
2022-08-06,GME,0.5,0,3,2
2022-08-13,GME,0.0,0,1,1
2022-08-27,GME,-2.25,0,8,4
2022-09-03,GME,-1.75,2,3,1
2022-09-10,GME,-1.0,0,2,2
2022-09-17,GME,-0.75,0,4,4
2022-09-24,GME,-2.25,0,3,1
2022-10-01,GME,0.5,0,1,1
2022-10-08,GME,-1.0,0,2,1
2022-10-15,GME,0.0,0,2,2
2022-10-22,GME,-2.5,0,6,2
2022-10-29,GME,0.0,0,2,2
2022-11-05,GME,-1.0,1,6,2
2022-11-12,GME,-0.5,0,3,1
2022-11-26,GME,-2.5,0,5,3
2022-12-03,GME,-3.75,1,7,7
2022-12-10,GME,-5.25,0,15,5
2022-12-17,GME,0.0,0,4,3
2022-12-24,GME,-2.25,1,4,2
2022-12-31,GME,-3.0,0,8,5
2023-01-07,GME,-0.5,0,1,1
2023-01-21,GME,-0.5,0,3,1
2023-01-28,GME,-1.25,0,8,4
2023-02-04,GME,-0.5,0,1,1
2023-02-11,GME,1.0,0,3,1
2023-02-25,GME,-1.0,0,2,1
2023-03-04,GME,-2.25,0,8,4
2023-03-11,GME,1.0,0,4,3
2023-03-18,GME,-2.0,0,4,3
2023-03-25,GME,-0.5,0,1,1
2023-04-01,GME,0.0,0,4,3
2023-04-08,GME,-1.75,1,8,5
2023-05-06,GME,-0.5,0,1,1
2023-05-13,GME,1.0,0,2,2
2023-05-20,GME,-2.5,0,5,2
2023-05-27,GME,0.0,0,1,1
2023-06-03,GME,-1.75,0,3,1
2023-06-10,GME,0.25,0,4,3
2023-06-17,GME,-2.25,0,6,3
2023-06-24,GME,-1.75,0,3,3
2023-07-01,GME,-1.5,0,13,7
2023-07-08,GME,-1.0,1,2,2
2023-07-22,GME,0.75,0,5,4
2023-07-29,GME,-0.5,0,1,1
2023-08-05,GME,0.0,0,2,1
2023-08-19,GME,-2.5,2,4,2
2023-08-26,GME,2.75,0,6,4
2023-09-02,GME,0.5,0,1,1
2023-09-09,GME,0.0,1,8,6
2023-09-16,GME,-11.379999999999999,2,41,24
2023-09-23,GME,0.25,0,5,2
2023-09-30,GME,-0.5,0,1,1
2023-10-14,GME,-0.5,0,1,1
2023-10-21,GME,-0.5,0,1,1
2023-10-28,GME,1.0,0,3,3
2023-11-04,GME,-2.5,0,7,6
2023-11-11,GME,0.25,0,8,4
2023-11-25,GME,-0.5,0,3,2
2023-12-02,GME,-1.0,0,2,1
2023-12-09,GME,-0.75,0,2,2
2023-12-16,GME,0.5,0,3,2
2023-12-23,GME,-4.5,0,10,6
2023-12-30,GME,-2.0,0,3,3
2024-01-06,GME,-1.0,1,2,2
2024-01-13,GME,-0.5,0,1,1
2024-01-20,GME,-1.5,1,3,1
2024-02-03,GME,-0.25,0,1,1
2024-02-10,GME,-0.6200000000000001,0,23,13
2024-02-17,GME,-3.75,0,18,11
2024-02-24,GME,0.25,1,14,8
2024-03-02,GME,2.0,0,7,6
2024-03-09,GME,-0.25,2,9,8
2024-03-16,GME,8.5,0,18,11
2024-03-23,GME,-7.25,0,21,12
2024-03-30,GME,1.0,1,13,11
2024-04-06,GME,0.0,2,4,3
2024-04-27,GME,-5.5,0,12,8
2024-05-04,GME,0.0,0,2,2
2024-05-11,GME,0.0,0,4,3
2024-05-18,GME,-3.0,0,6,3
2024-05-25,GME,-1.0,0,4,2
2024-06-01,GME,-3.0,0,18,12
2024-06-08,GME,-2.25,0,10,7
2024-06-15,GME,-1.5,0,25,15
2024-06-22,GME,0.0,0,6,6
2024-06-29,GME,0.25,1,9,8
2024-07-06,GME,0.5,0,8,4
2024-07-13,GME,-1.5,0,5,5
2024-07-20,GME,-0.5,0,1,1
2024-08-10,GME,0.0,0,3,3
2024-08-17,GME,-2.0,0,12,10
2024-08-24,GME,-1.5,6,12,7
2024-08-31,GME,-0.75,0,1,1
2024-09-07,GME,0.0,0,2,2
2024-09-14,GME,-1.0,0,7,4
2024-09-21,GME,0.0,0,4,2
2024-09-28,GME,-1.0,1,4,2
2024-10-12,GME,-1.0,0,2,2
2024-10-26,GME,-2.5,0,11,7
2024-11-02,GME,1.0,0,4,3
2024-11-09,GME,-2.5,2,7,4
2024-11-16,GME,-1.0,0,2,2
2024-11-23,GME,-2.5,1,5,3
2024-11-30,GME,5.0,4,17,6
2024-12-07,GME,-1.0,0,2,2
2024-12-14,GME,-0.5,0,1,1
2024-12-21,GME,-0.5,0,1,1
2024-12-28,GME,-3.0,0,7,4
2025-01-04,GME,1.0,0,2,2
2025-01-11,GME,0.5,0,4,2
2025-01-18,GME,-0.75,0,2,2
2025-01-25,GME,0.5,1,3,3
2025-02-01,GME,-1.5,0,3,2
2025-02-08,GME,-1.5,0,3,3
2025-02-15,GME,-0.75,0,1,1
2025-02-22,GME,-3.25,0,5,3
2025-03-01,GME,-1.12,0,8,5
2025-03-08,GME,-1.25,1,5,4
2025-03-15,GME,-1.0,0,4,3
2025-03-29,GME,-2.0,0,5,4
2025-04-05,GME,-0.5,0,7,5
2025-04-12,GME,0.75,0,2,2
2025-04-19,GME,-3.75,0,8,3
2025-04-26,GME,0.0,0,2,2
2025-05-03,GME,-1.75,1,5,2
2025-05-10,GME,0.25,0,4,3
2025-05-17,GME,-0.25,1,3,1
2025-05-31,GME,-1.0,0,5,2
2025-06-07,GME,0.5,0,1,1
2025-06-14,GME,-0.5,0,1,1
2025-06-21,GME,0.0,0,3,2
2025-06-28,GME,-1.25,0,2,1
2025-07-05,GME,-1.0,0,2,2
2025-07-12,GME,0.25,0,16,11
2025-07-19,GME,0.5,2,15,11
2025-07-26,GME,-0.5,0,5,4
2025-08-02,GME,-4.25,3,19,8
2025-08-09,GME,-0.5,0,5,2
2025-08-16,GME,-2.0,1,6,3
2025-08-23,GME,-0.5,1,1,1
2025-08-30,GME,-2.5,1,7,4
2025-09-13,GME,-0.5,1,1,1
2025-09-20,GME,-1.0,0,5,4
2025-09-27,GME,-0.5,2,5,3
2025-10-04,GME,-0.5,0,3,2
2025-10-11,GME,-4.5,0,7,1
2025-10-18,GME,-3.5,4,12,5
2025-10-25,GME,-1.0,0,4,3
2025-11-08,GME,-1.5,0,6,5
2025-11-15,GME,-0.5,0,2,2
2025-11-22,GME,-0.5,0,1,1
2025-11-29,GME,-0.75,0,1,1
2025-12-06,GME,-0.5,0,7,4
2025-12-20,GME,-2.25,0,3,1
2025-12-27,GME,-1.25,0,5,5
2026-01-03,GME,1.75,0,6,3
2026-01-10,GME,-1.5,0,3,1
2026-01-17,GME,-2.0,0,4,3
2026-01-24,GME,0.0,1,5,2
2026-01-31,GME,-5.0,0,9,5
2026-02-07,GME,-5.75,3,11,5
2026-02-14,GME,-2.75,0,5,3
2026-02-28,GME,0.0,0,1,1
2026-03-07,GME,-1.5,0,3,2
2026-03-14,GME,-0.25,0,3,3
2026-03-21,GME,-3.25,0,8,6
2026-03-28,GME,0.75,0,7,4
2026-04-04,GME,0.75,0,4,3
2026-04-11,GME,-1.5,0,4,3
2026-04-18,GME,-3.25,0,9,4
2026-04-25,GME,1.0,0,4,4
2026-05-02,GME,-5.5,0,29,20
2026-05-09,GME,-1.5,0,8,4
2026-05-16,GME,0.0,0,1,1
2026-05-23,GME,0.0,0,3,3
2026-06-06,GME,0.0,0,2,1
2026-06-13,GME,-3.0,1,8,5
2026-06-20,GME,-0.5,0,1,1
2026-06-27,GME,-1.0,0,2,1
2026-07-04,GME,-8.0,1,13,6
2017-12-30,GOOGL,-10.5,0,39,30
2018-01-06,GOOGL,-16.75,1,47,29
2018-01-13,GOOGL,-14.5,0,38,27
2018-01-20,GOOGL,-7.88,2,20,16
2018-01-27,GOOGL,-7.629999999999999,1,53,34
2018-02-03,GOOGL,-21.25,0,60,43
2018-02-10,GOOGL,-18.5,4,58,35
2018-02-17,GOOGL,-10.0,1,28,19
2018-02-24,GOOGL,-11.75,1,40,32
2018-03-03,GOOGL,-21.75,0,43,30
2018-03-10,GOOGL,-32.620000000000005,0,74,40
2018-03-17,GOOGL,-20.25,4,60,40
2018-03-24,GOOGL,-18.38,1,47,28
2018-03-31,GOOGL,-9.25,1,25,21
2018-04-07,GOOGL,-15.75,5,36,18
2018-04-14,GOOGL,-8.5,1,38,25
2018-04-21,GOOGL,-6.5,0,31,21
2018-04-28,GOOGL,-6.0,0,19,17
2018-05-05,GOOGL,-11.879999999999999,4,47,37
2018-05-12,GOOGL,-5.25,0,44,30
2018-05-19,GOOGL,-4.25,0,30,20
2018-05-26,GOOGL,-3.75,6,21,15
2018-06-02,GOOGL,-32.75,0,84,61
2018-06-09,GOOGL,-25.5,1,57,34
2018-06-16,GOOGL,-6.0,2,34,31
2018-06-23,GOOGL,-7.38,0,34,23
2018-06-30,GOOGL,-11.5,5,28,17
2018-07-07,GOOGL,-17.75,4,39,24
2018-07-14,GOOGL,-24.25,1,62,40
2018-07-21,GOOGL,-19.25,2,76,55
2018-07-28,GOOGL,-16.0,4,47,39
2018-08-04,GOOGL,-18.76,1,52,37
2018-08-11,GOOGL,-12.0,0,34,25
2018-08-18,GOOGL,-8.75,2,33,23
2018-08-25,GOOGL,-11.25,0,38,32
2018-09-01,GOOGL,-28.119999999999997,1,60,35
2018-09-08,GOOGL,-15.75,2,41,26
2018-09-15,GOOGL,-10.75,4,37,26
2018-09-22,GOOGL,-15.25,3,43,30
2018-09-29,GOOGL,-13.75,1,29,23
2018-10-06,GOOGL,-11.5,2,35,22
2018-10-13,GOOGL,-11.5,1,26,24
2018-10-20,GOOGL,-18.380000000000003,1,46,29
2018-10-27,GOOGL,-13.63,1,63,45
2018-11-03,GOOGL,-18.75,6,49,36
2018-11-10,GOOGL,-6.5,2,21,14
2018-11-17,GOOGL,-18.75,1,51,35
2018-11-24,GOOGL,-14.75,2,37,22
2018-12-01,GOOGL,-19.25,0,47,30
2018-12-08,GOOGL,-19.0,0,41,26
2018-12-15,GOOGL,-16.5,5,59,38
2018-12-22,GOOGL,-10.0,0,42,32
2018-12-29,GOOGL,-17.0,4,48,34
2019-01-05,GOOGL,-8.129999999999999,1,54,38
2019-01-12,GOOGL,-17.75,2,45,26
2019-01-19,GOOGL,-13.75,3,47,30
2019-01-26,GOOGL,-36.75,4,81,39
2019-02-02,GOOGL,-8.0,0,34,28
2019-02-09,GOOGL,-15.379999999999999,3,46,37
2019-02-16,GOOGL,-17.25,0,47,32
2019-02-23,GOOGL,-6.75,0,26,18
2019-03-02,GOOGL,-7.25,2,27,23
2019-03-09,GOOGL,-23.369999999999997,1,58,42
2019-03-16,GOOGL,-31.88,3,88,59
2019-03-23,GOOGL,-10.0,5,38,26
2019-03-30,GOOGL,-39.0,4,81,49
2019-04-06,GOOGL,-27.0,0,57,40
2019-04-13,GOOGL,-19.0,2,40,25
2019-04-20,GOOGL,-9.25,3,45,31
2019-04-27,GOOGL,-28.13,2,74,47
2019-05-04,GOOGL,-23.75,2,55,34
2019-05-11,GOOGL,-9.25,1,44,25
2019-05-18,GOOGL,-13.25,1,48,35
2019-05-25,GOOGL,-12.120000000000001,1,40,28
2019-06-01,GOOGL,-11.88,1,55,40
2019-06-08,GOOGL,-20.25,1,61,42
2019-06-15,GOOGL,-19.5,4,47,25
2019-06-22,GOOGL,-14.129999999999999,6,46,34
2019-06-29,GOOGL,-20.0,4,40,26
2019-07-06,GOOGL,-19.5,1,37,27
2019-07-13,GOOGL,-9.5,0,46,32
2019-07-20,GOOGL,-34.38,3,82,54
2019-07-27,GOOGL,-4.75,0,38,19
2019-08-03,GOOGL,-17.369999999999997,2,38,26
2019-08-10,GOOGL,-17.0,4,60,41
2019-08-17,GOOGL,-18.25,0,33,26
2019-08-24,GOOGL,-11.13,1,33,29
2019-08-31,GOOGL,-11.0,0,35,28
2019-09-07,GOOGL,-18.0,2,41,25
2019-09-14,GOOGL,-12.0,1,30,24
2019-09-21,GOOGL,-11.0,2,36,24
2019-09-28,GOOGL,-8.5,4,40,24
2019-10-05,GOOGL,-9.5,0,23,19
2019-10-12,GOOGL,-20.0,4,51,40
2019-10-19,GOOGL,-14.0,0,28,17
2019-10-26,GOOGL,-28.13,4,84,62
2019-11-02,GOOGL,-11.0,2,34,28
2019-11-09,GOOGL,-9.75,0,22,17
2019-11-16,GOOGL,-22.5,0,47,27
2019-11-23,GOOGL,-26.5,3,54,35
2019-11-30,GOOGL,-15.0,3,40,29
2019-12-07,GOOGL,-13.25,4,35,22
2019-12-14,GOOGL,-24.75,3,54,30
2019-12-21,GOOGL,-14.0,0,32,19
2019-12-28,GOOGL,-14.879999999999999,0,34,25
2020-01-04,GOOGL,-16.25,4,45,35
2020-01-11,GOOGL,-19.25,4,67,45
2020-01-18,GOOGL,-16.25,0,53,38
2020-01-25,GOOGL,-4.25,0,16,12
2020-02-01,GOOGL,-24.25,0,76,52
2020-02-08,GOOGL,-12.75,3,39,31
2020-02-15,GOOGL,-16.0,0,45,25
2020-02-22,GOOGL,-21.5,3,54,38
2020-02-29,GOOGL,-33.75,2,78,54
2020-03-07,GOOGL,-47.75,5,108,73
2020-03-14,GOOGL,-34.0,4,103,76
2020-03-21,GOOGL,-38.75,6,97,66
2020-03-28,GOOGL,-40.25,3,102,72
2020-04-04,GOOGL,-35.379999999999995,6,100,65
2020-04-11,GOOGL,-35.25,11,101,58
2020-04-18,GOOGL,-34.25,2,115,79
2020-04-25,GOOGL,-50.870000000000005,4,140,94
2020-05-02,GOOGL,-17.75,1,81,58
2020-05-09,GOOGL,-18.5,1,69,47
2020-05-16,GOOGL,-37.25,10,104,69
2020-05-23,GOOGL,-32.879999999999995,6,77,52
2020-05-30,GOOGL,-15.25,3,66,49
2020-06-06,GOOGL,-14.25,0,52,38
2020-06-13,GOOGL,-19.25,0,54,34
2020-06-20,GOOGL,-22.5,4,70,45
2020-06-27,GOOGL,-18.75,8,56,33
2020-07-04,GOOGL,-19.0,2,47,36
2020-07-11,GOOGL,-24.62,3,55,32
2020-07-18,GOOGL,-26.0,2,72,47
2020-07-25,GOOGL,-16.869999999999997,0,69,45
2020-08-01,GOOGL,-27.0,5,62,43
2020-08-08,GOOGL,-15.0,1,39,32
2020-08-15,GOOGL,-39.129999999999995,4,114,80
2020-08-22,GOOGL,-20.75,2,70,48
2020-08-29,GOOGL,-30.25,1,94,69
2020-09-05,GOOGL,-16.25,0,57,37
2020-09-12,GOOGL,-16.5,0,63,50
2020-09-19,GOOGL,-18.380000000000003,1,65,49
2020-09-26,GOOGL,-17.5,0,47,37
2020-10-03,GOOGL,-18.25,0,37,30
2020-10-10,GOOGL,-15.5,3,59,47
2020-10-17,GOOGL,-29.75,4,101,64
2020-10-24,GOOGL,-8.75,1,38,30
2020-10-31,GOOGL,-13.5,0,44,24
2020-11-07,GOOGL,-15.75,4,47,36
2020-11-14,GOOGL,-20.75,2,50,35
2020-11-21,GOOGL,-9.0,1,44,30
2020-11-28,GOOGL,-13.25,3,46,34
2020-12-05,GOOGL,-17.759999999999998,3,49,36
2020-12-12,GOOGL,-14.5,1,52,34
2020-12-19,GOOGL,-23.0,0,71,48
2020-12-26,GOOGL,-23.0,3,68,48
2021-01-02,GOOGL,-14.379999999999999,4,57,40
2021-01-09,GOOGL,-25.0,2,56,39
2021-01-16,GOOGL,-17.0,1,52,43
2021-01-23,GOOGL,-21.0,2,80,55
2021-01-30,GOOGL,-33.629999999999995,9,154,101
2021-02-06,GOOGL,-16.0,11,122,69
2021-02-13,GOOGL,-26.0,6,89,57
2021-02-20,GOOGL,-29.5,3,85,45
2021-02-27,GOOGL,-28.0,5,97,59
2021-03-06,GOOGL,-31.38,1,75,46
2021-03-13,GOOGL,-15.75,0,53,40
2021-03-20,GOOGL,-17.63,0,59,38
2021-03-27,GOOGL,-9.629999999999999,5,45,32
2021-04-03,GOOGL,-15.25,0,36,19
2021-04-10,GOOGL,-7.25,2,44,23
2021-04-17,GOOGL,-8.25,1,31,19
2021-04-24,GOOGL,-6.25,1,35,23
2021-05-01,GOOGL,-23.0,0,61,36
2021-05-08,GOOGL,-16.5,2,61,28
2021-05-15,GOOGL,-11.5,5,53,36
2021-05-22,GOOGL,-6.5,1,32,27
2021-05-29,GOOGL,-7.0,2,28,14
2021-06-05,GOOGL,-11.5,2,42,30
2021-06-12,GOOGL,-6.379999999999999,2,57,38
2021-06-19,GOOGL,-8.75,0,35,26
2021-06-26,GOOGL,-7.0,0,21,14
2021-07-03,GOOGL,-2.25,1,16,13
2021-07-10,GOOGL,-8.75,0,30,20
2021-07-17,GOOGL,-2.5,0,22,12
2021-07-24,GOOGL,-15.75,1,57,39
2021-07-31,GOOGL,-2.38,2,18,15
2021-08-07,GOOGL,-11.38,4,39,28
2021-08-14,GOOGL,-7.75,1,33,24
2021-08-21,GOOGL,-7.0,0,22,16
2021-08-28,GOOGL,-7.88,1,23,16
2021-09-04,GOOGL,-12.5,1,31,20
2021-09-11,GOOGL,-8.25,1,16,11
2021-09-18,GOOGL,-10.0,1,21,15
2021-09-25,GOOGL,-6.25,1,16,10
2021-10-02,GOOGL,-7.75,1,23,15
2021-10-09,GOOGL,-12.75,1,25,16
2021-10-16,GOOGL,-3.0,0,12,12
2021-10-23,GOOGL,-19.0,5,46,26
2021-10-30,GOOGL,-5.0,2,25,12
2021-11-06,GOOGL,-14.879999999999999,2,46,28
2021-11-13,GOOGL,-10.25,0,38,30
2021-11-20,GOOGL,-7.75,0,21,15
2021-11-27,GOOGL,-17.0,0,33,14
2021-12-04,GOOGL,-19.25,1,49,27
2021-12-11,GOOGL,-15.25,3,38,30
2021-12-18,GOOGL,-7.75,0,22,14
2021-12-25,GOOGL,-14.5,1,39,26
2022-01-01,GOOGL,-14.5,0,44,29
2022-01-08,GOOGL,-0.25,0,23,12
2022-01-15,GOOGL,-5.25,0,36,24
2022-01-22,GOOGL,-11.25,1,49,31
2022-01-29,GOOGL,-8.75,3,61,35
2022-02-05,GOOGL,-22.0,0,73,52
2022-02-12,GOOGL,-19.5,2,57,41
2022-02-19,GOOGL,-9.0,1,35,25
2022-02-26,GOOGL,-6.25,0,31,17
2022-03-05,GOOGL,-1.75,0,9,8
2022-03-12,GOOGL,-13.5,2,33,24
2022-03-19,GOOGL,-9.5,3,24,18
2022-03-26,GOOGL,-8.5,1,26,18
2022-04-02,GOOGL,-7.5,0,20,11
2022-04-09,GOOGL,-22.630000000000003,2,98,71
2022-04-16,GOOGL,-10.0,2,33,26
2022-04-23,GOOGL,-6.25,1,75,42
2022-04-30,GOOGL,-16.25,3,47,29
2022-05-07,GOOGL,-16.75,1,38,26
2022-05-14,GOOGL,-10.25,5,62,32
2022-05-21,GOOGL,-7.75,0,22,18
2022-05-28,GOOGL,-11.75,1,30,18
2022-06-04,GOOGL,-7.75,0,27,17
2022-06-11,GOOGL,-7.0,0,28,24
2022-06-18,GOOGL,-14.75,2,30,16
2022-06-25,GOOGL,-19.75,0,40,21
2022-07-02,GOOGL,-9.25,0,19,16
2022-07-09,GOOGL,-5.0,0,14,14
2022-07-16,GOOGL,-5.0,0,34,24
2022-07-23,GOOGL,-19.25,1,57,30
2022-07-30,GOOGL,0.0,1,14,11
2022-08-06,GOOGL,-5.0,0,13,11
2022-08-13,GOOGL,-12.0,0,27,17
2022-08-20,GOOGL,-4.25,0,10,10
2022-08-27,GOOGL,-4.25,0,10,7
2022-09-03,GOOGL,-7.5,0,28,21
2022-09-10,GOOGL,-5.75,2,20,17
2022-09-17,GOOGL,-7.75,2,48,32
2022-09-24,GOOGL,-27.380000000000003,3,98,67
2022-10-01,GOOGL,-20.5,1,76,46
2022-10-08,GOOGL,-6.75,1,16,14
2022-10-15,GOOGL,-8.25,1,26,20
2022-10-22,GOOGL,-22.25,1,63,43
2022-10-29,GOOGL,-4.25,1,13,9
2022-11-05,GOOGL,-7.25,0,19,9
2022-11-12,GOOGL,-7.63,1,36,27
2022-11-19,GOOGL,-5.5,0,10,7
2022-11-26,GOOGL,-1.0,0,7,7
2022-12-03,GOOGL,-5.25,0,14,11
2022-12-10,GOOGL,-5.25,0,20,13
2022-12-17,GOOGL,-3.0,1,13,9
2022-12-24,GOOGL,-41.5,4,106,63
2022-12-31,GOOGL,-7.39,6,60,36
2023-01-07,GOOGL,-4.5,3,17,13
2023-01-14,GOOGL,-15.5,8,62,37
2023-01-21,GOOGL,-8.0,0,22,15
2023-01-28,GOOGL,-6.25,2,23,18
2023-02-04,GOOGL,-10.5,4,40,27
2023-02-11,GOOGL,-15.0,0,38,29
2023-02-18,GOOGL,-12.25,4,44,31
2023-02-25,GOOGL,-4.0,0,16,9
2023-03-04,GOOGL,-13.75,5,40,23
2023-03-11,GOOGL,-10.0,0,26,19
2023-03-18,GOOGL,-14.38,0,32,20
2023-03-25,GOOGL,-14.0,0,35,25
2023-04-01,GOOGL,-32.75,1,79,51
2023-04-08,GOOGL,-6.25,0,11,9
2023-04-15,GOOGL,-7.0,0,20,13
2023-04-22,GOOGL,-7.25,0,22,16
2023-04-29,GOOGL,-11.5,3,29,18
2023-05-06,GOOGL,-16.5,1,33,20
2023-05-13,GOOGL,-7.5,1,38,20
2023-05-20,GOOGL,-2.25,0,20,14
2023-05-27,GOOGL,-3.75,0,21,12
2023-06-03,GOOGL,-3.5,4,7,5
2023-06-10,GOOGL,-6.75,0,21,15
2023-06-17,GOOGL,-7.0,0,24,18
2023-06-24,GOOGL,-4.0,1,12,10
2023-07-01,GOOGL,-3.0,2,13,10
2023-07-08,GOOGL,-3.75,0,13,8
2023-07-15,GOOGL,-7.13,0,26,14
2023-07-22,GOOGL,-2.75,0,11,10
2023-07-29,GOOGL,-13.75,0,34,29
2023-08-05,GOOGL,-6.0,1,27,18
2023-08-12,GOOGL,-4.75,1,20,12
2023-08-19,GOOGL,-5.75,0,24,14
2023-08-26,GOOGL,-7.0,1,17,12
2023-09-02,GOOGL,-11.0,1,28,14
2023-09-09,GOOGL,-10.25,3,21,13
2023-09-16,GOOGL,-11.25,3,24,16
2023-09-23,GOOGL,-10.25,0,27,19
2023-09-30,GOOGL,-4.5,0,17,15
2023-10-07,GOOGL,-2.5,0,10,9
2023-10-14,GOOGL,-8.0,0,23,17
2023-10-21,GOOGL,-10.629999999999999,1,38,32
2023-10-28,GOOGL,-4.75,1,27,16
2023-11-04,GOOGL,-12.0,5,36,22
2023-11-11,GOOGL,-7.75,5,28,16
2023-11-18,GOOGL,-2.25,0,5,3
2023-11-25,GOOGL,-11.75,1,29,16
2023-12-02,GOOGL,-2.75,0,7,6
2023-12-09,GOOGL,-5.0,1,19,12
2023-12-16,GOOGL,-9.0,5,23,18
2023-12-23,GOOGL,-7.0,0,21,13
2023-12-30,GOOGL,-7.63,0,20,13
2024-01-06,GOOGL,-13.25,0,31,17
2024-01-13,GOOGL,-3.5,2,21,15
2024-01-20,GOOGL,-55.75,5,201,124
2024-01-27,GOOGL,-5.5,1,21,12
2024-02-03,GOOGL,-14.25,4,49,29
2024-02-10,GOOGL,-3.0,0,18,12
2024-02-17,GOOGL,-11.5,7,60,41
2024-02-24,GOOGL,-8.75,3,45,27
2024-03-02,GOOGL,-3.25,3,45,32
2024-03-09,GOOGL,-6.0,1,28,19
2024-03-16,GOOGL,-19.75,3,66,48
2024-03-23,GOOGL,-14.25,2,31,23
2024-03-30,GOOGL,-4.0,0,22,16
2024-04-06,GOOGL,-9.25,2,32,22
2024-04-13,GOOGL,-6.5,0,13,11
2024-04-20,GOOGL,-15.25,0,32,18
2024-04-27,GOOGL,-13.75,2,37,23
2024-05-04,GOOGL,-3.5,1,18,12
2024-05-11,GOOGL,-6.0,0,16,11
2024-05-18,GOOGL,-8.5,0,30,21
2024-05-25,GOOGL,-4.25,0,16,11
2024-06-01,GOOGL,-7.25,0,22,15
2024-06-08,GOOGL,-11.25,2,24,19
2024-06-15,GOOGL,-3.5,2,17,13
2024-06-22,GOOGL,-4.75,0,11,11
2024-06-29,GOOGL,-5.25,1,24,17
2024-07-06,GOOGL,-8.120000000000001,2,34,23
2024-07-13,GOOGL,-4.75,0,15,12
2024-07-20,GOOGL,-4.25,1,17,13
2024-07-27,GOOGL,-4.5,4,17,11
2024-08-03,GOOGL,-3.75,0,24,21
2024-08-10,GOOGL,-10.75,2,44,30
2024-08-17,GOOGL,-4.25,3,18,14
2024-08-24,GOOGL,-8.0,0,31,16
2024-08-31,GOOGL,0.0,1,14,10
2024-09-07,GOOGL,-7.5,0,17,12
2024-09-14,GOOGL,-3.0,0,22,15
2024-09-21,GOOGL,-6.25,0,17,14
2024-09-28,GOOGL,-6.5,0,25,16
2024-10-05,GOOGL,-2.13,2,16,10
2024-10-12,GOOGL,-17.25,6,47,24
2024-10-19,GOOGL,-11.5,2,26,16
2024-10-26,GOOGL,-5.25,3,17,11
2024-11-02,GOOGL,-3.75,2,24,16
2024-11-09,GOOGL,1.0,1,24,16
2024-11-16,GOOGL,-6.0,0,16,14
2024-11-23,GOOGL,-32.25,2,98,58
2024-11-30,GOOGL,-2.5,0,16,11
2024-12-07,GOOGL,-7.75,2,43,35
2024-12-14,GOOGL,-11.75,1,62,34
2024-12-21,GOOGL,-3.5,3,24,19
2024-12-28,GOOGL,-4.5,3,45,31
2025-01-04,GOOGL,-2.75,2,49,35
2025-01-11,GOOGL,0.75,1,40,27
2025-01-18,GOOGL,-17.75,0,45,27
2025-01-25,GOOGL,-5.0,4,42,28
2025-02-01,GOOGL,-11.5,0,34,27
2025-02-08,GOOGL,-6.13,3,20,16
2025-02-15,GOOGL,-5.0,0,27,17
2025-02-22,GOOGL,-12.0,6,79,55
2025-03-01,GOOGL,-47.129999999999995,2,99,42
2025-03-08,GOOGL,-8.379999999999999,3,51,33
2025-03-15,GOOGL,-10.5,1,45,32
2025-03-22,GOOGL,-11.25,2,31,20
2025-03-29,GOOGL,-25.75,3,103,69
2025-04-05,GOOGL,-29.25,3,85,49
2025-04-12,GOOGL,-18.25,2,44,28
2025-04-19,GOOGL,-16.0,6,64,45
2025-04-26,GOOGL,-14.75,2,41,27
2025-05-03,GOOGL,-47.0,15,260,160
2025-05-10,GOOGL,-14.25,5,92,69
2025-05-17,GOOGL,-4.25,0,49,33
2025-05-24,GOOGL,-0.5,1,46,33
2025-05-31,GOOGL,-10.5,2,26,18
2025-06-07,GOOGL,-1.5,2,36,25
2025-06-14,GOOGL,-2.25,0,17,10
2025-06-21,GOOGL,-14.25,3,51,32
2025-06-28,GOOGL,-10.0,1,35,29
2025-07-05,GOOGL,-5.25,1,26,22
2025-07-12,GOOGL,2.13,1,30,19
2025-07-19,GOOGL,-4.75,3,45,35
2025-07-26,GOOGL,-17.38,3,68,44
2025-08-02,GOOGL,-8.75,4,43,25
2025-08-09,GOOGL,-13.0,3,49,30
2025-08-16,GOOGL,-5.0,1,27,24
2025-08-23,GOOGL,-11.75,0,27,15
2025-08-30,GOOGL,-16.75,4,43,24
2025-09-06,GOOGL,-0.75,1,22,17
2025-09-13,GOOGL,-10.0,3,43,21
2025-09-20,GOOGL,-2.5,2,31,20
2025-09-27,GOOGL,-8.5,5,62,40
2025-10-04,GOOGL,-15.5,1,56,34
2025-10-11,GOOGL,-19.0,1,50,31
2025-10-18,GOOGL,1.5,0,16,11
2025-10-25,GOOGL,-21.0,3,109,74
2025-11-01,GOOGL,-17.0,7,58,43
2025-11-08,GOOGL,-20.38,11,104,66
2025-11-15,GOOGL,-6.63,4,67,41
2025-11-22,GOOGL,-7.5,2,64,52
2025-11-29,GOOGL,-17.25,2,70,42
2025-12-06,GOOGL,-8.25,0,37,31
2025-12-13,GOOGL,-11.0,2,41,27
2025-12-20,GOOGL,-10.5,0,40,29
2025-12-27,GOOGL,-15.5,0,45,31
2026-01-03,GOOGL,-5.75,1,50,36
2026-01-10,GOOGL,-28.75,5,135,87
2026-01-17,GOOGL,-21.5,3,76,44
2026-01-24,GOOGL,-18.0,0,59,39
2026-01-31,GOOGL,-12.25,4,71,49
2026-02-07,GOOGL,-25.75,7,65,47
2026-02-14,GOOGL,-27.25,9,80,42
2026-02-21,GOOGL,-20.25,3,59,39
2026-02-28,GOOGL,-9.120000000000001,3,33,22
2026-03-07,GOOGL,-18.75,3,57,34
2026-03-14,GOOGL,-12.5,0,27,17
2026-03-21,GOOGL,-11.75,1,32,24
2026-03-28,GOOGL,-5.5,2,41,23
2026-04-04,GOOGL,-5.75,1,20,14
2026-04-11,GOOGL,-12.25,2,43,26
2026-04-18,GOOGL,-7.25,0,31,23
2026-04-25,GOOGL,-11.5,2,50,38
2026-05-02,GOOGL,-15.75,7,58,35
2026-05-09,GOOGL,-13.379999999999999,2,46,34
2026-05-16,GOOGL,-7.629999999999999,0,50,28
2026-05-23,GOOGL,-6.25,3,54,35
2026-05-30,GOOGL,-9.75,5,65,46
2026-06-06,GOOGL,-26.75,3,73,49
2026-06-13,GOOGL,-27.75,5,73,34
2026-06-20,GOOGL,-12.0,0,35,22
2026-06-27,GOOGL,-16.0,6,90,58
2026-07-04,GOOGL,-4.75,0,19,15
2026-07-11,GOOGL,-3.0,0,15,12
2018-01-13,GS,-0.5,0,2,2
2018-01-20,GS,-0.25,0,1,1
2018-01-27,GS,-3.25,0,5,1
2018-02-03,GS,-6.0,0,11,3
2018-02-10,GS,-0.75,0,3,2
2018-02-24,GS,-0.5,0,3,2
2018-03-03,GS,-2.5,0,6,3
2018-03-10,GS,-1.75,0,4,2
2018-03-24,GS,-0.5,0,2,2
2018-04-07,GS,-0.5,0,1,1
2018-04-14,GS,-15.0,0,24,13
2018-04-21,GS,-1.5,0,3,2
2018-04-28,GS,-0.75,0,2,2
2018-05-05,GS,-0.5,0,1,1
2018-05-19,GS,-0.5,0,1,1
2018-05-26,GS,-0.75,0,3,2
2018-06-02,GS,-0.5,0,1,1
2018-06-09,GS,-1.5,0,5,4
2018-06-23,GS,-1.5,2,4,2
2018-07-14,GS,-4.0,0,7,2
2018-07-21,GS,-0.5,0,1,1
2018-07-28,GS,-4.0,0,9,5
2018-08-11,GS,0.0,0,2,2
2018-09-01,GS,-0.5,1,1,1
2018-09-08,GS,-0.5,0,1,1
2018-09-22,GS,-1.5,0,3,2
2018-09-29,GS,-2.0,0,3,1
2018-10-06,GS,-0.5,0,1,1
2018-10-13,GS,-0.5,0,1,1
2018-10-20,GS,-1.5,0,3,3
2018-10-27,GS,0.5,0,1,1
2018-11-03,GS,-1.62,0,3,3
2018-11-24,GS,-0.25,0,1,1
2018-12-01,GS,-0.5,0,1,1
2018-12-08,GS,-0.5,0,1,1
2018-12-15,GS,-7.0,4,16,7
2018-12-22,GS,-4.5,1,11,6
2018-12-29,GS,-0.5,0,3,2
2019-01-05,GS,-1.0,0,5,4
2019-01-12,GS,-1.5,0,2,1
2019-01-19,GS,0.0,0,2,2
2019-02-09,GS,-2.0,1,4,1
2019-02-16,GS,-4.0,0,8,5
2019-02-23,GS,-2.0,0,4,2
2019-03-02,GS,0.0,0,2,2
2019-03-09,GS,-1.0,0,4,4
2019-03-16,GS,-1.0,0,2,2
2019-03-23,GS,-1.0,0,2,1
2019-04-06,GS,-0.5,0,1,1
2019-05-04,GS,-0.5,0,1,1
2019-05-11,GS,0.5,0,1,1
2019-05-25,GS,0.5,0,1,1
2019-06-01,GS,-1.75,0,3,2
2019-06-15,GS,-2.5,0,6,3
2019-06-22,GS,-1.0,0,2,1
2019-06-29,GS,-0.5,0,1,1
2019-07-06,GS,-4.5,0,9,5
2019-07-20,GS,-2.0,0,4,3
2019-07-27,GS,-1.0,1,2,1
2019-08-03,GS,-1.0,0,2,2
2019-08-24,GS,-1.0,0,2,2
2019-08-31,GS,-1.0,0,2,1
2019-09-07,GS,0.5,0,1,1
2019-09-14,GS,-1.25,0,4,3
2019-09-21,GS,-1.5,0,3,2
2019-09-28,GS,-0.5,0,1,1
2019-10-05,GS,-3.0,0,8,8
2019-10-19,GS,-2.0,0,4,2
2019-11-02,GS,-0.5,0,1,1
2019-11-16,GS,0.0,0,1,1
2019-11-30,GS,-1.5,0,3,2
2019-12-07,GS,-1.0,0,2,2
2019-12-28,GS,-0.5,0,1,1
2020-01-04,GS,-1.0,1,2,2
2020-01-11,GS,-1.0,0,4,3
2020-01-18,GS,-1.5,0,2,2
2020-01-25,GS,-1.25,0,2,1
2020-02-01,GS,-0.75,0,3,2
2020-02-22,GS,-1.5,0,5,4
2020-02-29,GS,-0.5,0,1,1
2020-03-07,GS,-6.0,1,13,7
2020-03-14,GS,-14.75,6,38,26
2020-03-21,GS,-12.75,2,26,19
2020-03-28,GS,-1.75,0,4,4
2020-04-04,GS,-1.0,0,4,3
2020-04-11,GS,-1.75,0,14,10
2020-04-18,GS,-1.25,0,2,2
2020-04-25,GS,-3.5,0,5,2
2020-05-02,GS,-1.5,0,5,3
2020-05-09,GS,-11.25,0,21,12
2020-05-16,GS,-1.5,0,4,4
2020-05-23,GS,-1.0,3,6,2
2020-05-30,GS,-0.5,0,1,1
2020-06-06,GS,-1.25,0,4,1
2020-06-13,GS,-3.0,0,7,5
2020-06-20,GS,0.5,0,3,1
2020-06-27,GS,-1.5,0,4,3
2020-07-11,GS,-3.5,0,7,5
2020-07-18,GS,-4.5,0,11,4
2020-07-25,GS,-0.25,0,3,2
2020-08-01,GS,-5.25,3,9,5
2020-09-05,GS,-0.5,0,1,1
2020-09-12,GS,-2.0,0,4,3
2020-09-19,GS,-4.0,3,8,6
2020-10-03,GS,-0.5,0,3,3
2020-10-31,GS,-0.5,0,1,1
2020-11-07,GS,-1.0,0,3,3
2020-11-21,GS,-0.5,0,1,1
2020-12-12,GS,0.75,0,6,4
2020-12-26,GS,0.75,0,3,3
2021-01-02,GS,-3.5,0,11,3
2021-01-09,GS,-2.75,0,6,2
2021-01-23,GS,-3.75,0,6,2
2021-01-30,GS,-4.5,1,13,7
2021-02-06,GS,-1.5,1,3,2
2021-02-13,GS,-0.5,0,1,1
2021-02-27,GS,-4.25,0,6,3
2021-03-06,GS,-4.25,0,9,5
2021-03-13,GS,0.0,0,2,1
2021-03-20,GS,-1.0,0,2,1
2021-03-27,GS,-6.0,1,18,11
2021-04-03,GS,-1.75,0,3,2
2021-04-10,GS,-1.5,0,5,2
2021-04-17,GS,-1.0,0,2,1
2021-04-24,GS,-0.75,0,1,1
2021-05-01,GS,-1.5,0,2,1
2021-05-15,GS,1.0,0,4,2
2021-05-22,GS,-3.0,0,5,4
2021-05-29,GS,-3.75,0,6,1
2021-06-05,GS,-2.12,0,4,3
2021-06-12,GS,-1.0,0,2,2
2021-06-26,GS,-1.0,0,4,2
2021-07-03,GS,0.5,0,1,1
2021-07-24,GS,1.0,0,7,1
2021-07-31,GS,-1.5,0,3,2
2021-08-07,GS,3.0,0,5,2
2021-08-14,GS,-0.5,0,1,1
2021-09-04,GS,-2.25,0,3,1
2021-09-11,GS,-2.0,0,4,2
2021-09-18,GS,-3.0,0,5,2
2021-10-09,GS,-1.5,0,4,1
2021-10-16,GS,-0.5,0,1,1
2021-10-30,GS,-1.25,0,2,2
2021-11-06,GS,-0.5,0,1,1
2021-11-13,GS,-2.0,0,3,2
2021-12-04,GS,-0.5,0,1,1
2021-12-25,GS,0.0,0,1,1
2022-01-01,GS,-0.5,0,1,1
2022-01-15,GS,-0.5,1,2,2
2022-01-22,GS,-1.5,1,3,2
2022-01-29,GS,-0.5,0,1,1
2022-02-05,GS,-0.5,0,1,1
2022-02-12,GS,-1.25,0,2,1
2022-02-19,GS,-0.5,0,3,2
2022-02-26,GS,0.0,0,2,1
2022-03-05,GS,-0.75,0,2,2
2022-03-26,GS,-1.5,0,3,3
2022-04-09,GS,0.0,0,2,2
2022-04-16,GS,0.0,0,6,3
2022-04-23,GS,1.0,0,12,5
2022-05-07,GS,-5.0,0,7,2
2022-05-14,GS,-1.0,3,4,2
2022-05-28,GS,-1.0,0,2,1
2022-06-04,GS,-0.5,0,1,1
2022-06-11,GS,0.75,0,2,1
2022-06-25,GS,-0.5,0,1,1
2022-07-09,GS,-2.5,0,4,1
2022-09-03,GS,-0.5,0,1,1
2022-09-10,GS,2.25,0,5,3
2022-09-17,GS,-0.5,0,1,1
2022-09-24,GS,-2.0,5,8,5
2022-11-12,GS,-0.75,0,2,2
2022-11-19,GS,-0.25,0,1,1
2022-12-03,GS,-1.0,0,2,2
2022-12-10,GS,-0.75,0,1,1
2022-12-17,GS,-1.0,0,2,2
2022-12-31,GS,-0.5,0,1,1
2023-01-07,GS,-1.5,3,3,1
2023-01-14,GS,-1.75,0,3,2
2023-01-21,GS,-4.5,2,13,8
2023-01-28,GS,-2.0,0,4,3
2023-02-04,GS,-1.0,0,2,2
2023-02-25,GS,-0.5,0,1,1
2023-03-11,GS,-2.75,0,6,5
2023-03-18,GS,0.25,0,4,2
2023-04-01,GS,-0.5,0,1,1
2023-04-22,GS,-1.0,0,2,1
2023-04-29,GS,-1.0,0,2,1
2023-05-13,GS,0.5,0,1,1
2023-05-20,GS,-0.75,0,1,1
2023-06-03,GS,-1.0,2,3,1
2023-06-10,GS,-0.5,0,1,1
2023-06-24,GS,-2.0,0,4,1
2023-07-08,GS,-0.5,0,1,1
2023-07-15,GS,-1.0,0,2,2
2023-08-12,GS,-1.5,0,3,1
2023-08-19,GS,-2.0,0,4,1
2023-09-02,GS,-0.75,0,3,3
2023-09-16,GS,-2.75,0,5,3
2023-09-30,GS,-0.75,1,5,4
2023-10-14,GS,0.0,0,3,3
2023-11-04,GS,-0.5,0,1,1
2023-11-18,GS,0.5,0,4,3
2023-11-25,GS,-2.5,2,4,3
2023-12-16,GS,-1.0,0,2,2
2024-01-06,GS,0.25,0,2,1
2024-01-20,GS,-0.25,0,1,1
2024-02-10,GS,-1.5,0,3,2
2024-02-17,GS,0.5,0,1,1
2024-02-24,GS,-1.0,0,2,2
2024-03-02,GS,-0.75,0,3,2
2024-03-09,GS,-0.5,0,1,1
2024-03-16,GS,0.5,0,1,1
2024-03-23,GS,-2.0,0,4,1
2024-04-20,GS,-1.0,0,4,2
2024-04-27,GS,-1.75,0,3,1
2024-05-04,GS,0.5,0,1,1
2024-05-11,GS,-1.25,0,3,2
2024-05-25,GS,0.0,0,2,2
2024-07-06,GS,0.0,0,2,2
2024-07-13,GS,-0.25,0,2,2
2024-07-20,GS,0.5,0,1,1
2024-07-27,GS,0.5,0,1,1
2024-08-10,GS,-0.5,0,1,1
2024-09-07,GS,-1.0,0,2,2
2024-09-21,GS,-3.25,1,5,2
2024-10-12,GS,0.0,0,1,1
2024-10-19,GS,-3.0,0,6,4
2024-10-26,GS,-1.0,0,4,3
2024-11-02,GS,-0.5,0,1,1
2024-11-09,GS,-0.5,0,1,1
2024-11-23,GS,-0.5,0,1,1
2024-12-14,GS,-0.5,0,5,3
2024-12-21,GS,-0.5,0,1,1
2025-01-11,GS,-3.0,0,6,6
2025-01-18,GS,-1.0,0,2,1
2025-02-01,GS,1.0,0,2,1
2025-02-15,GS,-0.5,0,1,1
2025-02-22,GS,-0.5,0,1,1
2025-03-15,GS,-0.5,0,1,1
2025-03-22,GS,-0.75,0,1,1
2025-03-29,GS,-0.75,0,1,1
2025-04-05,GS,-2.5,0,6,5
2025-04-19,GS,-1.25,0,3,2
2025-04-26,GS,0.5,0,7,2
2025-05-03,GS,-2.0,0,3,2
2025-05-10,GS,-0.5,0,3,2
2025-05-17,GS,1.5,0,3,1
2025-05-31,GS,-1.5,0,3,1
2025-06-21,GS,-1.0,0,2,2
2025-07-12,GS,0.0,0,1,1
2025-07-19,GS,-0.5,0,1,1
2025-07-26,GS,0.75,0,3,1
2025-08-09,GS,-2.0,0,4,2
2025-08-23,GS,-0.75,0,1,1
2025-08-30,GS,-2.5,0,5,2
2025-09-06,GS,-0.5,0,1,1
2025-09-27,GS,0.5,0,3,2
2025-10-04,GS,-1.5,0,7,6
2025-10-11,GS,-0.5,0,1,1
2025-10-18,GS,-1.0,0,6,2
2025-10-25,GS,-0.25,0,1,1
2025-11-01,GS,-0.25,0,2,1
2025-11-08,GS,-1.5,0,4,3
2025-11-22,GS,-3.5,1,5,1
2025-12-06,GS,0.0,0,1,1
2025-12-27,GS,-1.5,0,3,1
2026-01-24,GS,-1.5,0,2,1
2026-02-07,GS,-1.25,0,2,2
2026-02-28,GS,-0.5,0,1,1
2026-03-14,GS,-0.5,0,1,1
2026-03-28,GS,-0.5,0,1,1
2026-04-11,GS,-0.5,0,1,1
2026-05-02,GS,-2.25,0,4,2
2026-05-09,GS,-1.0,1,2,1
2026-05-30,GS,-2.0,0,3,2
2017-12-30,HOOD,-3.5,1,22,15
2018-01-06,HOOD,-4.0,2,20,15
2018-01-13,HOOD,-0.25,2,14,9
2018-01-20,HOOD,-6.25,11,43,25
2018-01-27,HOOD,-7.0,1,32,17
2018-02-03,HOOD,-0.25,2,36,27
2018-02-10,HOOD,-1.5,3,20,16
2018-02-17,HOOD,-3.75,5,32,21
2018-02-24,HOOD,-1.75,2,34,24
2018-03-03,HOOD,-9.25,1,35,22
2018-03-10,HOOD,-7.629999999999999,1,39,27
2018-03-17,HOOD,-1.75,1,15,14
2018-03-24,HOOD,-3.38,0,20,16
2018-03-31,HOOD,-1.75,1,19,14
2018-04-07,HOOD,-5.75,0,20,13
2018-04-14,HOOD,-3.5,2,26,16
2018-04-21,HOOD,-4.25,1,22,16
2018-04-28,HOOD,-3.5,2,21,12
2018-05-05,HOOD,-4.0,6,23,13
2018-05-12,HOOD,-10.75,1,79,47
2018-05-19,HOOD,-7.25,1,34,26
2018-05-26,HOOD,-7.0,5,17,9
2018-06-02,HOOD,-2.5,0,10,7
2018-06-09,HOOD,-3.0,1,26,19
2018-06-16,HOOD,-3.75,1,20,13
2018-06-23,HOOD,-8.25,4,30,20
2018-06-30,HOOD,-0.3799999999999999,0,15,13
2018-07-07,HOOD,-14.75,8,57,35
2018-07-14,HOOD,-0.75,1,10,9
2018-07-21,HOOD,-6.88,6,74,45
2018-07-28,HOOD,-2.0,1,33,27
2018-08-04,HOOD,-1.0,3,24,20
2018-08-11,HOOD,-4.25,1,24,17
2018-08-18,HOOD,-0.75,1,36,25
2018-08-25,HOOD,-10.25,5,22,12
2018-09-01,HOOD,-8.75,4,24,18
2018-09-08,HOOD,-4.5,2,17,11
2018-09-15,HOOD,-4.0,1,34,23
2018-09-22,HOOD,-3.25,3,24,21
2018-09-29,HOOD,-1.75,0,18,13
2018-10-06,HOOD,-5.0,6,26,19
2018-10-13,HOOD,-11.0,2,31,19
2018-10-20,HOOD,-13.25,1,30,17
2018-10-27,HOOD,-7.75,3,14,7
2018-11-03,HOOD,-3.75,3,24,16
2018-11-10,HOOD,-2.75,0,11,7
2018-11-17,HOOD,-6.5,4,30,16
2018-11-24,HOOD,-6.0,2,22,15
2018-12-01,HOOD,2.0,0,10,7
2018-12-08,HOOD,-29.630000000000003,12,84,59
2018-12-15,HOOD,-7.5,2,26,20
2018-12-22,HOOD,-12.0,4,42,24
2018-12-29,HOOD,-13.5,9,51,32
2019-01-05,HOOD,-10.75,2,39,25
2019-01-12,HOOD,-5.25,5,18,15
2019-01-19,HOOD,-3.75,4,12,10
2019-01-26,HOOD,-10.0,1,42,27
2019-02-02,HOOD,-2.0,2,32,22
2019-02-09,HOOD,-4.75,4,27,19
2019-02-16,HOOD,-3.0,2,20,14
2019-02-23,HOOD,-9.75,3,34,23
2019-03-02,HOOD,0.25,1,17,13
2019-03-09,HOOD,-3.75,1,11,9
2019-03-16,HOOD,-9.5,3,43,29
2019-03-23,HOOD,-4.0,0,13,10
2019-03-30,HOOD,-10.629999999999999,4,31,22
2019-04-06,HOOD,-2.75,0,9,8
2019-04-13,HOOD,-3.5,5,21,16
2019-04-20,HOOD,-12.87,0,36,31
2019-04-27,HOOD,-6.75,3,19,14
2019-05-04,HOOD,-0.75,0,4,4
2019-05-11,HOOD,-0.75,1,14,6
2019-05-18,HOOD,-5.5,1,13,8
2019-05-25,HOOD,-1.25,0,21,14
2019-06-01,HOOD,-3.5,1,9,7
2019-06-08,HOOD,-1.88,0,15,10
2019-06-15,HOOD,-13.5,2,40,22
2019-06-22,HOOD,-13.38,2,38,20
2019-06-29,HOOD,-3.5,2,16,10
2019-07-06,HOOD,-4.5,0,15,9
2019-07-13,HOOD,-0.75,1,6,4
2019-07-20,HOOD,-18.0,4,52,29
2019-07-27,HOOD,-1.5,2,5,2
2019-08-03,HOOD,-3.75,2,31,20
2019-08-10,HOOD,-8.0,4,23,15
2019-08-17,HOOD,-7.0,0,26,15
2019-08-24,HOOD,-7.0,4,25,19
2019-08-31,HOOD,-7.0,0,17,10
2019-09-07,HOOD,-6.25,0,25,18
2019-09-14,HOOD,-3.0,0,8,8
2019-09-21,HOOD,-17.25,1,43,24
2019-09-28,HOOD,-14.75,6,99,73
2019-10-05,HOOD,-17.880000000000003,8,78,55
2019-10-12,HOOD,-11.5,1,30,23
2019-10-19,HOOD,-11.75,0,31,17
2019-10-26,HOOD,-2.0,1,10,7
2019-11-02,HOOD,-31.38,12,110,70
2019-11-09,HOOD,-3.75,1,14,13
2019-11-16,HOOD,-6.25,2,32,25
2019-11-23,HOOD,-4.75,0,17,8
2019-11-30,HOOD,-14.0,1,52,36
2019-12-07,HOOD,-6.75,0,18,13
2019-12-14,HOOD,-12.0,1,27,19
2019-12-21,HOOD,-7.5,0,31,18
2019-12-28,HOOD,-7.25,1,41,27
2020-01-04,HOOD,-1.13,1,39,27
2020-01-11,HOOD,-12.75,3,29,12
2020-01-18,HOOD,-1.25,1,19,13
2020-01-25,HOOD,-1.25,0,12,11
2020-02-01,HOOD,-12.75,5,40,23
2020-02-08,HOOD,-4.25,1,20,17
2020-02-15,HOOD,1.0,2,33,22
2020-02-22,HOOD,-12.75,4,44,30
2020-02-29,HOOD,-106.38,22,279,191
2020-03-07,HOOD,-49.38,19,166,128
2020-03-14,HOOD,-26.0,11,84,64
2020-03-21,HOOD,-13.87,4,47,30
2020-03-28,HOOD,-27.25,5,65,36
2020-04-04,HOOD,-14.88,6,44,33
2020-04-11,HOOD,-34.5,10,97,66
2020-04-18,HOOD,-14.12,4,62,43
2020-04-25,HOOD,-17.75,5,62,39
2020-05-02,HOOD,-5.25,1,62,34
2020-05-09,HOOD,-15.5,5,57,41
2020-05-16,HOOD,-16.5,3,48,37
2020-05-23,HOOD,-7.0,0,37,31
2020-05-30,HOOD,-13.879999999999999,5,57,38
2020-06-06,HOOD,-50.25,5,176,121
2020-06-13,HOOD,-103.0,17,270,168
2020-06-20,HOOD,-48.0,3,125,87
2020-06-27,HOOD,-22.25,1,60,41
2020-07-04,HOOD,-42.5,6,112,67
2020-07-11,HOOD,-13.0,3,37,28
2020-07-18,HOOD,-19.0,2,57,41
2020-07-25,HOOD,-5.5,0,40,32
2020-08-01,HOOD,-19.13,2,64,45
2020-08-08,HOOD,-19.25,6,73,53
2020-08-15,HOOD,-19.25,1,41,28
2020-08-22,HOOD,-14.0,12,51,34
2020-08-29,HOOD,-26.13,8,79,53
2020-09-05,HOOD,-16.5,8,47,29
2020-09-12,HOOD,-6.25,3,27,20
2020-09-19,HOOD,-7.25,7,23,11
2020-09-26,HOOD,-5.0,2,26,13
2020-10-03,HOOD,-26.38,3,86,49
2020-10-10,HOOD,-24.25,5,61,40
2020-10-17,HOOD,-4.5,3,22,16
2020-10-24,HOOD,-6.75,3,17,12
2020-10-31,HOOD,-8.5,1,20,13
2020-11-07,HOOD,-6.75,4,34,22
2020-11-14,HOOD,-1.5,4,42,29
2020-11-21,HOOD,-15.75,8,78,47
2020-11-28,HOOD,-9.75,2,54,33
2020-12-05,HOOD,-20.25,11,66,38
2020-12-12,HOOD,-44.25,13,133,81
2020-12-19,HOOD,-18.75,12,65,48
2020-12-26,HOOD,-10.5,2,43,30
2021-01-02,HOOD,-17.0,4,97,65
2021-01-09,HOOD,-14.75,11,59,34
2021-01-16,HOOD,-5.5,5,29,22
2021-01-23,HOOD,-348.15,63,856,529
2021-01-30,HOOD,-334.52,101,923,517
2021-02-06,HOOD,-99.38,26,273,158
2021-02-13,HOOD,-91.13,24,223,145
2021-02-20,HOOD,-34.629999999999995,5,102,65
2021-02-27,HOOD,-13.5,5,66,42
2021-03-06,HOOD,-11.75,8,44,29
2021-03-13,HOOD,-45.25,8,128,78
2021-03-20,HOOD,-62.63,19,186,118
2021-03-27,HOOD,-11.63,4,28,19
2021-04-03,HOOD,-2.0,1,16,10
2021-04-10,HOOD,-13.0,5,32,21
2021-04-17,HOOD,-12.25,3,32,24
2021-04-24,HOOD,-1.5,1,23,16
2021-05-01,HOOD,-13.25,4,42,26
2021-05-08,HOOD,-8.75,2,22,14
2021-05-15,HOOD,-4.0,2,18,12
2021-05-22,HOOD,-14.129999999999999,2,29,14
2021-05-29,HOOD,-4.5,3,37,25
2021-06-05,HOOD,-10.25,0,42,23
2021-06-12,HOOD,-10.25,2,45,29
2021-06-19,HOOD,-13.879999999999999,10,41,23
2021-06-26,HOOD,-17.75,5,50,36
2021-07-03,HOOD,-3.5,3,22,17
2021-07-10,HOOD,-3.0,2,12,6
2021-07-17,HOOD,-21.0,2,63,35
2021-07-24,HOOD,-21.5,2,50,34
2021-07-31,HOOD,-36.5,5,108,73
2021-08-07,HOOD,-8.25,4,21,13
2021-08-14,HOOD,-7.0,1,17,13
2021-08-21,HOOD,-1.75,0,11,6
2021-08-28,HOOD,-2.13,0,7,7
2021-09-04,HOOD,-4.25,2,12,8
2021-09-11,HOOD,-3.0,2,9,5
2021-09-18,HOOD,-6.0,4,19,13
2021-09-25,HOOD,-1.5,1,3,3
2021-10-02,HOOD,-8.25,2,15,8
2021-10-09,HOOD,-10.75,2,28,18
2021-10-16,HOOD,-12.0,0,29,13
2021-10-23,HOOD,-1.25,0,18,13
2021-10-30,HOOD,-2.75,0,14,10
2021-11-06,HOOD,-11.5,3,27,18
2021-11-13,HOOD,-5.25,3,12,9
2021-11-20,HOOD,-4.25,2,7,4
2021-11-27,HOOD,-3.75,1,15,10
2021-12-04,HOOD,-3.0,0,10,6
2021-12-11,HOOD,-2.5,3,13,9
2021-12-18,HOOD,-2.0,4,18,12
2021-12-25,HOOD,-9.5,1,20,14
2022-01-01,HOOD,0.5,0,8,6
2022-01-08,HOOD,-3.25,2,24,17
2022-01-15,HOOD,0.5,4,14,9
2022-01-22,HOOD,-4.75,2,16,14
2022-01-29,HOOD,-11.75,3,25,17
2022-02-05,HOOD,-1.5,0,3,2
2022-02-12,HOOD,-1.25,2,6,4
2022-02-19,HOOD,-2.5,1,5,3
2022-02-26,HOOD,-7.0,1,14,8
2022-03-05,HOOD,-9.5,4,20,11
2022-03-12,HOOD,-4.0,1,7,4
2022-03-19,HOOD,-10.879999999999999,1,54,30
2022-03-26,HOOD,-16.25,0,42,23
2022-04-02,HOOD,-2.5,0,6,3
2022-04-09,HOOD,-3.5,0,20,12
2022-04-16,HOOD,-4.75,3,16,6
2022-04-23,HOOD,-26.75,1,58,39
2022-04-30,HOOD,-5.5,1,13,12
2022-05-07,HOOD,-3.25,0,10,6
2022-05-14,HOOD,-3.25,0,10,6
2022-05-21,HOOD,-5.5,1,12,9
2022-05-28,HOOD,-8.0,2,14,10
2022-06-04,HOOD,-4.0,1,11,7
2022-06-11,HOOD,-12.25,3,27,20
2022-06-18,HOOD,-2.25,2,12,6
2022-06-25,HOOD,-3.0,0,7,6
2022-07-02,HOOD,-1.25,0,2,2
2022-07-09,HOOD,-1.5,0,3,1
2022-07-16,HOOD,-1.75,0,5,2
2022-07-23,HOOD,-0.75,0,1,1
2022-07-30,HOOD,-20.0,3,46,30
2022-08-06,HOOD,-3.25,0,9,5
2022-08-13,HOOD,-5.25,4,15,9
2022-08-20,HOOD,-0.75,0,3,3
2022-08-27,HOOD,0.25,0,2,2
2022-09-03,HOOD,-0.75,1,4,4
2022-09-10,HOOD,-2.5,1,12,6
2022-09-17,HOOD,-7.75,5,22,17
2022-09-24,HOOD,-4.25,0,9,7
2022-10-01,HOOD,0.25,1,10,6
2022-10-08,HOOD,0.0,1,5,2
2022-10-15,HOOD,-0.75,0,6,4
2022-10-22,HOOD,-17.0,3,42,25
2022-10-29,HOOD,-5.75,0,18,12
2022-11-05,HOOD,-3.0,0,24,14
2022-11-12,HOOD,-6.25,1,10,7
2022-11-19,HOOD,-4.75,3,12,10
2022-11-26,HOOD,-21.0,2,52,37
2022-12-03,HOOD,-22.75,4,49,30
2022-12-10,HOOD,-12.5,9,34,25
2022-12-17,HOOD,-17.62,2,40,22
2022-12-24,HOOD,-12.75,4,32,21
2022-12-31,HOOD,-6.0,2,17,13
2023-01-07,HOOD,0.62,1,5,3
2023-01-14,HOOD,-3.5,0,7,5
2023-01-21,HOOD,-0.5,2,7,7
2023-01-28,HOOD,0.0,0,20,14
2023-02-04,HOOD,0.0,0,2,2
2023-02-11,HOOD,-1.5,0,3,3
2023-02-18,HOOD,-0.5,0,1,1
2023-02-25,HOOD,-3.5,0,7,5
2023-03-04,HOOD,-1.25,2,7,5
2023-03-11,HOOD,-2.38,1,11,8
2023-03-18,HOOD,-2.75,1,9,6
2023-03-25,HOOD,-5.0,1,16,9
2023-04-01,HOOD,-1.75,3,5,2
2023-04-08,HOOD,-1.25,0,4,2
2023-04-15,HOOD,-3.75,0,10,7
2023-04-22,HOOD,0.0,1,2,2
2023-04-29,HOOD,0.0,0,2,2
2023-05-06,HOOD,-3.25,1,7,5
2023-05-13,HOOD,-1.0,0,4,3
2023-05-20,HOOD,-1.5,0,3,3
2023-05-27,HOOD,-1.75,0,19,11
2023-06-03,HOOD,-11.75,1,29,18
2023-06-10,HOOD,-3.25,1,11,10
2023-06-17,HOOD,-1.25,1,8,8
2023-06-24,HOOD,-6.5,2,18,11
2023-07-01,HOOD,-2.25,0,7,6
2023-07-08,HOOD,-1.25,0,20,13
2023-07-15,HOOD,-4.25,1,13,10
2023-07-22,HOOD,-1.75,0,4,4
2023-07-29,HOOD,-1.5,1,16,12
2023-08-05,HOOD,-1.0,1,2,2
2023-08-12,HOOD,-10.75,0,22,13
2023-08-19,HOOD,-9.25,2,23,20
2023-08-26,HOOD,-3.5,0,17,14
2023-09-02,HOOD,-2.5,1,15,9
2023-09-09,HOOD,-3.25,1,9,8
2023-09-16,HOOD,-1.5,0,5,4
2023-09-23,HOOD,-0.5,0,4,4
2023-09-30,HOOD,0.0,2,14,7
2023-10-07,HOOD,0.0,0,8,5
2023-10-14,HOOD,2.5,0,10,4
2023-10-21,HOOD,-0.5,2,7,6
2023-10-28,HOOD,-4.75,0,12,5
2023-11-04,HOOD,-2.5,0,8,5
2023-11-11,HOOD,-9.0,2,28,21
2023-11-18,HOOD,1.25,0,7,5
2023-11-25,HOOD,-3.5,4,13,6
2023-12-02,HOOD,-0.25,1,2,2
2023-12-09,HOOD,-7.25,2,32,25
2023-12-16,HOOD,-3.38,4,44,27
2023-12-23,HOOD,-9.5,6,41,29
2023-12-30,HOOD,-17.0,4,44,25
2024-01-06,HOOD,-21.0,7,67,34
2024-01-13,HOOD,-10.5,3,46,27
2024-01-20,HOOD,-7.88,6,48,33
2024-01-27,HOOD,-16.75,2,56,39
2024-02-03,HOOD,-12.879999999999999,3,40,32
2024-02-10,HOOD,-5.25,1,15,11
2024-02-17,HOOD,-5.5,7,46,31
2024-02-24,HOOD,-7.5,2,17,10
2024-03-02,HOOD,-4.0,6,24,12
2024-03-09,HOOD,-1.25,0,16,13
2024-03-16,HOOD,-6.0,0,32,21
2024-03-23,HOOD,-9.5,8,116,74
2024-03-30,HOOD,-11.75,1,64,36
2024-04-06,HOOD,0.25,0,39,27
2024-04-13,HOOD,-6.5,2,35,20
2024-04-20,HOOD,-4.0,1,31,22
2024-04-27,HOOD,-18.880000000000003,5,69,44
2024-05-04,HOOD,-8.0,2,35,23
2024-05-11,HOOD,-7.0,0,15,13
2024-05-18,HOOD,-7.25,6,20,15
2024-05-25,HOOD,0.25,0,8,4
2024-06-01,HOOD,-5.5,2,39,23
2024-06-08,HOOD,-0.5,0,5,4
2024-06-15,HOOD,-2.0,1,28,19
2024-06-22,HOOD,1.25,0,4,4
2024-06-29,HOOD,-6.75,0,15,7
2024-07-06,HOOD,-3.0,2,15,8
2024-07-13,HOOD,-2.25,5,13,8
2024-07-20,HOOD,-4.0,1,16,11
2024-07-27,HOOD,-0.75,0,9,6
2024-08-03,HOOD,-2.63,8,34,18
2024-08-10,HOOD,-6.5,0,15,7
2024-08-17,HOOD,-2.0,1,13,10
2024-08-24,HOOD,-6.75,6,29,16
2024-08-31,HOOD,-1.75,0,6,5
2024-09-07,HOOD,-9.5,1,25,18
2024-09-14,HOOD,-5.0,0,18,13
2024-09-21,HOOD,-8.379999999999999,4,28,16
2024-09-28,HOOD,-2.87,4,19,9
2024-10-05,HOOD,-2.25,0,9,7
2024-10-12,HOOD,-5.0,6,27,19
2024-10-19,HOOD,-27.5,11,86,52
2024-10-26,HOOD,-14.629999999999999,2,46,32
2024-11-02,HOOD,-9.75,3,34,22
2024-11-09,HOOD,-8.5,3,54,30
2024-11-16,HOOD,-4.5,1,21,17
2024-11-23,HOOD,0.5,1,16,10
2024-11-30,HOOD,-3.75,5,43,20
2024-12-07,HOOD,-7.25,3,37,24
2024-12-14,HOOD,-24.5,7,82,46
2024-12-21,HOOD,0.12,2,13,7
2024-12-28,HOOD,-9.0,0,26,22
2025-01-04,HOOD,-6.75,2,16,12
2025-01-11,HOOD,-9.25,4,26,19
2025-01-18,HOOD,-7.63,7,39,20
2025-01-25,HOOD,-6.75,2,29,21
2025-02-01,HOOD,-4.0,3,19,15
2025-02-08,HOOD,-5.0,4,18,10
2025-02-15,HOOD,-9.5,6,27,18
2025-02-22,HOOD,-1.5,2,9,6
2025-03-01,HOOD,-6.75,2,13,9
2025-03-08,HOOD,-29.0,6,60,29
2025-03-15,HOOD,-7.75,4,42,27
2025-03-22,HOOD,-7.0,3,24,16
2025-03-29,HOOD,-16.0,8,36,29
2025-04-05,HOOD,-8.0,6,25,14
2025-04-12,HOOD,-3.75,2,12,7
2025-04-19,HOOD,-6.75,1,46,32
2025-04-26,HOOD,-9.0,3,26,21
2025-05-03,HOOD,-1.75,0,9,6
2025-05-10,HOOD,0.25,1,17,9
2025-05-17,HOOD,-0.5,1,7,3
2025-05-24,HOOD,1.25,2,20,14
2025-05-31,HOOD,-5.88,3,29,16
2025-06-07,HOOD,-3.25,0,11,10
2025-06-14,HOOD,-1.75,2,17,12
2025-06-21,HOOD,-10.5,2,52,35
2025-06-28,HOOD,2.0,0,10,8
2025-07-05,HOOD,0.0,0,43,27
2025-07-12,HOOD,-13.25,5,31,19
2025-07-19,HOOD,-7.75,0,35,24
2025-07-26,HOOD,-15.0,3,60,46
2025-08-02,HOOD,-1.37,2,29,21
2025-08-09,HOOD,-10.25,2,44,31
2025-08-16,HOOD,-3.25,0,15,10
2025-08-23,HOOD,1.0,0,24,14
2025-08-30,HOOD,-4.5,2,28,18
2025-09-06,HOOD,0.1200000000000001,1,30,19
2025-09-13,HOOD,-3.0,3,18,10
2025-09-20,HOOD,-2.5,1,26,13
2025-09-27,HOOD,-4.5,2,12,9
2025-10-04,HOOD,-5.13,0,23,16
2025-10-11,HOOD,-0.75,3,23,13
2025-10-18,HOOD,-7.75,2,47,27
2025-10-25,HOOD,-5.5,2,31,19
2025-11-01,HOOD,-5.0,2,15,12
2025-11-08,HOOD,-8.0,5,37,21
2025-11-15,HOOD,-4.25,2,12,8
2025-11-22,HOOD,-4.0,0,15,10
2025-11-29,HOOD,-8.5,2,31,17
2025-12-06,HOOD,-37.25,4,79,51
2025-12-13,HOOD,0.5,0,6,5
2025-12-20,HOOD,-8.5,3,23,17
2025-12-27,HOOD,-6.13,4,20,11
2026-01-03,HOOD,-2.5,3,35,21
2026-01-10,HOOD,-4.0,1,16,11
2026-01-17,HOOD,-16.75,3,36,23
2026-01-24,HOOD,-0.5,0,3,3
2026-01-31,HOOD,-11.75,7,30,17
2026-02-07,HOOD,-18.75,14,45,34
2026-02-14,HOOD,-2.0,0,5,5
2026-02-21,HOOD,-9.5,1,21,13
2026-02-28,HOOD,-7.12,2,17,10
2026-03-07,HOOD,-4.5,1,12,8
2026-03-14,HOOD,-1.0,1,4,3
2026-03-21,HOOD,-11.0,3,47,34
2026-03-28,HOOD,-2.25,2,9,4
2026-04-04,HOOD,0.0,1,2,2
2026-04-11,HOOD,-3.25,0,7,4
2026-04-18,HOOD,-17.0,11,41,30
2026-04-25,HOOD,-8.25,6,25,20
2026-05-02,HOOD,-5.0,1,15,11
2026-05-09,HOOD,-5.0,1,19,9
2026-05-16,HOOD,-19.5,7,37,21
2026-05-23,HOOD,-0.75,0,5,4
2026-05-30,HOOD,-10.75,2,24,12
2026-06-06,HOOD,-7.5,1,21,15
2026-06-13,HOOD,-3.5,2,16,12
2026-06-20,HOOD,-2.25,0,5,5
2026-06-27,HOOD,-3.25,0,8,5
2026-07-04,HOOD,-4.75,1,17,13
2026-07-11,HOOD,-5.75,1,17,11
2017-12-30,IBM,1.75,0,5,2
2018-01-06,IBM,-1.0,0,5,5
2018-01-13,IBM,-10.0,0,22,12
2018-01-20,IBM,-1.0,0,5,4
2018-01-27,IBM,-3.5,1,7,4
2018-02-03,IBM,-7.5,0,17,10
2018-02-10,IBM,-1.25,0,4,4
2018-02-17,IBM,0.5,0,7,4
2018-02-24,IBM,-0.5,0,1,1
2018-03-03,IBM,-1.5,1,3,1
2018-03-10,IBM,-1.0,0,2,1
2018-03-17,IBM,-0.5,0,1,1
2018-04-14,IBM,0.0,0,2,2
2018-04-21,IBM,-0.5,0,1,1
2018-04-28,IBM,-2.0,0,7,3
2018-05-05,IBM,-9.25,1,17,12
2018-05-12,IBM,-1.0,0,2,2
2018-05-26,IBM,-2.5,0,5,5
2018-06-02,IBM,0.0,0,2,2
2018-06-16,IBM,-0.5,0,1,1
2018-06-23,IBM,-3.75,0,9,6
2018-06-30,IBM,-1.0,2,2,1
2018-07-07,IBM,-0.5,0,7,5
2018-07-21,IBM,-0.5,0,1,1
2018-07-28,IBM,-0.5,0,1,1
2018-08-04,IBM,-1.0,0,4,3
2018-08-18,IBM,1.0,0,5,2
2018-09-08,IBM,-2.25,0,4,2
2018-09-29,IBM,-0.5,0,1,1
2018-10-06,IBM,-0.5,0,3,2
2018-10-13,IBM,-1.5,0,5,3
2018-10-27,IBM,-9.75,6,34,21
2018-11-03,IBM,-0.5,1,5,2
2018-11-10,IBM,-0.5,0,1,1
2018-11-17,IBM,-5.0,0,10,6
2018-11-24,IBM,-1.0,0,3,3
2018-12-08,IBM,-1.0,1,2,2
2018-12-15,IBM,-0.75,0,3,3
2018-12-22,IBM,-2.25,0,10,4
2018-12-29,IBM,-5.0,0,12,5
2019-01-05,IBM,-0.75,0,1,1
2019-01-26,IBM,-2.25,0,7,4
2019-02-02,IBM,-0.5,0,1,1
2019-02-09,IBM,-1.5,0,5,3
2019-02-16,IBM,-1.0,0,2,2
2019-02-23,IBM,-3.25,0,7,4
2019-03-09,IBM,-0.5,0,1,1
2019-03-16,IBM,-0.5,0,1,1
2019-03-30,IBM,-3.75,0,7,4
2019-04-20,IBM,1.0,0,2,1
2019-04-27,IBM,-0.5,0,1,1
2019-05-04,IBM,-4.75,0,10,6
2019-05-11,IBM,-1.0,0,4,3
2019-06-01,IBM,0.0,0,2,2
2019-06-08,IBM,0.25,0,5,3
2019-06-22,IBM,-0.5,0,1,1
2019-06-29,IBM,-4.25,0,9,5
2019-07-06,IBM,-1.0,0,2,2
2019-07-13,IBM,-4.75,0,13,9
2019-07-20,IBM,-0.5,0,1,1
2019-07-27,IBM,-2.0,0,5,2
2019-08-10,IBM,1.0,0,2,1
2019-08-17,IBM,1.0,0,2,1
2019-08-31,IBM,0.0,0,2,1
2019-09-07,IBM,-1.0,0,2,1
2019-09-14,IBM,-0.5,0,4,2
2019-09-21,IBM,-1.5,0,6,4
2019-09-28,IBM,-1.5,0,4,4
2019-10-05,IBM,-0.75,0,1,1
2019-10-12,IBM,-6.75,0,16,8
2019-10-19,IBM,-0.75,0,4,4
2019-10-26,IBM,-0.5,0,1,1
2019-11-02,IBM,-3.25,1,7,3
2019-11-16,IBM,-1.0,0,5,3
2019-11-23,IBM,0.5,0,1,1
2019-12-07,IBM,-0.5,0,1,1
2019-12-14,IBM,-0.5,0,1,1
2019-12-21,IBM,0.5,0,2,2
2019-12-28,IBM,0.0,0,1,1
2020-01-04,IBM,-1.25,0,4,2
2020-01-18,IBM,-0.5,0,1,1
2020-01-25,IBM,1.13,0,16,13
2020-02-01,IBM,-0.75,0,11,8
2020-02-08,IBM,0.0,0,2,1
2020-02-22,IBM,-1.0,0,2,1
2020-03-07,IBM,-1.25,0,8,4
2020-03-14,IBM,0.0,1,10,3
2020-03-21,IBM,-0.75,0,2,2
2020-03-28,IBM,-2.12,1,18,11
2020-04-04,IBM,-1.5,0,3,3
2020-04-11,IBM,-1.75,0,16,11
2020-04-18,IBM,-0.25,0,4,3
2020-04-25,IBM,-4.38,0,16,12
2020-05-02,IBM,-7.25,0,14,8
2020-05-09,IBM,0.0,0,5,4
2020-05-16,IBM,-2.25,0,10,5
2020-05-23,IBM,-2.0,0,4,2
2020-05-30,IBM,-1.0,0,8,4
2020-06-06,IBM,0.0,0,2,1
2020-06-13,IBM,-3.75,3,13,7
2020-06-20,IBM,-2.0,0,4,4
2020-06-27,IBM,0.25,0,3,1
2020-07-04,IBM,-4.63,0,19,13
2020-07-11,IBM,-3.88,2,27,14
2020-07-18,IBM,-1.0,0,2,2
2020-07-25,IBM,-5.75,1,10,9
2020-08-01,IBM,-1.5,1,3,3
2020-08-08,IBM,-2.5,0,5,5
2020-08-15,IBM,-1.75,0,6,5
2020-08-22,IBM,-1.25,0,5,5
2020-08-29,IBM,-1.0,1,7,6
2020-09-05,IBM,-1.0,1,4,3
2020-09-12,IBM,-3.5,0,11,7
2020-09-19,IBM,-2.25,0,4,2
2020-09-26,IBM,-1.0,0,2,1
2020-10-03,IBM,-7.25,0,17,11
2020-10-10,IBM,0.0,1,9,4
2020-10-17,IBM,-6.75,1,17,10
2020-10-24,IBM,-2.0,0,4,4
2020-10-31,IBM,-1.0,0,4,3
2020-11-07,IBM,-1.0,1,5,3
2020-11-14,IBM,-14.0,0,40,20
2020-11-21,IBM,0.5,0,1,1
2020-11-28,IBM,-2.0,0,4,3
2020-12-05,IBM,-7.25,0,19,12
2020-12-26,IBM,-3.25,0,5,2
2021-01-02,IBM,-6.25,1,17,8
2021-01-09,IBM,-0.25,0,2,2
2021-01-16,IBM,-0.25,0,1,1
2021-01-23,IBM,-0.5,0,1,1
2021-01-30,IBM,-1.0,0,4,4
2021-02-06,IBM,-2.0,1,19,11
2021-02-13,IBM,-5.75,0,21,12
2021-02-20,IBM,-7.13,2,31,21
2021-02-27,IBM,-4.75,0,9,5
2021-03-06,IBM,-2.5,0,4,2
2021-03-13,IBM,-4.0,2,8,6
2021-03-20,IBM,-1.0,0,3,3
2021-03-27,IBM,-0.5,0,1,1
2021-04-03,IBM,-1.0,0,4,3
2021-04-10,IBM,-1.5,0,3,2
2021-04-17,IBM,-1.5,0,9,7
2021-04-24,IBM,-0.5,0,1,1
2021-05-01,IBM,-6.5,0,10,3
2021-05-08,IBM,-2.0,0,4,3
2021-05-22,IBM,0.5,0,4,3
2021-05-29,IBM,0.25,0,2,1
2021-06-05,IBM,-0.5,0,1,1
2021-06-12,IBM,-0.25,0,3,3
2021-06-19,IBM,-6.5,0,34,26
2021-06-26,IBM,-0.5,0,1,1
2021-07-03,IBM,-0.25,0,3,3
2021-07-10,IBM,-0.6200000000000001,1,3,2
2021-07-17,IBM,-3.75,0,7,5
2021-07-24,IBM,-2.0,0,4,4
2021-08-07,IBM,-1.0,0,2,1
2021-08-14,IBM,-0.5,0,2,2
2021-08-21,IBM,-1.0,0,2,2
2021-09-04,IBM,-0.5,0,1,1
2021-09-18,IBM,-0.5,0,1,1
2021-10-23,IBM,-0.5,0,1,1
2021-10-30,IBM,1.0,0,2,2
2021-11-13,IBM,-0.5,0,4,4
2021-11-27,IBM,0.0,0,2,2
2021-12-04,IBM,-0.5,0,1,1
2021-12-11,IBM,-2.0,0,6,4
2021-12-25,IBM,-1.0,0,2,2
2022-01-01,IBM,1.25,0,9,7
2022-01-15,IBM,0.25,0,5,5
2022-01-22,IBM,-0.75,1,8,5
2022-01-29,IBM,-1.25,0,8,4
2022-02-05,IBM,-13.25,0,35,19
2022-02-12,IBM,0.5,0,1,1
2022-02-26,IBM,0.0,0,2,2
2022-03-12,IBM,-1.0,0,3,2
2022-03-19,IBM,-1.0,0,2,1
2022-04-02,IBM,0.0,0,2,1
2022-04-09,IBM,1.0,0,4,3
2022-04-16,IBM,1.0,0,2,1
2022-04-23,IBM,-1.0,0,2,2
2022-04-30,IBM,-2.75,0,5,3
2022-05-07,IBM,-2.75,0,6,4
2022-05-14,IBM,0.25,0,1,1
2022-05-21,IBM,-2.75,0,7,5
2022-05-28,IBM,0.0,0,2,2
2022-06-18,IBM,-1.0,0,2,1
2022-07-02,IBM,-0.5,0,1,1
2022-07-09,IBM,-1.25,0,4,3
2022-07-16,IBM,-0.5,0,1,1
2022-07-23,IBM,-1.0,0,2,2
2022-09-03,IBM,-1.0,0,2,1
2022-09-17,IBM,0.5,0,1,1
2022-10-01,IBM,0.5,0,1,1
2022-10-15,IBM,-0.5,0,1,1
2022-10-22,IBM,0.5,0,2,2
2022-10-29,IBM,1.0,0,4,1
2022-11-05,IBM,-0.5,1,1,1
2022-11-12,IBM,-0.5,0,1,1
2022-11-19,IBM,-1.0,0,4,2
2022-12-03,IBM,-0.5,1,1,1
2022-12-10,IBM,-1.25,0,3,3
2022-12-17,IBM,-0.75,0,1,1
2022-12-24,IBM,-0.5,0,1,1
2023-01-28,IBM,-0.5,0,1,1
2023-02-11,IBM,0.0,0,1,1
2023-02-18,IBM,-1.0,1,2,2
2023-02-25,IBM,0.5,0,1,1
2023-03-04,IBM,-0.5,0,2,2
2023-04-01,IBM,-0.5,0,1,1
2023-04-08,IBM,-0.5,0,1,1
2023-05-06,IBM,-1.0,1,2,1
2023-05-27,IBM,-2.5,0,6,4
2023-06-17,IBM,-4.5,0,7,3
2023-07-15,IBM,-2.5,0,4,3
2023-07-22,IBM,-1.0,0,2,1
2023-07-29,IBM,-0.75,0,1,1
2023-08-12,IBM,-1.0,1,2,2
2023-08-19,IBM,-1.0,2,3,1
2023-09-02,IBM,-0.5,0,1,1
2023-09-09,IBM,0.5,0,1,1
2023-09-16,IBM,-0.5,0,1,1
2023-09-23,IBM,-0.5,0,1,1
2023-12-02,IBM,0.5,0,2,1
2023-12-09,IBM,-2.0,0,4,4
2023-12-23,IBM,-0.5,1,1,1
2023-12-30,IBM,-0.5,0,3,3
2024-01-06,IBM,-0.5,0,1,1
2024-01-13,IBM,0.0,0,2,2
2024-01-20,IBM,-0.5,0,1,1
2024-02-03,IBM,-0.5,0,1,1
2024-02-17,IBM,0.5,0,1,1
2024-02-24,IBM,-2.0,0,4,3
2024-03-09,IBM,-1.0,2,3,1
2024-03-16,IBM,-1.0,0,2,2
2024-03-30,IBM,-1.5,0,3,3
2024-04-13,IBM,-1.0,0,4,4
2024-05-25,IBM,-0.5,0,1,1
2024-06-15,IBM,-0.5,0,1,1
2024-06-22,IBM,-0.5,0,1,1
2024-06-29,IBM,1.0,0,2,1
2024-07-06,IBM,-0.75,0,7,3
2024-07-13,IBM,0.0,0,1,1
2024-07-27,IBM,0.5,0,3,2
2024-08-03,IBM,-0.5,0,1,1
2024-08-10,IBM,-18.5,2,51,27
2024-08-17,IBM,-2.25,0,5,3
2024-09-07,IBM,0.25,0,4,1
2024-09-14,IBM,-1.0,0,2,1
2024-09-28,IBM,-0.25,0,2,2
2024-10-05,IBM,1.0,0,5,4
2024-10-12,IBM,0.5,0,1,1
2024-10-19,IBM,-0.5,0,1,1
2024-10-26,IBM,1.0,0,2,1
2024-11-23,IBM,0.0,0,4,4
2024-12-07,IBM,-0.5,0,1,1
2024-12-14,IBM,-0.5,0,2,2
2025-01-04,IBM,1.0,1,8,4
2025-01-11,IBM,-1.25,0,4,2
2025-01-18,IBM,-0.25,0,6,1
2025-02-01,IBM,-1.25,0,2,1
2025-02-08,IBM,-0.75,0,4,4
2025-03-01,IBM,-3.75,0,13,11
2025-03-15,IBM,0.5,0,2,1
2025-03-29,IBM,-0.5,1,4,2
2025-05-03,IBM,-1.0,0,4,2
2025-05-10,IBM,-3.0,0,10,7
2025-05-17,IBM,-0.75,0,1,1
2025-06-07,IBM,-1.0,2,4,3
2025-06-21,IBM,-1.25,0,4,2
2025-06-28,IBM,-1.5,0,3,1
2025-07-05,IBM,-0.5,0,1,1
2025-07-19,IBM,-1.75,0,4,2
2025-07-26,IBM,-1.0,0,2,1
2025-08-16,IBM,-0.5,0,1,1
2025-08-30,IBM,1.0,0,2,2
2025-09-06,IBM,0.0,0,1,1
2025-09-13,IBM,-1.5,0,8,4
2025-09-20,IBM,-1.5,0,7,6
2025-09-27,IBM,-2.5,0,7,6
2025-10-11,IBM,-5.5,0,8,2
2025-10-25,IBM,-1.5,0,5,3
2025-11-01,IBM,0.5,0,1,1
2025-11-08,IBM,-4.75,2,10,3
2025-11-15,IBM,0.0,0,1,1
2025-11-29,IBM,-0.5,0,2,2
2025-12-06,IBM,0.5,0,4,1
2025-12-13,IBM,-0.5,0,1,1
2026-01-03,IBM,1.0,0,3,3
2026-01-10,IBM,-0.75,0,1,1
2026-01-31,IBM,0.5,0,2,1
2026-02-14,IBM,0.5,0,1,1
2026-02-21,IBM,-1.25,0,4,3
2026-02-28,IBM,-1.0,0,2,1
2026-03-21,IBM,-0.5,0,1,1
2026-04-04,IBM,1.0,0,4,2
2026-05-09,IBM,-0.5,0,1,1
2026-05-23,IBM,1.5,0,3,2
2026-05-30,IBM,-1.75,0,10,8
2026-06-06,IBM,-0.5,0,1,1
2026-06-20,IBM,-0.75,0,6,5
2026-07-04,IBM,-2.0,1,4,2
2026-07-11,IBM,-3.75,0,13,9
2017-12-30,INTC,-6.13,4,20,17
2018-01-06,INTC,-1.5,0,3,3
2018-01-13,INTC,-2.5,0,8,5
2018-01-20,INTC,-2.25,2,6,6
2018-01-27,INTC,-6.5,2,20,9
2018-02-03,INTC,0.5,0,3,2
2018-02-10,INTC,-1.0,0,2,2
2018-02-17,INTC,2.0,0,7,3
2018-02-24,INTC,-3.25,6,10,2
2018-03-03,INTC,-0.5,1,3,3
2018-03-10,INTC,-1.63,0,7,7
2018-03-17,INTC,0.0,0,6,4
2018-03-24,INTC,-1.5,0,4,4
2018-03-31,INTC,0.0,0,4,4
2018-04-07,INTC,0.5,0,1,1
2018-04-14,INTC,-1.5,0,3,1
2018-04-21,INTC,0.5,0,1,1
2018-04-28,INTC,1.0,0,4,1
2018-05-05,INTC,0.5,0,1,1
2018-05-12,INTC,0.0,0,1,1
2018-05-19,INTC,-1.75,0,3,2
2018-06-09,INTC,-0.5,0,2,1
2018-06-16,INTC,-1.0,0,4,2
2018-06-30,INTC,-1.0,3,6,3
2018-07-14,INTC,-0.5,0,5,5
2018-07-21,INTC,-2.75,1,7,6
2018-07-28,INTC,-2.88,1,8,7
2018-08-04,INTC,-0.5,0,1,1
2018-08-11,INTC,-1.0,0,2,2
2018-08-18,INTC,0.0,0,6,4
2018-08-25,INTC,-1.0,0,4,4
2018-09-01,INTC,-0.5,0,1,1
2018-09-08,INTC,-0.5,0,5,3
2018-09-15,INTC,-1.5,0,3,3
2018-09-22,INTC,0.0,0,2,1
2018-09-29,INTC,0.0,0,2,2
2018-10-06,INTC,-0.25,1,4,4
2018-10-13,INTC,-0.5,0,1,1
2018-10-20,INTC,0.5,1,11,8
2018-11-03,INTC,-0.5,0,3,3
2018-11-10,INTC,-0.5,0,1,1
2018-11-17,INTC,0.5,0,1,1
2018-12-22,INTC,1.0,0,5,4
2018-12-29,INTC,-3.5,0,7,3
2019-01-19,INTC,-2.5,1,4,2
2019-01-26,INTC,-0.75,0,3,2
2019-02-09,INTC,-1.0,0,2,1
2019-03-16,INTC,-0.5,0,1,1
2019-04-06,INTC,0.25,0,1,1
2019-04-20,INTC,-0.5,0,4,4
2019-04-27,INTC,1.0,0,2,2
2019-05-04,INTC,1.5,0,4,2
2019-05-11,INTC,-1.25,1,5,3
2019-05-18,INTC,-3.0,0,6,2
2019-05-25,INTC,-0.75,0,3,2
2019-06-01,INTC,-1.0,2,2,1
2019-06-08,INTC,0.5,0,2,2
2019-06-15,INTC,0.0,0,2,2
2019-07-06,INTC,0.0,0,4,3
2019-07-20,INTC,0.0,0,3,2
2019-07-27,INTC,1.0,0,2,2
2019-08-03,INTC,-0.5,0,1,1
2019-08-10,INTC,-0.25,0,4,2
2019-08-17,INTC,-2.25,0,3,1
2019-09-14,INTC,-2.5,0,4,1
2019-09-21,INTC,-2.75,0,5,3
2019-10-12,INTC,-0.5,0,1,1
2019-10-19,INTC,-1.0,0,5,4
2019-10-26,INTC,0.75,0,3,2
2019-11-02,INTC,-0.5,0,1,1
2019-11-16,INTC,0.0,0,1,1
2019-11-30,INTC,3.0,0,4,1
2019-12-07,INTC,-0.5,0,1,1
2019-12-21,INTC,-1.0,0,8,5
2019-12-28,INTC,1.0,0,4,2
2020-01-18,INTC,0.0,0,2,2
2020-01-25,INTC,-2.5,0,5,3
2020-02-01,INTC,-3.37,0,11,7
2020-02-08,INTC,-2.0,0,6,2
2020-02-15,INTC,-2.0,0,7,4
2020-02-22,INTC,0.5,0,1,1
2020-02-29,INTC,0.25,0,4,2
2020-03-07,INTC,-2.25,0,4,3
2020-03-14,INTC,-3.25,0,6,5
2020-03-21,INTC,0.0,0,1,1
2020-03-28,INTC,-0.75,0,6,4
2020-04-04,INTC,-4.75,0,8,2
2020-04-11,INTC,-0.5,0,1,1
2020-04-18,INTC,-7.25,0,21,17
2020-04-25,INTC,-2.5,0,18,9
2020-05-02,INTC,-2.25,0,9,9
2020-05-09,INTC,0.25,0,1,1
2020-05-16,INTC,-6.25,1,11,3
2020-05-23,INTC,-2.25,2,17,10
2020-05-30,INTC,-0.25,1,15,9
2020-06-06,INTC,-9.75,0,20,13
2020-06-13,INTC,0.5,0,1,1
2020-06-20,INTC,0.12,1,5,4
2020-06-27,INTC,0.25,0,3,3
2020-07-04,INTC,-6.5,0,24,18
2020-07-11,INTC,-0.75,0,4,4
2020-07-18,INTC,-11.5,0,50,36
2020-07-25,INTC,-35.51,7,147,108
2020-08-01,INTC,-0.5,1,25,17
2020-08-08,INTC,-9.5,2,39,26
2020-08-15,INTC,-9.25,0,51,37
2020-08-22,INTC,-2.87,1,20,15
2020-08-29,INTC,-6.0,2,22,12
2020-09-05,INTC,-5.75,3,50,34
2020-09-12,INTC,-7.5,0,20,13
2020-09-19,INTC,2.25,0,9,5
2020-09-26,INTC,-0.5,0,1,1
2020-10-03,INTC,-0.5,0,3,3
2020-10-10,INTC,0.5,0,2,2
2020-10-17,INTC,-32.0,0,71,44
2020-10-24,INTC,-24.25,4,81,49
2020-10-31,INTC,-3.5,0,10,8
2020-11-07,INTC,-2.5,0,5,2
2020-11-14,INTC,1.0,0,4,2
2020-11-21,INTC,0.5,0,5,3
2020-12-05,INTC,1.0,0,7,5
2020-12-12,INTC,-0.5,0,11,10
2020-12-19,INTC,-2.0,2,15,8
2020-12-26,INTC,-24.38,2,67,48
2021-01-02,INTC,-0.75,0,5,4
2021-01-09,INTC,-11.5,0,52,39
2021-01-16,INTC,-8.0,8,54,37
2021-01-23,INTC,-1.13,0,20,15
2021-01-30,INTC,-2.0,0,26,15
2021-02-06,INTC,-8.120000000000001,5,30,17
2021-02-13,INTC,0.0,0,1,1
2021-02-20,INTC,0.75,0,29,20
2021-02-27,INTC,1.75,0,14,9
2021-03-06,INTC,0.5,0,14,8
2021-03-13,INTC,-2.0,1,6,5
2021-03-20,INTC,10.99,11,111,57
2021-03-27,INTC,-1.5,0,2,1
2021-04-10,INTC,-0.5,1,14,11
2021-04-17,INTC,-6.62,0,32,21
2021-04-24,INTC,-2.75,0,12,7
2021-05-01,INTC,-0.25,0,7,5
2021-05-08,INTC,0.0,1,10,9
2021-05-15,INTC,0.0,0,2,2
2021-05-22,INTC,0.0,0,3,2
2021-05-29,INTC,1.0,4,37,27
2021-06-05,INTC,-1.0,0,2,2
2021-06-12,INTC,-5.5,3,16,9
2021-06-19,INTC,0.5,1,22,15
2021-06-26,INTC,-11.75,1,41,30
2021-07-03,INTC,1.0,0,2,1
2021-07-10,INTC,-0.75,0,1,1
2021-07-17,INTC,-5.5,3,59,38
2021-07-24,INTC,-11.5,0,38,25
2021-07-31,INTC,-9.5,0,29,14
2021-08-14,INTC,0.5,0,2,2
2021-08-21,INTC,-11.870000000000001,0,47,33
2021-08-28,INTC,-1.25,1,4,4
2021-09-04,INTC,-0.5,0,6,4
2021-09-11,INTC,0.88,0,2,1
2021-09-18,INTC,-1.0,2,6,3
2021-10-02,INTC,0.0,0,1,1
2021-10-09,INTC,0.5,0,3,2
2021-10-16,INTC,-0.25,0,15,7
2021-10-23,INTC,3.5,1,66,46
2021-10-30,INTC,-5.24,0,44,34
2021-11-06,INTC,-1.0,1,11,8
2021-11-20,INTC,-2.0,1,3,1
2021-11-27,INTC,0.0,1,8,6
2021-12-04,INTC,-0.75,0,13,7
2021-12-11,INTC,0.75,0,5,3
2021-12-18,INTC,0.5,0,1,1
2022-01-01,INTC,0.0,0,13,10
2022-01-08,INTC,-5.0,1,15,11
2022-01-15,INTC,0.75,0,3,3
2022-01-22,INTC,1.25,0,17,13
2022-01-29,INTC,-0.5,2,15,9
2022-02-05,INTC,-1.5,0,8,8
2022-02-12,INTC,-0.5,2,9,6
2022-02-19,INTC,-4.5,0,20,12
2022-02-26,INTC,-0.75,0,1,1
2022-03-05,INTC,-1.0,0,5,5
2022-03-12,INTC,-1.5,0,3,3
2022-03-19,INTC,1.75,0,11,10
2022-03-26,INTC,0.0,0,2,2
2022-04-02,INTC,-0.5,0,1,1
2022-04-09,INTC,-5.0,1,10,8
2022-04-16,INTC,-0.5,2,3,1
2022-04-23,INTC,0.5,0,3,2
2022-04-30,INTC,-0.5,0,1,1
2022-05-07,INTC,0.0,0,10,3
2022-05-14,INTC,-0.5,0,3,2
2022-05-21,INTC,-1.0,0,2,2
2022-06-04,INTC,-0.25,0,1,1
2022-06-11,INTC,-1.5,0,3,2
2022-06-18,INTC,-0.5,0,1,1
2022-07-02,INTC,-2.0,0,6,5
2022-07-09,INTC,-0.25,0,2,2
2022-07-16,INTC,-2.0,0,10,7
2022-07-23,INTC,-25.0,3,57,35
2022-07-30,INTC,-12.5,1,36,23
2022-08-06,INTC,-0.5,0,1,1
2022-08-13,INTC,0.0,0,1,1
2022-08-20,INTC,-0.25,0,4,3
2022-08-27,INTC,-2.75,0,4,2
2022-09-03,INTC,0.5,0,1,1
2022-09-10,INTC,-2.13,2,10,5
2022-09-17,INTC,-4.5,2,8,5
2022-09-24,INTC,-0.5,0,7,5
2022-10-01,INTC,-4.5,5,45,27
2022-10-08,INTC,-10.25,3,89,63
2022-10-15,INTC,-3.0,1,13,10
2022-10-22,INTC,-4.0,1,23,17
2022-11-05,INTC,-0.5,0,7,4
2022-11-12,INTC,-1.75,3,8,4
2022-11-19,INTC,0.5,0,4,3
2022-11-26,INTC,-1.5,0,3,3
2022-12-03,INTC,-5.0,0,11,9
2022-12-10,INTC,-0.5,0,1,1
2022-12-17,INTC,1.25,0,5,3
2022-12-24,INTC,0.0,0,4,2
2022-12-31,INTC,0.75,0,2,1
2023-01-14,INTC,-1.0,0,8,3
2023-01-21,INTC,0.25,0,2,1
2023-01-28,INTC,-3.0,0,7,4
2023-02-11,INTC,1.0,0,2,1
2023-02-18,INTC,-16.130000000000003,2,55,36
2023-02-25,INTC,-4.25,0,8,6
2023-03-04,INTC,-1.0,0,2,2
2023-03-25,INTC,-1.25,0,2,2
2023-04-01,INTC,-2.0,0,9,3
2023-04-08,INTC,-1.13,1,10,6
2023-04-15,INTC,-0.25,0,1,1
2023-04-22,INTC,-2.0,0,8,5
2023-04-29,INTC,-1.25,1,28,17
2023-05-06,INTC,-0.5,0,1,1
2023-05-13,INTC,-0.5,0,4,4
2023-05-27,INTC,-1.5,0,8,7
2023-06-10,INTC,-1.75,1,10,3
2023-06-17,INTC,-0.5,0,2,2
2023-07-01,INTC,-1.0,0,3,2
2023-07-08,INTC,-4.5,0,13,11
2023-07-22,INTC,-3.75,0,6,2
2023-07-29,INTC,-2.5,0,5,2
2023-08-05,INTC,0.0,0,4,1
2023-09-09,INTC,0.5,0,1,1
2023-09-16,INTC,-0.75,0,2,2
2023-09-23,INTC,-0.5,0,1,1
2023-09-30,INTC,-1.5,0,6,3
2023-11-04,INTC,-4.25,0,18,12
2023-11-18,INTC,0.25,0,1,1
2023-12-02,INTC,-0.12,0,2,2
2023-12-09,INTC,-1.0,0,2,1
2023-12-16,INTC,0.0,0,1,1
2023-12-23,INTC,-2.0,0,4,2
2023-12-30,INTC,2.5,0,5,3
2024-01-06,INTC,-0.5,0,1,1
2024-01-13,INTC,-0.5,0,1,1
2024-01-20,INTC,-3.25,0,5,1
2024-01-27,INTC,1.5,0,3,1
2024-02-03,INTC,0.0,0,2,1
2024-02-17,INTC,-2.25,0,6,6
2024-02-24,INTC,-2.75,1,9,6
2024-03-02,INTC,-0.5,1,3,3
2024-03-09,INTC,-0.5,2,6,3
2024-03-16,INTC,1.0,0,5,4
2024-03-23,INTC,1.5,0,3,1
2024-03-30,INTC,-0.5,0,1,1
2024-04-06,INTC,-1.75,1,3,2
2024-04-13,INTC,0.5,0,1,1
2024-04-20,INTC,0.5,0,1,1
2024-05-11,INTC,-1.0,0,2,1
2024-05-18,INTC,0.0,0,8,4
2024-05-25,INTC,-2.25,0,6,3
2024-06-01,INTC,-1.5,2,11,5
2024-06-08,INTC,-0.5,0,5,3
2024-06-15,INTC,1.75,0,6,5
2024-06-22,INTC,1.0,0,3,3
2024-06-29,INTC,3.0,0,14,9
2024-07-06,INTC,3.75,0,11,4
2024-07-13,INTC,-1.25,0,2,2
2024-07-20,INTC,-1.5,1,3,2
2024-07-27,INTC,-1.75,0,15,12
2024-08-03,INTC,-8.0,2,41,29
2024-08-10,INTC,0.5,0,14,14
2024-08-17,INTC,-1.5,0,9,7
2024-08-24,INTC,0.5,0,15,10
2024-08-31,INTC,-0.5,0,9,8
2024-09-07,INTC,-1.5,0,12,10
2024-09-14,INTC,2.0,0,11,7
2024-09-21,INTC,0.0,0,7,4
2024-09-28,INTC,0.5,0,3,3
2024-10-05,INTC,1.0,1,4,4
2024-10-12,INTC,0.0,0,6,5
2024-10-19,INTC,-1.25,0,4,3
2024-10-26,INTC,0.5,0,1,1
2024-11-02,INTC,-5.5,3,17,9
2024-11-09,INTC,1.25,0,4,3
2024-11-16,INTC,-0.5,0,1,1
2024-11-23,INTC,-1.0,0,8,5
2024-11-30,INTC,0.75,1,21,13
2024-12-07,INTC,-2.0,1,11,11
2024-12-14,INTC,-5.25,0,19,13
2024-12-21,INTC,-1.25,0,8,8
2024-12-28,INTC,-0.75,0,4,4
2025-01-04,INTC,-5.0,5,31,22
2025-01-11,INTC,0.25,1,3,3
2025-01-18,INTC,-0.5,0,4,4
2025-01-25,INTC,-7.25,0,15,10
2025-02-01,INTC,-9.25,1,28,18
2025-02-08,INTC,-2.25,0,4,3
2025-02-15,INTC,-21.25,0,49,23
2025-02-22,INTC,-2.75,0,7,6
2025-03-01,INTC,-4.0,0,31,21
2025-03-08,INTC,-6.25,0,13,9
2025-03-15,INTC,-0.5,0,1,1
2025-03-22,INTC,-1.0,0,2,1
2025-04-05,INTC,-11.0,0,25,15
2025-04-12,INTC,-2.75,0,7,5
2025-04-19,INTC,0.5,0,3,3
2025-05-10,INTC,0.0,0,8,8
2025-05-17,INTC,0.5,0,3,2
2025-05-24,INTC,0.75,0,3,3
2025-05-31,INTC,-2.0,0,4,3
2025-06-07,INTC,-1.0,1,2,2
2025-06-21,INTC,0.25,0,2,1
2025-06-28,INTC,1.25,0,3,3
2025-07-05,INTC,-0.75,3,17,11
2025-07-12,INTC,-1.75,0,9,5
2025-07-19,INTC,1.25,0,6,5
2025-07-26,INTC,-8.75,1,23,17
2025-08-02,INTC,-5.0,2,22,14
2025-08-09,INTC,-28.0,8,65,39
2025-08-16,INTC,-13.0,2,38,22
2025-08-23,INTC,-35.5,11,66,31
2025-08-30,INTC,0.75,0,7,4
2025-09-06,INTC,-4.5,2,10,5
2025-09-13,INTC,-9.75,1,37,26
2025-09-20,INTC,-11.0,1,33,22
2025-09-27,INTC,-4.0,3,19,13
2025-10-04,INTC,-1.75,2,6,5
2025-10-11,INTC,-9.5,1,29,14
2025-10-18,INTC,0.0,0,14,7
2025-10-25,INTC,-0.25,0,4,2
2025-11-01,INTC,-2.5,0,5,4
2025-11-08,INTC,-4.5,1,7,4
2025-11-15,INTC,-0.5,0,1,1
2025-11-22,INTC,-0.63,0,3,2
2025-11-29,INTC,1.25,0,6,4
2025-12-06,INTC,-1.5,0,5,4
2025-12-13,INTC,-0.5,0,1,1
2025-12-20,INTC,-8.25,1,17,11
2025-12-27,INTC,0.5,2,11,6
2026-01-03,INTC,0.0,0,4,4
2026-01-10,INTC,-0.5,0,1,1
2026-01-17,INTC,-1.75,3,8,4
2026-01-24,INTC,-1.0,0,4,2
2026-01-31,INTC,0.5,0,7,3
2026-02-07,INTC,-4.75,0,8,4
2026-02-21,INTC,-1.5,0,4,3
2026-02-28,INTC,-2.25,0,4,3
2026-03-07,INTC,-3.5,1,6,3
2026-03-14,INTC,-2.75,0,8,5
2026-03-21,INTC,-1.5,0,3,2
2026-03-28,INTC,-1.5,1,3,3
2026-04-04,INTC,0.25,0,1,1
2026-04-18,INTC,-2.5,0,9,4
2026-04-25,INTC,-2.75,0,10,7
2026-05-02,INTC,-1.0,0,19,11
2026-05-09,INTC,-2.5,1,18,11
2026-05-16,INTC,-4.0,0,24,11
2026-05-23,INTC,3.0,3,24,13
2026-05-30,INTC,-4.0,0,15,10
2026-06-06,INTC,0.5,0,5,4
2026-06-13,INTC,-11.5,4,24,13
2026-06-20,INTC,1.25,0,23,11
2026-06-27,INTC,0.25,0,11,6
2026-07-04,INTC,-1.25,0,7,5
2026-07-11,INTC,-2.0,0,4,2
2017-12-30,JPM,0.5,0,1,1
2018-01-06,JPM,0.0,0,2,2
2018-01-13,JPM,-1.0,0,3,2
2018-01-27,JPM,-2.5,0,12,9
2018-02-03,JPM,0.0,0,1,1
2018-02-10,JPM,-0.5,1,1,1
2018-02-17,JPM,-5.75,10,10,2
2018-03-03,JPM,-1.5,1,5,3
2018-03-10,JPM,-1.25,0,3,3
2018-04-07,JPM,-0.5,0,1,1
2018-04-14,JPM,-0.5,0,1,1
2018-04-21,JPM,-1.25,0,3,3
2018-05-05,JPM,-0.5,0,1,1
2018-05-26,JPM,-0.5,0,1,1
2018-06-09,JPM,0.25,0,4,2
2018-07-07,JPM,-0.5,0,1,1
2018-07-14,JPM,0.0,0,3,2
2018-07-21,JPM,0.25,0,1,1
2018-08-11,JPM,-2.0,0,6,2
2018-08-18,JPM,-2.5,0,6,6
2018-08-25,JPM,-3.25,0,6,3
2018-09-08,JPM,-0.75,0,1,1
2018-09-15,JPM,-1.25,0,4,3
2018-09-29,JPM,-0.5,0,1,1
2018-10-13,JPM,-0.5,0,1,1
2018-10-20,JPM,-1.0,0,2,2
2018-10-27,JPM,-6.5,2,15,9
2018-11-10,JPM,-4.25,1,11,7
2018-11-17,JPM,-0.5,0,1,1
2018-11-24,JPM,-2.0,3,6,4
2018-12-08,JPM,-1.75,1,8,2
2018-12-15,JPM,-0.5,0,4,3
2018-12-22,JPM,-21.63,1,45,23
2018-12-29,JPM,-3.0,0,6,4
2019-01-05,JPM,-1.75,0,4,4
2019-01-12,JPM,-1.5,0,3,2
2019-01-19,JPM,-1.0,2,4,3
2019-01-26,JPM,-0.5,0,1,1
2019-02-02,JPM,-0.5,0,1,1
2019-02-09,JPM,4.0,0,8,3
2019-02-16,JPM,-5.5,0,14,9
2019-02-23,JPM,-0.5,0,2,2
2019-03-09,JPM,-0.5,0,1,1
2019-03-16,JPM,-1.0,0,2,2
2019-03-23,JPM,-1.0,0,2,1
2019-03-30,JPM,0.0,0,6,5
2019-04-06,JPM,-3.25,0,10,4
2019-04-27,JPM,-0.5,0,3,2
2019-05-04,JPM,-13.25,0,22,11
2019-05-11,JPM,-1.0,0,2,2
2019-05-18,JPM,-1.0,0,2,1
2019-05-25,JPM,-0.25,0,3,2
2019-06-08,JPM,-1.0,0,2,2
2019-06-15,JPM,-0.75,0,1,1
2019-06-22,JPM,-0.75,0,1,1
2019-06-29,JPM,-2.25,0,4,2
2019-07-06,JPM,-2.5,0,4,3
2019-07-13,JPM,-0.25,0,1,1
2019-07-20,JPM,0.0,0,2,2
2019-07-27,JPM,-0.5,0,1,1
2019-08-17,JPM,-1.5,0,3,1
2019-08-31,JPM,-2.0,0,4,3
2019-09-07,JPM,0.5,1,9,5
2019-09-21,JPM,-1.5,1,3,3
2019-09-28,JPM,-0.5,0,3,3
2019-10-05,JPM,0.0,0,4,3
2019-10-12,JPM,-1.5,0,3,2
2019-10-19,JPM,-3.5,2,13,9
2019-11-02,JPM,-0.75,0,1,1
2019-11-09,JPM,-0.5,0,4,3
2019-11-16,JPM,-5.5,0,10,3
2019-11-23,JPM,-4.75,0,7,3
2019-11-30,JPM,-1.25,0,2,2
2019-12-07,JPM,-2.0,0,8,5
2019-12-14,JPM,-7.25,2,12,4
2019-12-21,JPM,-0.5,0,2,1
2020-01-04,JPM,-1.0,0,4,2
2020-01-11,JPM,-0.5,0,1,1
2020-01-25,JPM,-0.25,0,1,1
2020-02-22,JPM,-0.5,1,1,1
2020-03-07,JPM,0.75,0,3,2
2020-03-14,JPM,-5.75,1,21,13
2020-03-21,JPM,-4.87,2,12,9
2020-03-28,JPM,-17.5,2,45,32
2020-04-04,JPM,-6.25,0,17,11
2020-04-11,JPM,-8.0,0,21,13
2020-04-18,JPM,-1.5,4,11,4
2020-04-25,JPM,-5.75,1,12,5
2020-05-09,JPM,-3.25,0,6,3
2020-05-16,JPM,-1.0,0,5,4
2020-05-23,JPM,-0.5,0,3,3
2020-05-30,JPM,-1.0,1,6,3
2020-06-06,JPM,-4.25,1,10,5
2020-06-13,JPM,-6.25,0,15,10
2020-06-20,JPM,-1.5,0,3,1
2020-06-27,JPM,-1.5,2,3,1
2020-07-04,JPM,-3.5,0,8,6
2020-07-11,JPM,-2.5,0,5,2
2020-07-18,JPM,0.5,1,4,3
2020-07-25,JPM,-1.0,2,3,2
2020-08-01,JPM,-4.63,0,16,14
2020-08-08,JPM,-4.75,6,13,2
2020-08-15,JPM,-0.75,0,2,2
2020-08-29,JPM,-2.0,2,4,1
2020-09-05,JPM,-1.5,0,2,1
2020-09-12,JPM,-1.0,0,7,4
2020-09-19,JPM,-3.25,0,8,4
2020-09-26,JPM,-7.0,0,11,6
2020-10-03,JPM,-4.25,0,7,2
2020-10-10,JPM,-1.12,0,4,3
2020-10-17,JPM,2.5,0,6,2
2020-11-07,JPM,-2.0,0,4,1
2020-11-14,JPM,0.5,0,5,4
2020-11-28,JPM,0.5,0,1,1
2020-12-05,JPM,-2.0,0,9,7
2020-12-12,JPM,-2.0,0,9,5
2020-12-19,JPM,1.0,0,4,3
2021-01-02,JPM,0.25,2,10,6
2021-01-09,JPM,-2.5,1,13,9
2021-01-16,JPM,-1.87,0,9,5
2021-01-23,JPM,-1.75,0,3,3
2021-01-30,JPM,-3.5,0,13,9
2021-02-06,JPM,-3.5,0,15,5
2021-02-13,JPM,-0.5,0,3,3
2021-02-20,JPM,-1.75,0,12,4
2021-02-27,JPM,-8.25,2,28,14
2021-03-06,JPM,0.5,0,3,2
2021-03-13,JPM,0.0,0,1,1
2021-03-20,JPM,-6.25,0,9,4
2021-03-27,JPM,-1.0,0,2,2
2021-04-03,JPM,-3.0,4,12,6
2021-04-10,JPM,-3.5,0,7,2
2021-05-01,JPM,0.25,0,2,1
2021-05-15,JPM,-0.75,0,5,3
2021-05-22,JPM,-3.25,0,5,3
2021-05-29,JPM,-0.5,0,1,1
2021-06-12,JPM,-1.5,0,7,5
2021-06-19,JPM,-0.5,0,1,1
2021-06-26,JPM,-1.75,0,7,4
2021-07-17,JPM,1.5,0,3,2
2021-07-24,JPM,-3.0,5,8,6
2021-07-31,JPM,1.75,0,4,2
2021-08-07,JPM,0.5,0,3,2
2021-09-11,JPM,-0.5,0,1,1
2021-09-25,JPM,-0.5,0,1,1
2021-10-02,JPM,-2.5,0,6,5
2021-10-16,JPM,-0.5,0,2,2
2021-11-06,JPM,-3.5,4,7,3
2021-11-13,JPM,-3.0,0,5,2
2021-11-20,JPM,-1.5,1,3,1
2021-12-11,JPM,-4.75,0,10,4
2021-12-25,JPM,1.0,0,2,2
2022-01-01,JPM,-0.5,0,1,1
2022-01-08,JPM,-1.0,0,5,3
2022-01-15,JPM,-3.0,0,6,2
2022-01-22,JPM,-4.25,3,7,4
2022-01-29,JPM,0.0,1,2,2
2022-02-12,JPM,0.5,0,5,4
2022-02-19,JPM,-0.75,0,1,1
2022-03-05,JPM,-0.25,0,4,3
2022-03-12,JPM,-2.12,2,5,2
2022-03-19,JPM,-0.75,0,1,1
2022-04-02,JPM,-0.5,0,2,2
2022-04-09,JPM,-1.0,1,3,2
2022-04-23,JPM,0.5,0,1,1
2022-04-30,JPM,-0.5,0,1,1
2022-05-14,JPM,-2.5,0,5,3
2022-05-28,JPM,-6.25,0,13,9
2022-06-04,JPM,-0.5,0,8,3
2022-06-11,JPM,-3.0,0,7,3
2022-06-25,JPM,-0.5,0,3,3
2022-07-02,JPM,-2.0,0,4,1
2022-07-09,JPM,-2.25,3,11,3
2022-08-06,JPM,-0.5,1,3,2
2022-08-27,JPM,-0.5,0,1,1
2022-09-03,JPM,-0.75,0,1,1
2022-09-17,JPM,-7.75,9,13,3
2022-09-24,JPM,2.25,0,3,1
2022-10-01,JPM,-1.0,0,2,2
2022-10-15,JPM,-0.25,0,4,3
2022-10-22,JPM,-0.5,1,3,1
2022-11-05,JPM,-0.5,0,1,1
2022-11-12,JPM,-3.5,0,7,4
2022-11-19,JPM,-6.25,2,14,10
2022-12-03,JPM,0.5,0,4,3
2022-12-17,JPM,-0.5,0,1,1
2022-12-24,JPM,0.0,0,2,2
2023-01-07,JPM,-3.0,0,6,3
2023-01-14,JPM,-1.0,0,2,2
2023-01-21,JPM,-0.75,0,4,3
2023-01-28,JPM,-1.5,0,2,1
2023-02-04,JPM,-0.88,0,2,2
2023-02-18,JPM,-1.25,0,2,1
2023-02-25,JPM,0.5,0,1,1
2023-03-04,JPM,-0.75,0,1,1
2023-03-11,JPM,-3.5,1,11,9
2023-03-18,JPM,-4.5,0,8,6
2023-03-25,JPM,-5.5,0,9,3
2023-04-01,JPM,-4.0,1,7,3
2023-04-08,JPM,-0.5,0,1,1
2023-04-15,JPM,0.0,0,3,2
2023-04-22,JPM,-1.0,0,6,4
2023-04-29,JPM,-5.0,2,14,10
2023-05-06,JPM,0.0,0,1,1
2023-05-20,JPM,0.0,0,2,2
2023-06-03,JPM,0.0,0,1,1
2023-06-10,JPM,-1.25,0,2,1
2023-06-17,JPM,-2.0,0,6,3
2023-06-24,JPM,-2.0,0,4,2
2023-07-01,JPM,-0.5,0,1,1
2023-07-08,JPM,-1.25,0,2,1
2023-07-15,JPM,-0.5,0,1,1
2023-07-22,JPM,1.25,0,3,1
2023-08-05,JPM,-0.5,0,1,1
2023-08-12,JPM,-0.5,0,2,1
2023-08-26,JPM,0.0,0,3,2
2023-09-02,JPM,-1.0,0,4,2
2023-09-09,JPM,-0.25,1,5,3
2023-09-16,JPM,-0.75,0,3,2
2023-09-23,JPM,-3.5,0,7,4
2023-10-07,JPM,0.0,0,2,2
2023-10-14,JPM,0.0,0,1,1
2023-11-04,JPM,0.5,0,4,2
2023-11-11,JPM,0.0,0,2,1
2023-11-18,JPM,0.0,0,1,1
2023-11-25,JPM,-0.75,0,7,3
2023-12-02,JPM,-3.0,0,10,8
2023-12-09,JPM,-1.5,0,2,1
2023-12-16,JPM,-3.25,0,5,2
2023-12-23,JPM,-0.5,0,1,1
2023-12-30,JPM,1.0,0,6,3
2024-01-06,JPM,-3.25,0,7,5
2024-01-13,JPM,0.25,0,3,3
2024-01-27,JPM,-2.5,0,4,3
2024-02-03,JPM,-3.5,3,7,4
2024-02-17,JPM,-0.5,0,1,1
2024-02-24,JPM,-0.5,0,4,3
2024-03-09,JPM,-1.0,0,2,2
2024-03-16,JPM,0.5,0,4,1
2024-04-06,JPM,0.25,0,1,1
2024-04-13,JPM,-10.0,0,16,11
2024-04-20,JPM,-2.5,0,7,5
2024-04-27,JPM,-0.75,0,1,1
2024-05-18,JPM,1.75,0,3,1
2024-06-01,JPM,0.0,0,2,2
2024-06-08,JPM,-0.5,0,1,1
2024-06-15,JPM,-0.5,0,1,1
2024-06-22,JPM,-1.0,0,2,2
2024-06-29,JPM,-0.5,0,1,1
2024-07-13,JPM,-0.5,0,1,1
2024-08-03,JPM,-0.5,0,2,2
2024-08-10,JPM,-1.0,0,2,2
2024-08-24,JPM,-1.75,0,5,3
2024-09-07,JPM,-0.5,0,1,1
2024-09-14,JPM,-1.0,1,2,2
2024-09-28,JPM,0.0,1,3,2
2024-10-05,JPM,-0.5,0,1,1
2024-10-12,JPM,-0.5,0,1,1
2024-10-19,JPM,-2.25,0,4,3
2024-11-02,JPM,-2.0,0,3,3
2024-11-23,JPM,-1.0,0,2,2
2024-11-30,JPM,0.5,0,1,1
2024-12-07,JPM,-0.5,0,1,1
2024-12-14,JPM,-1.0,0,6,4
2024-12-21,JPM,0.25,0,5,3
2024-12-28,JPM,-1.75,0,9,8
2025-01-04,JPM,-1.25,1,6,3
2025-01-11,JPM,-3.25,0,6,3
2025-01-18,JPM,-3.0,0,7,4
2025-01-25,JPM,-0.25,0,5,3
2025-02-01,JPM,-4.0,0,6,1
2025-02-08,JPM,-0.5,1,6,3
2025-02-15,JPM,-1.5,1,5,4
2025-02-22,JPM,-0.5,0,3,1
2025-03-08,JPM,-3.25,0,6,3
2025-03-15,JPM,-0.38,0,3,2
2025-03-22,JPM,-1.5,1,3,1
2025-03-29,JPM,-3.75,0,10,4
2025-04-05,JPM,-7.0,3,18,10
2025-04-12,JPM,-0.25,0,2,2
2025-04-19,JPM,-4.25,0,8,2
2025-04-26,JPM,-3.75,0,13,9
2025-05-03,JPM,-0.5,0,6,4
2025-05-10,JPM,-2.75,1,6,3
2025-05-17,JPM,0.0,0,4,3
2025-05-24,JPM,-0.5,0,1,1
2025-05-31,JPM,-1.5,0,3,2
2025-06-07,JPM,-1.0,0,2,2
2025-06-14,JPM,0.5,0,3,1
2025-06-21,JPM,-0.5,0,1,1
2025-07-05,JPM,-0.75,1,1,1
2025-07-12,JPM,2.25,0,8,3
2025-07-19,JPM,-0.5,0,2,2
2025-07-26,JPM,0.5,0,1,1
2025-08-09,JPM,-1.0,1,4,1
2025-08-16,JPM,-2.0,0,5,4
2025-09-06,JPM,-0.5,0,2,1
2025-09-13,JPM,-1.0,0,5,5
2025-09-20,JPM,-1.75,0,3,1
2025-10-04,JPM,0.5,0,6,5
2025-10-11,JPM,-1.0,0,2,1
2025-10-18,JPM,-1.5,0,5,5
2025-10-25,JPM,-3.75,0,7,4
2025-11-08,JPM,-0.5,0,2,2
2025-11-22,JPM,-2.25,0,5,3
2025-12-06,JPM,-2.25,1,4,2
2025-12-20,JPM,1.0,0,2,2
2025-12-27,JPM,-3.5,1,8,6
2026-01-10,JPM,0.25,0,3,3
2026-01-17,JPM,0.25,0,2,2
2026-01-24,JPM,0.75,3,15,5
2026-01-31,JPM,-5.0,0,23,10
2026-02-07,JPM,-4.25,1,16,6
2026-02-14,JPM,-0.5,0,1,1
2026-02-21,JPM,-1.5,0,3,3
2026-03-07,JPM,-1.0,0,2,2
2026-03-14,JPM,-1.0,1,6,3
2026-03-21,JPM,-0.5,0,1,1
2026-03-28,JPM,-1.5,1,3,2
2026-04-04,JPM,-1.0,0,2,2
2026-04-11,JPM,-2.0,0,5,3
2026-04-18,JPM,-0.5,1,1,1
2026-04-25,JPM,0.0,0,4,3
2026-05-02,JPM,-0.5,0,1,1
2026-05-30,JPM,2.0,0,5,3
2026-06-06,JPM,-0.5,0,1,1
2026-06-13,JPM,-1.0,0,2,1
2026-06-27,JPM,-0.5,0,1,1
2026-07-04,JPM,-3.5,0,5,1
2018-01-13,KO,-1.0,0,2,1
2018-01-20,KO,-0.25,0,1,1
2018-02-10,KO,-1.0,0,2,2
2018-02-17,KO,3.75,0,14,4
2018-02-24,KO,-1.0,1,4,4
2018-03-03,KO,-0.5,0,1,1
2018-03-31,KO,-0.5,0,1,1
2018-04-07,KO,-0.5,0,1,1
2018-04-14,KO,0.5,0,1,1
2018-04-21,KO,-0.5,0,1,1
2018-05-12,KO,-0.5,0,1,1
2018-05-19,KO,-0.5,0,1,1
2018-05-26,KO,0.5,0,1,1
2018-06-02,KO,-0.5,0,3,3
2018-06-09,KO,-0.5,1,9,2
2018-06-16,KO,0.5,0,1,1
2018-07-07,KO,0.5,0,7,2
2018-07-14,KO,-0.5,0,1,1
2018-08-04,KO,-1.0,0,2,1
2018-08-11,KO,0.0,0,3,2
2018-08-25,KO,1.0,0,5,5
2018-09-08,KO,-1.0,0,2,2
2018-09-15,KO,-0.25,0,13,9
2018-09-22,KO,-0.5,0,1,1
2018-09-29,KO,1.5,0,3,2
2018-10-27,KO,-0.75,0,9,8
2018-11-03,KO,-1.0,1,2,2
2018-11-10,KO,-0.5,0,1,1
2018-11-17,KO,-0.5,0,3,3
2018-11-24,KO,-0.5,0,1,1
2018-12-15,KO,-0.5,1,11,5
2018-12-29,KO,-3.75,0,7,3
2019-01-12,KO,-0.5,0,3,1
2019-01-19,KO,-1.0,0,2,1
2019-01-26,KO,-1.0,0,2,1
2019-02-02,KO,-2.0,0,4,4
2019-02-09,KO,1.75,0,3,1
2019-02-16,KO,-0.5,0,1,1
2019-02-23,KO,-3.5,2,7,4
2019-03-02,KO,0.5,0,2,2
2019-03-23,KO,0.5,0,1,1
2019-04-13,KO,-1.25,0,4,4
2019-04-20,KO,0.5,0,1,1
2019-04-27,KO,0.5,0,5,3
2019-05-04,KO,-0.25,0,3,1
2019-05-11,KO,-0.5,0,3,3
2019-05-18,KO,0.5,0,3,2
2019-05-25,KO,-1.0,0,2,2
2019-06-01,KO,-0.5,0,1,1
2019-06-08,KO,1.0,0,2,2
2019-06-15,KO,-1.0,0,2,2
2019-06-22,KO,-0.5,0,1,1
2019-08-03,KO,0.0,0,2,1
2019-08-10,KO,-1.0,0,2,2
2019-08-17,KO,-0.5,0,1,1
2019-08-31,KO,-1.75,0,3,3
2019-09-14,KO,-0.5,0,3,3
2019-09-21,KO,-0.25,1,1,1
2019-09-28,KO,-1.5,0,3,2
2019-10-05,KO,1.0,0,2,1
2019-10-12,KO,-3.75,0,7,4
2019-10-19,KO,-0.75,0,1,1
2019-11-23,KO,-0.5,0,1,1
2019-12-28,KO,-0.5,0,1,1
2020-01-18,KO,0.0,0,2,2
2020-02-22,KO,-10.5,0,21,8
2020-02-29,KO,-0.5,0,1,1
2020-03-07,KO,-1.0,0,4,3
2020-03-14,KO,-0.25,0,1,1
2020-03-21,KO,-4.25,0,10,5
2020-03-28,KO,0.5,0,6,6
2020-04-04,KO,-0.5,0,1,1
2020-04-11,KO,1.0,0,2,1
2020-04-18,KO,1.0,0,2,1
2020-04-25,KO,0.75,0,2,2
2020-05-02,KO,1.0,0,4,3
2020-05-09,KO,-0.5,0,1,1
2020-05-16,KO,1.0,0,6,4
2020-05-30,KO,0.25,0,1,1
2020-06-06,KO,-1.0,0,2,1
2020-06-13,KO,-0.5,0,3,2
2020-06-20,KO,-0.25,0,1,1
2020-06-27,KO,2.0,0,6,4
2020-07-04,KO,0.5,0,1,1
2020-07-11,KO,-1.75,0,3,3
2020-07-25,KO,-1.25,0,5,4
2020-08-01,KO,0.5,0,3,3
2020-08-08,KO,-2.5,0,5,5
2020-08-15,KO,1.0,0,4,2
2020-08-22,KO,0.5,0,3,1
2020-08-29,KO,-3.25,0,7,3
2020-09-05,KO,0.0,0,2,1
2020-09-12,KO,-1.25,0,5,3
2020-09-26,KO,-1.5,0,3,3
2020-10-03,KO,-4.5,0,6,1
2020-10-31,KO,0.5,0,1,1
2020-11-07,KO,-0.5,0,1,1
2020-11-28,KO,1.0,0,6,2
2020-12-05,KO,0.0,0,1,1
2020-12-26,KO,1.25,0,5,4
2021-01-02,KO,-1.0,0,2,2
2021-01-09,KO,-0.5,0,1,1
2021-01-16,KO,1.75,0,3,1
2021-01-23,KO,1.25,0,5,3
2021-01-30,KO,0.0,0,6,4
2021-02-06,KO,3.0,0,4,1
2021-02-13,KO,-0.5,0,1,1
2021-02-20,KO,-5.5,1,11,4
2021-02-27,KO,-0.5,0,1,1
2021-03-06,KO,0.5,0,5,3
2021-03-20,KO,-0.25,0,3,1
2021-03-27,KO,0.5,0,1,1
2021-04-10,KO,-0.5,0,3,2
2021-04-17,KO,-0.5,0,6,3
2021-04-24,KO,-0.25,0,1,1
2021-05-01,KO,-0.5,0,2,2
2021-05-08,KO,-3.0,0,7,5
2021-05-15,KO,-0.5,0,1,1
2021-05-29,KO,0.0,0,1,1
2021-06-05,KO,1.5,0,3,1
2021-06-12,KO,-0.5,0,1,1
2021-06-19,KO,-6.0,5,23,6
2021-07-03,KO,-0.5,0,1,1
2021-07-24,KO,-1.0,0,2,1
2021-07-31,KO,-0.5,0,2,2
2021-08-14,KO,-1.0,0,2,2
2021-08-28,KO,-0.5,0,1,1
2021-09-25,KO,0.5,0,1,1
2021-10-23,KO,-5.0,1,9,3
2021-10-30,KO,-0.5,0,1,1
2021-11-06,KO,1.0,0,2,1
2021-11-13,KO,-0.5,0,1,1
2021-11-27,KO,-1.0,0,2,1
2021-12-11,KO,0.0,0,1,1
2022-01-08,KO,0.0,0,1,1
2022-01-29,KO,-0.5,0,3,2
2022-02-12,KO,-1.0,0,2,1
2022-02-19,KO,1.0,0,6,4
2022-03-12,KO,-1.0,0,2,1
2022-03-19,KO,-2.5,0,5,3
2022-04-09,KO,0.5,0,1,1
2022-04-16,KO,0.0,0,2,1
2022-04-23,KO,1.0,0,2,1
2022-04-30,KO,0.5,0,4,3
2022-05-07,KO,2.0,0,4,1
2022-05-21,KO,-1.5,1,3,1
2022-06-11,KO,-1.0,0,2,1
2022-06-25,KO,-0.5,0,3,1
2022-07-16,KO,-1.5,0,3,1
2022-07-23,KO,-1.5,0,3,2
2022-08-13,KO,-2.25,0,5,4
2022-09-10,KO,-1.0,0,2,2
2022-10-01,KO,-1.25,2,5,3
2022-10-08,KO,-0.5,0,1,1
2022-10-22,KO,-0.5,0,1,1
2022-10-29,KO,-0.5,0,3,2
2022-11-05,KO,-0.5,0,1,1
2022-12-10,KO,-1.5,0,3,1
2022-12-17,KO,-0.5,0,1,1
2023-01-14,KO,-1.25,0,2,2
2023-02-04,KO,-1.0,0,2,1
2023-02-18,KO,0.0,0,1,1
2023-02-25,KO,0.25,1,2,1
2023-04-01,KO,-1.0,0,2,1
2023-04-15,KO,-0.25,0,1,1
2023-04-22,KO,0.5,0,1,1
2023-06-10,KO,-2.25,0,3,1
2023-06-24,KO,-2.25,0,3,1
2023-07-01,KO,0.0,0,1,1
2023-07-15,KO,-0.38,1,1,1
2023-07-29,KO,-1.0,0,2,1
2023-08-12,KO,-2.0,0,5,5
2023-09-16,KO,1.0,0,3,3
2023-10-07,KO,0.5,0,1,1
2023-10-21,KO,0.5,0,1,1
2023-11-11,KO,-0.5,0,1,1
2023-11-25,KO,1.0,0,2,1
2023-12-02,KO,-0.5,0,1,1
2023-12-09,KO,-1.25,0,4,2
2024-01-13,KO,-1.25,0,3,3
2024-02-03,KO,2.75,0,4,1
2024-02-24,KO,0.0,0,4,3
2024-03-16,KO,-0.5,0,4,4
2024-03-23,KO,-0.75,0,1,1
2024-03-30,KO,-2.5,0,5,4
2024-04-13,KO,-0.5,0,1,1
2024-04-20,KO,-0.75,0,1,1
2024-05-18,KO,-0.5,1,2,1
2024-05-25,KO,1.5,0,3,1
2024-06-08,KO,0.5,0,1,1
2024-06-29,KO,-0.5,0,1,1
2024-08-03,KO,-0.5,0,2,2
2024-08-17,KO,0.5,0,1,1
2024-08-31,KO,-1.0,0,2,1
2024-09-07,KO,-0.5,0,1,1
2024-09-28,KO,-1.0,0,2,1
2024-11-02,KO,0.5,0,1,1
2024-11-23,KO,-2.75,0,5,3
2024-11-30,KO,-0.5,0,1,1
2024-12-07,KO,-0.75,0,1,1
2024-12-14,KO,0.0,0,2,1
2024-12-21,KO,-1.0,0,2,1
2024-12-28,KO,0.5,0,1,1
2025-01-11,KO,-5.0,0,10,4
2025-01-18,KO,0.0,0,3,2
2025-02-01,KO,0.5,0,1,1
2025-02-15,KO,-0.5,0,3,1
2025-02-22,KO,-0.5,0,4,3
2025-03-01,KO,0.0,0,3,2
2025-03-08,KO,-0.5,0,1,1
2025-03-29,KO,-0.38,1,1,1
2025-04-05,KO,-1.5,0,3,1
2025-04-12,KO,0.0,0,1,1
2025-05-03,KO,-2.0,0,5,2
2025-05-10,KO,-0.5,0,3,1
2025-05-24,KO,1.0,0,2,2
2025-06-07,KO,0.0,0,1,1
2025-06-14,KO,-1.5,0,3,1
2025-07-12,KO,0.5,0,3,1
2025-07-19,KO,-1.0,0,2,2
2025-08-09,KO,-2.0,1,4,2
2025-08-16,KO,-0.5,0,1,1
2025-08-23,KO,-1.0,1,2,2
2025-09-06,KO,-3.75,0,5,1
2025-09-20,KO,-0.5,0,1,1
2025-09-27,KO,-1.0,0,2,2
2025-10-18,KO,-1.0,0,2,1
2025-11-08,KO,-1.5,0,3,2
2025-12-20,KO,-1.0,0,2,1
2026-01-17,KO,-0.75,0,1,1
2026-01-31,KO,1.0,0,3,2
2026-02-28,KO,-0.5,0,1,1
2026-04-11,KO,1.0,0,2,1
2026-05-02,KO,-0.5,0,2,1
2026-05-09,KO,-0.5,0,3,3
2026-05-16,KO,-1.5,0,3,2
2026-05-23,KO,0.5,0,1,1
2026-06-20,KO,-0.5,0,1,1
2026-07-11,KO,-0.5,0,4,1
2018-09-15,LCID,-0.5,0,1,1
2018-09-22,LCID,0.0,0,1,1
2020-09-05,LCID,-0.5,0,1,1
2021-01-23,LCID,-0.5,1,1,1
2021-02-13,LCID,0.0,0,1,1
2021-02-20,LCID,-1.5,0,4,3
2021-03-06,LCID,-0.5,0,1,1
2021-03-13,LCID,0.5,0,3,2
2021-03-27,LCID,1.0,0,2,1
2021-06-05,LCID,-0.5,0,2,2
2021-06-26,LCID,0.5,0,1,1
2021-07-03,LCID,0.5,0,1,1
2022-01-22,LCID,-0.5,0,3,1
2022-02-19,LCID,0.0,0,1,1
2023-04-08,LCID,-0.25,0,1,1
2023-10-14,LCID,-0.25,0,2,1
2024-05-11,LCID,-0.5,0,1,1
2025-02-08,LCID,-0.5,0,1,1
2017-12-30,MCD,0.0,0,1,1
2018-01-06,MCD,-0.5,0,3,3
2018-01-13,MCD,-1.75,0,5,3
2018-01-20,MCD,1.0,0,2,1
2018-01-27,MCD,-1.0,0,2,1
2018-02-03,MCD,-0.5,0,1,1
2018-02-10,MCD,-0.75,0,3,3
2018-02-17,MCD,0.0,0,1,1
2018-02-24,MCD,-0.75,0,1,1
2018-03-03,MCD,0.5,0,3,2
2018-03-10,MCD,-0.5,0,6,5
2018-03-24,MCD,-0.5,0,1,1
2018-03-31,MCD,0.5,0,1,1
2018-04-07,MCD,-0.75,0,3,3
2018-04-14,MCD,-0.5,0,1,1
2018-04-21,MCD,0.25,0,1,1
2018-04-28,MCD,-0.5,0,1,1
2018-06-02,MCD,-2.5,0,7,4
2018-06-09,MCD,2.0,0,6,2
2018-06-23,MCD,-2.5,0,4,2
2018-06-30,MCD,-0.5,0,1,1
2018-07-07,MCD,-3.25,0,6,2
2018-07-28,MCD,0.25,0,3,2
2018-08-04,MCD,-0.5,0,1,1
2018-08-11,MCD,-2.0,0,3,2
2018-08-18,MCD,-1.5,0,3,1
2018-08-25,MCD,-1.25,0,6,4
2018-09-08,MCD,-2.75,0,5,5
2018-10-06,MCD,-0.25,0,5,3
2018-10-13,MCD,-3.5,0,6,2
2018-10-20,MCD,-1.25,0,5,4
2018-11-03,MCD,0.0,0,4,4
2018-11-10,MCD,-1.75,0,3,3
2018-11-17,MCD,-1.5,0,4,3
2018-11-24,MCD,-0.25,0,1,1
2018-12-01,MCD,-0.5,0,1,1
2018-12-08,MCD,-0.5,0,1,1
2018-12-22,MCD,-1.5,0,3,2
2018-12-29,MCD,-1.0,0,2,1
2019-01-12,MCD,-5.62,1,12,7
2019-01-19,MCD,-1.75,0,3,3
2019-02-23,MCD,-0.75,2,5,3
2019-03-02,MCD,-3.0,0,4,1
2019-03-09,MCD,-3.25,0,6,4
2019-03-23,MCD,-1.75,0,15,14
2019-03-30,MCD,-0.5,0,2,2
2019-04-06,MCD,-1.0,0,2,1
2019-05-04,MCD,-1.0,0,2,2
2019-05-11,MCD,-1.5,0,3,1
2019-05-18,MCD,-2.5,1,7,3
2019-05-25,MCD,1.0,0,4,2
2019-06-01,MCD,0.75,0,5,3
2019-06-08,MCD,-0.5,0,1,1
2019-06-15,MCD,-1.0,2,2,1
2019-06-22,MCD,-0.5,0,4,4
2019-06-29,MCD,-1.0,0,2,2
2019-07-06,MCD,-0.5,0,1,1
2019-07-13,MCD,-1.75,2,5,3
2019-07-27,MCD,-1.0,1,7,4
2019-08-03,MCD,-1.75,0,3,3
2019-08-10,MCD,-6.75,0,10,5
2019-08-17,MCD,-0.25,0,5,5
2019-08-24,MCD,-1.0,0,2,1
2019-08-31,MCD,-34.75,1,83,57
2019-09-07,MCD,-3.5,0,6,2
2019-09-21,MCD,-4.5,0,19,16
2019-09-28,MCD,-1.5,0,3,1
2019-10-12,MCD,-4.75,0,12,6
2019-10-19,MCD,-0.5,0,2,2
2019-10-26,MCD,-0.5,0,2,1
2019-11-02,MCD,-1.0,0,6,3
2019-11-16,MCD,-0.5,0,1,1
2019-11-23,MCD,-1.75,0,4,4
2019-11-30,MCD,-5.75,0,9,7
2019-12-07,MCD,2.0,0,5,2
2019-12-21,MCD,-0.5,0,1,1
2019-12-28,MCD,-2.5,0,5,2
2020-01-11,MCD,-1.0,0,2,1
2020-01-18,MCD,-1.0,0,2,2
2020-01-25,MCD,-1.0,0,2,2
2020-02-08,MCD,-2.0,0,6,4
2020-02-15,MCD,-2.0,0,9,4
2020-02-22,MCD,-0.5,0,1,1
2020-02-29,MCD,-3.75,0,9,5
2020-03-07,MCD,-2.5,0,6,6
2020-03-14,MCD,-0.5,0,2,2
2020-03-21,MCD,-2.5,1,6,5
2020-03-28,MCD,-1.0,0,2,1
2020-04-04,MCD,-4.25,0,8,3
2020-04-11,MCD,-0.75,0,5,4
2020-04-25,MCD,-4.5,0,11,4
2020-05-02,MCD,-0.75,0,3,2
2020-05-09,MCD,-1.25,0,4,4
2020-05-16,MCD,-3.5,0,9,7
2020-05-23,MCD,-1.0,0,4,3
2020-05-30,MCD,-6.5,0,14,6
2020-06-13,MCD,1.0,0,2,1
2020-06-20,MCD,1.0,0,3,2
2020-06-27,MCD,1.0,0,8,3
2020-07-04,MCD,-1.5,1,3,3
2020-07-11,MCD,-2.75,1,7,4
2020-07-25,MCD,-3.0,0,19,17
2020-08-01,MCD,-2.0,0,5,2
2020-08-08,MCD,-0.5,0,1,1
2020-08-15,MCD,1.0,0,4,3
2020-08-22,MCD,-2.0,0,4,3
2020-08-29,MCD,-2.0,0,3,1
2020-09-05,MCD,-0.5,0,2,2
2020-10-03,MCD,-0.5,0,1,1
2020-10-10,MCD,-0.5,0,1,1
2020-10-24,MCD,-0.5,0,1,1
2020-10-31,MCD,-0.5,1,7,3
2020-11-07,MCD,-7.25,0,16,12
2020-11-14,MCD,-0.5,0,1,1
2020-11-21,MCD,0.0,0,2,2
2020-11-28,MCD,-1.75,1,5,3
2020-12-05,MCD,-1.0,0,2,2
2020-12-12,MCD,-3.5,0,9,8
2020-12-19,MCD,0.5,0,1,1
2020-12-26,MCD,-3.5,0,7,5
2021-01-02,MCD,-1.0,0,2,2
2021-01-09,MCD,-1.5,0,2,1
2021-01-16,MCD,-3.25,0,11,7
2021-01-23,MCD,-0.5,0,3,2
2021-01-30,MCD,-0.75,0,1,1
2021-02-06,MCD,1.0,0,5,3
2021-02-20,MCD,0.0,0,4,3
2021-02-27,MCD,-1.75,0,3,2
2021-03-13,MCD,-4.75,0,13,7
2021-03-20,MCD,-2.5,0,5,2
2021-04-03,MCD,-0.5,0,1,1
2021-04-10,MCD,-0.5,0,4,2
2021-04-24,MCD,-1.0,0,2,1
2021-05-01,MCD,-2.75,0,4,2
2021-05-15,MCD,-1.0,0,2,2
2021-06-05,MCD,0.5,0,2,2
2021-06-19,MCD,1.0,0,2,1
2021-06-26,MCD,-2.5,0,4,2
2021-07-03,MCD,-1.5,0,3,3
2021-07-17,MCD,-2.0,0,4,2
2021-07-24,MCD,-1.75,1,3,1
2021-07-31,MCD,0.0,0,2,2
2021-08-07,MCD,-0.5,0,1,1
2021-08-14,MCD,-3.0,0,7,3
2021-08-21,MCD,0.0,0,2,2
2021-10-02,MCD,-0.5,0,1,1
2021-10-16,MCD,0.5,1,3,1
2021-10-30,MCD,-1.75,0,3,2
2021-11-06,MCD,-3.0,0,4,1
2021-11-13,MCD,-1.5,0,3,1
2021-11-20,MCD,-1.0,1,2,1
2021-11-27,MCD,-0.5,0,1,1
2021-12-04,MCD,-2.0,0,4,4
2021-12-11,MCD,-1.0,0,2,2
2021-12-18,MCD,-0.5,0,1,1
2021-12-25,MCD,-0.5,0,1,1
2022-01-01,MCD,-0.5,0,2,1
2022-01-08,MCD,-2.25,0,3,1
2022-01-15,MCD,-3.0,0,6,3
2022-01-22,MCD,-1.75,0,3,2
2022-01-29,MCD,-2.5,2,13,8
2022-02-12,MCD,-0.5,0,1,1
2022-02-26,MCD,-2.5,0,5,1
2022-03-05,MCD,-0.5,0,1,1
2022-03-12,MCD,-0.5,0,1,1
2022-03-26,MCD,-0.5,0,1,1
2022-04-02,MCD,0.0,0,4,2
2022-04-09,MCD,-0.5,0,1,1
2022-04-16,MCD,-1.75,0,14,7
2022-04-23,MCD,-1.0,0,2,2
2022-04-30,MCD,-3.75,0,8,7
2022-05-07,MCD,-1.5,0,4,2
2022-05-14,MCD,-1.0,0,2,2
2022-05-21,MCD,-1.38,2,3,2
2022-05-28,MCD,-0.25,0,1,1
2022-06-04,MCD,-0.5,0,1,1
2022-06-18,MCD,-1.25,0,3,1
2022-06-25,MCD,-8.25,0,15,8
2022-07-02,MCD,-1.0,0,2,2
2022-07-16,MCD,-0.75,0,1,1
2022-07-30,MCD,-1.0,0,2,1
2022-08-27,MCD,-2.0,0,3,2
2022-09-24,MCD,-0.5,1,5,5
2022-10-01,MCD,0.5,0,1,1
2022-10-08,MCD,-0.75,0,2,2
2022-10-22,MCD,-0.75,0,3,2
2022-10-29,MCD,-1.0,0,3,2
2022-11-05,MCD,-0.5,0,1,1
2022-11-12,MCD,-0.5,0,2,2
2022-12-03,MCD,0.0,0,2,2
2022-12-17,MCD,-1.0,1,2,1
2022-12-31,MCD,-1.0,0,2,2
2023-01-14,MCD,-0.25,0,2,1
2023-01-21,MCD,-0.5,0,1,1
2023-01-28,MCD,-3.5,0,5,1
2023-02-04,MCD,0.25,1,3,1
2023-02-11,MCD,-1.0,0,13,9
2023-02-18,MCD,-2.63,1,5,4
2023-03-04,MCD,0.5,0,1,1
2023-03-11,MCD,-1.25,0,5,2
2023-03-25,MCD,0.5,0,1,1
2023-04-01,MCD,-0.5,0,1,1
2023-04-08,MCD,-1.5,0,3,1
2023-04-15,MCD,-1.0,0,2,2
2023-04-22,MCD,0.0,0,2,2
2023-04-29,MCD,0.0,0,2,2
2023-05-06,MCD,-0.38,0,1,1
2023-05-27,MCD,-2.0,0,4,1
2023-06-10,MCD,-1.75,2,3,1
2023-06-17,MCD,-3.5,0,5,2
2023-07-01,MCD,-2.0,0,4,2
2023-07-22,MCD,-2.0,0,3,1
2023-07-29,MCD,-8.25,0,15,8
2023-08-05,MCD,-1.75,0,3,1
2023-08-12,MCD,-3.0,1,5,2
2023-08-19,MCD,-3.0,0,6,4
2023-09-02,MCD,-4.5,0,7,1
2023-09-09,MCD,-1.5,0,3,1
2023-09-16,MCD,-0.5,0,1,1
2023-09-23,MCD,-3.0,0,4,2
2023-09-30,MCD,-1.25,0,4,4
2023-10-07,MCD,-3.5,0,17,14
2023-10-14,MCD,-2.0,0,4,3
2023-10-21,MCD,-1.0,0,2,1
2023-10-28,MCD,-1.38,0,7,6
2023-11-11,MCD,0.25,0,3,2
2023-11-25,MCD,0.5,0,3,1
2023-12-23,MCD,-0.5,0,2,2
2023-12-30,MCD,-1.75,0,3,2
2024-01-06,MCD,-1.5,0,2,1
2024-01-13,MCD,-2.0,0,4,4
2024-02-10,MCD,-0.5,0,1,1
2024-02-17,MCD,-0.25,0,9,3
2024-02-24,MCD,1.25,2,11,5
2024-03-02,MCD,0.0,0,3,2
2024-03-16,MCD,-1.5,0,3,2
2024-03-23,MCD,-1.0,0,2,2
2024-03-30,MCD,0.0,2,5,1
2024-04-06,MCD,0.0,0,1,1
2024-04-27,MCD,-0.5,0,2,2
2024-05-04,MCD,-2.25,0,11,3
2024-05-18,MCD,-2.5,0,4,2
2024-06-08,MCD,-0.5,0,7,2
2024-06-15,MCD,0.0,0,3,3
2024-06-22,MCD,-1.5,0,3,2
2024-06-29,MCD,-0.75,0,4,1
2024-07-20,MCD,-1.0,0,2,1
2024-07-27,MCD,0.0,0,3,2
2024-08-03,MCD,0.0,0,2,1
2024-08-10,MCD,-4.0,0,8,2
2024-08-17,MCD,-2.5,0,5,3
2024-08-24,MCD,-0.5,0,1,1
2024-08-31,MCD,-0.5,0,14,9
2024-09-07,MCD,-0.5,0,1,1
2024-10-05,MCD,0.25,0,3,1
2024-10-19,MCD,-0.5,0,1,1
2024-11-02,MCD,0.25,0,3,1
2024-11-09,MCD,-0.5,0,1,1
2024-11-23,MCD,-2.5,1,8,3
2024-11-30,MCD,-0.5,0,1,1
2024-12-07,MCD,-0.75,0,2,1
2024-12-14,MCD,-1.0,0,2,1
2024-12-28,MCD,-1.0,0,2,1
2025-01-04,MCD,-0.5,0,1,1
2025-01-11,MCD,-0.5,0,1,1
2025-01-25,MCD,-1.5,0,3,1
2025-02-01,MCD,-0.5,0,1,1
2025-02-15,MCD,-1.5,0,3,1
2025-02-22,MCD,-1.25,0,2,2
2025-03-01,MCD,-1.75,0,3,2
2025-03-08,MCD,-3.0,0,4,2
2025-03-15,MCD,-0.5,0,3,2
2025-03-22,MCD,-1.25,0,2,2
2025-03-29,MCD,-10.25,0,17,10
2025-04-05,MCD,-3.75,0,10,7
2025-04-12,MCD,-1.25,0,2,1
2025-04-19,MCD,-4.5,0,11,6
2025-04-26,MCD,-32.75,3,75,53
2025-05-03,MCD,-6.5,0,15,8
2025-05-24,MCD,0.0,0,1,1
2025-06-28,MCD,-1.25,0,5,5
2025-07-19,MCD,0.0,0,2,1
2025-07-26,MCD,-1.0,0,2,2
2025-08-02,MCD,0.5,0,1,1
2025-08-09,MCD,-3.0,2,8,2
2025-08-30,MCD,0.0,0,2,2
2025-09-06,MCD,-0.5,0,1,1
2025-09-13,MCD,-0.5,0,1,1
2025-09-20,MCD,-2.5,0,7,3
2025-09-27,MCD,-1.5,0,3,2
2025-10-04,MCD,1.0,0,2,1
2025-10-18,MCD,-0.5,0,1,1
2025-10-25,MCD,-2.0,0,6,3
2025-11-08,MCD,-1.75,0,3,2
2025-11-15,MCD,-0.5,0,1,1
2025-11-22,MCD,0.0,0,2,1
2025-11-29,MCD,-2.75,0,4,2
2025-12-06,MCD,-2.0,2,4,3
2025-12-13,MCD,-2.0,0,4,2
2026-01-17,MCD,-0.5,0,1,1
2026-01-24,MCD,1.0,0,2,1
2026-01-31,MCD,-1.5,0,3,3
2026-02-07,MCD,-1.75,0,3,3
2026-02-14,MCD,-0.5,0,1,1
2026-02-21,MCD,-0.5,0,1,1
2026-03-21,MCD,-0.5,0,1,1
2026-04-11,MCD,-0.5,0,1,1
2026-04-25,MCD,-0.5,0,3,3
2026-05-02,MCD,-0.5,0,1,1
2026-05-09,MCD,0.5,0,1,1
2026-06-06,MCD,-1.0,0,2,1
2026-07-11,MCD,0.0,0,1,1
2017-12-30,META,-3.5,0,10,9
2018-01-06,META,-12.0,2,51,34
2018-01-13,META,-9.5,0,26,17
2018-01-20,META,-11.0,1,26,18
2018-01-27,META,-7.75,0,22,16
2018-02-03,META,-7.0,0,27,17
2018-02-10,META,-1.75,1,22,14
2018-02-17,META,-19.5,9,71,41
2018-02-24,META,-7.25,1,21,14
2018-03-03,META,-3.75,0,15,11
2018-03-10,META,-2.0,0,9,7
2018-03-17,META,-61.129999999999995,6,202,137
2018-03-24,META,-28.25,5,122,78
2018-03-31,META,-12.0,5,38,24
2018-04-07,META,-24.0,1,47,26
2018-04-14,META,-15.5,0,37,27
2018-04-21,META,-2.25,2,17,12
2018-04-28,META,-1.38,2,21,17
2018-05-05,META,-2.25,0,4,3
2018-05-12,META,0.5,0,11,6
2018-05-19,META,-3.5,0,15,10
2018-05-26,META,0.75,0,9,4
2018-06-02,META,-6.25,2,27,15
2018-06-09,META,-4.5,0,8,4
2018-06-16,META,-0.25,0,3,2
2018-06-23,META,-3.75,0,10,5
2018-06-30,META,-0.5,0,3,3
2018-07-07,META,-11.75,0,35,21
2018-07-14,META,-6.75,0,28,25
2018-07-21,META,-38.010000000000005,9,218,140
2018-07-28,META,-18.75,4,86,60
2018-08-04,META,2.25,0,9,6
2018-08-11,META,-7.5,0,25,14
2018-08-18,META,-3.5,2,19,15
2018-08-25,META,0.25,1,16,11
2018-09-01,META,-3.75,2,39,23
2018-09-08,META,-4.5,1,16,14
2018-09-15,META,-4.5,5,40,20
2018-09-22,META,-22.25,0,71,44
2018-09-29,META,-7.5,2,31,22
2018-10-06,META,-0.25,1,21,16
2018-10-13,META,-7.25,0,28,12
2018-10-20,META,-3.25,0,19,13
2018-10-27,META,-7.25,0,29,22
2018-11-03,META,-9.25,2,23,17
2018-11-10,META,-3.75,0,15,11
2018-11-17,META,-35.25,2,143,96
2018-11-24,META,-28.75,1,83,49
2018-12-01,META,-19.25,2,60,42
2018-12-08,META,-8.0,0,27,19
2018-12-15,META,-60.25,3,123,71
2018-12-22,META,-23.37,1,61,37
2018-12-29,META,-8.5,1,21,13
2019-01-05,META,-7.0,0,16,13
2019-01-12,META,-11.25,1,21,18
2019-01-19,META,-11.0,0,34,26
2019-01-26,META,-40.379999999999995,5,126,75
2019-02-02,META,-7.5,1,19,11
2019-02-09,META,-10.129999999999999,3,31,21
2019-02-16,META,-3.5,0,8,7
2019-02-23,META,-10.25,1,22,13
2019-03-02,META,-5.5,0,11,8
2019-03-09,META,-12.0,0,29,18
2019-03-16,META,-22.0,1,74,49
2019-03-23,META,-6.25,1,14,13
2019-03-30,META,-4.25,2,11,9
2019-04-06,META,-6.25,1,22,13
2019-04-13,META,-9.5,0,18,10
2019-04-20,META,-4.0,1,26,19
2019-04-27,META,-6.25,2,20,11
2019-05-04,META,-0.5,0,18,11
2019-05-11,META,-9.0,1,22,9
2019-05-18,META,-10.75,2,26,16
2019-05-25,META,-4.5,0,14,11
2019-06-01,META,-9.0,0,33,25
2019-06-08,META,-8.5,1,15,11
2019-06-15,META,-19.25,4,59,37
2019-06-22,META,-11.0,1,31,14
2019-06-29,META,-5.25,0,10,5
2019-07-06,META,-2.0,0,6,6
2019-07-13,META,-8.5,0,20,14
2019-07-20,META,-13.0,0,28,14
2019-07-27,META,-6.25,0,12,7
2019-08-03,META,-4.5,1,22,10
2019-08-10,META,-8.25,3,23,17
2019-08-17,META,-7.5,1,16,8
2019-08-24,META,-3.75,0,9,7
2019-08-31,META,-9.5,0,25,16
2019-09-07,META,-5.5,1,13,11
2019-09-14,META,-2.0,0,9,5
2019-09-21,META,-3.25,0,5,3
2019-09-28,META,-5.0,1,15,9
2019-10-05,META,-10.75,3,31,17
2019-10-12,META,-4.75,2,16,11
2019-10-19,META,-24.5,4,62,40
2019-10-26,META,-9.75,3,24,15
2019-11-02,META,-3.75,1,17,11
2019-11-09,META,-0.75,1,3,2
2019-11-16,META,-2.0,0,5,3
2019-11-23,META,-2.75,2,5,4
2019-11-30,META,-5.5,0,12,6
2019-12-07,META,-1.5,1,5,5
2019-12-14,META,-7.25,0,14,8
2019-12-21,META,-5.5,1,11,5
2019-12-28,META,-2.0,1,6,5
2020-01-04,META,-2.5,2,6,3
2020-01-11,META,-0.5,0,9,6
2020-01-18,META,-16.0,1,41,23
2020-01-25,META,-8.879999999999999,0,24,14
2020-02-01,META,-1.5,3,11,7
2020-02-08,META,0.75,0,3,3
2020-02-15,META,-3.5,0,23,14
2020-02-22,META,-13.75,0,25,15
2020-02-29,META,-9.75,0,22,11
2020-03-07,META,-11.129999999999999,0,31,20
2020-03-14,META,-11.5,0,22,13
2020-03-21,META,-1.25,0,23,16
2020-03-28,META,-9.0,1,27,19
2020-04-04,META,-9.379999999999999,1,24,14
2020-04-11,META,-12.5,0,31,19
2020-04-18,META,-17.5,0,61,36
2020-04-25,META,-9.75,2,37,27
2020-05-02,META,-3.0,0,26,17
2020-05-09,META,-3.25,0,14,11
2020-05-16,META,-16.5,2,65,41
2020-05-23,META,-2.75,0,20,17
2020-05-30,META,-4.0,2,22,11
2020-06-06,META,-3.0,2,10,6
2020-06-13,META,-5.5,1,16,10
2020-06-20,META,-8.75,1,25,20
2020-06-27,META,-14.5,7,64,43
2020-07-04,META,-7.75,1,42,23
2020-07-11,META,-10.5,1,22,12
2020-07-18,META,-18.75,1,48,27
2020-07-25,META,-14.0,3,55,35
2020-08-01,META,-18.5,7,64,45
2020-08-08,META,-3.0,1,25,9
2020-08-15,META,-6.5,1,24,16
2020-08-22,META,-3.0,0,16,13
2020-08-29,META,-18.63,2,43,27
2020-09-05,META,-7.25,0,17,8
2020-09-12,META,-7.25,4,19,13
2020-09-19,META,-5.25,2,9,5
2020-09-26,META,-6.38,1,22,11
2020-10-03,META,-14.0,0,28,14
2020-10-10,META,-3.0,0,6,3
2020-10-17,META,1.0,0,9,7
2020-10-24,META,-4.25,2,24,13
2020-10-31,META,-6.25,1,14,11
2020-11-07,META,-4.5,1,30,19
2020-11-14,META,-0.88,0,8,5
2020-11-21,META,-6.25,0,13,8
2020-11-28,META,-1.25,1,22,14
2020-12-05,META,-24.25,5,51,33
2020-12-12,META,-7.75,2,25,15
2020-12-19,META,-2.25,0,11,10
2020-12-26,META,-2.12,2,28,18
2021-01-02,META,-8.25,4,25,15
2021-01-09,META,-1.5,0,19,14
2021-01-16,META,-19.0,4,91,53
2021-01-23,META,-1.0,2,39,28
2021-01-30,META,-22.25,8,83,51
2021-02-06,META,-11.0,3,41,20
2021-02-13,META,-13.620000000000001,3,85,60
2021-02-20,META,-4.25,4,25,13
2021-02-27,META,-1.25,4,30,21
2021-03-06,META,-6.5,1,27,18
2021-03-13,META,-13.75,3,43,24
2021-03-20,META,-0.25,0,10,6
2021-03-27,META,-4.25,1,20,11
2021-04-03,META,-1.5,2,10,6
2021-04-10,META,-2.75,0,5,4
2021-04-17,META,-8.0,0,25,16
2021-04-24,META,-6.0,0,23,16
2021-05-01,META,-7.75,5,22,9
2021-05-08,META,-3.0,0,11,9
2021-05-15,META,-4.25,1,19,12
2021-05-22,META,-1.5,0,7,6
2021-05-29,META,2.0,0,6,3
2021-06-05,META,-0.5,0,5,3
2021-06-12,META,-4.75,1,9,4
2021-06-19,META,-0.75,1,11,5
2021-06-26,META,-5.38,1,25,18
2021-07-03,META,-6.75,1,15,11
2021-07-10,META,-3.5,3,10,2
2021-07-17,META,-6.25,1,12,3
2021-07-24,META,-5.62,0,22,19
2021-07-31,META,-3.0,1,21,14
2021-08-07,META,-3.5,1,9,5
2021-08-14,META,-2.25,0,5,3
2021-08-21,META,-2.0,2,5,2
2021-08-28,META,-6.0,0,9,4
2021-09-04,META,-3.75,0,6,3
2021-09-11,META,-2.0,0,7,4
2021-09-18,META,-4.75,0,10,6
2021-09-25,META,-0.5,0,1,1
2021-10-02,META,-9.25,0,34,24
2021-10-09,META,-1.0,0,2,2
2021-10-16,META,-5.25,3,19,13
2021-10-23,META,-42.879999999999995,4,191,117
2021-10-30,META,-7.0,1,32,19
2021-11-06,META,-2.0,0,19,12
2021-11-13,META,-3.75,2,26,17
2021-11-20,META,-2.5,2,7,4
2021-11-27,META,-0.5,0,3,3
2021-12-04,META,-3.0,0,20,11
2021-12-11,META,-12.25,1,37,23
2021-12-18,META,-13.129999999999999,6,53,25
2021-12-25,META,-7.25,1,36,22
2022-01-01,META,-2.5,0,15,10
2022-01-08,META,-12.5,1,36,22
2022-01-15,META,-10.5,2,27,10
2022-01-22,META,-2.25,0,9,6
2022-01-29,META,-44.0,4,134,80
2022-02-05,META,-39.0,13,172,100
2022-02-12,META,-3.5,0,14,9
2022-02-19,META,-62.25,9,232,144
2022-02-26,META,-2.5,0,8,4
2022-03-05,META,-2.25,1,9,8
2022-03-12,META,-59.25,6,211,118
2022-03-19,META,-1.5,0,14,9
2022-03-26,META,-6.75,0,12,4
2022-04-02,META,-4.75,1,17,9
2022-04-09,META,-10.879999999999999,2,43,23
2022-04-16,META,-8.25,0,55,38
2022-04-23,META,-12.13,0,80,57
2022-04-30,META,-9.0,2,40,20
2022-05-07,META,-7.0,0,14,10
2022-05-14,META,-7.0,0,22,11
2022-05-21,META,-3.0,0,10,7
2022-05-28,META,0.75,0,1,1
2022-06-04,META,-4.5,0,11,9
2022-06-11,META,1.5,0,11,8
2022-06-18,META,-2.5,0,6,4
2022-06-25,META,-21.0,0,48,30
2022-07-02,META,-24.75,0,78,50
2022-07-09,META,-3.0,0,11,6
2022-07-16,META,-4.75,1,15,9
2022-07-23,META,-13.75,2,32,21
2022-07-30,META,-0.5,0,1,1
2022-08-06,META,-1.25,0,4,4
2022-08-20,META,-1.5,0,3,1
2022-08-27,META,-6.5,0,17,8
2022-09-03,META,-14.629999999999999,2,76,37
2022-09-10,META,-1.0,0,3,3
2022-09-17,META,-6.0,0,15,12
2022-09-24,META,-1.25,3,11,9
2022-10-01,META,-6.0,0,11,7
2022-10-08,META,-5.0,0,15,9
2022-10-15,META,-7.75,0,19,12
2022-10-22,META,-70.62,7,239,149
2022-10-29,META,-21.88,7,78,40
2022-11-05,META,-9.25,3,34,21
2022-11-12,META,-3.75,2,21,12
2022-11-19,META,-2.75,0,13,6
2022-11-26,META,-4.5,0,9,4
2022-12-03,META,-0.75,0,7,6
2022-12-10,META,-0.75,0,9,4
2022-12-17,META,-1.25,0,9,7
2022-12-24,META,-3.25,0,11,7
2022-12-31,META,-7.75,0,18,12
2023-01-07,META,1.0,0,2,2
2023-01-14,META,-4.88,1,13,9
2023-01-21,META,-17.75,1,41,24
2023-01-28,META,-5.25,0,52,39
2023-02-04,META,0.0,0,4,3
2023-02-11,META,1.5,0,3,2
2023-02-18,META,-1.0,1,10,4
2023-02-25,META,1.5,0,5,2
2023-03-04,META,-3.25,0,8,6
2023-03-11,META,-1.5,0,3,1
2023-03-18,META,-1.25,0,5,3
2023-03-25,META,-23.25,3,49,27
2023-04-01,META,-7.25,1,21,9
2023-04-08,META,-0.5,0,5,3
2023-04-15,META,-2.0,0,3,2
2023-04-22,META,-9.75,1,28,15
2023-04-29,META,-9.0,1,29,20
2023-05-06,META,0.0,0,1,1
2023-05-13,META,-4.0,0,8,5
2023-05-20,META,-1.0,0,2,2
2023-05-27,META,2.75,0,18,10
2023-06-03,META,-0.5,0,3,3
2023-06-10,META,-0.75,2,18,11
2023-06-17,META,1.0,0,3,2
2023-06-24,META,1.5,0,5,3
2023-07-01,META,1.0,0,9,7
2023-07-08,META,-2.38,0,13,9
2023-07-15,META,-0.5,0,3,1
2023-07-22,META,-10.75,0,21,15
2023-07-29,META,-1.25,0,8,6
2023-08-05,META,-0.25,0,6,4
2023-08-12,META,-5.0,0,12,5
2023-08-19,META,-1.0,0,2,2
2023-08-26,META,-1.75,0,4,2
2023-09-09,META,0.25,0,2,2
2023-09-16,META,1.0,0,4,2
2023-10-07,META,-2.0,0,4,3
2023-10-14,META,-0.25,0,3,3
2023-10-21,META,-1.0,0,6,4
2023-10-28,META,-3.25,0,11,6
2023-11-04,META,-1.75,0,6,4
2023-11-11,META,-12.75,2,23,13
2023-11-18,META,1.25,0,3,2
2023-11-25,META,0.5,0,14,8
2023-12-02,META,-0.5,0,1,1
2023-12-09,META,-0.75,0,3,3
2023-12-16,META,-0.75,0,8,6
2023-12-23,META,-3.75,0,18,14
2023-12-30,META,-1.0,0,5,4
2024-01-06,META,0.5,0,1,1
2024-01-13,META,-4.0,2,10,5
2024-01-20,META,-9.5,2,29,18
2024-01-27,META,2.25,0,6,4
2024-02-03,META,-5.25,2,23,14
2024-02-10,META,-1.5,2,36,20
2024-02-17,META,-16.380000000000003,0,60,36
2024-02-24,META,-12.75,4,33,20
2024-03-02,META,1.75,0,19,12
2024-03-09,META,-5.75,0,14,11
2024-03-16,META,-3.0,0,47,30
2024-03-23,META,-3.75,1,20,16
2024-03-30,META,-2.0,2,4,2
2024-04-06,META,-4.75,0,12,7
2024-04-13,META,0.12,0,8,4
2024-04-20,META,-15.75,16,50,29
2024-04-27,META,-11.75,0,23,19
2024-05-04,META,0.25,0,3,2
2024-05-11,META,-0.25,2,11,7
2024-05-18,META,-8.25,2,14,7
2024-05-25,META,-2.5,0,14,10
2024-06-01,META,0.0,4,12,7
2024-06-15,META,0.0,0,8,2
2024-06-22,META,-0.5,0,3,2
2024-06-29,META,0.25,0,4,4
2024-07-06,META,-5.5,0,15,7
2024-07-13,META,-6.5,1,17,5
2024-07-20,META,-1.0,0,4,3
2024-07-27,META,-2.5,1,18,12
2024-08-03,META,-0.5,0,4,2
2024-08-10,META,-0.5,0,1,1
2024-08-17,META,-1.75,2,3,1
2024-08-24,META,-5.0,0,15,8
2024-08-31,META,-3.0,0,6,3
2024-09-07,META,-3.25,1,8,3
2024-09-14,META,0.0,0,6,5
2024-09-21,META,-1.0,1,8,4
2024-09-28,META,1.0,0,4,2
2024-10-05,META,0.0,0,11,7
2024-10-12,META,-7.75,0,16,11
2024-10-19,META,1.25,0,6,3
2024-10-26,META,-3.0,1,13,8
2024-11-02,META,-2.5,2,8,6
2024-11-09,META,-1.5,0,5,4
2024-11-16,META,-1.25,1,6,5
2024-11-23,META,-3.5,1,11,9
2024-11-30,META,-3.75,3,19,11
2024-12-07,META,3.0,0,13,7
2024-12-14,META,-0.5,0,9,5
2024-12-21,META,-4.5,0,23,12
2024-12-28,META,-5.75,0,20,12
2025-01-04,META,-5.0,3,38,23
2025-01-11,META,-15.0,3,54,30
2025-01-18,META,-2.5,0,18,15
2025-01-25,META,-2.5,0,31,23
2025-02-01,META,-14.5,1,41,19
2025-02-08,META,1.5,1,14,7
2025-02-15,META,-0.75,1,15,11
2025-02-22,META,-4.75,1,32,16
2025-03-01,META,-10.0,1,27,14
2025-03-08,META,-1.5,0,17,10
2025-03-15,META,-2.5,0,7,5
2025-03-22,META,0.0,0,2,2
2025-03-29,META,-12.5,1,36,20
2025-04-05,META,-23.0,7,59,35
2025-04-12,META,-8.75,0,18,10
2025-04-19,META,-11.75,1,20,10
2025-04-26,META,-8.25,2,14,8
2025-05-03,META,-2.0,0,4,3
2025-05-10,META,1.25,0,23,17
2025-05-17,META,-4.25,0,11,5
2025-05-24,META,-7.25,2,21,16
2025-05-31,META,-3.25,1,11,10
2025-06-07,META,1.75,0,21,10
2025-06-14,META,0.3700000000000001,2,22,14
2025-06-21,META,-2.5,2,17,7
2025-06-28,META,-2.75,1,23,15
2025-07-05,META,-7.75,2,20,11
2025-07-12,META,-1.75,1,10,7
2025-07-19,META,-1.25,0,9,7
2025-07-26,META,-6.5,1,36,22
2025-08-02,META,-5.0,2,28,21
2025-08-09,META,-3.75,2,20,12
2025-08-16,META,-1.5,0,18,11
2025-08-23,META,-2.75,0,10,6
2025-08-30,META,-2.25,0,18,9
2025-09-06,META,-4.0,2,12,6
2025-09-13,META,-1.5,0,23,12
2025-09-20,META,-5.5,0,17,14
2025-09-27,META,-6.0,0,16,10
2025-10-04,META,-6.5,0,21,15
2025-10-11,META,-6.5,0,23,14
2025-10-18,META,-2.25,0,16,13
2025-10-25,META,-29.5,2,80,49
2025-11-01,META,-15.259999999999998,6,77,49
2025-11-08,META,-12.75,3,43,29
2025-11-15,META,-11.5,4,51,29
2025-11-22,META,-36.0,2,76,53
2025-11-29,META,-1.75,0,12,8
2025-12-06,META,-5.0,2,46,23
2025-12-13,META,-5.25,0,30,18
2025-12-20,META,-9.75,1,34,23
2025-12-27,META,-9.5,1,46,31
2026-01-03,META,-4.0,0,16,13
2026-01-10,META,-1.0,0,11,9
2026-01-17,META,-8.0,2,13,8
2026-01-24,META,-2.37,0,39,23
2026-01-31,META,-8.0,3,25,14
2026-02-07,META,-6.25,0,15,10
2026-02-14,META,1.25,0,3,2
2026-02-21,META,-3.75,1,15,11
2026-02-28,META,-5.0,0,12,6
2026-03-07,META,-2.0,0,4,2
2026-03-14,META,-1.25,0,3,3
2026-03-21,META,0.5,1,14,8
2026-03-28,META,-5.75,0,39,20
2026-04-04,META,-4.5,0,11,6
2026-04-11,META,-1.5,0,6,6
2026-04-18,META,1.0,0,4,2
2026-04-25,META,-4.75,1,30,18
2026-05-02,META,1.75,3,19,11
2026-05-09,META,-1.75,0,11,10
2026-05-16,META,-2.0,0,4,3
2026-05-23,META,-8.25,2,34,26
2026-05-30,META,-5.5,1,19,10
2026-06-06,META,-1.75,0,16,11
2026-06-13,META,-4.0,2,35,25
2026-06-20,META,-4.63,1,25,13
2026-06-27,META,-2.0,0,11,7
2026-07-04,META,-12.75,1,37,23
2026-07-11,META,-5.88,0,16,10
2020-02-22,MRNA,0.75,1,8,5
2020-02-29,MRNA,-1.5,0,3,3
2020-03-14,MRNA,0.5,0,9,4
2020-03-21,MRNA,-1.5,0,3,1
2020-03-28,MRNA,0.5,0,1,1
2020-04-04,MRNA,1.0,0,2,1
2020-04-11,MRNA,-1.5,0,7,2
2020-04-18,MRNA,0.0,0,3,2
2020-05-16,MRNA,-25.13,11,89,50
2020-05-23,MRNA,-6.0,0,18,14
2020-05-30,MRNA,-0.75,2,3,1
2020-06-06,MRNA,-10.25,1,25,20
2020-06-13,MRNA,-2.75,0,4,2
2020-06-20,MRNA,-0.5,1,2,2
2020-06-27,MRNA,-0.25,0,2,1
2020-07-04,MRNA,-3.0,0,6,3
2020-07-11,MRNA,-11.25,4,47,30
2020-07-18,MRNA,-4.13,1,12,9
2020-07-25,MRNA,-3.0,0,6,4
2020-08-08,MRNA,-1.0,0,10,4
2020-08-15,MRNA,0.5,0,1,1
2020-08-29,MRNA,-2.5,0,5,2
2020-09-05,MRNA,-0.5,0,5,4
2020-09-12,MRNA,0.0,0,2,2
2020-09-19,MRNA,0.5,0,2,1
2020-10-03,MRNA,-3.75,0,8,4
2020-10-10,MRNA,-2.0,1,9,6
2020-10-24,MRNA,0.5,0,1,1
2020-11-07,MRNA,-1.0,0,4,2
2020-11-14,MRNA,2.0,0,27,15
2020-11-21,MRNA,1.87,0,3,2
2020-11-28,MRNA,1.25,1,18,9
2020-12-05,MRNA,-0.5,0,13,6
2020-12-12,MRNA,-3.5,0,16,12
2020-12-19,MRNA,2.5,0,7,4
2020-12-26,MRNA,0.0,0,2,1
2021-01-02,MRNA,-0.75,0,5,2
2021-01-09,MRNA,0.25,0,1,1
2021-01-23,MRNA,-1.0,1,2,1
2021-01-30,MRNA,2.25,0,9,6
2021-02-06,MRNA,-1.0,0,9,4
2021-02-13,MRNA,0.0,0,3,1
2021-02-27,MRNA,3.25,2,14,8
2021-03-06,MRNA,-0.5,0,21,11
2021-04-03,MRNA,0.75,0,1,1
2021-04-24,MRNA,-0.5,0,1,1
2021-05-01,MRNA,-2.0,0,13,6
2021-05-29,MRNA,0.5,0,1,1
2021-06-05,MRNA,-0.75,0,1,1
2021-06-26,MRNA,1.5,0,4,3
2021-07-03,MRNA,2.0,0,5,3
2021-07-10,MRNA,0.0,0,1,1
2021-07-24,MRNA,1.0,1,4,3
2021-07-31,MRNA,-3.5,3,23,15
2021-08-07,MRNA,1.0,0,8,4
2021-08-14,MRNA,-1.5,0,3,2
2021-09-25,MRNA,-0.5,0,2,2
2021-10-02,MRNA,-2.5,2,6,3
2021-10-09,MRNA,0.5,0,1,1
2021-10-30,MRNA,3.25,0,7,5
2021-11-06,MRNA,0.25,0,11,6
2021-11-20,MRNA,1.0,0,2,2
2021-11-27,MRNA,0.0,0,3,2
2021-12-11,MRNA,-0.75,0,1,1
2021-12-25,MRNA,-3.25,0,5,1
2022-01-08,MRNA,0.0,1,3,2
2022-01-15,MRNA,-4.0,0,11,3
2022-01-22,MRNA,1.25,0,4,3
2022-02-05,MRNA,-1.0,0,4,2
2022-02-19,MRNA,-0.75,0,2,2
2022-03-19,MRNA,-1.5,0,9,5
2022-03-26,MRNA,0.5,0,1,1
2022-04-30,MRNA,-0.75,1,2,2
2022-06-11,MRNA,1.5,0,3,1
2022-08-27,MRNA,-1.25,0,2,2
2022-09-24,MRNA,0.5,0,2,1
2022-10-22,MRNA,-1.25,0,2,2
2022-12-17,MRNA,1.5,0,3,1
2023-03-25,MRNA,-1.0,0,2,2
2023-07-01,MRNA,0.0,0,1,1
2023-10-21,MRNA,-0.5,0,1,1
2024-02-10,MRNA,-0.25,0,1,1
2024-02-17,MRNA,0.0,0,1,1
2024-06-29,MRNA,0.0,0,1,1
2024-08-10,MRNA,-0.25,0,1,1
2024-08-31,MRNA,0.5,0,1,1
2024-09-21,MRNA,-0.5,0,1,1
2024-11-09,MRNA,-0.25,0,1,1
2024-12-28,MRNA,0.75,0,3,3
2025-01-04,MRNA,-0.5,0,1,1
2025-01-11,MRNA,-0.75,0,1,1
2025-01-25,MRNA,-0.5,0,1,1
2025-02-01,MRNA,-1.0,0,2,1
2025-02-08,MRNA,0.0,0,2,1
2025-02-15,MRNA,-2.25,2,5,3
2025-05-31,MRNA,-0.5,0,1,1
2025-08-02,MRNA,0.5,0,1,1
2025-12-27,MRNA,0.5,0,1,1
2026-01-03,MRNA,1.5,0,3,1
2026-05-23,MRNA,-4.5,3,10,2
2026-05-30,MRNA,-1.0,0,2,2
2017-12-30,MSFT,1.0,0,3,1
2018-01-06,MSFT,-2.5,0,9,6
2018-01-13,MSFT,-2.5,0,8,3
2018-01-20,MSFT,0.5,0,2,1
2018-01-27,MSFT,-0.75,0,5,4
2018-02-03,MSFT,0.0,0,3,2
2018-02-10,MSFT,0.0,0,4,3
2018-02-17,MSFT,-1.13,1,5,5
2018-02-24,MSFT,3.0,5,19,6
2018-03-03,MSFT,1.25,0,5,2
2018-03-10,MSFT,-0.38,0,7,5
2018-03-17,MSFT,-1.75,1,6,6
2018-03-24,MSFT,-1.0,0,2,2
2018-03-31,MSFT,-1.0,0,2,2
2018-04-07,MSFT,-0.5,0,1,1
2018-04-14,MSFT,1.25,0,6,6
2018-04-21,MSFT,-0.5,0,9,6
2018-04-28,MSFT,-1.5,0,4,4
2018-05-05,MSFT,0.0,0,2,2
2018-05-12,MSFT,-0.5,0,8,5
2018-05-19,MSFT,1.5,0,3,2
2018-05-26,MSFT,-3.5,0,10,6
2018-06-02,MSFT,-11.25,0,41,32
2018-06-09,MSFT,-2.5,1,5,2
2018-06-16,MSFT,1.75,0,6,4
2018-06-23,MSFT,-1.0,0,8,4
2018-06-30,MSFT,-0.5,0,1,1
2018-07-07,MSFT,-2.0,1,12,9
2018-07-14,MSFT,-4.75,1,16,12
2018-07-21,MSFT,0.0,0,12,8
2018-07-28,MSFT,-3.5,0,10,5
2018-08-04,MSFT,-0.5,0,1,1
2018-08-11,MSFT,-2.0,0,10,5
2018-08-18,MSFT,-1.88,0,8,6
2018-08-25,MSFT,-0.5,0,1,1
2018-09-01,MSFT,-1.0,0,6,3
2018-09-08,MSFT,-2.5,0,7,5
2018-09-15,MSFT,-1.5,0,10,8
2018-09-22,MSFT,2.5,0,6,5
2018-09-29,MSFT,-1.5,1,12,9
2018-10-06,MSFT,-2.25,0,9,6
2018-10-13,MSFT,-2.75,0,11,4
2018-10-20,MSFT,0.5,0,1,1
2018-10-27,MSFT,2.25,0,6,5
2018-11-03,MSFT,0.0,0,2,2
2018-11-10,MSFT,0.5,0,1,1
2018-11-17,MSFT,-4.25,0,11,9
2018-11-24,MSFT,-7.5,2,44,30
2018-12-01,MSFT,-1.5,0,4,4
2018-12-08,MSFT,-3.5,0,9,6
2018-12-15,MSFT,1.25,0,8,6
2018-12-22,MSFT,-0.3799999999999999,0,11,9
2018-12-29,MSFT,-2.5,1,26,16
2019-01-05,MSFT,-2.25,2,12,7
2019-01-12,MSFT,-1.5,0,6,5
2019-01-19,MSFT,-0.75,0,7,5
2019-01-26,MSFT,-2.5,0,7,6
2019-02-02,MSFT,-7.75,1,23,10
2019-02-09,MSFT,-0.5,1,2,1
2019-02-16,MSFT,-0.5,0,4,4
2019-02-23,MSFT,-2.75,0,5,3
2019-03-02,MSFT,-1.0,0,4,3
2019-03-09,MSFT,1.25,0,11,7
2019-03-16,MSFT,-1.0,0,3,3
2019-03-23,MSFT,-3.75,0,6,4
2019-03-30,MSFT,0.25,0,6,4
2019-04-13,MSFT,-3.0,0,8,5
2019-04-20,MSFT,0.5,0,16,13
2019-04-27,MSFT,-2.75,0,9,7
2019-05-04,MSFT,-3.5,0,13,10
2019-05-11,MSFT,0.75,0,2,2
2019-05-18,MSFT,2.5,0,4,2
2019-05-25,MSFT,-1.0,0,3,2
2019-06-01,MSFT,-2.5,0,6,5
2019-06-08,MSFT,-10.0,3,25,17
2019-06-15,MSFT,-3.87,1,21,17
2019-06-22,MSFT,-5.75,0,23,18
2019-06-29,MSFT,-1.0,0,2,2
2019-07-06,MSFT,-2.25,3,6,4
2019-07-13,MSFT,-6.5,1,46,33
2019-07-20,MSFT,-2.75,0,11,10
2019-07-27,MSFT,0.0,0,5,2
2019-08-03,MSFT,-2.0,0,4,3
2019-08-10,MSFT,-3.5,0,13,10
2019-08-17,MSFT,-5.0,0,13,9
2019-08-24,MSFT,-0.25,0,5,3
2019-08-31,MSFT,-0.5,0,3,2
2019-09-14,MSFT,2.75,0,6,3
2019-09-21,MSFT,-0.25,0,2,2
2019-09-28,MSFT,-1.75,0,4,1
2019-10-05,MSFT,-1.0,0,2,2
2019-10-12,MSFT,-2.75,0,5,2
2019-10-19,MSFT,-0.5,0,4,4
2019-10-26,MSFT,-0.5,0,16,13
2019-11-02,MSFT,0.0,0,1,1
2019-11-09,MSFT,-2.5,0,11,7
2019-11-16,MSFT,-6.0,5,25,18
2019-11-23,MSFT,-1.5,1,7,5
2019-11-30,MSFT,-0.5,0,1,1
2019-12-07,MSFT,-4.5,0,6,1
2019-12-14,MSFT,-1.63,1,7,6
2019-12-21,MSFT,-0.5,0,1,1
2019-12-28,MSFT,0.5,0,1,1
2020-01-04,MSFT,1.0,0,6,4
2020-01-11,MSFT,-1.75,0,8,5
2020-01-18,MSFT,-2.75,0,9,6
2020-01-25,MSFT,-0.5,0,9,8
2020-02-01,MSFT,-2.0,0,21,18
2020-02-08,MSFT,0.75,5,50,39
2020-02-15,MSFT,0.25,0,20,11
2020-02-22,MSFT,-2.5,1,12,10
2020-02-29,MSFT,-4.0,4,11,8
2020-03-07,MSFT,0.75,3,27,12
2020-03-14,MSFT,-3.0,0,15,9
2020-03-21,MSFT,-3.75,6,23,9
2020-03-28,MSFT,1.0,2,24,14
2020-04-04,MSFT,-4.25,0,14,8
2020-04-11,MSFT,-5.0,0,33,18
2020-04-18,MSFT,8.0,1,29,14
2020-04-25,MSFT,0.25,4,59,32
2020-05-02,MSFT,-1.0,2,38,26
2020-05-09,MSFT,0.0,0,9,6
2020-05-16,MSFT,-12.25,5,37,27
2020-05-23,MSFT,-36.88,3,142,92
2020-05-30,MSFT,-1.5,0,30,16
2020-06-06,MSFT,-4.0,0,16,11
2020-06-13,MSFT,-0.75,0,11,6
2020-06-20,MSFT,-9.75,1,64,51
2020-06-27,MSFT,-1.75,1,27,19
2020-07-04,MSFT,-2.0,0,19,13
2020-07-11,MSFT,-5.25,0,38,27
2020-07-18,MSFT,-10.75,2,52,42
2020-07-25,MSFT,-5.12,1,41,32
2020-08-01,MSFT,-30.01,10,136,91
2020-08-08,MSFT,-1.5,0,12,7
2020-08-15,MSFT,-7.0,0,18,13
2020-08-22,MSFT,-1.75,4,26,15
2020-08-29,MSFT,-5.25,5,27,21
2020-09-05,MSFT,-11.5,1,28,16
2020-09-12,MSFT,-5.25,6,47,27
2020-09-19,MSFT,-1.75,0,53,31
2020-09-26,MSFT,-7.0,1,18,13
2020-10-03,MSFT,-8.0,2,24,15
2020-10-10,MSFT,-2.0,2,6,4
2020-10-17,MSFT,-4.75,1,20,16
2020-10-24,MSFT,0.0,2,47,34
2020-10-31,MSFT,-2.75,3,11,7
2020-11-07,MSFT,3.5,0,20,13
2020-11-14,MSFT,-2.25,2,16,6
2020-11-21,MSFT,-1.75,0,8,7
2020-11-28,MSFT,-4.75,0,29,19
2020-12-05,MSFT,-2.75,0,7,6
2020-12-12,MSFT,-4.25,0,12,8
2020-12-19,MSFT,-4.75,0,14,12
2020-12-26,MSFT,-0.5,0,19,12
2021-01-02,MSFT,-5.0,0,15,6
2021-01-09,MSFT,1.5,0,7,7
2021-01-16,MSFT,-12.25,4,40,24
2021-01-23,MSFT,-0.5,0,55,30
2021-01-30,MSFT,-5.5,1,36,23
2021-02-06,MSFT,1.5,1,26,20
2021-02-13,MSFT,-3.0,2,19,13
2021-02-20,MSFT,-1.0,1,16,9
2021-02-27,MSFT,3.25,0,8,5
2021-03-06,MSFT,-1.5,0,20,13
2021-03-13,MSFT,0.5,0,10,4
2021-03-20,MSFT,-4.76,4,138,88
2021-03-27,MSFT,-3.75,1,27,15
2021-04-03,MSFT,0.0,0,6,6
2021-04-10,MSFT,-1.38,1,9,6
2021-04-17,MSFT,-0.75,0,10,7
2021-04-24,MSFT,-2.25,1,36,28
2021-05-01,MSFT,-3.25,1,10,5
2021-05-08,MSFT,-4.5,0,11,7
2021-05-15,MSFT,0.0,0,2,2
2021-05-22,MSFT,-3.0,0,7,3
2021-05-29,MSFT,1.0,0,6,5
2021-06-05,MSFT,-1.25,0,8,5
2021-06-12,MSFT,0.0,0,2,2
2021-06-19,MSFT,-2.5,0,7,6
2021-06-26,MSFT,-0.5,0,3,1
2021-07-03,MSFT,-3.12,2,10,7
2021-07-10,MSFT,4.0,1,16,8
2021-07-17,MSFT,-2.0,1,7,5
2021-07-24,MSFT,-2.0,0,11,8
2021-07-31,MSFT,-0.25,0,15,11
2021-08-07,MSFT,-0.5,0,1,1
2021-08-14,MSFT,-1.0,0,2,2
2021-08-21,MSFT,0.0,0,2,1
2021-08-28,MSFT,2.0,0,10,7
2021-09-04,MSFT,0.5,0,4,3
2021-09-25,MSFT,0.75,0,3,2
2021-10-02,MSFT,-0.5,0,1,1
2021-10-09,MSFT,1.0,1,4,2
2021-10-16,MSFT,-1.0,1,6,3
2021-10-23,MSFT,-2.38,2,10,5
2021-10-30,MSFT,-2.5,0,9,9
2021-11-06,MSFT,-0.5,0,1,1
2021-11-13,MSFT,-1.0,0,2,2
2021-11-20,MSFT,-1.0,0,3,1
2021-11-27,MSFT,-2.25,0,9,7
2021-12-04,MSFT,-2.5,0,7,7
2021-12-11,MSFT,-7.5,6,24,12
2021-12-18,MSFT,-1.0,2,5,3
2021-12-25,MSFT,-1.5,0,5,5
2022-01-01,MSFT,-4.25,2,34,22
2022-01-08,MSFT,2.0,0,8,6
2022-01-15,MSFT,-8.379999999999999,1,119,66
2022-01-22,MSFT,-4.5,1,30,19
2022-01-29,MSFT,0.25,0,8,7
2022-02-05,MSFT,0.0,0,13,11
2022-02-12,MSFT,-1.38,2,15,7
2022-02-19,MSFT,-2.0,0,9,6
2022-02-26,MSFT,-0.5,0,1,1
2022-03-05,MSFT,-2.75,0,5,3
2022-03-12,MSFT,-0.25,0,6,5
2022-03-19,MSFT,-3.0,0,7,6
2022-03-26,MSFT,-0.5,0,3,2
2022-04-02,MSFT,-4.5,0,7,1
2022-04-09,MSFT,1.0,0,8,6
2022-04-16,MSFT,2.25,0,7,4
2022-04-23,MSFT,-5.25,2,33,22
2022-04-30,MSFT,-8.0,0,14,7
2022-05-07,MSFT,-5.5,0,12,6
2022-05-14,MSFT,0.25,0,7,5
2022-05-21,MSFT,-0.5,0,1,1
2022-06-04,MSFT,0.12,0,3,2
2022-06-18,MSFT,-0.5,0,1,1
2022-06-25,MSFT,0.5,0,1,1
2022-07-02,MSFT,-0.5,0,1,1
2022-07-16,MSFT,-0.5,0,1,1
2022-07-23,MSFT,-1.25,0,16,9
2022-07-30,MSFT,-0.75,0,3,2
2022-08-06,MSFT,0.0,0,1,1
2022-08-13,MSFT,-1.0,0,2,2
2022-08-20,MSFT,1.0,0,5,4
2022-08-27,MSFT,-3.0,1,5,3
2022-09-10,MSFT,-4.5,0,14,9
2022-09-24,MSFT,-0.5,1,10,6
2022-10-01,MSFT,-0.5,0,6,5
2022-10-08,MSFT,-0.5,0,3,2
2022-10-15,MSFT,-2.5,0,8,7
2022-10-22,MSFT,-1.25,1,6,6
2022-10-29,MSFT,-1.0,0,2,2
2022-11-05,MSFT,-2.0,0,4,4
2022-11-12,MSFT,1.0,0,2,2
2022-11-19,MSFT,-2.25,0,4,2
2022-12-03,MSFT,1.5,0,5,2
2022-12-10,MSFT,-0.75,0,3,3
2022-12-17,MSFT,-0.75,0,3,1
2022-12-24,MSFT,1.25,0,7,6
2022-12-31,MSFT,0.75,0,7,5
2023-01-07,MSFT,0.0,0,3,3
2023-01-14,MSFT,-4.0,1,18,12
2023-01-21,MSFT,3.0,0,12,5
2023-01-28,MSFT,-4.25,0,8,3
2023-02-04,MSFT,-5.25,0,14,12
2023-02-11,MSFT,-7.0,0,14,9
2023-02-18,MSFT,-5.75,2,21,13
2023-02-25,MSFT,0.0,0,1,1
2023-03-04,MSFT,-2.5,3,8,4
2023-03-11,MSFT,-0.5,0,2,2
2023-03-18,MSFT,-0.5,0,1,1
2023-03-25,MSFT,0.0,0,1,1
2023-04-01,MSFT,0.5,0,2,1
2023-04-08,MSFT,-0.5,0,1,1
2023-04-15,MSFT,-1.75,0,3,1
2023-04-22,MSFT,-7.25,0,16,11
2023-04-29,MSFT,0.0,0,1,1
2023-05-06,MSFT,0.0,0,4,3
2023-05-27,MSFT,-0.5,0,1,1
2023-06-03,MSFT,-1.0,0,6,6
2023-06-10,MSFT,-1.0,0,10,6
2023-06-17,MSFT,-2.25,0,6,3
2023-06-24,MSFT,-1.0,1,2,1
2023-07-01,MSFT,-1.0,0,2,1
2023-07-08,MSFT,1.0,0,4,2
2023-07-15,MSFT,0.25,0,1,1
2023-07-22,MSFT,-2.25,0,5,3
2023-07-29,MSFT,-0.5,0,3,2
2023-08-05,MSFT,-1.5,0,3,1
2023-09-02,MSFT,0.0,0,2,1
2023-09-09,MSFT,-1.0,0,5,2
2023-09-16,MSFT,2.0,0,4,4
2023-09-23,MSFT,-0.25,0,1,1
2023-09-30,MSFT,-0.5,0,2,1
2023-10-07,MSFT,-0.5,0,7,4
2023-10-14,MSFT,-0.5,0,4,4
2023-10-21,MSFT,0.0,1,4,4
2023-10-28,MSFT,-1.5,0,3,2
2023-11-04,MSFT,-4.75,0,9,6
2023-11-11,MSFT,-0.25,0,3,3
2023-11-18,MSFT,-0.5,0,11,7
2023-11-25,MSFT,1.25,1,9,4
2023-12-02,MSFT,1.0,0,2,2
2023-12-09,MSFT,-1.0,0,2,1
2023-12-23,MSFT,0.5,0,12,7
2023-12-30,MSFT,-0.25,2,6,3
2024-01-06,MSFT,0.0,0,2,2
2024-01-13,MSFT,0.25,0,3,3
2024-01-20,MSFT,-2.0,1,12,9
2024-01-27,MSFT,-0.5,0,1,1
2024-02-03,MSFT,-1.0,1,4,3
2024-02-10,MSFT,0.1200000000000001,0,11,8
2024-02-17,MSFT,-2.5,0,8,7
2024-02-24,MSFT,3.75,0,12,11
2024-03-02,MSFT,0.75,0,17,11
2024-03-09,MSFT,-3.5,0,9,5
2024-03-16,MSFT,0.0,0,4,4
2024-03-23,MSFT,-2.5,1,5,2
2024-03-30,MSFT,-0.5,0,1,1
2024-04-06,MSFT,-1.5,0,6,4
2024-04-13,MSFT,-2.0,0,4,3
2024-04-20,MSFT,-0.25,0,4,3
2024-04-27,MSFT,-0.5,0,1,1
2024-05-04,MSFT,-2.75,0,9,3
2024-05-11,MSFT,-2.25,0,5,4
2024-05-18,MSFT,0.75,1,13,9
2024-05-25,MSFT,-0.5,0,1,1
2024-06-01,MSFT,-1.0,0,5,4
2024-06-08,MSFT,-2.5,0,11,6
2024-06-15,MSFT,2.5,0,5,3
2024-06-22,MSFT,-4.0,0,7,5
2024-06-29,MSFT,-0.75,0,8,7
2024-07-06,MSFT,0.0,0,2,1
2024-07-13,MSFT,-0.75,0,3,2
2024-07-20,MSFT,-6.5,1,17,12
2024-07-27,MSFT,-3.75,0,13,9
2024-08-03,MSFT,-1.0,0,2,2
2024-08-17,MSFT,-2.0,0,4,2
2024-08-24,MSFT,-1.5,0,3,2
2024-08-31,MSFT,0.5,0,1,1
2024-09-14,MSFT,-0.25,0,2,2
2024-09-21,MSFT,0.0,0,2,2
2024-09-28,MSFT,-1.75,0,3,1
2024-10-05,MSFT,-3.75,0,9,4
2024-10-12,MSFT,0.5,0,1,1
2024-10-19,MSFT,1.0,0,2,2
2024-10-26,MSFT,0.5,0,3,3
2024-11-02,MSFT,1.5,0,2,1
2024-11-09,MSFT,0.25,0,1,1
2024-11-16,MSFT,1.0,0,2,2
2024-11-23,MSFT,-2.75,1,7,3
2024-12-07,MSFT,-1.0,0,2,2
2024-12-14,MSFT,-5.25,0,10,5
2024-12-21,MSFT,-0.5,0,1,1
2024-12-28,MSFT,-5.75,0,14,9
2025-01-04,MSFT,-1.0,0,5,5
2025-01-11,MSFT,-3.25,0,6,4
2025-01-18,MSFT,0.5,0,1,1
2025-01-25,MSFT,-3.5,1,16,8
2025-02-01,MSFT,-3.5,0,7,4
2025-02-08,MSFT,-1.5,0,7,7
2025-02-15,MSFT,0.5,0,1,1
2025-02-22,MSFT,-3.0,1,10,8
2025-03-01,MSFT,-3.75,2,16,8
2025-03-08,MSFT,0.0,0,4,3
2025-03-22,MSFT,-3.5,3,8,5
2025-03-29,MSFT,-2.5,1,9,5
2025-04-05,MSFT,0.5,2,26,9
2025-04-12,MSFT,-1.0,0,4,4
2025-04-19,MSFT,0.5,0,1,1
2025-04-26,MSFT,-1.5,1,4,4
2025-05-03,MSFT,-11.0,0,21,10
2025-05-10,MSFT,-0.5,0,1,1
2025-05-17,MSFT,-5.0,1,15,11
2025-05-24,MSFT,-1.5,1,6,5
2025-05-31,MSFT,-1.0,0,3,2
2025-06-07,MSFT,0.0,0,2,1
2025-06-21,MSFT,-1.0,0,4,3
2025-06-28,MSFT,0.5,0,2,1
2025-07-05,MSFT,0.0,0,4,3
2025-07-12,MSFT,1.5,0,4,4
2025-07-19,MSFT,-0.25,0,6,4
2025-07-26,MSFT,-9.75,0,29,21
2025-08-02,MSFT,-6.5,1,18,11
2025-08-09,MSFT,-2.0,1,7,5
2025-08-16,MSFT,-0.25,0,3,2
2025-08-30,MSFT,2.25,0,9,7
2025-09-06,MSFT,-1.5,0,9,5
2025-09-13,MSFT,1.5,0,4,3
2025-09-20,MSFT,-0.5,0,1,1
2025-09-27,MSFT,-3.25,0,11,7
2025-10-04,MSFT,-3.88,2,10,8
2025-10-11,MSFT,-1.5,1,5,5
2025-10-18,MSFT,-2.5,3,14,5
2025-10-25,MSFT,-6.0,1,28,21
2025-11-01,MSFT,-2.5,0,7,6
2025-11-08,MSFT,-1.0,1,7,5
2025-11-15,MSFT,-2.0,1,8,6
2025-11-22,MSFT,3.0,0,6,3
2025-11-29,MSFT,-6.0,0,18,7
2025-12-06,MSFT,-0.75,1,4,4
2025-12-13,MSFT,-2.5,0,5,5
2025-12-20,MSFT,-1.0,0,5,4
2025-12-27,MSFT,-1.25,0,6,5
2026-01-03,MSFT,0.75,0,1,1
2026-01-10,MSFT,-5.0,0,16,10
2026-01-17,MSFT,-6.5,0,13,9
2026-01-24,MSFT,-4.75,3,25,17
2026-01-31,MSFT,-7.25,5,32,24
2026-02-07,MSFT,-8.5,3,24,13
2026-02-14,MSFT,-4.0,2,25,13
2026-02-21,MSFT,-1.5,1,15,7
2026-02-28,MSFT,-7.25,0,21,9
2026-03-07,MSFT,-4.0,5,14,3
2026-03-14,MSFT,-4.5,0,10,4
2026-03-21,MSFT,-1.75,2,8,6
2026-03-28,MSFT,0.0,0,8,3
2026-04-04,MSFT,-7.75,0,24,16
2026-04-11,MSFT,-5.25,0,19,10
2026-04-18,MSFT,0.0,0,5,4
2026-04-25,MSFT,-5.25,1,28,20
2026-05-02,MSFT,-1.0,0,5,5
2026-05-09,MSFT,-2.25,0,8,4
2026-05-16,MSFT,-3.5,0,8,7
2026-05-23,MSFT,-0.75,0,4,3
2026-05-30,MSFT,-2.5,0,5,4
2026-06-06,MSFT,-1.0,0,14,7
2026-06-13,MSFT,-2.25,1,41,31
2026-06-20,MSFT,-19.75,1,66,46
2026-06-27,MSFT,-1.63,2,25,12
2026-07-11,MSFT,-1.5,0,3,2
2017-12-30,NFLX,-13.129999999999999,8,41,31
2018-01-06,NFLX,0.75,0,4,3
2018-01-13,NFLX,-0.75,0,11,6
2018-01-20,NFLX,-11.25,4,60,36
2018-01-27,NFLX,-3.75,2,9,6
2018-02-03,NFLX,-3.75,0,13,10
2018-02-10,NFLX,-0.5,0,3,2
2018-02-17,NFLX,-0.5,3,12,7
2018-02-24,NFLX,-5.75,0,15,9
2018-03-03,NFLX,-0.25,3,36,27
2018-03-10,NFLX,-1.0,0,10,6
2018-03-24,NFLX,-3.25,1,16,9
2018-03-31,NFLX,-0.75,1,15,10
2018-04-07,NFLX,0.62,1,6,4
2018-04-14,NFLX,-4.25,1,16,9
2018-04-21,NFLX,-2.25,0,20,10
2018-04-28,NFLX,-9.25,0,24,15
2018-05-05,NFLX,-6.0,0,11,6
2018-05-12,NFLX,-2.5,1,14,7
2018-05-19,NFLX,-1.75,0,17,12
2018-05-26,NFLX,0.0,0,6,5
2018-06-02,NFLX,-21.63,8,68,38
2018-06-09,NFLX,-24.63,3,88,57
2018-06-16,NFLX,-7.75,0,54,32
2018-06-23,NFLX,-9.75,6,29,19
2018-06-30,NFLX,-1.0,0,13,7
2018-07-07,NFLX,-9.0,5,35,25
2018-07-14,NFLX,-9.5,0,71,48
2018-07-21,NFLX,-13.5,1,42,27
2018-07-28,NFLX,-9.629999999999999,0,46,23
2018-08-04,NFLX,-2.25,1,10,7
2018-08-11,NFLX,-1.5,0,8,6
2018-08-18,NFLX,-55.25,5,141,88
2018-08-25,NFLX,0.25,0,9,7
2018-09-01,NFLX,-1.0,1,4,3
2018-09-08,NFLX,-4.0,2,9,3
2018-09-15,NFLX,1.25,0,3,2
2018-09-22,NFLX,-0.5,0,1,1
2018-09-29,NFLX,-0.25,0,13,7
2018-10-06,NFLX,1.0,2,13,6
2018-10-13,NFLX,-25.5,11,127,79
2018-10-20,NFLX,-8.75,2,56,40
2018-10-27,NFLX,-3.0,1,14,10
2018-11-03,NFLX,-1.0,0,7,5
2018-11-10,NFLX,-3.0,0,7,5
2018-11-17,NFLX,-2.5,0,5,3
2018-11-24,NFLX,-1.0,0,9,7
2018-12-01,NFLX,-1.0,1,11,8
2018-12-08,NFLX,-0.25,0,3,3
2018-12-15,NFLX,-0.75,0,5,5
2018-12-22,NFLX,-2.0,0,14,10
2018-12-29,NFLX,-3.25,1,6,2
2019-01-05,NFLX,1.75,0,12,8
2019-01-12,NFLX,-27.38,2,112,77
2019-01-19,NFLX,-23.13,1,64,39
2019-01-26,NFLX,-2.5,0,5,4
2019-02-02,NFLX,-2.5,0,8,6
2019-02-09,NFLX,-3.75,1,7,6
2019-02-16,NFLX,-3.75,1,19,14
2019-02-23,NFLX,-2.0,0,10,6
2019-03-02,NFLX,-1.75,0,3,2
2019-03-09,NFLX,-0.5,0,9,5
2019-03-16,NFLX,-11.0,1,26,18
2019-03-23,NFLX,-2.0,0,15,8
2019-03-30,NFLX,-1.0,1,5,5
2019-04-06,NFLX,-7.25,1,41,25
2019-04-13,NFLX,-12.0,4,46,33
2019-04-20,NFLX,-19.75,1,60,40
2019-04-27,NFLX,0.0,0,5,3
2019-05-04,NFLX,-1.5,0,10,5
2019-05-11,NFLX,-6.75,1,17,10
2019-05-25,NFLX,-1.0,0,9,3
2019-06-01,NFLX,1.25,2,7,4
2019-06-08,NFLX,-1.0,0,4,2
2019-06-15,NFLX,-5.25,1,14,6
2019-06-22,NFLX,-1.75,0,4,4
2019-06-29,NFLX,-7.0,0,49,33
2019-07-06,NFLX,-0.5,0,1,1
2019-07-13,NFLX,-43.129999999999995,5,122,74
2019-07-20,NFLX,-3.25,1,8,6
2019-07-27,NFLX,0.5,0,6,6
2019-08-03,NFLX,-28.5,2,88,62
2019-08-10,NFLX,-1.75,0,8,5
2019-08-17,NFLX,-4.75,0,12,10
2019-08-24,NFLX,-4.63,1,19,11
2019-08-31,NFLX,-4.75,0,8,4
2019-09-07,NFLX,-8.0,0,24,14
2019-09-14,NFLX,-3.38,0,18,14
2019-09-21,NFLX,-4.38,2,15,9
2019-09-28,NFLX,-12.0,1,31,24
2019-10-05,NFLX,-2.0,0,11,10
2019-10-12,NFLX,-1.5,1,37,28
2019-10-19,NFLX,-8.0,0,22,14
2019-10-26,NFLX,-2.5,0,4,2
2019-11-02,NFLX,-5.5,1,11,7
2019-11-09,NFLX,-32.75,3,95,64
2019-11-16,NFLX,-6.0,0,13,12
2019-11-23,NFLX,-3.13,0,12,7
2019-11-30,NFLX,-2.25,0,6,4
2019-12-07,NFLX,-10.5,2,48,36
2019-12-14,NFLX,-0.5,0,2,2
2019-12-21,NFLX,-1.5,0,10,4
2019-12-28,NFLX,0.0,0,8,3
2020-01-04,NFLX,-2.5,0,6,3
2020-01-11,NFLX,-0.5,0,4,4
2020-01-18,NFLX,-0.75,0,7,5
2020-01-25,NFLX,0.0,0,4,3
2020-02-01,NFLX,1.0,0,10,5
2020-02-08,NFLX,-2.25,0,4,2
2020-02-15,NFLX,0.75,0,9,5
2020-02-22,NFLX,-5.0,2,26,17
2020-02-29,NFLX,-0.25,3,15,10
2020-03-07,NFLX,-1.75,0,22,13
2020-03-14,NFLX,-8.629999999999999,2,27,18
2020-03-21,NFLX,-5.5,1,19,12
2020-03-28,NFLX,-8.0,0,25,16
2020-04-04,NFLX,-2.5,0,9,6
2020-04-11,NFLX,-5.75,0,28,23
2020-04-18,NFLX,-10.0,2,44,38
2020-04-25,NFLX,-2.5,0,33,23
2020-05-02,NFLX,-4.25,0,15,13
2020-05-09,NFLX,-4.75,1,19,14
2020-05-16,NFLX,-1.75,1,14,11
2020-05-23,NFLX,0.0,0,14,8
2020-05-30,NFLX,-2.25,3,11,6
2020-06-06,NFLX,-4.25,0,10,9
2020-06-13,NFLX,-1.75,0,21,12
2020-06-20,NFLX,-4.5,1,37,27
2020-06-27,NFLX,0.0,0,5,4
2020-07-04,NFLX,-2.25,0,9,7
2020-07-11,NFLX,-5.0,1,49,31
2020-07-18,NFLX,0.0,0,6,6
2020-07-25,NFLX,-6.5,0,20,15
2020-08-01,NFLX,-1.25,0,27,16
2020-08-08,NFLX,-2.0,0,8,4
2020-08-15,NFLX,1.5,0,11,6
2020-08-22,NFLX,-2.0,0,7,4
2020-08-29,NFLX,-2.75,1,8,4
2020-09-05,NFLX,-3.75,2,16,11
2020-09-12,NFLX,0.75,0,11,7
2020-09-19,NFLX,-8.75,1,39,21
2020-09-26,NFLX,-1.0,0,6,4
2020-10-03,NFLX,-8.0,2,28,17
2020-10-10,NFLX,-1.75,2,10,5
2020-10-17,NFLX,-0.75,0,20,12
2020-10-24,NFLX,-6.75,0,21,9
2020-10-31,NFLX,-1.5,0,4,3
2020-11-07,NFLX,-2.0,1,8,6
2020-11-14,NFLX,-2.25,3,6,3
2020-11-21,NFLX,-2.25,0,4,3
2020-11-28,NFLX,3.0,0,14,6
2020-12-05,NFLX,3.25,0,15,12
2020-12-12,NFLX,-1.75,0,10,8
2020-12-19,NFLX,-1.5,0,7,6
2020-12-26,NFLX,-3.0,0,11,7
2021-01-02,NFLX,-2.25,1,9,7
2021-01-09,NFLX,-1.0,0,5,5
2021-01-16,NFLX,-3.25,0,11,9
2021-01-23,NFLX,0.75,0,12,11
2021-01-30,NFLX,-1.75,0,26,15
2021-02-06,NFLX,-2.75,1,14,8
2021-02-13,NFLX,-1.25,1,28,15
2021-02-20,NFLX,-0.5,0,15,7
2021-02-27,NFLX,-1.75,0,9,7
2021-03-06,NFLX,-2.63,1,42,25
2021-03-13,NFLX,-1.5,0,10,6
2021-03-20,NFLX,-0.25,0,3,3
2021-03-27,NFLX,-6.5,1,32,26
2021-04-03,NFLX,-1.5,0,4,4
2021-04-10,NFLX,-1.5,0,3,1
2021-04-17,NFLX,-22.0,1,83,60
2021-04-24,NFLX,-2.25,0,10,6
2021-05-01,NFLX,-0.5,0,1,1
2021-05-08,NFLX,-2.75,0,6,6
2021-05-15,NFLX,-3.5,0,8,3
2021-05-22,NFLX,-11.99,1,49,39
2021-05-29,NFLX,0.5,0,5,2
2021-06-05,NFLX,-3.37,1,15,12
2021-06-12,NFLX,0.75,0,2,2
2021-06-19,NFLX,-3.63,1,16,14
2021-06-26,NFLX,-2.75,0,10,9
2021-07-03,NFLX,0.0,0,6,4
2021-07-10,NFLX,1.0,0,3,2
2021-07-17,NFLX,0.0,0,2,1
2021-07-24,NFLX,-1.0,0,2,1
2021-07-31,NFLX,-13.629999999999999,0,30,18
2021-08-07,NFLX,-0.5,0,4,3
2021-08-28,NFLX,-0.5,0,1,1
2021-09-11,NFLX,-1.5,0,2,1
2021-09-18,NFLX,0.5,0,1,1
2021-09-25,NFLX,-1.25,0,4,2
2021-10-02,NFLX,-1.0,0,2,2
2021-10-09,NFLX,0.5,0,8,5
2021-10-16,NFLX,-0.5,0,1,1
2021-10-23,NFLX,0.0,0,1,1
2021-10-30,NFLX,-1.5,1,7,3
2021-11-06,NFLX,-1.0,1,2,2
2021-11-13,NFLX,-5.75,0,12,6
2021-11-20,NFLX,-2.5,0,10,4
2021-11-27,NFLX,-0.5,0,1,1
2021-12-04,NFLX,-2.5,1,6,4
2021-12-11,NFLX,-0.75,0,3,3
2021-12-18,NFLX,1.5,0,5,2
2022-01-01,NFLX,-0.5,0,1,1
2022-01-08,NFLX,-1.0,0,2,1
2022-01-15,NFLX,-39.0,4,115,78
2022-01-22,NFLX,-18.13,0,72,48
2022-01-29,NFLX,-9.25,0,40,24
2022-02-05,NFLX,-14.75,1,36,23
2022-02-12,NFLX,-2.75,0,4,2
2022-02-19,NFLX,-2.0,0,12,7
2022-02-26,NFLX,-0.5,0,1,1
2022-03-05,NFLX,0.0,0,2,2
2022-03-12,NFLX,-0.25,0,5,3
2022-03-19,NFLX,-0.5,0,1,1
2022-03-26,NFLX,1.5,0,5,3
2022-04-02,NFLX,-0.5,0,1,1
2022-04-16,NFLX,-42.38,5,148,91
2022-04-23,NFLX,-4.5,0,36,26
2022-04-30,NFLX,-3.0,0,9,5
2022-05-07,NFLX,-1.0,2,20,13
2022-05-14,NFLX,1.75,1,11,5
2022-05-21,NFLX,-3.75,0,12,7
2022-05-28,NFLX,-3.25,0,8,7
2022-06-04,NFLX,-5.5,0,11,4
2022-06-11,NFLX,-1.75,2,10,5
2022-06-25,NFLX,-1.0,0,2,1
2022-07-02,NFLX,-5.13,0,10,8
2022-07-09,NFLX,-1.75,0,8,7
2022-07-16,NFLX,-17.25,1,52,34
2022-07-23,NFLX,-3.75,0,7,5
2022-07-30,NFLX,-2.0,0,6,3
2022-08-06,NFLX,-1.75,0,5,2
2022-08-27,NFLX,-0.75,0,4,2
2022-09-03,NFLX,-0.5,0,1,1
2022-09-17,NFLX,0.0,0,1,1
2022-10-01,NFLX,-0.5,0,3,2
2022-10-08,NFLX,-7.25,0,12,4
2022-10-15,NFLX,-0.75,0,3,3
2022-10-22,NFLX,-1.75,1,7,4
2022-11-05,NFLX,-0.5,0,1,1
2022-11-12,NFLX,-2.0,0,4,2
2022-11-19,NFLX,-1.0,0,2,1
2022-12-03,NFLX,-0.5,0,1,1
2022-12-10,NFLX,-1.5,0,3,1
2022-12-24,NFLX,-0.5,0,1,1
2023-01-07,NFLX,-2.0,0,7,5
2023-01-14,NFLX,-1.75,1,8,4
2023-01-21,NFLX,-1.5,0,3,2
2023-01-28,NFLX,-2.0,0,4,3
2023-02-04,NFLX,-0.75,0,2,2
2023-02-11,NFLX,-1.0,1,2,1
2023-02-18,NFLX,-4.5,0,8,2
2023-02-25,NFLX,-0.25,0,1,1
2023-03-25,NFLX,-4.5,0,12,5
2023-04-01,NFLX,-1.0,0,2,1
2023-04-08,NFLX,-1.5,0,3,1
2023-04-15,NFLX,-1.25,0,2,1
2023-05-06,NFLX,-1.0,0,5,4
2023-05-20,NFLX,1.0,0,2,1
2023-06-10,NFLX,-0.75,0,2,2
2023-06-24,NFLX,-0.5,0,1,1
2023-07-08,NFLX,-2.5,0,5,3
2023-07-15,NFLX,0.0,0,1,1
2023-07-22,NFLX,-0.5,0,1,1
2023-07-29,NFLX,-0.5,0,1,1
2023-08-12,NFLX,0.0,0,1,1
2023-08-19,NFLX,0.0,0,2,2
2023-09-02,NFLX,-0.5,0,1,1
2023-09-09,NFLX,-0.5,0,1,1
2023-09-16,NFLX,-0.5,0,1,1
2023-09-23,NFLX,-2.0,0,4,3
2023-09-30,NFLX,-0.5,0,1,1
2023-10-07,NFLX,-1.0,0,2,1
2023-10-14,NFLX,-1.25,0,2,2
2023-11-25,NFLX,-1.0,0,3,3
2023-12-23,NFLX,-0.5,0,3,2
2023-12-30,NFLX,-0.5,0,1,1
2024-01-13,NFLX,0.25,0,6,3
2024-01-20,NFLX,-2.0,1,8,4
2024-01-27,NFLX,-0.5,0,1,1
2024-02-10,NFLX,-2.0,0,12,6
2024-02-17,NFLX,-1.5,0,5,3
2024-02-24,NFLX,-0.5,0,3,1
2024-03-02,NFLX,-0.75,0,1,1
2024-03-09,NFLX,0.0,1,2,2
2024-03-16,NFLX,-0.5,0,4,4
2024-03-23,NFLX,-1.5,0,8,7
2024-03-30,NFLX,-1.5,0,2,1
2024-04-06,NFLX,-0.25,0,1,1
2024-04-20,NFLX,-0.5,0,1,1
2024-04-27,NFLX,1.0,0,2,1
2024-05-11,NFLX,-2.13,0,7,6
2024-05-25,NFLX,-0.5,0,1,1
2024-06-22,NFLX,-0.5,0,1,1
2024-06-29,NFLX,-1.75,0,5,4
2024-07-06,NFLX,-0.5,0,1,1
2024-07-13,NFLX,0.5,0,1,1
2024-07-20,NFLX,0.5,0,1,1
2024-07-27,NFLX,0.5,0,1,1
2024-08-17,NFLX,0.5,0,1,1
2024-08-31,NFLX,-0.5,0,1,1
2024-09-07,NFLX,-3.75,0,7,5
2024-09-21,NFLX,-0.25,0,1,1
2024-10-26,NFLX,-2.0,0,4,3
2024-11-23,NFLX,-1.5,1,3,2
2024-11-30,NFLX,-0.5,0,1,1
2024-12-07,NFLX,-0.5,0,1,1
2024-12-14,NFLX,0.5,0,1,1
2024-12-28,NFLX,-1.5,1,13,8
2025-01-04,NFLX,0.5,0,1,1
2025-01-11,NFLX,-1.5,0,7,6
2025-01-18,NFLX,-0.5,0,1,1
2025-02-01,NFLX,-0.75,1,3,1
2025-02-08,NFLX,-3.75,0,7,1
2025-02-22,NFLX,1.25,0,4,2
2025-03-01,NFLX,-5.0,0,13,4
2025-03-08,NFLX,-4.75,0,10,4
2025-03-15,NFLX,-1.0,1,5,3
2025-03-29,NFLX,-0.5,0,1,1
2025-04-05,NFLX,-4.25,1,13,5
2025-04-12,NFLX,-2.75,0,6,5
2025-04-19,NFLX,-1.5,0,3,2
2025-04-26,NFLX,0.5,0,3,2
2025-05-03,NFLX,-20.63,2,42,30
2025-05-17,NFLX,0.5,0,2,2
2025-05-24,NFLX,0.0,0,2,2
2025-05-31,NFLX,1.0,0,4,1
2025-06-07,NFLX,0.5,0,1,1
2025-06-14,NFLX,-1.0,0,6,5
2025-06-21,NFLX,-3.25,2,8,4
2025-06-28,NFLX,0.75,0,3,2
2025-07-05,NFLX,0.5,0,1,1
2025-07-12,NFLX,-2.0,0,7,3
2025-07-19,NFLX,-0.25,2,11,7
2025-07-26,NFLX,0.5,0,1,1
2025-08-02,NFLX,-0.75,0,4,4
2025-08-09,NFLX,1.0,0,4,3
2025-08-30,NFLX,-1.0,0,2,2
2025-09-06,NFLX,-0.5,0,2,1
2025-09-13,NFLX,-2.0,2,4,1
2025-09-20,NFLX,-0.5,0,3,2
2025-09-27,NFLX,0.0,0,1,1
2025-10-04,NFLX,-1.0,0,2,2
2025-10-11,NFLX,-1.5,1,4,2
2025-10-18,NFLX,0.0,0,2,1
2025-10-25,NFLX,0.0,0,2,2
2025-11-08,NFLX,-1.0,0,2,1
2025-11-15,NFLX,-2.0,0,5,3
2025-11-29,NFLX,-8.129999999999999,0,24,17
2025-12-06,NFLX,-3.88,2,40,32
2025-12-13,NFLX,-7.13,1,25,15
2025-12-20,NFLX,-1.5,1,5,3
2026-01-03,NFLX,-0.5,0,6,3
2026-01-10,NFLX,0.0,0,3,3
2026-01-17,NFLX,-3.63,2,14,8
2026-01-24,NFLX,-0.5,0,1,1
2026-01-31,NFLX,6.5,0,14,5
2026-02-07,NFLX,0.5,0,1,1
2026-02-14,NFLX,-1.0,0,2,2
2026-02-28,NFLX,0.0,0,1,1
2026-03-07,NFLX,-3.75,0,8,3
2026-03-14,NFLX,-0.5,0,2,2
2026-03-21,NFLX,-0.5,0,1,1
2026-03-28,NFLX,0.5,0,1,1
2026-04-04,NFLX,0.0,0,4,2
2026-04-11,NFLX,-1.0,1,6,4
2026-04-18,NFLX,0.0,0,1,1
2026-04-25,NFLX,-0.5,0,1,1
2026-05-09,NFLX,-0.5,0,1,1
2026-05-23,NFLX,-0.75,0,2,2
2026-05-30,NFLX,1.0,0,2,1
2026-06-06,NFLX,-0.25,0,2,2
2026-06-13,NFLX,-2.0,0,3,1
2026-06-20,NFLX,1.5,0,17,14
2018-06-23,NIO,0.0,0,1,1
2018-08-25,NIO,-1.0,0,2,2
2018-09-08,NIO,-0.75,0,4,4
2018-09-15,NIO,0.0,0,4,4
2018-09-22,NIO,-1.0,1,7,5
2018-10-13,NIO,0.5,0,1,1
2018-11-03,NIO,-0.5,0,1,1
2018-11-17,NIO,1.0,0,2,1
2018-12-01,NIO,0.5,0,1,1
2018-12-08,NIO,-0.5,0,1,1
2018-12-29,NIO,-0.5,0,1,1
2019-01-12,NIO,-1.0,2,2,1
2019-01-19,NIO,-0.5,0,1,1
2019-02-09,NIO,-0.5,2,3,1
2019-03-02,NIO,-1.0,0,2,2
2019-03-09,NIO,-1.0,0,4,4
2019-03-16,NIO,-1.0,0,3,3
2019-03-23,NIO,0.5,0,3,2
2019-03-30,NIO,-5.5,0,15,7
2019-04-13,NIO,-8.25,2,18,7
2019-05-04,NIO,-0.5,0,4,4
2019-05-18,NIO,1.5,0,3,2
2019-06-08,NIO,0.0,0,10,6
2019-06-22,NIO,0.0,0,4,3
2019-06-29,NIO,0.5,0,1,1
2019-07-06,NIO,0.0,0,3,3
2019-07-20,NIO,1.0,0,2,2
2019-07-27,NIO,-0.5,2,2,1
2019-08-10,NIO,-1.5,0,2,1
2019-08-24,NIO,-1.0,0,2,1
2019-08-31,NIO,-1.25,0,2,2
2019-09-07,NIO,0.5,0,1,1
2019-09-21,NIO,-0.75,0,5,2
2019-09-28,NIO,-3.75,0,11,7
2019-10-05,NIO,0.0,0,5,2
2019-10-12,NIO,0.75,0,1,1
2019-10-26,NIO,-0.5,1,1,1
2019-11-02,NIO,-0.5,0,1,1
2019-11-09,NIO,-1.0,1,6,3
2019-12-14,NIO,-0.25,0,1,1
2019-12-21,NIO,-0.5,0,1,1
2019-12-28,NIO,-0.5,0,2,1
2020-01-04,NIO,-1.5,2,3,1
2020-01-18,NIO,0.0,0,4,2
2020-01-25,NIO,-0.25,0,4,4
2020-02-01,NIO,-0.5,0,1,1
2020-02-08,NIO,1.5,0,3,1
2020-02-15,NIO,-3.75,0,14,9
2020-02-22,NIO,-2.0,2,7,3
2020-03-07,NIO,1.5,1,5,2
2020-03-14,NIO,1.25,0,7,4
2020-04-11,NIO,0.5,0,1,1
2020-04-25,NIO,-5.5,5,10,4
2020-05-02,NIO,-0.5,0,1,1
2020-05-09,NIO,-1.0,0,3,1
2020-05-23,NIO,0.5,0,1,1
2020-05-30,NIO,-4.75,10,16,6
2020-06-06,NIO,0.0,0,1,1
2020-06-13,NIO,0.5,0,2,2
2020-06-20,NIO,0.25,1,12,8
2020-06-27,NIO,6.0,0,13,6
2020-07-04,NIO,-2.75,2,65,40
2020-07-11,NIO,-8.5,3,25,16
2020-07-18,NIO,-4.25,0,11,6
2020-07-25,NIO,1.0,0,7,4
2020-08-01,NIO,-2.75,0,10,6
2020-08-08,NIO,-0.25,2,20,14
2020-08-15,NIO,-2.5,2,8,5
2020-08-22,NIO,0.25,2,6,5
2020-08-29,NIO,-1.75,2,14,10
2020-09-05,NIO,3.25,0,10,5
2020-09-12,NIO,-0.75,1,8,6
2020-09-19,NIO,0.75,4,22,13
2020-09-26,NIO,0.5,1,29,17
2020-10-03,NIO,-3.0,3,31,18
2020-10-10,NIO,8.25,2,53,31
2020-10-17,NIO,4.0,2,36,26
2020-10-24,NIO,3.5,2,42,29
2020-10-31,NIO,-0.5,6,65,47
2020-11-07,NIO,-10.129999999999999,19,155,86
2020-11-14,NIO,-10.5,17,170,94
2020-11-21,NIO,-4.26,8,95,56
2020-11-28,NIO,1.2400000000000002,1,73,41
2020-12-05,NIO,1.62,4,40,21
2020-12-12,NIO,-3.75,1,26,14
2020-12-19,NIO,-4.5,7,52,29
2020-12-26,NIO,-4.75,1,30,21
2021-01-02,NIO,-6.369999999999999,3,61,40
2021-01-09,NIO,12.62,8,122,73
2021-01-16,NIO,-7.63,3,32,18
2021-01-23,NIO,2.0,2,43,24
2021-01-30,NIO,7.13,1,31,20
2021-02-06,NIO,1.25,1,31,20
2021-02-13,NIO,1.0,2,23,17
2021-02-20,NIO,-8.75,13,45,26
2021-02-27,NIO,-14.5,10,46,21
2021-03-06,NIO,5.75,0,27,17
2021-03-13,NIO,-7.25,2,22,13
2021-03-20,NIO,-5.0,2,28,20
2021-03-27,NIO,-1.5,2,21,16
2021-04-03,NIO,-0.5,0,3,3
2021-04-10,NIO,1.5,1,10,5
2021-04-17,NIO,0.0,0,11,8
2021-04-24,NIO,-0.5,0,15,10
2021-05-01,NIO,-2.0,1,11,7
2021-05-08,NIO,1.25,1,11,6
2021-05-15,NIO,-2.0,1,4,2
2021-05-29,NIO,-1.0,0,2,2
2021-06-05,NIO,0.5,3,12,7
2021-06-12,NIO,-2.5,0,5,2
2021-06-19,NIO,-2.5,2,6,3
2021-06-26,NIO,-0.75,0,4,2
2021-07-03,NIO,-0.75,1,16,10
2021-07-10,NIO,1.0,0,2,1
2021-07-17,NIO,0.6200000000000001,1,9,4
2021-07-24,NIO,1.0,0,4,2
2021-07-31,NIO,-2.25,2,16,9
2021-08-07,NIO,-1.0,1,4,2
2021-08-21,NIO,0.38,0,1,1
2021-08-28,NIO,1.5,0,4,3
2021-09-04,NIO,1.0,0,2,2
2021-09-18,NIO,0.5,0,7,6
2021-09-25,NIO,0.75,1,5,2
2021-10-02,NIO,1.0,0,2,1
2021-10-09,NIO,-0.5,1,3,1
2021-10-23,NIO,0.5,0,1,1
2021-10-30,NIO,-1.5,0,14,11
2021-11-06,NIO,-2.75,0,7,3
2021-11-13,NIO,-0.5,0,1,1
2021-11-20,NIO,1.75,1,5,4
2021-11-27,NIO,-0.5,0,6,3
2021-12-04,NIO,1.25,0,6,3
2021-12-11,NIO,-1.0,0,4,1
2021-12-18,NIO,-0.5,1,1,1
2022-01-01,NIO,2.75,1,15,9
2022-01-08,NIO,0.0,2,7,3
2022-01-15,NIO,-1.5,1,6,3
2022-01-22,NIO,0.0,2,5,3
2022-01-29,NIO,0.5,0,1,1
2022-02-12,NIO,-0.5,0,3,1
2022-02-19,NIO,-0.5,1,5,2
2022-03-12,NIO,0.37,1,10,9
2022-03-19,NIO,-0.5,0,1,1
2022-03-26,NIO,0.0,0,4,3
2022-04-16,NIO,0.0,0,1,1
2022-04-30,NIO,-1.5,0,3,1
2022-05-07,NIO,2.0,0,3,2
2022-05-21,NIO,-0.5,0,1,1
2022-06-18,NIO,0.5,1,3,1
2022-07-09,NIO,0.5,0,1,1
2022-07-23,NIO,0.5,0,1,1
2022-07-30,NIO,-0.5,1,1,1
2022-10-15,NIO,-0.25,0,2,1
2022-10-22,NIO,0.5,1,4,3
2022-11-19,NIO,1.5,0,3,2
2022-12-03,NIO,0.5,0,3,2
2022-12-24,NIO,0.0,0,1,1
2022-12-31,NIO,-0.5,0,1,1
2023-01-14,NIO,0.25,0,1,1
2023-02-18,NIO,0.5,0,1,1
2023-03-04,NIO,-0.5,0,1,1
2023-04-08,NIO,0.5,0,1,1
2023-05-20,NIO,-0.5,0,1,1
2023-08-19,NIO,-1.0,0,4,3
2023-09-16,NIO,0.0,0,2,2
2023-09-23,NIO,-0.5,0,2,1
2023-09-30,NIO,-0.5,0,1,1
2023-10-07,NIO,-1.75,4,5,1
2023-11-18,NIO,-1.75,2,3,1
2023-12-02,NIO,0.0,0,4,3
2023-12-23,NIO,-0.5,1,3,3
2023-12-30,NIO,-0.5,0,1,1
2024-01-06,NIO,1.0,0,2,2
2024-01-20,NIO,-1.0,0,2,2
2024-01-27,NIO,-1.5,1,3,1
2024-02-03,NIO,-3.0,1,10,7
2024-02-10,NIO,-8.0,1,17,8
2024-02-24,NIO,-1.0,2,6,3
2024-03-02,NIO,-2.0,0,4,2
2024-03-16,NIO,0.0,0,1,1
2024-04-06,NIO,-2.0,2,4,2
2024-04-20,NIO,0.5,0,1,1
2024-06-29,NIO,2.0,1,6,2
2024-07-20,NIO,-0.75,0,1,1
2024-08-17,NIO,-0.5,0,1,1
2024-09-28,NIO,-0.5,1,3,2
2024-10-05,NIO,1.0,0,2,1
2024-11-16,NIO,-0.5,0,1,1
2024-12-21,NIO,1.0,0,2,1
2025-01-04,NIO,-0.5,0,1,1
2025-02-01,NIO,-0.5,0,4,2
2025-02-08,NIO,1.25,0,6,5
2025-02-15,NIO,-1.0,0,2,2
2025-03-08,NIO,-1.75,0,4,2
2025-03-15,NIO,1.0,0,3,1
2025-03-29,NIO,-0.25,0,3,1
2025-04-19,NIO,-0.5,0,1,1
2025-05-31,NIO,-4.5,0,11,8
2025-07-12,NIO,0.5,0,1,1
2025-07-19,NIO,0.0,0,2,2
2025-07-26,NIO,0.62,0,1,1
2025-08-02,NIO,0.75,0,1,1
2025-08-09,NIO,-0.5,1,5,2
2025-08-16,NIO,-0.5,0,1,1
2025-08-30,NIO,2.0,0,6,2
2025-09-20,NIO,-0.5,0,3,3
2025-09-27,NIO,-0.5,0,8,7
2025-10-11,NIO,0.0,0,1,1
2025-10-18,NIO,-3.5,3,8,3
2025-11-29,NIO,-1.0,0,2,1
2026-02-07,NIO,0.0,0,16,13
2026-02-14,NIO,-2.5,0,4,2
2026-03-07,NIO,1.0,0,2,1
2026-03-21,NIO,1.25,0,3,1
2026-05-30,NIO,0.5,0,1,1
2026-06-27,NIO,0.75,0,3,1
2026-07-04,NIO,-2.75,0,18,10
2026-07-11,NIO,0.0,0,1,1
2018-01-06,NKE,-0.5,0,1,1
2018-01-27,NKE,-1.0,0,2,1
2018-02-10,NKE,0.0,0,2,1
2018-02-17,NKE,-0.25,0,1,1
2018-03-24,NKE,-0.25,0,1,1
2018-04-07,NKE,-1.25,1,2,1
2018-05-05,NKE,0.5,0,1,1
2018-05-12,NKE,-0.5,0,1,1
2018-05-19,NKE,-1.0,0,2,1
2018-06-02,NKE,-0.5,0,1,1
2018-06-16,NKE,0.0,0,1,1
2018-06-23,NKE,2.0,0,5,3
2018-06-30,NKE,-0.5,0,3,2
2018-07-07,NKE,-1.0,0,2,1
2018-09-01,NKE,-22.38,2,60,39
2018-09-08,NKE,-68.13,1,148,87
2018-09-15,NKE,-0.75,4,6,1
2018-09-22,NKE,-0.75,0,1,1
2018-10-20,NKE,0.0,1,2,1
2018-11-10,NKE,0.75,0,5,3
2018-12-08,NKE,-0.5,0,1,1
2019-01-05,NKE,-0.5,0,1,1
2019-02-09,NKE,-0.75,0,1,1
2019-02-16,NKE,-32.5,1,86,66
2019-03-02,NKE,0.0,0,3,3
2019-03-09,NKE,-0.5,0,1,1
2019-03-16,NKE,0.0,0,3,3
2019-03-30,NKE,-0.25,0,3,3
2019-04-06,NKE,-3.5,1,11,10
2019-04-20,NKE,-2.0,0,4,2
2019-05-04,NKE,0.5,0,1,1
2019-05-18,NKE,-1.5,0,4,2
2019-05-25,NKE,-0.5,0,5,4
2019-06-15,NKE,-1.0,0,2,2
2019-08-03,NKE,0.0,0,2,1
2019-08-17,NKE,3.25,0,9,5
2019-08-24,NKE,-0.5,0,1,1
2019-09-14,NKE,-0.5,0,1,1
2019-09-28,NKE,0.25,0,1,1
2019-10-05,NKE,-2.25,0,3,1
2019-10-12,NKE,-0.5,0,1,1
2019-10-26,NKE,-0.25,0,1,1
2019-11-02,NKE,-6.0,0,16,13
2019-11-09,NKE,-1.5,0,5,5
2019-11-16,NKE,0.0,0,1,1
2019-12-14,NKE,1.0,0,2,1
2019-12-21,NKE,0.0,0,2,2
2019-12-28,NKE,-1.0,0,3,2
2020-01-04,NKE,-1.5,0,3,1
2020-01-25,NKE,0.5,0,1,1
2020-02-08,NKE,1.5,0,4,1
2020-02-15,NKE,-0.75,0,4,2
2020-02-22,NKE,-3.0,5,8,3
2020-02-29,NKE,-1.25,0,2,2
2020-03-07,NKE,-0.5,0,2,1
2020-03-14,NKE,-2.25,1,4,3
2020-03-21,NKE,-6.75,0,16,10
2020-03-28,NKE,0.0,0,3,1
2020-04-04,NKE,-2.5,1,6,3
2020-04-11,NKE,-1.5,0,3,1
2020-04-18,NKE,-0.5,0,2,2
2020-04-25,NKE,-2.0,2,6,4
2020-05-02,NKE,-0.5,0,1,1
2020-05-09,NKE,-3.25,0,7,4
2020-05-16,NKE,-1.75,0,6,2
2020-05-23,NKE,-1.0,0,2,1
2020-06-13,NKE,-0.5,0,1,1
2020-06-20,NKE,-7.25,0,21,14
2020-06-27,NKE,-8.5,1,18,8
2020-07-04,NKE,0.0,0,2,1
2020-07-11,NKE,-0.5,0,6,4
2020-07-18,NKE,-1.5,1,7,2
2020-07-25,NKE,-0.5,0,1,1
2020-08-01,NKE,-0.5,0,1,1
2020-08-08,NKE,-0.5,0,1,1
2020-08-15,NKE,-1.0,0,2,2
2020-08-22,NKE,1.0,0,2,1
2020-09-05,NKE,-1.5,0,6,5
2020-09-12,NKE,-0.5,0,1,1
2020-09-19,NKE,0.0,0,3,2
2020-09-26,NKE,0.0,0,1,1
2020-10-03,NKE,0.5,0,1,1
2020-10-17,NKE,3.0,0,6,1
2020-10-24,NKE,1.0,0,2,1
2020-11-14,NKE,0.5,0,3,2
2020-11-21,NKE,-1.0,0,3,1
2020-11-28,NKE,1.0,0,2,2
2020-12-12,NKE,1.75,0,4,2
2020-12-26,NKE,-0.5,0,1,1
2021-01-09,NKE,-0.5,0,1,1
2021-01-16,NKE,-0.5,0,1,1
2021-01-30,NKE,3.25,0,7,4
2021-02-13,NKE,0.5,1,3,1
2021-02-20,NKE,2.0,0,4,2
2021-02-27,NKE,0.5,0,1,1
2021-03-20,NKE,-1.5,1,5,2
2021-03-27,NKE,-2.0,0,4,3
2021-04-03,NKE,0.5,1,5,2
2021-04-10,NKE,-1.25,0,4,3
2021-04-24,NKE,0.0,0,2,2
2021-05-01,NKE,1.0,0,3,2
2021-05-08,NKE,0.5,0,1,1
2021-06-19,NKE,-0.5,0,3,2
2021-06-26,NKE,-8.75,0,15,12
2021-07-10,NKE,1.25,0,2,1
2021-07-17,NKE,0.75,0,1,1
2021-09-25,NKE,-0.5,0,3,2
2021-10-02,NKE,0.0,0,1,1
2021-10-23,NKE,-0.5,0,1,1
2021-10-30,NKE,-0.75,0,1,1
2022-01-01,NKE,-1.25,0,3,2
2022-03-19,NKE,0.0,0,1,1
2022-03-26,NKE,-2.0,0,4,1
2022-05-07,NKE,-1.0,0,2,1
2022-05-14,NKE,0.0,0,1,1
2022-06-04,NKE,-1.0,0,2,2
2022-06-25,NKE,-1.5,0,3,1
2022-07-09,NKE,-0.25,0,1,1
2022-07-16,NKE,0.0,0,2,1
2022-09-24,NKE,0.0,0,1,1
2022-10-01,NKE,-0.5,0,1,1
2022-12-03,NKE,0.5,0,1,1
2022-12-17,NKE,-0.5,0,1,1
2023-03-18,NKE,-2.75,0,4,1
2023-06-24,NKE,0.5,0,1,1
2023-08-19,NKE,-1.0,0,2,1
2023-11-25,NKE,-0.5,0,2,2
2024-02-17,NKE,-0.5,0,1,1
2024-03-02,NKE,-1.0,0,3,2
2024-04-06,NKE,-2.0,0,4,1
2024-04-13,NKE,-0.5,0,1,1
2024-04-20,NKE,-1.0,0,2,1
2024-06-01,NKE,0.75,0,2,2
2024-06-08,NKE,0.5,0,1,1
2024-06-22,NKE,-1.0,0,4,2
2024-06-29,NKE,-8.75,0,43,25
2024-07-06,NKE,-1.0,0,2,1
2024-08-24,NKE,-0.5,0,1,1
2024-08-31,NKE,-0.5,0,3,1
2024-09-14,NKE,-1.0,0,2,2
2024-09-21,NKE,-1.0,0,2,2
2024-10-26,NKE,-2.25,0,7,5
2024-11-02,NKE,1.0,1,4,1
2024-11-16,NKE,-0.3700000000000001,2,17,8
2024-11-23,NKE,-1.5,0,3,1
2025-01-11,NKE,-2.0,0,7,5
2025-02-15,NKE,1.25,0,2,1
2025-02-22,NKE,0.5,0,1,1
2025-03-15,NKE,-1.5,0,2,1
2025-03-29,NKE,-7.25,2,29,17
2025-04-05,NKE,-4.0,1,18,9
2025-04-12,NKE,-2.75,0,5,5
2025-04-19,NKE,-2.25,0,6,4
2025-04-26,NKE,-1.5,0,3,1
2025-05-03,NKE,-2.0,0,3,2
2025-05-10,NKE,-0.5,0,7,5
2025-05-17,NKE,-0.5,0,1,1
2025-05-24,NKE,-0.5,0,3,1
2025-05-31,NKE,-0.5,1,3,1
2025-06-21,NKE,-6.0,2,13,6
2025-07-12,NKE,0.5,0,1,1
2025-07-19,NKE,0.5,0,1,1
2025-08-02,NKE,2.0,0,4,1
2025-08-09,NKE,-0.5,0,5,4
2025-08-16,NKE,-0.5,0,2,1
2025-08-30,NKE,-0.5,0,1,1
2025-09-27,NKE,-0.75,0,1,1
2025-10-11,NKE,-1.25,0,2,2
2025-11-15,NKE,-0.5,2,3,2
2025-12-13,NKE,-2.0,0,4,1
2025-12-20,NKE,-5.75,1,18,14
2025-12-27,NKE,1.0,0,6,3
2026-01-03,NKE,-0.5,0,1,1
2026-01-10,NKE,-0.5,0,1,1
2026-01-31,NKE,-0.5,0,1,1
2026-02-28,NKE,0.0,0,1,1
2026-03-14,NKE,-0.5,0,1,1
2026-03-28,NKE,-2.25,1,6,5
2026-04-04,NKE,-2.5,0,5,1
2026-04-18,NKE,-3.0,1,14,14
2026-05-02,NKE,-0.5,0,1,1
2026-05-09,NKE,-0.5,0,1,1
2026-06-06,NKE,-0.5,0,1,1
2026-06-13,NKE,-0.5,0,3,2
2017-12-30,NVDA,0.5,0,1,1
2018-01-06,NVDA,-0.38,1,1,1
2018-01-13,NVDA,1.5,0,6,4
2018-01-20,NVDA,0.75,0,3,3
2018-02-03,NVDA,-2.5,0,8,7
2018-02-10,NVDA,1.0,0,2,1
2018-02-17,NVDA,0.75,0,17,10
2018-02-24,NVDA,0.0,0,4,2
2018-03-03,NVDA,-1.0,1,15,8
2018-03-10,NVDA,1.62,0,10,7
2018-03-17,NVDA,1.75,0,7,5
2018-03-24,NVDA,-0.5,1,8,6
2018-03-31,NVDA,0.5,0,1,1
2018-04-14,NVDA,0.0,0,3,3
2018-04-21,NVDA,-0.5,0,1,1
2018-04-28,NVDA,0.5,0,1,1
2018-05-05,NVDA,-0.5,0,1,1
2018-05-12,NVDA,-0.25,0,5,3
2018-05-19,NVDA,-1.0,0,9,6
2018-05-26,NVDA,1.0,0,2,2
2018-06-02,NVDA,0.75,0,1,1
2018-06-16,NVDA,0.0,0,6,2
2018-06-23,NVDA,-3.5,0,12,5
2018-06-30,NVDA,0.5,0,1,1
2018-07-07,NVDA,0.75,0,2,2
2018-07-21,NVDA,-4.25,1,9,3
2018-07-28,NVDA,0.75,0,9,7
2018-08-04,NVDA,1.5,0,3,2
2018-08-11,NVDA,-8.0,0,32,19
2018-08-18,NVDA,-1.25,0,12,7
2018-08-25,NVDA,0.0,0,1,1
2018-09-08,NVDA,0.5,0,2,2
2018-09-15,NVDA,0.5,0,4,1
2018-09-22,NVDA,-0.5,0,1,1
2018-10-06,NVDA,-1.0,1,3,3
2018-10-13,NVDA,0.5,0,1,1
2018-10-20,NVDA,0.5,0,1,1
2018-10-27,NVDA,0.5,0,1,1
2018-11-10,NVDA,-8.75,1,44,27
2018-11-17,NVDA,-4.75,0,17,11
2018-11-24,NVDA,2.5,0,7,6
2018-12-08,NVDA,0.75,0,1,1
2018-12-15,NVDA,-3.75,0,14,8
2018-12-22,NVDA,-3.25,0,13,10
2018-12-29,NVDA,-0.75,0,1,1
2019-01-05,NVDA,-0.5,0,1,1
2019-01-19,NVDA,0.5,0,1,1
2019-01-26,NVDA,0.25,1,28,17
2019-02-02,NVDA,-4.25,0,7,3
2019-02-09,NVDA,-1.5,0,7,5
2019-02-16,NVDA,0.0,0,1,1
2019-03-09,NVDA,-0.5,0,1,1
2019-03-16,NVDA,-2.0,0,5,4
2019-04-20,NVDA,-2.5,0,5,3
2019-04-27,NVDA,0.75,0,2,1
2019-05-11,NVDA,-0.5,1,13,6
2019-05-18,NVDA,-1.25,0,5,4
2019-06-01,NVDA,-0.5,2,3,2
2019-06-08,NVDA,-0.5,0,1,1
2019-06-15,NVDA,-1.5,1,3,2
2019-06-22,NVDA,-0.5,0,1,1
2019-07-06,NVDA,0.5,0,1,1
2019-07-27,NVDA,0.0,0,1,1
2019-08-10,NVDA,0.0,0,1,1
2019-08-17,NVDA,0.5,0,1,1
2019-09-07,NVDA,0.0,0,2,2
2019-09-21,NVDA,-0.5,1,4,4
2019-10-12,NVDA,0.5,0,2,1
2019-10-19,NVDA,0.0,0,2,1
2019-11-02,NVDA,-2.25,0,5,2
2019-11-09,NVDA,0.25,0,1,1
2019-11-16,NVDA,1.5,0,3,3
2019-11-23,NVDA,0.38,0,3,3
2019-12-07,NVDA,0.5,0,3,2
2019-12-21,NVDA,0.5,0,1,1
2020-01-11,NVDA,0.5,1,3,2
2020-01-18,NVDA,-0.5,1,1,1
2020-02-08,NVDA,0.75,0,4,4
2020-02-15,NVDA,-4.25,0,7,3
2020-02-22,NVDA,0.25,0,3,2
2020-02-29,NVDA,1.5,0,3,1
2020-03-14,NVDA,0.0,1,3,2
2020-04-04,NVDA,-1.0,1,2,1
2020-04-11,NVDA,-0.5,0,2,1
2020-04-18,NVDA,0.5,0,3,1
2020-05-02,NVDA,0.0,0,1,1
2020-05-09,NVDA,-0.25,0,5,2
2020-05-16,NVDA,0.0,0,3,2
2020-05-23,NVDA,5.0,3,22,12
2020-05-30,NVDA,-0.5,0,3,2
2020-06-13,NVDA,-0.5,0,3,2
2020-06-20,NVDA,-0.5,1,1,1
2020-07-04,NVDA,4.25,1,24,18
2020-07-11,NVDA,1.0,0,9,4
2020-07-25,NVDA,-1.0,0,10,7
2020-08-01,NVDA,3.0,0,8,3
2020-08-15,NVDA,2.75,1,21,13
2020-08-22,NVDA,1.5,0,10,6
2020-08-29,NVDA,2.5,2,14,9
2020-09-05,NVDA,0.75,0,14,9
2020-09-12,NVDA,-1.13,1,24,13
2020-09-19,NVDA,-1.0,0,2,2
2020-09-26,NVDA,0.0,0,2,2
2020-10-03,NVDA,-1.25,1,7,5
2020-10-10,NVDA,0.25,0,7,6
2020-10-17,NVDA,-1.5,0,3,3
2020-10-24,NVDA,-1.0,0,3,2
2020-11-07,NVDA,-0.5,0,1,1
2020-11-14,NVDA,0.5,0,3,2
2020-11-21,NVDA,-1.5,1,7,4
2020-11-28,NVDA,0.0,0,4,3
2020-12-05,NVDA,-1.0,0,4,4
2020-12-12,NVDA,1.0,0,4,3
2020-12-19,NVDA,-3.25,0,8,6
2020-12-26,NVDA,0.75,0,6,4
2021-01-09,NVDA,-0.5,0,4,4
2021-01-16,NVDA,0.5,0,3,2
2021-01-30,NVDA,3.5,1,14,10
2021-02-06,NVDA,-1.13,2,11,7
2021-02-13,NVDA,0.5,0,4,4
2021-02-20,NVDA,2.0,0,30,15
2021-02-27,NVDA,2.0,0,9,5
2021-03-06,NVDA,1.5,0,3,2
2021-03-13,NVDA,-0.25,0,7,5
2021-03-20,NVDA,1.75,0,5,3
2021-03-27,NVDA,-0.5,0,1,1
2021-04-03,NVDA,1.0,0,5,3
2021-04-10,NVDA,10.5,0,25,15
2021-05-01,NVDA,-0.5,0,2,2
2021-05-08,NVDA,-0.5,0,1,1
2021-05-22,NVDA,0.5,0,9,7
2021-05-29,NVDA,0.5,1,3,1
2021-06-05,NVDA,-1.5,2,5,2
2021-06-12,NVDA,0.0,2,13,8
2021-06-19,NVDA,-1.0,0,2,1
2021-06-26,NVDA,4.12,0,10,8
2021-07-03,NVDA,0.5,0,5,3
2021-07-10,NVDA,0.75,0,1,1
2021-07-17,NVDA,1.25,1,6,6
2021-07-24,NVDA,0.25,0,2,2
2021-07-31,NVDA,-0.75,2,3,1
2021-08-07,NVDA,1.0,0,2,1
2021-08-14,NVDA,2.0,0,4,2
2021-08-21,NVDA,0.0,0,12,10
2021-08-28,NVDA,0.5,0,1,1
2021-09-04,NVDA,0.5,0,2,2
2021-09-11,NVDA,0.5,0,1,1
2021-10-09,NVDA,2.0,0,5,3
2021-10-23,NVDA,-2.5,0,10,6
2021-10-30,NVDA,-3.0,0,11,8
2021-11-06,NVDA,1.0,1,6,5
2021-11-13,NVDA,-2.0,1,7,4
2021-11-20,NVDA,-1.38,1,4,2
2021-11-27,NVDA,-13.75,2,31,18
2021-12-04,NVDA,-3.75,0,13,12
2021-12-11,NVDA,-0.5,0,1,1
2022-01-01,NVDA,1.25,0,4,2
2022-01-08,NVDA,-0.5,0,3,3
2022-01-15,NVDA,-4.0,0,19,11
2022-01-22,NVDA,-2.0,4,10,5
2022-02-05,NVDA,0.5,0,1,1
2022-02-12,NVDA,-0.5,0,1,1
2022-02-19,NVDA,0.0,1,4,4
2022-03-19,NVDA,-0.5,0,2,2
2022-04-09,NVDA,0.75,0,13,9
2022-04-16,NVDA,-0.5,0,5,4
2022-04-23,NVDA,1.5,0,5,2
2022-04-30,NVDA,1.0,0,4,3
2022-05-07,NVDA,-10.75,1,23,18
2022-05-14,NVDA,-1.5,0,3,1
2022-05-21,NVDA,0.5,0,3,2
2022-05-28,NVDA,0.5,0,1,1
2022-06-11,NVDA,-2.0,0,4,1
2022-06-18,NVDA,-0.63,1,2,2
2022-06-25,NVDA,-0.5,0,3,1
2022-07-16,NVDA,0.75,0,1,1
2022-07-30,NVDA,-1.0,0,5,2
2022-08-13,NVDA,-0.88,0,3,2
2022-08-20,NVDA,0.25,0,2,2
2022-09-10,NVDA,-1.0,0,2,1
2022-09-17,NVDA,-2.5,0,5,3
2022-09-24,NVDA,-1.25,0,4,4
2022-10-01,NVDA,1.5,0,14,8
2022-10-08,NVDA,0.25,0,21,14
2022-10-15,NVDA,-0.5,0,3,3
2022-10-22,NVDA,0.5,0,1,1
2022-11-05,NVDA,0.5,0,1,1
2022-11-19,NVDA,0.0,0,1,1
2022-12-03,NVDA,-0.5,0,1,1
2022-12-17,NVDA,1.5,0,7,4
2022-12-24,NVDA,-1.25,0,3,2
2022-12-31,NVDA,0.5,0,1,1
2023-01-07,NVDA,0.5,0,1,1
2023-01-14,NVDA,1.0,0,4,2
2023-01-21,NVDA,0.0,0,2,2
2023-02-04,NVDA,-1.0,0,4,2
2023-02-18,NVDA,2.0,0,11,8
2023-02-25,NVDA,1.25,0,2,2
2023-03-04,NVDA,-2.5,0,4,3
2023-03-18,NVDA,1.5,0,2,1
2023-03-25,NVDA,0.75,0,1,1
2023-04-01,NVDA,0.5,0,3,2
2023-04-08,NVDA,-2.25,0,11,7
2023-04-15,NVDA,0.75,0,2,2
2023-05-13,NVDA,-5.25,2,32,21
2023-05-20,NVDA,-10.0,3,54,31
2023-05-27,NVDA,-5.75,0,64,35
2023-06-03,NVDA,-2.25,0,9,5
2023-06-10,NVDA,-7.5,0,31,21
2023-06-17,NVDA,-0.5,0,5,5
2023-07-01,NVDA,-1.5,0,7,5
2023-07-08,NVDA,-2.5,4,13,7
2023-07-15,NVDA,1.5,0,4,3
2023-07-22,NVDA,0.5,0,3,3
2023-07-29,NVDA,0.5,0,5,3
2023-08-05,NVDA,-0.25,0,4,4
2023-08-12,NVDA,-4.0,2,10,5
2023-08-19,NVDA,-2.75,1,33,19
2023-08-26,NVDA,-1.25,2,22,15
2023-09-02,NVDA,-4.75,1,38,21
2023-09-09,NVDA,-2.25,1,7,6
2023-09-16,NVDA,-7.75,2,21,12
2023-09-23,NVDA,-1.0,0,3,2
2023-09-30,NVDA,-0.75,0,3,2
2023-10-07,NVDA,2.5,0,5,1
2023-10-14,NVDA,1.5,0,2,1
2023-10-21,NVDA,-0.25,1,2,1
2023-10-28,NVDA,0.5,0,6,5
2023-11-11,NVDA,0.0,0,6,3
2023-11-18,NVDA,1.0,0,2,2
2023-11-25,NVDA,0.0,0,4,2
2023-12-02,NVDA,-2.5,0,20,14
2023-12-09,NVDA,-1.25,0,3,2
2023-12-16,NVDA,-1.5,0,5,2
2023-12-23,NVDA,0.25,0,2,2
2023-12-30,NVDA,-1.5,3,11,6
2024-01-06,NVDA,-6.5,0,15,10
2024-01-13,NVDA,0.0,3,16,8
2024-01-20,NVDA,-10.0,3,73,45
2024-01-27,NVDA,0.6299999999999999,4,20,14
2024-02-03,NVDA,-15.25,2,58,28
2024-02-10,NVDA,-4.75,4,36,30
2024-02-17,NVDA,8.25,4,118,83
2024-02-24,NVDA,-9.009999999999998,6,82,63
2024-03-02,NVDA,-2.87,4,41,28
2024-03-09,NVDA,-9.75,5,62,43
2024-03-16,NVDA,-5.25,4,24,15
2024-03-23,NVDA,-7.5,0,22,13
2024-03-30,NVDA,-3.5,0,18,12
2024-04-06,NVDA,0.5,0,11,7
2024-04-13,NVDA,-8.5,4,25,12
2024-04-20,NVDA,-2.5,5,21,14
2024-04-27,NVDA,0.0,0,5,4
2024-05-04,NVDA,2.5,0,5,3
2024-05-11,NVDA,-1.25,1,18,14
2024-05-18,NVDA,-4.0,2,31,16
2024-05-25,NVDA,-6.75,1,53,28
2024-06-01,NVDA,-4.0,3,54,28
2024-06-08,NVDA,-6.25,10,40,25
2024-06-15,NVDA,4.75,5,67,44
2024-06-22,NVDA,-7.0,5,54,31
2024-06-29,NVDA,-0.25,4,43,31
2024-07-06,NVDA,-1.38,3,27,15
2024-07-13,NVDA,-1.25,0,22,16
2024-07-20,NVDA,6.5,2,25,15
2024-07-27,NVDA,0.8700000000000001,2,15,11
2024-08-03,NVDA,0.0,2,16,10
2024-08-10,NVDA,-1.75,0,13,9
2024-08-17,NVDA,-1.0,0,32,18
2024-08-24,NVDA,-8.0,4,36,21
2024-08-31,NVDA,-1.5,5,39,23
2024-09-07,NVDA,-1.0,0,13,9
2024-09-14,NVDA,0.5,0,7,5
2024-09-21,NVDA,1.25,0,5,4
2024-09-28,NVDA,1.0,0,10,8
2024-10-05,NVDA,0.1200000000000001,0,20,10
2024-10-12,NVDA,-9.5,0,22,9
2024-10-19,NVDA,-1.0,0,4,4
2024-10-26,NVDA,-0.6299999999999999,3,18,10
2024-11-02,NVDA,-0.5,0,7,7
2024-11-09,NVDA,-6.25,7,24,11
2024-11-16,NVDA,-5.75,2,31,21
2024-11-23,NVDA,-6.75,5,52,36
2024-11-30,NVDA,4.25,1,33,15
2024-12-07,NVDA,-4.0,4,36,15
2024-12-14,NVDA,3.25,2,33,20
2024-12-21,NVDA,-6.25,1,15,9
2024-12-28,NVDA,-3.63,0,21,16
2025-01-04,NVDA,-0.5,2,31,25
2025-01-11,NVDA,4.0,1,48,30
2025-01-18,NVDA,-5.0,1,16,11
2025-01-25,NVDA,-13.879999999999999,10,266,168
2025-02-01,NVDA,1.0,2,32,19
2025-02-08,NVDA,-11.75,14,57,33
2025-02-15,NVDA,-5.75,2,25,13
2025-02-22,NVDA,0.1200000000000001,2,82,57
2025-03-01,NVDA,-5.5,3,43,21
2025-03-08,NVDA,-6.75,2,28,17
2025-03-15,NVDA,-2.25,2,19,9
2025-03-22,NVDA,-4.25,0,13,9
2025-03-29,NVDA,-5.5,4,22,13
2025-04-05,NVDA,-3.13,9,27,15
2025-04-12,NVDA,-16.12,2,43,29
2025-04-19,NVDA,-0.75,0,15,8
2025-04-26,NVDA,1.0,0,8,6
2025-05-03,NVDA,1.0,0,15,11
2025-05-10,NVDA,4.75,0,21,10
2025-05-17,NVDA,2.75,0,10,8
2025-05-24,NVDA,3.75,0,12,9
2025-05-31,NVDA,0.75,0,31,23
2025-06-07,NVDA,1.5,1,11,7
2025-06-14,NVDA,0.25,0,33,23
2025-06-21,NVDA,-2.5,4,33,18
2025-06-28,NVDA,-6.5,0,17,11
2025-07-05,NVDA,7.5,9,99,60
2025-07-12,NVDA,-6.5,6,60,35
2025-07-19,NVDA,-2.75,2,18,13
2025-07-26,NVDA,-30.25,6,115,72
2025-08-02,NVDA,-18.75,2,65,39
2025-08-09,NVDA,-7.25,11,45,26
2025-08-16,NVDA,-9.5,2,26,16
2025-08-23,NVDA,-12.75,8,41,21
2025-08-30,NVDA,0.75,2,19,12
2025-09-06,NVDA,-4.0,5,17,11
2025-09-13,NVDA,-8.25,3,33,20
2025-09-20,NVDA,8.0,2,33,17
2025-09-27,NVDA,1.0,3,30,20
2025-10-04,NVDA,-20.25,4,73,48
2025-10-11,NVDA,-9.0,6,80,50
2025-10-18,NVDA,-15.25,3,82,45
2025-10-25,NVDA,-15.750000000000002,20,139,77
2025-11-01,NVDA,-20.0,8,95,61
2025-11-08,NVDA,-12.129999999999999,12,60,30
2025-11-15,NVDA,-59.5,20,240,143
2025-11-22,NVDA,-19.75,7,72,47
2025-11-29,NVDA,-20.75,2,48,31
2025-12-06,NVDA,-3.75,5,18,9
2025-12-13,NVDA,5.0,1,28,17
2025-12-20,NVDA,-9.5,3,36,20
2025-12-27,NVDA,-10.25,2,38,18
2026-01-03,NVDA,-3.38,4,14,11
2026-01-10,NVDA,-5.25,0,25,16
2026-01-17,NVDA,-5.75,3,26,18
2026-01-24,NVDA,6.0,1,24,16
2026-01-31,NVDA,-9.25,1,27,18
2026-02-07,NVDA,-1.75,2,10,8
2026-02-14,NVDA,-2.25,0,6,5
2026-02-21,NVDA,-4.75,3,20,15
2026-02-28,NVDA,-13.5,7,33,19
2026-03-07,NVDA,-6.5,5,32,18
2026-03-14,NVDA,-2.88,4,14,9
2026-03-21,NVDA,0.25,0,9,6
2026-03-28,NVDA,-11.5,2,26,13
2026-04-04,NVDA,1.25,1,14,10
2026-04-11,NVDA,-3.5,1,20,9
2026-04-18,NVDA,-0.5,0,6,5
2026-04-25,NVDA,-1.5,2,14,9
2026-05-02,NVDA,-2.0,2,16,10
2026-05-09,NVDA,-12.0,6,51,35
2026-05-16,NVDA,-3.0,7,30,17
2026-05-23,NVDA,-1.75,5,82,46
2026-05-30,NVDA,-7.75,4,44,26
2026-06-06,NVDA,-3.0,2,13,9
2026-06-13,NVDA,-10.5,5,36,24
2026-06-20,NVDA,-4.75,0,19,12
2026-06-27,NVDA,-1.0,0,25,15
2026-07-04,NVDA,-0.75,0,3,3
2026-07-11,NVDA,-5.75,0,14,5
2018-01-06,ORCL,-1.5,0,3,3
2018-01-20,ORCL,0.5,0,3,1
2018-01-27,ORCL,0.5,0,1,1
2018-02-03,ORCL,-0.5,0,1,1
2018-02-17,ORCL,-1.0,1,2,2
2018-03-03,ORCL,-0.5,0,1,1
2018-03-10,ORCL,0.0,0,2,1
2018-03-17,ORCL,-0.75,1,9,7
2018-03-24,ORCL,-1.5,0,4,2
2018-04-07,ORCL,-1.0,0,2,2
2018-04-21,ORCL,0.0,0,1,1
2018-04-28,ORCL,-1.0,0,2,2
2018-05-26,ORCL,-0.5,0,2,1
2018-06-02,ORCL,-0.5,0,1,1
2018-06-09,ORCL,-0.5,0,1,1
2018-06-23,ORCL,-1.75,1,5,5
2018-07-07,ORCL,-0.5,0,1,1
2018-07-28,ORCL,-0.5,0,1,1
2018-08-04,ORCL,-4.0,0,25,21
2018-08-25,ORCL,-0.5,1,2,1
2018-09-22,ORCL,-1.0,0,4,2
2018-09-29,ORCL,-1.0,0,2,1
2018-10-06,ORCL,-0.25,0,1,1
2018-10-13,ORCL,-0.75,0,2,2
2018-10-20,ORCL,-1.25,0,5,2
2018-10-27,ORCL,-1.0,0,2,2
2018-11-03,ORCL,-0.75,0,1,1
2018-11-10,ORCL,-2.75,0,14,11
2018-11-17,ORCL,-5.5,0,14,11
2018-12-15,ORCL,2.25,0,3,1
2018-12-22,ORCL,-1.25,0,2,2
2018-12-29,ORCL,-0.75,0,7,5
2019-01-05,ORCL,-2.0,0,3,3
2019-01-26,ORCL,0.0,0,1,1
2019-02-09,ORCL,-2.0,0,5,3
2019-02-23,ORCL,-1.5,0,3,3
2019-03-02,ORCL,-0.5,0,1,1
2019-03-16,ORCL,0.0,0,1,1
2019-04-20,ORCL,-1.75,0,3,2
2019-04-27,ORCL,-0.5,0,1,1
2019-05-04,ORCL,-0.25,0,3,3
2019-05-18,ORCL,-0.5,0,1,1
2019-06-29,ORCL,-1.5,0,3,1
2019-07-20,ORCL,-0.5,0,1,1
2019-08-03,ORCL,-0.5,0,1,1
2019-08-10,ORCL,0.0,0,2,2
2019-08-17,ORCL,-3.0,0,6,2
2019-08-24,ORCL,1.0,0,2,1
2019-09-07,ORCL,-1.0,0,2,2
2019-10-12,ORCL,-0.5,0,1,1
2019-11-02,ORCL,0.5,0,1,1
2019-11-30,ORCL,-0.5,0,1,1
2020-02-01,ORCL,-0.75,0,2,2
2020-02-22,ORCL,-0.5,0,3,2
2020-03-07,ORCL,0.25,1,9,9
2020-03-14,ORCL,1.0,0,8,5
2020-03-21,ORCL,-2.13,0,14,10
2020-03-28,ORCL,0.75,0,5,3
2020-04-04,ORCL,-6.25,2,11,5
2020-04-11,ORCL,0.0,0,2,2
2020-04-18,ORCL,0.25,0,16,6
2020-04-25,ORCL,-5.0,2,12,3
2020-05-02,ORCL,-3.0,0,8,7
2020-05-09,ORCL,-1.0,0,3,3
2020-05-16,ORCL,-0.75,0,9,7
2020-05-23,ORCL,-1.0,0,2,2
2020-05-30,ORCL,0.0,0,3,2
2020-06-06,ORCL,-2.0,0,8,5
2020-06-13,ORCL,0.0,0,2,1
2020-07-04,ORCL,-1.5,0,3,2
2020-07-11,ORCL,-1.0,0,5,3
2020-07-18,ORCL,0.5,0,1,1
2020-07-25,ORCL,-3.0,0,6,6
2020-08-01,ORCL,0.75,0,2,1
2020-08-15,ORCL,-2.0,0,4,3
2020-08-22,ORCL,-1.0,0,2,2
2020-08-29,ORCL,-0.5,0,1,1
2020-09-05,ORCL,-0.25,0,2,2
2020-09-12,ORCL,-21.25,8,64,49
2020-09-19,ORCL,-0.5,0,3,3
2020-09-26,ORCL,-1.0,0,2,2
2020-10-03,ORCL,-1.0,0,2,2
2020-10-17,ORCL,-0.5,0,2,2
2020-10-24,ORCL,-10.25,2,23,17
2020-10-31,ORCL,-0.5,0,1,1
2020-11-21,ORCL,-0.5,0,1,1
2020-11-28,ORCL,1.0,0,2,1
2020-12-05,ORCL,-0.5,0,2,2
2020-12-12,ORCL,-1.0,0,2,2
2020-12-19,ORCL,-2.25,0,5,3
2020-12-26,ORCL,2.0,0,5,2
2021-01-02,ORCL,-0.5,0,1,1
2021-01-16,ORCL,-0.5,0,5,4
2021-01-23,ORCL,-0.5,0,1,1
2021-01-30,ORCL,-6.5,0,11,5
2021-02-06,ORCL,-2.0,0,4,1
2021-02-13,ORCL,-1.5,0,4,2
2021-02-27,ORCL,0.5,0,3,3
2021-03-06,ORCL,0.0,0,1,1
2021-03-13,ORCL,0.5,0,3,2
2021-03-20,ORCL,-0.25,0,1,1
2021-03-27,ORCL,-0.5,0,1,1
2021-04-03,ORCL,-2.25,0,4,1
2021-04-10,ORCL,-0.5,0,2,2
2021-04-24,ORCL,-0.5,1,1,1
2021-05-01,ORCL,-0.5,0,6,2
2021-06-05,ORCL,-0.5,0,1,1
2021-06-12,ORCL,-0.5,0,1,1
2021-06-26,ORCL,-0.5,0,1,1
2021-07-03,ORCL,-3.0,0,14,9
2021-07-17,ORCL,-2.75,0,6,5
2021-07-24,ORCL,-5.5,0,11,6
2021-08-07,ORCL,0.5,0,1,1
2021-08-14,ORCL,-1.0,0,2,1
2021-08-28,ORCL,0.5,0,1,1
2021-09-04,ORCL,-0.5,0,1,1
2021-09-18,ORCL,-0.5,0,1,1
2021-10-02,ORCL,-0.5,0,1,1
2021-11-06,ORCL,-3.0,0,6,4
2021-11-13,ORCL,-0.5,0,1,1
2021-12-04,ORCL,-0.5,0,8,4
2021-12-11,ORCL,-1.5,0,3,1
2021-12-25,ORCL,-2.0,0,4,2
2022-01-01,ORCL,-0.38,1,1,1
2022-01-22,ORCL,-4.0,0,7,4
2022-01-29,ORCL,-3.0,0,6,3
2022-02-05,ORCL,-2.5,0,5,5
2022-02-19,ORCL,-0.5,0,1,1
2022-03-19,ORCL,-4.0,1,7,4
2022-03-26,ORCL,-0.5,0,1,1
2022-04-09,ORCL,-0.75,0,1,1
2022-04-23,ORCL,-3.0,0,7,5
2022-04-30,ORCL,-0.5,0,1,1
2022-05-07,ORCL,-0.5,0,1,1
2022-05-14,ORCL,-4.25,0,7,3
2022-05-21,ORCL,-0.75,0,1,1
2022-05-28,ORCL,0.0,0,2,2
2022-06-11,ORCL,-0.5,0,3,1
2022-07-23,ORCL,-1.0,0,3,1
2022-08-13,ORCL,0.0,0,1,1
2022-09-17,ORCL,-1.0,0,2,1
2022-09-24,ORCL,-1.0,0,2,1
2022-10-15,ORCL,0.5,0,1,1
2022-10-29,ORCL,-0.5,0,1,1
2022-11-12,ORCL,-2.25,0,6,3
2022-11-19,ORCL,0.5,0,1,1
2022-11-26,ORCL,-1.0,0,2,1
2022-12-03,ORCL,0.75,0,1,1
2022-12-10,ORCL,-0.5,1,1,1
2022-12-17,ORCL,-0.5,0,1,1
2022-12-31,ORCL,-0.5,1,1,1
2023-01-07,ORCL,-0.5,0,1,1
2023-01-14,ORCL,-0.5,0,1,1
2023-02-18,ORCL,-0.75,0,1,1
2023-03-11,ORCL,-0.5,0,1,1
2023-03-18,ORCL,0.5,0,1,1
2023-04-29,ORCL,-0.5,1,2,1
2023-05-13,ORCL,0.0,0,2,1
2023-06-10,ORCL,-1.0,0,2,1
2023-07-22,ORCL,-0.75,0,1,1
2023-08-05,ORCL,-0.5,0,1,1
2023-08-19,ORCL,-1.5,0,3,2
2023-08-26,ORCL,-0.5,0,1,1
2023-09-09,ORCL,0.5,0,1,1
2023-09-16,ORCL,-0.25,0,1,1
2023-09-30,ORCL,-0.5,0,1,1
2023-10-14,ORCL,0.25,0,1,1
2023-10-21,ORCL,-0.5,0,1,1
2023-10-28,ORCL,-1.0,0,2,1
2023-11-25,ORCL,1.5,0,3,1
2023-12-02,ORCL,-1.5,0,6,4
2024-01-13,ORCL,-1.0,0,11,3
2024-01-27,ORCL,0.5,0,1,1
2024-02-10,ORCL,-0.25,0,1,1
2024-02-17,ORCL,-0.5,0,5,1
2024-03-09,ORCL,0.25,0,4,2
2024-03-16,ORCL,-0.5,0,1,1
2024-03-30,ORCL,-0.5,0,1,1
2024-05-04,ORCL,-1.0,0,3,1
2024-05-18,ORCL,-0.5,0,1,1
2024-05-25,ORCL,-12.0,0,24,15
2024-06-01,ORCL,-1.0,0,2,2
2024-06-15,ORCL,-2.0,0,8,6
2024-06-22,ORCL,-0.5,0,1,1
2024-07-27,ORCL,0.5,0,1,1
2024-08-10,ORCL,-4.0,0,8,6
2024-08-24,ORCL,1.5,0,3,1
2024-08-31,ORCL,-1.0,0,2,1
2024-09-07,ORCL,0.5,0,3,3
2024-09-14,ORCL,-1.0,0,2,1
2024-11-02,ORCL,-0.5,0,1,1
2024-11-16,ORCL,1.0,0,2,1
2024-11-23,ORCL,-0.5,0,1,1
2024-11-30,ORCL,-2.0,0,4,2
2024-12-14,ORCL,-2.5,0,6,2
2024-12-28,ORCL,0.25,0,1,1
2025-01-04,ORCL,-2.0,0,3,1
2025-01-18,ORCL,-0.75,0,4,2
2025-01-25,ORCL,0.5,0,1,1
2025-02-01,ORCL,0.5,0,1,1
2025-02-15,ORCL,-0.75,0,4,2
2025-02-22,ORCL,-3.0,0,5,3
2025-03-01,ORCL,-1.5,0,5,4
2025-03-08,ORCL,-1.0,0,4,4
2025-03-29,ORCL,-1.0,0,3,3
2025-04-05,ORCL,-6.25,0,12,6
2025-04-12,ORCL,-0.5,0,4,4
2025-04-19,ORCL,-1.0,0,3,3
2025-04-26,ORCL,-1.0,0,2,1
2025-05-03,ORCL,-0.5,0,1,1
2025-05-10,ORCL,-0.5,0,1,1
2025-05-17,ORCL,-0.5,0,1,1
2025-05-24,ORCL,-1.75,0,5,4
2025-06-21,ORCL,3.5,0,12,7
2025-06-28,ORCL,-2.0,0,6,3
2025-07-12,ORCL,-0.5,0,1,1
2025-07-26,ORCL,-0.75,0,4,3
2025-08-02,ORCL,-1.25,0,2,1
2025-08-09,ORCL,-0.5,0,1,1
2025-08-16,ORCL,-0.5,0,1,1
2025-08-23,ORCL,0.0,0,2,2
2025-09-06,ORCL,-21.5,8,68,35
2025-09-13,ORCL,-8.0,0,18,14
2025-09-20,ORCL,-3.75,0,13,7
2025-09-27,ORCL,-6.25,0,13,5
2025-10-04,ORCL,-8.75,0,16,6
2025-10-11,ORCL,1.0,0,7,3
2025-10-18,ORCL,0.0,2,13,4
2025-10-25,ORCL,-0.5,0,1,1
2025-11-01,ORCL,-1.0,0,2,1
2025-11-08,ORCL,-2.25,1,9,8
2025-11-15,ORCL,-1.5,0,6,4
2025-11-22,ORCL,-5.75,0,11,3
2025-11-29,ORCL,-0.5,0,1,1
2025-12-06,ORCL,-9.25,4,27,18
2025-12-13,ORCL,-5.0,3,27,15
2025-12-20,ORCL,-2.75,1,6,4
2025-12-27,ORCL,-1.25,2,8,4
2026-01-10,ORCL,-2.0,0,7,5
2026-01-17,ORCL,-0.5,0,1,1
2026-01-24,ORCL,-2.0,1,7,3
2026-01-31,ORCL,-1.75,0,10,7
2026-02-07,ORCL,-2.0,0,4,4
2026-02-14,ORCL,-2.5,0,5,2
2026-02-21,ORCL,-1.0,0,2,2
2026-03-07,ORCL,0.5,0,1,1
2026-03-14,ORCL,0.75,0,4,2
2026-03-21,ORCL,0.5,0,1,1
2026-03-28,ORCL,-7.25,0,25,15
2026-04-04,ORCL,-3.5,0,7,4
2026-04-11,ORCL,-1.75,0,8,5
2026-04-18,ORCL,0.5,0,1,1
2026-04-25,ORCL,-3.5,1,7,3
2026-05-02,ORCL,-0.75,0,6,4
2026-05-09,ORCL,-4.0,0,8,5
2026-05-16,ORCL,-1.0,1,2,2
2026-05-23,ORCL,0.0,0,4,2
2026-05-30,ORCL,-2.0,3,4,2
2026-06-06,ORCL,0.5,1,3,2
2026-06-13,ORCL,-0.5,0,1,1
2026-06-27,ORCL,0.5,0,1,1
2026-07-04,ORCL,-1.0,0,3,2
2026-07-11,ORCL,-1.75,1,5,4
2017-12-30,PEP,0.5,0,1,1
2018-01-20,PEP,-0.5,0,1,1
2018-02-03,PEP,-0.5,0,1,1
2018-02-10,PEP,-0.5,0,1,1
2018-04-07,PEP,-1.5,0,3,1
2018-04-14,PEP,-0.5,0,1,1
2018-04-28,PEP,-1.5,0,6,2
2018-05-05,PEP,-0.5,0,1,1
2018-06-02,PEP,-1.0,0,2,1
2018-06-09,PEP,-2.0,0,4,3
2018-06-23,PEP,-4.5,0,7,4
2018-08-04,PEP,0.5,0,2,1
2018-08-18,PEP,1.5,0,14,5
2018-09-01,PEP,1.75,0,4,1
2018-09-29,PEP,0.25,0,10,9
2018-10-06,PEP,0.5,0,2,1
2018-10-13,PEP,-0.5,0,5,1
2018-10-20,PEP,-0.5,0,1,1
2018-10-27,PEP,1.0,0,2,1
2018-11-10,PEP,-0.25,0,2,2
2018-12-08,PEP,-0.5,0,1,1
2018-12-15,PEP,-4.0,0,6,2
2018-12-29,PEP,-0.5,0,1,1
2019-01-12,PEP,0.25,0,2,1
2019-01-26,PEP,-0.5,0,1,1
2019-02-02,PEP,-4.0,0,10,3
2019-02-09,PEP,0.5,0,1,1
2019-02-16,PEP,-0.25,0,2,2
2019-02-23,PEP,-1.5,0,5,3
2019-03-02,PEP,-0.5,0,2,2
2019-03-09,PEP,0.5,0,1,1
2019-03-16,PEP,-0.5,0,1,1
2019-03-30,PEP,0.0,0,2,1
2019-04-06,PEP,-1.0,0,4,1
2019-04-13,PEP,-1.5,0,3,1
2019-04-27,PEP,-1.75,0,4,2
2019-06-01,PEP,0.5,0,1,1
2019-06-08,PEP,-0.5,0,1,1
2019-07-13,PEP,-0.5,0,1,1
2019-07-20,PEP,1.0,0,4,2
2019-08-10,PEP,-0.5,0,1,1
2019-08-31,PEP,-2.25,0,4,1
2019-09-07,PEP,-0.5,0,2,1
2019-09-14,PEP,-0.5,0,2,2
2019-09-21,PEP,-0.5,0,1,1
2019-10-12,PEP,1.0,0,2,2
2019-11-16,PEP,-0.5,0,1,1
2019-12-07,PEP,0.0,0,1,1
2020-01-25,PEP,-1.0,0,5,2
2020-02-29,PEP,-0.5,0,1,1
2020-03-21,PEP,0.0,0,4,2
2020-04-18,PEP,-0.25,0,1,1
2020-05-09,PEP,0.5,0,1,1
2020-05-16,PEP,0.0,0,3,2
2020-05-30,PEP,-1.0,0,7,7
2020-06-13,PEP,-1.0,0,2,2
2020-06-20,PEP,0.0,0,1,1
2020-06-27,PEP,-1.5,0,3,3
2020-07-11,PEP,-1.0,2,3,2
2020-07-18,PEP,2.0,0,4,1
2020-07-25,PEP,-0.5,0,1,1
2020-08-01,PEP,-0.5,0,1,1
2020-09-26,PEP,0.5,0,2,2
2020-10-24,PEP,-1.0,0,4,1
2020-10-31,PEP,1.0,0,4,3
2020-12-12,PEP,0.0,0,1,1
2020-12-19,PEP,-0.5,0,1,1
2020-12-26,PEP,-1.25,0,2,1
2021-01-02,PEP,-0.5,0,1,1
2021-01-09,PEP,0.5,0,1,1
2021-01-23,PEP,-0.75,0,3,2
2021-02-06,PEP,0.0,0,1,1
2021-02-13,PEP,-0.25,0,1,1
2021-03-06,PEP,-1.5,1,5,4
2021-03-13,PEP,-1.5,0,3,2
2021-03-20,PEP,-0.5,0,1,1
2021-04-10,PEP,-0.25,0,4,3
2021-04-17,PEP,-0.5,0,3,1
2021-04-24,PEP,-0.5,2,2,1
2021-05-08,PEP,-0.5,0,1,1
2021-05-15,PEP,0.0,0,2,1
2021-06-19,PEP,-1.0,0,2,2
2021-08-21,PEP,-0.5,0,1,1
2021-08-28,PEP,-2.0,0,3,2
2021-09-11,PEP,0.0,0,2,1
2021-10-02,PEP,-0.5,0,1,1
2022-01-15,PEP,-0.5,0,1,1
2022-03-05,PEP,-1.0,0,2,1
2022-04-16,PEP,-0.5,0,1,1
2022-04-30,PEP,-1.5,1,3,1
2022-05-14,PEP,-0.5,0,1,1
2022-06-04,PEP,-0.5,0,1,1
2022-07-02,PEP,-1.0,0,2,1
2022-07-09,PEP,-0.5,0,2,2
2022-07-16,PEP,-1.0,0,2,1
2022-07-30,PEP,-0.5,0,1,1
2022-09-17,PEP,-0.5,0,1,1
2022-10-08,PEP,-1.75,0,3,3
2022-10-15,PEP,0.75,0,3,3
2022-10-22,PEP,-1.0,0,2,1
2022-10-29,PEP,-1.5,0,2,1
2023-01-14,PEP,0.0,0,2,2
2023-01-21,PEP,0.0,0,1,1
2023-02-04,PEP,0.0,0,2,2
2023-02-11,PEP,0.0,0,1,1
2023-02-18,PEP,3.0,0,4,1
2023-02-25,PEP,-0.5,0,1,1
2023-03-04,PEP,0.5,0,1,1
2023-04-01,PEP,-0.5,0,1,1
2023-05-06,PEP,-1.0,0,2,1
2023-06-03,PEP,-1.0,0,2,2
2023-07-15,PEP,-3.0,0,5,2
2023-08-12,PEP,-0.5,0,1,1
2023-09-16,PEP,-4.5,0,9,7
2023-09-30,PEP,-0.5,0,1,1
2023-11-11,PEP,-0.5,0,1,1
2023-12-09,PEP,-10.0,0,17,6
2024-01-06,PEP,-1.0,0,2,2
2024-01-13,PEP,1.0,0,2,1
2024-01-20,PEP,-0.5,0,1,1
2024-02-17,PEP,-3.0,0,5,1
2024-03-02,PEP,-0.75,0,1,1
2024-03-23,PEP,0.5,0,1,1
2024-04-06,PEP,-1.0,0,2,1
2024-04-27,PEP,0.12,2,4,2
2024-05-04,PEP,0.0,0,1,1
2024-05-18,PEP,-0.75,0,1,1
2024-06-22,PEP,0.0,0,6,2
2024-06-29,PEP,0.5,0,3,1
2024-07-06,PEP,0.5,0,1,1
2024-07-27,PEP,0.5,0,1,1
2024-08-31,PEP,1.0,0,4,2
2024-11-09,PEP,-0.5,0,1,1
2024-11-16,PEP,1.0,0,2,1
2024-11-23,PEP,3.0,0,5,3
2024-12-14,PEP,-0.5,0,4,2
2024-12-21,PEP,-0.5,0,1,1
2024-12-28,PEP,-1.0,0,2,1
2025-01-04,PEP,0.25,0,3,2
2025-01-11,PEP,2.0,0,4,1
2025-02-15,PEP,2.0,0,4,2
2025-02-22,PEP,-3.25,3,7,3
2025-03-15,PEP,-4.25,0,15,12
2025-03-22,PEP,-0.5,0,1,1
2025-03-29,PEP,-0.5,0,1,1
2025-04-05,PEP,0.0,1,4,2
2025-04-19,PEP,-0.75,0,1,1
2025-05-10,PEP,0.5,0,1,1
2025-05-24,PEP,-0.5,0,1,1
2025-05-31,PEP,0.25,0,3,2
2025-06-07,PEP,0.0,0,2,1
2025-06-28,PEP,-0.5,0,1,1
2025-07-05,PEP,-1.0,0,2,2
2025-08-30,PEP,0.0,0,1,1
2025-09-13,PEP,-1.5,0,2,1
2025-10-11,PEP,0.5,0,1,1
2025-11-01,PEP,-1.0,0,2,1
2025-11-29,PEP,1.75,0,3,1
2025-12-13,PEP,1.0,0,2,1
2025-12-27,PEP,0.25,0,5,3
2026-01-17,PEP,-1.75,0,3,3
2026-02-14,PEP,1.0,0,2,1
2026-02-21,PEP,-1.0,0,2,1
2026-05-16,PEP,0.5,0,1,1
2026-06-06,PEP,0.5,0,1,1
2026-06-27,PEP,-0.5,0,1,1
2017-12-30,PFE,0.5,0,1,1
2018-01-13,PFE,0.0,0,2,2
2018-01-27,PFE,-3.75,0,5,1
2018-02-10,PFE,0.5,0,1,1
2018-04-14,PFE,-1.5,0,3,1
2018-05-19,PFE,-1.0,0,2,1
2018-07-07,PFE,0.5,0,1,1
2018-07-21,PFE,0.5,0,3,1
2018-07-28,PFE,-0.75,0,1,1
2018-08-11,PFE,-1.0,0,2,1
2018-09-22,PFE,0.5,0,1,1
2018-09-29,PFE,1.0,0,2,1
2019-02-23,PFE,-2.0,0,4,2
2019-04-20,PFE,0.5,0,1,1
2019-05-25,PFE,0.0,0,1,1
2019-07-20,PFE,1.0,0,2,1
2019-07-27,PFE,-0.5,0,1,1
2019-08-03,PFE,-1.0,0,5,4
2019-08-10,PFE,-0.5,0,1,1
2019-08-17,PFE,-3.25,0,6,1
2019-08-31,PFE,-0.5,1,1,1
2019-09-14,PFE,0.25,0,1,1
2019-10-05,PFE,-0.5,0,1,1
2019-11-23,PFE,-1.0,0,2,2
2019-12-14,PFE,-0.5,0,1,1
2019-12-21,PFE,-0.5,0,1,1
2020-01-04,PFE,-0.5,1,1,1
2020-02-22,PFE,0.5,0,1,1
2020-02-29,PFE,-0.5,0,1,1
2020-03-07,PFE,-1.75,0,3,1
2020-03-21,PFE,1.5,0,3,1
2020-04-11,PFE,-0.5,1,1,1
2020-04-25,PFE,-3.5,2,7,3
2020-05-02,PFE,-1.25,1,2,1
2020-05-16,PFE,-0.5,0,5,1
2020-05-30,PFE,1.0,0,2,2
2020-06-13,PFE,-0.5,1,1,1
2020-06-20,PFE,-0.25,0,2,2
2020-06-27,PFE,-4.0,1,8,7
2020-07-11,PFE,-1.0,0,3,2
2020-07-18,PFE,-1.5,0,10,6
2020-07-25,PFE,0.25,0,3,2
2020-08-01,PFE,-1.0,3,6,2
2020-08-08,PFE,1.0,0,3,1
2020-08-22,PFE,-2.5,0,8,5
2020-09-05,PFE,-1.75,0,3,3
2020-09-19,PFE,2.0,0,4,1
2020-10-03,PFE,-0.25,1,4,1
2020-10-10,PFE,-0.88,2,6,4
2020-10-17,PFE,1.62,0,5,1
2020-10-24,PFE,-0.25,1,1,1
2020-11-07,PFE,-3.63,4,39,24
2020-11-14,PFE,-3.5,0,34,24
2020-11-21,PFE,-1.25,0,7,6
2020-11-28,PFE,-1.25,1,11,8
2020-12-05,PFE,-0.75,1,11,8
2020-12-12,PFE,-1.5,0,6,6
2020-12-19,PFE,-2.0,0,6,3
2020-12-26,PFE,0.0,0,9,5
2021-01-02,PFE,-1.0,0,4,4
2021-01-23,PFE,-0.5,0,1,1
2021-01-30,PFE,-3.0,0,6,2
2021-02-06,PFE,-0.5,0,4,3
2021-02-13,PFE,-2.0,1,8,4
2021-02-20,PFE,0.0,0,7,6
2021-02-27,PFE,0.75,0,18,9
2021-03-06,PFE,-0.5,0,1,1
2021-03-27,PFE,-0.25,0,5,2
2021-04-03,PFE,0.25,0,3,2
2021-04-10,PFE,0.25,1,3,2
2021-05-01,PFE,-0.5,0,5,4
2021-05-08,PFE,0.5,0,3,2
2021-05-29,PFE,-1.5,0,3,3
2021-06-05,PFE,0.5,0,4,3
2021-06-19,PFE,1.0,0,3,1
2021-06-26,PFE,-0.5,0,1,1
2021-07-03,PFE,-4.25,0,8,3
2021-07-10,PFE,-3.0,0,10,7
2021-07-17,PFE,0.0,0,1,1
2021-07-24,PFE,0.0,0,3,3
2021-07-31,PFE,-0.5,0,3,3
2021-08-07,PFE,-3.0,1,7,5
2021-08-14,PFE,-3.0,1,10,8
2021-08-21,PFE,-0.75,2,4,2
2021-08-28,PFE,-2.5,1,8,3
2021-09-04,PFE,-0.75,0,2,1
2021-09-11,PFE,-0.5,0,1,1
2021-09-25,PFE,-0.5,1,2,1
2021-10-23,PFE,0.25,0,2,1
2021-11-20,PFE,0.25,0,3,2
2021-11-27,PFE,3.0,0,9,5
2021-12-18,PFE,-0.5,0,3,1
2022-01-01,PFE,-1.0,2,3,1
2022-01-08,PFE,-4.75,0,7,2
2022-02-05,PFE,-3.75,0,6,2
2022-05-07,PFE,-1.0,0,2,2
2022-10-22,PFE,-2.75,0,5,4
2022-11-19,PFE,-5.25,5,8,2
2022-12-17,PFE,0.5,0,2,2
2023-05-06,PFE,-1.0,0,2,1
2023-05-13,PFE,-0.5,0,1,1
2023-09-02,PFE,-1.75,0,5,3
2023-10-21,PFE,0.75,0,2,2
2023-11-25,PFE,-2.75,0,8,5
2023-12-02,PFE,-1.0,0,7,5
2023-12-09,PFE,-0.5,0,1,1
2024-01-13,PFE,-1.0,0,2,1
2024-01-20,PFE,0.5,0,1,1
2024-01-27,PFE,0.5,0,2,2
2024-02-03,PFE,-2.5,0,5,2
2024-02-10,PFE,-0.75,0,2,2
2024-03-16,PFE,-0.5,0,3,2
2024-03-30,PFE,1.0,0,2,1
2024-04-13,PFE,1.0,0,2,1
2024-04-27,PFE,0.0,0,1,1
2024-08-03,PFE,-0.5,0,1,1
2024-08-10,PFE,-0.5,0,1,1
2024-08-24,PFE,3.0,0,6,1
2024-08-31,PFE,-0.5,0,3,3
2024-10-05,PFE,-1.25,0,2,2
2024-10-26,PFE,-5.25,0,9,5
2024-11-16,PFE,-1.5,0,3,2
2024-11-30,PFE,1.25,0,2,2
2024-12-14,PFE,1.5,0,3,1
2024-12-28,PFE,-0.5,0,1,1
2025-01-04,PFE,0.25,0,17,12
2025-01-11,PFE,0.5,0,1,1
2025-01-18,PFE,-0.5,0,1,1
2025-01-25,PFE,-4.75,0,7,4
2025-02-01,PFE,0.5,0,1,1
2025-02-08,PFE,-0.5,0,1,1
2025-02-22,PFE,1.0,0,2,1
2025-03-01,PFE,1.75,0,4,2
2025-03-08,PFE,0.0,0,1,1
2025-03-22,PFE,1.25,0,2,1
2025-03-29,PFE,-3.0,0,7,3
2025-04-05,PFE,-1.75,0,4,3
2025-04-19,PFE,-1.0,0,2,1
2025-05-10,PFE,0.25,0,1,1
2025-05-24,PFE,0.0,0,3,1
2025-05-31,PFE,-0.5,0,1,1
2025-07-26,PFE,1.5,0,4,1
2025-08-02,PFE,0.0,0,2,1
2025-09-27,PFE,-10.75,1,23,15
2025-10-04,PFE,-0.5,0,1,1
2025-10-18,PFE,0.0,0,1,1
2025-11-01,PFE,1.25,1,4,1
2025-11-08,PFE,-1.5,0,3,2
2025-11-29,PFE,-1.0,0,4,2
2025-12-13,PFE,0.5,0,1,1
2025-12-27,PFE,0.0,0,2,1
2026-01-03,PFE,-0.5,0,1,1
2026-02-14,PFE,-1.0,0,2,2
2026-02-21,PFE,-1.25,0,2,1
2026-03-21,PFE,-1.25,0,5,2
2026-04-18,PFE,-0.5,0,5,1
2026-05-16,PFE,-0.5,0,3,2
2026-07-04,PFE,-0.5,0,2,1
2019-02-02,PLTR,0.0,0,1,1
2019-02-16,PLTR,-1.5,0,4,4
2019-04-13,PLTR,-0.5,0,1,1
2019-06-01,PLTR,0.75,0,2,2
2019-06-08,PLTR,-1.0,0,3,2
2019-10-05,PLTR,-1.0,0,2,1
2020-05-09,PLTR,0.5,0,1,1
2020-05-23,PLTR,0.5,0,1,1
2020-06-06,PLTR,-0.25,0,5,3
2020-06-13,PLTR,0.0,0,2,1
2020-07-04,PLTR,-1.0,0,11,8
2020-07-11,PLTR,0.5,0,1,1
2020-07-18,PLTR,0.5,0,1,1
2020-07-25,PLTR,-0.5,2,3,2
2020-08-01,PLTR,1.75,2,8,5
2020-08-08,PLTR,0.25,1,5,2
2020-08-22,PLTR,-1.5,1,10,9
2020-08-29,PLTR,-1.25,0,2,2
2020-09-05,PLTR,-6.5,2,22,10
2020-09-12,PLTR,-2.25,1,15,12
2020-09-19,PLTR,-1.0,1,4,2
2020-09-26,PLTR,-17.38,4,65,43
2020-10-03,PLTR,-1.75,1,8,3
2020-10-10,PLTR,0.25,0,1,1
2020-10-24,PLTR,0.0,0,10,7
2020-10-31,PLTR,0.75,0,1,1
2020-11-07,PLTR,0.12,1,6,5
2020-11-14,PLTR,-3.25,1,33,25
2020-11-21,PLTR,2.25,4,83,58
2020-11-28,PLTR,2.5,1,19,13
2020-12-05,PLTR,-5.0,1,43,25
2020-12-12,PLTR,2.0,0,11,11
2020-12-19,PLTR,0.75,0,21,18
2020-12-26,PLTR,-1.25,0,20,14
2021-01-02,PLTR,-1.75,2,14,10
2021-01-09,PLTR,-0.5,0,3,3
2021-01-16,PLTR,5.0,0,8,4
2021-01-23,PLTR,-2.75,3,22,14
2021-01-30,PLTR,-3.25,1,10,4
2021-02-06,PLTR,0.25,4,27,14
2021-02-13,PLTR,-18.25,6,98,55
2021-02-20,PLTR,-15.5,3,53,27
2021-02-27,PLTR,-3.75,1,41,28
2021-03-06,PLTR,-8.0,9,44,25
2021-03-13,PLTR,1.0,0,6,4
2021-03-20,PLTR,-2.0,1,4,4
2021-03-27,PLTR,-6.75,2,21,14
2021-04-03,PLTR,0.0,0,3,3
2021-04-10,PLTR,-3.0,1,15,9
2021-04-17,PLTR,-8.75,1,21,14
2021-04-24,PLTR,-1.0,0,3,2
2021-05-01,PLTR,-1.5,0,16,8
2021-05-08,PLTR,-11.25,3,30,18
2021-05-15,PLTR,-1.0,0,3,2
2021-05-22,PLTR,-0.5,0,1,1
2021-05-29,PLTR,0.5,0,1,1
2021-06-05,PLTR,-0.75,1,5,3
2021-06-26,PLTR,0.0,0,2,2
2021-07-03,PLTR,3.0,0,6,3
2021-07-17,PLTR,-0.5,0,1,1
2021-07-24,PLTR,1.0,0,2,1
2021-08-07,PLTR,0.5,0,1,1
2021-08-14,PLTR,-5.5,1,14,11
2021-08-21,PLTR,-1.5,2,7,3
2021-08-28,PLTR,0.5,0,1,1
2021-10-02,PLTR,-1.5,1,9,7
2021-10-09,PLTR,1.0,0,2,1
2021-10-30,PLTR,2.0,0,6,3
2021-11-13,PLTR,-1.75,0,3,1
2021-12-04,PLTR,0.0,0,3,2
2022-01-01,PLTR,0.25,0,3,2
2022-01-15,PLTR,-0.5,0,1,1
2022-01-22,PLTR,-0.5,0,6,5
2022-01-29,PLTR,-1.0,2,2,1
2022-02-12,PLTR,-4.75,0,14,10
2022-02-19,PLTR,-3.0,0,6,2
2022-02-26,PLTR,-1.5,0,2,1
2022-04-02,PLTR,0.0,0,1,1
2022-04-09,PLTR,2.0,0,8,5
2022-04-16,PLTR,1.25,0,5,2
2022-05-07,PLTR,0.0,0,2,1
2022-06-25,PLTR,0.0,0,2,1
2022-07-23,PLTR,-0.5,0,3,3
2022-09-03,PLTR,-1.0,0,2,2
2022-09-17,PLTR,-1.5,1,4,3
2022-10-01,PLTR,-0.75,0,1,1
2022-10-15,PLTR,-2.25,0,12,9
2022-11-05,PLTR,-0.5,0,1,1
2022-11-26,PLTR,0.0,0,1,1
2022-12-17,PLTR,-1.5,0,3,3
2023-01-07,PLTR,-0.5,0,1,1
2023-01-14,PLTR,-2.0,0,4,2
2023-04-08,PLTR,-0.5,0,1,1
2023-05-20,PLTR,-2.0,0,3,1
2023-05-27,PLTR,0.0,0,4,2
2023-06-17,PLTR,-1.0,0,2,2
2023-07-01,PLTR,1.5,0,5,2
2023-08-12,PLTR,-0.75,2,5,2
2023-09-16,PLTR,-1.25,1,2,1
2023-10-14,PLTR,0.5,0,1,1
2023-10-21,PLTR,1.0,0,2,1
2023-10-28,PLTR,1.5,0,3,2
2023-11-25,PLTR,-0.5,0,1,1
2023-12-09,PLTR,-0.5,0,1,1
2023-12-30,PLTR,1.0,0,2,1
2024-02-03,PLTR,1.0,1,4,3
2024-02-17,PLTR,2.25,0,8,4
2024-02-24,PLTR,1.0,0,3,3
2024-03-02,PLTR,0.25,0,6,4
2024-03-09,PLTR,0.0,0,1,1
2024-03-16,PLTR,0.0,0,2,2
2024-04-20,PLTR,0.5,0,1,1
2024-04-27,PLTR,1.0,0,4,2
2024-05-25,PLTR,1.5,0,4,2
2024-06-29,PLTR,0.25,0,3,2
2024-07-27,PLTR,0.5,0,3,2
2024-08-03,PLTR,-0.5,0,1,1
2024-08-17,PLTR,-5.75,2,16,9
2024-08-24,PLTR,0.0,0,1,1
2024-09-07,PLTR,0.5,0,3,2
2024-09-14,PLTR,0.75,0,3,2
2024-09-21,PLTR,0.62,0,5,3
2024-09-28,PLTR,2.0,0,5,2
2024-10-05,PLTR,1.25,0,6,4
2024-10-26,PLTR,-0.75,0,3,3
2024-11-02,PLTR,-1.25,2,5,3
2024-11-09,PLTR,0.0,0,1,1
2024-11-16,PLTR,-5.0,1,21,12
2024-11-30,PLTR,0.25,0,5,5
2024-12-07,PLTR,-0.5,0,3,1
2024-12-14,PLTR,-0.75,1,6,4
2024-12-21,PLTR,-0.5,0,3,2
2024-12-28,PLTR,-2.0,0,11,10
2025-01-04,PLTR,-1.75,2,10,8
2025-01-11,PLTR,0.75,0,4,2
2025-01-18,PLTR,-1.75,0,15,10
2025-01-25,PLTR,-3.75,2,9,6
2025-02-01,PLTR,-6.0,2,35,24
2025-02-08,PLTR,-1.5,1,18,10
2025-02-15,PLTR,1.0,1,6,4
2025-03-15,PLTR,-1.75,0,5,4
2025-03-22,PLTR,0.0,0,4,3
2025-03-29,PLTR,-4.5,0,10,4
2025-04-05,PLTR,-0.5,1,3,3
2025-04-19,PLTR,1.0,0,2,2
2025-04-26,PLTR,-11.0,2,24,16
2025-05-03,PLTR,-7.75,0,19,12
2025-05-10,PLTR,-1.75,1,9,7
2025-05-17,PLTR,3.5,1,21,12
2025-05-24,PLTR,-1.0,1,17,9
2025-05-31,PLTR,-13.5,2,37,22
2025-06-07,PLTR,-8.629999999999999,1,24,17
2025-06-14,PLTR,-1.75,0,8,5
2025-06-21,PLTR,-1.0,2,15,7
2025-06-28,PLTR,-4.0,0,6,2
2025-07-05,PLTR,-2.5,2,10,7
2025-07-12,PLTR,-2.5,0,12,9
2025-07-19,PLTR,-6.0,0,12,7
2025-07-26,PLTR,-21.25,2,63,39
2025-08-02,PLTR,-12.5,4,54,35
2025-08-09,PLTR,-7.0,6,21,12
2025-08-16,PLTR,-3.75,1,17,13
2025-08-23,PLTR,-3.0,1,5,4
2025-08-30,PLTR,-1.5,0,5,4
2025-09-06,PLTR,0.5,0,6,3
2025-09-13,PLTR,-2.25,0,6,5
2025-09-20,PLTR,-1.0,0,8,5
2025-09-27,PLTR,-2.75,3,11,5
2025-10-04,PLTR,-14.0,1,37,20
2025-10-11,PLTR,0.62,0,3,3
2025-10-18,PLTR,-3.0,2,14,7
2025-10-25,PLTR,-7.5,3,24,16
2025-11-01,PLTR,-13.25,5,48,31
2025-11-08,PLTR,-2.38,0,15,9
2025-11-15,PLTR,0.0,0,6,4
2025-11-22,PLTR,-1.75,0,6,4
2025-11-29,PLTR,1.25,0,9,6
2025-12-06,PLTR,-4.25,0,7,5
2025-12-13,PLTR,-0.75,0,4,2
2025-12-20,PLTR,-0.5,0,1,1
2026-01-03,PLTR,-2.25,1,6,5
2026-01-10,PLTR,-1.5,0,3,2
2026-01-17,PLTR,-7.25,3,17,8
2026-01-24,PLTR,-8.5,2,20,15
2026-01-31,PLTR,-3.75,1,20,16
2026-02-07,PLTR,2.25,0,15,7
2026-02-14,PLTR,-0.75,0,6,4
2026-02-21,PLTR,1.0,0,4,2
2026-02-28,PLTR,-1.0,0,4,4
2026-03-07,PLTR,-2.5,1,11,4
2026-03-21,PLTR,-0.25,0,2,2
2026-03-28,PLTR,-9.75,0,15,5
2026-04-04,PLTR,-0.25,0,1,1
2026-04-11,PLTR,0.5,0,13,8
2026-04-18,PLTR,-3.0,0,4,2
2026-04-25,PLTR,-4.25,0,7,2
2026-05-09,PLTR,-1.0,1,5,4
2026-05-23,PLTR,0.0,0,3,3
2026-05-30,PLTR,-4.75,2,13,7
2026-06-13,PLTR,-1.0,0,3,3
2026-06-20,PLTR,-0.5,0,1,1
2026-06-27,PLTR,-2.75,0,5,5
2026-07-11,PLTR,-0.5,0,1,1
2017-12-30,PYPL,2.0,0,4,1
2018-01-06,PYPL,-2.5,0,9,6
2018-01-13,PYPL,-0.5,0,3,3
2018-01-20,PYPL,-1.5,0,11,4
2018-01-27,PYPL,-7.0,1,29,21
2018-02-03,PYPL,-2.5,0,5,2
2018-02-10,PYPL,-1.5,0,3,1
2018-02-17,PYPL,-2.5,0,5,1
2018-03-03,PYPL,-2.0,0,6,5
2018-03-10,PYPL,-0.5,0,1,1
2018-03-17,PYPL,-0.5,0,1,1
2018-03-31,PYPL,0.0,0,2,2
2018-04-07,PYPL,-1.5,0,3,2
2018-04-14,PYPL,-0.5,0,3,3
2018-04-28,PYPL,-1.0,0,2,2
2018-05-05,PYPL,-4.75,0,17,10
2018-05-12,PYPL,-0.75,0,9,6
2018-05-19,PYPL,0.5,0,6,5
2018-05-26,PYPL,-1.25,0,5,3
2018-06-02,PYPL,0.5,0,2,2
2018-06-09,PYPL,-0.5,0,1,1
2018-06-16,PYPL,0.0,1,4,3
2018-06-23,PYPL,0.5,0,1,1
2018-06-30,PYPL,-2.25,0,5,3
2018-07-07,PYPL,-6.0,2,13,6
2018-07-14,PYPL,0.0,0,4,3
2018-07-21,PYPL,-1.0,0,2,2
2018-07-28,PYPL,-0.25,1,4,3
2018-08-04,PYPL,-3.5,0,5,3
2018-08-11,PYPL,-3.75,0,10,6
2018-08-25,PYPL,0.25,0,4,3
2018-09-01,PYPL,-1.0,0,2,2
2018-09-08,PYPL,-2.0,0,5,3
2018-09-15,PYPL,-0.5,0,2,2
2018-09-22,PYPL,-1.0,1,2,1
2018-09-29,PYPL,0.37,1,4,4
2018-10-06,PYPL,-1.0,2,8,5
2018-10-27,PYPL,-2.0,0,4,4
2018-11-24,PYPL,-3.25,0,7,3
2018-12-08,PYPL,-1.75,0,8,4
2018-12-15,PYPL,-2.5,0,5,5
2018-12-22,PYPL,-0.5,0,1,1
2019-01-12,PYPL,1.0,0,4,3
2019-01-19,PYPL,0.5,0,2,2
2019-01-26,PYPL,-0.25,0,5,4
2019-02-02,PYPL,-0.5,0,1,1
2019-02-09,PYPL,-1.0,0,2,1
2019-02-16,PYPL,-2.38,1,4,3
2019-02-23,PYPL,-1.5,0,3,3
2019-03-02,PYPL,-0.5,0,1,1
2019-03-09,PYPL,1.5,0,5,2
2019-03-23,PYPL,-0.5,0,3,2
2019-03-30,PYPL,-7.75,0,14,5
2019-04-06,PYPL,-1.0,0,2,2
2019-05-04,PYPL,-2.75,0,5,2
2019-05-11,PYPL,1.5,0,3,1
2019-05-18,PYPL,-0.75,0,4,2
2019-05-25,PYPL,0.0,0,2,2
2019-06-01,PYPL,0.5,2,5,1
2019-06-08,PYPL,1.25,1,4,2
2019-06-15,PYPL,2.5,0,5,3
2019-06-29,PYPL,-3.25,0,7,3
2019-07-06,PYPL,1.0,0,2,2
2019-07-13,PYPL,-3.5,0,11,5
2019-07-20,PYPL,-1.5,2,9,6
2019-07-27,PYPL,-0.5,0,1,1
2019-08-03,PYPL,-2.0,0,4,2
2019-08-10,PYPL,-0.75,0,1,1
2019-08-17,PYPL,-3.0,0,5,1
2019-08-24,PYPL,-5.25,0,9,3
2019-08-31,PYPL,-2.0,0,4,2
2019-09-07,PYPL,0.5,0,3,2
2019-09-21,PYPL,-0.5,0,1,1
2019-10-05,PYPL,-0.5,0,5,3
2019-10-26,PYPL,-0.5,0,3,2
2019-11-02,PYPL,0.0,0,3,1
2019-11-16,PYPL,-1.5,0,17,14
2019-11-23,PYPL,-1.0,0,2,1
2019-12-14,PYPL,0.75,0,3,2
2019-12-28,PYPL,-5.0,0,13,6
2020-01-04,PYPL,0.5,0,1,1
2020-01-11,PYPL,-2.5,0,5,3
2020-01-18,PYPL,-1.0,0,2,1
2020-01-25,PYPL,0.0,0,1,1
2020-02-08,PYPL,0.0,0,2,1
2020-02-15,PYPL,0.5,0,1,1
2020-02-22,PYPL,-1.0,0,2,1
2020-03-07,PYPL,0.5,0,1,1
2020-03-14,PYPL,-3.0,0,5,3
2020-03-21,PYPL,-1.0,2,2,1
2020-03-28,PYPL,-2.0,0,6,6
2020-04-04,PYPL,0.0,0,4,3
2020-04-11,PYPL,-0.75,1,4,3
2020-04-25,PYPL,1.5,0,3,2
2020-05-02,PYPL,0.5,2,13,11
2020-05-16,PYPL,-5.25,1,16,7
2020-05-23,PYPL,-0.25,1,7,4
2020-05-30,PYPL,-3.25,0,6,4
2020-06-13,PYPL,0.5,0,3,1
2020-06-20,PYPL,-3.5,0,15,8
2020-07-04,PYPL,3.75,0,15,8
2020-07-11,PYPL,-3.5,1,11,6
2020-07-18,PYPL,-0.75,0,6,4
2020-07-25,PYPL,0.0,0,13,10
2020-08-01,PYPL,1.5,0,5,3
2020-08-08,PYPL,0.75,0,6,5
2020-08-15,PYPL,-1.75,0,17,10
2020-08-22,PYPL,-2.0,2,7,6
2020-08-29,PYPL,-2.5,0,11,6
2020-09-05,PYPL,0.25,0,4,4
2020-09-12,PYPL,-0.75,0,2,2
2020-09-19,PYPL,0.0,0,1,1
2020-09-26,PYPL,-2.0,0,3,2
2020-10-10,PYPL,0.0,1,4,3
2020-10-17,PYPL,-13.0,2,63,42
2020-10-24,PYPL,-1.0,1,26,17
2020-10-31,PYPL,-18.25,2,55,28
2020-11-07,PYPL,-2.25,0,19,8
2020-11-14,PYPL,-3.25,1,14,8
2020-11-21,PYPL,-9.25,1,33,19
2020-11-28,PYPL,-1.5099999999999998,0,21,15
2020-12-05,PYPL,-2.75,0,5,5
2020-12-12,PYPL,6.25,0,31,16
2020-12-19,PYPL,-1.0,0,12,8
2020-12-26,PYPL,-2.0,0,24,17
2021-01-02,PYPL,2.37,0,24,17
2021-01-09,PYPL,1.75,0,23,12
2021-01-16,PYPL,-9.0,2,31,21
2021-01-23,PYPL,-0.25,2,11,6
2021-01-30,PYPL,-1.75,0,23,11
2021-02-06,PYPL,-15.75,5,60,26
2021-02-13,PYPL,-10.75,1,67,43
2021-02-20,PYPL,1.75,0,8,6
2021-02-27,PYPL,-7.88,8,36,20
2021-03-06,PYPL,-1.0,0,8,6
2021-03-13,PYPL,-2.25,0,9,5
2021-03-27,PYPL,-9.870000000000001,1,55,36
2021-04-03,PYPL,0.0,0,8,5
2021-04-10,PYPL,1.75,0,5,2
2021-04-17,PYPL,-4.5,1,12,10
2021-04-24,PYPL,0.5,0,2,2
2021-05-01,PYPL,1.5,0,5,4
2021-05-08,PYPL,0.25,0,6,3
2021-05-15,PYPL,-13.0,0,30,16
2021-05-22,PYPL,-1.0,1,2,2
2021-05-29,PYPL,-0.5,1,1,1
2021-06-05,PYPL,0.75,2,5,3
2021-06-12,PYPL,0.5,2,5,3
2021-06-26,PYPL,0.5,0,1,1
2021-07-03,PYPL,-1.5,1,3,2
2021-07-24,PYPL,-0.75,0,4,4
2021-08-07,PYPL,-1.25,0,4,2
2021-08-14,PYPL,-0.25,0,1,1
2021-08-21,PYPL,-2.25,0,5,3
2021-08-28,PYPL,-2.5,0,4,1
2021-09-04,PYPL,0.75,0,6,4
2021-09-25,PYPL,1.0,0,2,1
2021-10-02,PYPL,-2.25,1,5,2
2021-10-09,PYPL,0.0,2,4,2
2021-10-16,PYPL,-2.5,1,9,6
2021-10-23,PYPL,0.0,0,6,4
2021-10-30,PYPL,-3.25,0,6,5
2021-11-06,PYPL,-1.0,1,3,2
2021-11-13,PYPL,1.0,0,4,2
2021-11-20,PYPL,-1.5,0,6,6
2021-11-27,PYPL,-1.75,0,7,5
2021-12-04,PYPL,-3.0,2,12,7
2021-12-11,PYPL,-1.75,3,13,4
2021-12-18,PYPL,0.5,0,1,1
2021-12-25,PYPL,-2.25,0,6,3
2022-01-01,PYPL,0.75,0,3,2
2022-01-08,PYPL,-14.25,1,50,30
2022-01-15,PYPL,-5.13,1,17,9
2022-01-22,PYPL,-6.0,0,12,4
2022-01-29,PYPL,-16.75,0,53,31
2022-02-05,PYPL,-3.5,0,16,9
2022-02-12,PYPL,-0.5,0,1,1
2022-02-19,PYPL,-12.25,1,33,23
2022-02-26,PYPL,-0.5,0,1,1
2022-03-05,PYPL,-1.75,0,3,1
2022-03-12,PYPL,-1.5,0,5,2
2022-03-19,PYPL,-2.0,3,6,4
2022-03-26,PYPL,-3.0,0,5,3
2022-04-02,PYPL,-0.75,0,4,2
2022-04-09,PYPL,-2.5,2,5,4
2022-04-23,PYPL,-4.5,1,12,8
2022-04-30,PYPL,-14.75,1,33,14
2022-05-07,PYPL,-1.0,1,2,2
2022-05-14,PYPL,-2.0,0,4,2
2022-05-28,PYPL,1.5,0,3,2
2022-06-04,PYPL,-1.0,0,2,2
2022-06-11,PYPL,-1.5,0,3,2
2022-06-18,PYPL,-2.5,1,5,3
2022-06-25,PYPL,-0.5,0,1,1
2022-07-09,PYPL,-1.75,0,3,3
2022-07-16,PYPL,-0.25,0,1,1
2022-07-23,PYPL,0.0,0,1,1
2022-07-30,PYPL,0.75,0,2,1
2022-08-27,PYPL,-0.5,1,1,1
2022-09-10,PYPL,-0.75,1,1,1
2022-09-17,PYPL,-1.25,0,2,1
2022-10-15,PYPL,-1.0,0,2,1
2022-10-22,PYPL,-1.0,0,2,1
2022-10-29,PYPL,-0.5,0,1,1
2022-11-05,PYPL,-2.0,0,4,4
2022-11-19,PYPL,-0.5,0,1,1
2022-11-26,PYPL,-1.0,0,2,2
2022-12-17,PYPL,-2.5,0,9,4
2022-12-24,PYPL,-1.0,0,2,2
2022-12-31,PYPL,-0.5,0,1,1
2023-01-07,PYPL,-4.25,0,9,3
2023-01-21,PYPL,-0.5,0,1,1
2023-01-28,PYPL,-0.5,1,1,1
2023-02-04,PYPL,0.5,0,3,1
2023-02-18,PYPL,-0.5,0,1,1
2023-03-04,PYPL,0.25,0,4,3
2023-03-18,PYPL,0.0,0,2,2
2023-03-25,PYPL,-4.5,0,7,2
2023-04-08,PYPL,-11.25,2,27,18
2023-04-29,PYPL,-1.0,0,4,2
2023-05-06,PYPL,-0.5,0,1,1
2023-05-13,PYPL,-0.5,0,3,1
2023-05-20,PYPL,-3.75,1,7,3
2023-06-10,PYPL,-8.25,1,23,12
2023-06-17,PYPL,-1.5,0,5,3
2023-07-01,PYPL,-0.5,1,1,1
2023-07-08,PYPL,0.5,0,1,1
2023-07-15,PYPL,-1.25,0,2,2
2023-07-29,PYPL,0.0,0,1,1
2023-08-12,PYPL,-0.25,0,2,2
2023-08-19,PYPL,-1.0,0,2,1
2023-08-26,PYPL,-0.5,0,1,1
2023-09-09,PYPL,-1.0,0,2,2
2023-09-16,PYPL,-1.5,0,3,3
2023-09-23,PYPL,-4.0,2,21,9
2023-09-30,PYPL,0.5,0,1,1
2023-10-14,PYPL,-0.5,0,1,1
2023-11-04,PYPL,-1.0,2,2,1
2023-11-18,PYPL,-3.75,1,7,5
2023-11-25,PYPL,-2.75,0,6,4
2023-12-02,PYPL,-0.75,0,1,1
2023-12-09,PYPL,-3.0,0,8,6
2023-12-30,PYPL,-1.0,0,3,3
2024-01-06,PYPL,-0.5,0,3,2
2024-01-13,PYPL,-1.0,0,2,2
2024-01-20,PYPL,-0.25,0,5,2
2024-01-27,PYPL,-2.25,0,4,2
2024-02-03,PYPL,-2.25,0,4,4
2024-02-10,PYPL,-3.0,3,16,12
2024-02-24,PYPL,-1.5,0,5,4
2024-03-02,PYPL,-4.25,0,8,5
2024-03-23,PYPL,-0.5,0,1,1
2024-03-30,PYPL,-0.5,0,1,1
2024-04-13,PYPL,-0.25,0,2,2
2024-04-27,PYPL,-1.75,0,3,3
2024-05-04,PYPL,-0.5,0,1,1
2024-05-11,PYPL,-0.5,0,1,1
2024-05-18,PYPL,0.5,0,1,1
2024-06-01,PYPL,-3.0,0,7,4
2024-06-08,PYPL,0.5,0,1,1
2024-06-15,PYPL,-11.25,0,21,8
2024-06-22,PYPL,1.25,0,7,5
2024-06-29,PYPL,-0.75,0,6,4
2024-07-06,PYPL,0.5,0,1,1
2024-07-13,PYPL,-1.5,1,5,3
2024-07-20,PYPL,-1.5,0,4,2
2024-08-03,PYPL,-0.5,0,1,1
2024-08-10,PYPL,-0.5,0,1,1
2024-08-17,PYPL,0.25,1,9,4
2024-08-24,PYPL,-1.25,0,2,2
2024-08-31,PYPL,-0.5,0,1,1
2024-09-07,PYPL,-0.5,0,1,1
2024-09-28,PYPL,-10.25,0,18,5
2024-10-05,PYPL,-0.5,0,1,1
2024-10-12,PYPL,-0.5,0,1,1
2024-11-02,PYPL,-0.5,0,1,1
2024-11-16,PYPL,-1.0,0,2,2
2024-11-23,PYPL,-7.75,0,22,7
2024-11-30,PYPL,-2.25,0,8,4
2024-12-07,PYPL,-1.25,0,9,6
2024-12-14,PYPL,-0.5,0,1,1
2024-12-28,PYPL,-3.0,0,10,6
2025-01-11,PYPL,-1.75,0,3,1
2025-01-18,PYPL,-2.25,0,4,2
2025-01-25,PYPL,-0.5,0,1,1
2025-02-01,PYPL,0.0,0,9,6
2025-02-08,PYPL,-0.5,0,1,1
2025-02-15,PYPL,-3.0,0,5,4
2025-02-22,PYPL,-0.5,0,1,1
2025-03-01,PYPL,-1.75,0,6,3
2025-03-08,PYPL,-3.0,3,6,2
2025-03-15,PYPL,-1.0,0,5,3
2025-03-29,PYPL,-1.0,0,2,1
2025-04-19,PYPL,0.0,0,1,1
2025-04-26,PYPL,-0.75,0,1,1
2025-05-03,PYPL,-0.5,0,1,1
2025-05-10,PYPL,-1.0,0,2,2
2025-05-17,PYPL,0.25,2,7,2
2025-05-24,PYPL,-0.5,0,1,1
2025-06-07,PYPL,-3.25,0,7,2
2025-06-14,PYPL,-0.5,0,1,1
2025-07-05,PYPL,0.5,0,2,2
2025-07-12,PYPL,-0.88,0,6,3
2025-07-26,PYPL,-1.75,0,3,1
2025-08-02,PYPL,0.0,0,2,2
2025-08-09,PYPL,-1.5,0,3,1
2025-08-16,PYPL,-0.5,0,1,1
2025-08-23,PYPL,-2.75,0,5,2
2025-09-06,PYPL,-0.5,0,1,1
2025-09-13,PYPL,-0.5,0,1,1
2025-09-20,PYPL,-0.25,1,4,2
2025-10-04,PYPL,-1.5,2,3,2
2025-10-11,PYPL,-1.25,0,2,1
2025-10-25,PYPL,1.0,0,2,1
2025-11-08,PYPL,-0.5,0,1,1
2025-11-15,PYPL,-3.25,0,6,3
2025-11-22,PYPL,-0.75,0,1,1
2025-12-13,PYPL,-1.5,0,5,2
2025-12-27,PYPL,-0.5,0,1,1
2026-01-17,PYPL,-1.5,0,3,3
2026-01-31,PYPL,-1.63,0,4,4
2026-02-07,PYPL,-4.25,1,10,7
2026-03-07,PYPL,-3.0,0,6,1
2026-03-14,PYPL,0.5,0,1,1
2026-03-21,PYPL,-2.0,0,4,3
2026-05-09,PYPL,-0.5,0,1,1
2026-05-16,PYPL,-9.51,4,33,27
2026-05-23,PYPL,-0.5,0,1,1
2026-05-30,PYPL,1.0,0,2,1
2026-06-06,PYPL,-2.25,0,5,3
2026-06-13,PYPL,-1.0,0,2,2
2026-06-20,PYPL,-1.0,0,3,2
2026-07-11,PYPL,0.5,0,3,2
2018-01-06,QCOM,0.5,0,2,2
2018-01-27,QCOM,-0.5,0,1,1
2018-02-03,QCOM,0.5,0,1,1
2018-02-17,QCOM,-0.5,0,1,1
2018-03-10,QCOM,-3.0,0,7,5
2018-04-14,QCOM,0.5,0,1,1
2018-04-21,QCOM,0.0,0,2,2
2018-07-07,QCOM,-0.5,0,2,1
2018-07-21,QCOM,0.0,0,2,1
2018-07-28,QCOM,0.75,0,1,1
2018-08-11,QCOM,-0.5,0,1,1
2018-09-08,QCOM,0.0,0,1,1
2018-09-15,QCOM,-0.75,0,2,1
2018-10-06,QCOM,0.0,0,1,1
2018-10-13,QCOM,-0.5,0,1,1
2018-11-24,QCOM,-0.25,0,1,1
2018-12-08,QCOM,-3.0,2,5,2
2018-12-29,QCOM,1.5,0,3,1
2019-03-02,QCOM,-0.5,0,2,2
2019-03-16,QCOM,-0.75,1,2,2
2019-04-20,QCOM,-0.5,0,1,1
2019-05-11,QCOM,-0.5,0,1,1
2019-05-18,QCOM,0.0,0,2,1
2019-06-01,QCOM,-0.5,0,2,2
2019-11-16,QCOM,1.25,0,3,1
2019-11-30,QCOM,1.0,0,4,2
2019-12-07,QCOM,-2.0,0,5,1
2020-01-04,QCOM,0.5,0,1,1
2020-02-15,QCOM,-1.0,0,2,1
2020-03-14,QCOM,-1.0,0,2,1
2020-04-04,QCOM,-1.0,0,2,1
2020-06-06,QCOM,-0.5,0,1,1
2020-06-27,QCOM,-0.5,0,1,1
2020-07-11,QCOM,0.0,1,7,5
2020-07-25,QCOM,2.0,0,5,4
2020-08-15,QCOM,1.5,0,4,2
2020-10-17,QCOM,1.75,0,4,2
2020-12-19,QCOM,-2.0,1,4,2
2021-01-30,QCOM,0.5,0,1,1
2021-02-06,QCOM,1.5,0,3,2
2021-02-13,QCOM,1.0,0,7,2
2021-02-20,QCOM,0.5,0,1,1
2021-02-27,QCOM,-0.5,0,1,1
2021-03-20,QCOM,0.5,0,1,1
2021-05-08,QCOM,1.0,0,2,1
2021-05-29,QCOM,1.0,0,2,2
2021-06-26,QCOM,1.0,0,2,1
2021-07-03,QCOM,0.25,0,1,1
2021-08-21,QCOM,-0.5,0,1,1
2021-10-30,QCOM,0.5,0,2,2
2021-11-27,QCOM,-0.25,0,2,2
2022-01-01,QCOM,0.5,0,1,1
2022-01-22,QCOM,-1.75,0,3,2
2022-04-09,QCOM,0.0,0,1,1
2022-10-01,QCOM,2.5,0,4,1
2022-10-08,QCOM,0.25,0,1,1
2022-12-31,QCOM,-1.5,0,3,1
2023-03-04,QCOM,0.0,0,1,1
2023-03-18,QCOM,-0.5,0,1,1
2023-05-27,QCOM,0.0,0,1,1
2023-06-17,QCOM,-0.5,0,1,1
2023-08-12,QCOM,0.5,0,1,1
2023-12-02,QCOM,2.0,0,4,1
2024-04-20,QCOM,1.0,0,2,1
2024-05-11,QCOM,1.0,0,2,1
2024-05-18,QCOM,0.25,0,1,1
2024-06-08,QCOM,0.0,0,1,1
2024-11-30,QCOM,0.0,0,1,1
2024-12-07,QCOM,-0.5,0,1,1
2025-02-15,QCOM,-1.38,3,3,1
2025-07-26,QCOM,0.5,0,1,1
2025-10-04,QCOM,1.5,0,3,2
2025-11-01,QCOM,0.5,0,1,1
2025-12-13,QCOM,0.5,0,1,1
2026-03-28,QCOM,-0.5,0,1,1
2026-04-04,QCOM,-1.0,0,2,2
2026-04-18,QCOM,1.0,0,2,1
2026-04-25,QCOM,0.0,0,8,3
2026-05-02,QCOM,-1.0,0,3,2
2026-05-30,QCOM,-0.5,0,1,1
2018-01-13,QQQ,-0.75,2,2,2
2018-02-03,QQQ,0.5,0,1,1
2018-03-03,QQQ,0.75,0,2,2
2018-08-25,QQQ,0.5,0,2,1
2018-09-01,QQQ,0.5,0,1,1
2018-09-15,QQQ,0.75,0,2,1
2018-10-06,QQQ,0.5,0,1,1
2018-12-29,QQQ,-0.25,0,2,2
2019-01-12,QQQ,-0.5,0,1,1
2019-03-30,QQQ,1.5,0,3,1
2019-04-06,QQQ,-0.5,0,1,1
2019-06-01,QQQ,0.0,0,1,1
2019-07-20,QQQ,0.75,0,4,2
2019-08-17,QQQ,-0.5,0,1,1
2019-10-12,QQQ,1.25,0,3,2
2019-12-14,QQQ,0.5,0,1,1
2019-12-21,QQQ,1.5,0,2,1
2020-01-11,QQQ,-1.0,2,2,1
2020-02-22,QQQ,0.5,1,3,3
2020-02-29,QQQ,0.0,0,1,1
2020-03-07,QQQ,-0.5,2,3,1
2020-03-21,QQQ,-0.5,0,1,1
2020-04-04,QQQ,0.75,0,2,1
2020-04-18,QQQ,1.0,0,3,1
2020-05-09,QQQ,1.5,0,3,1
2020-05-16,QQQ,0.0,0,2,1
2020-05-23,QQQ,-4.25,0,12,7
2020-05-30,QQQ,0.0,0,1,1
2020-06-06,QQQ,1.0,0,2,1
2020-06-13,QQQ,0.0,0,2,2
2020-07-18,QQQ,1.25,0,2,2
2020-07-25,QQQ,0.0,0,1,1
2020-08-15,QQQ,-0.5,0,1,1
2020-08-29,QQQ,-1.0,0,2,1
2020-09-19,QQQ,-0.5,0,1,1
2020-10-03,QQQ,0.5,0,1,1
2020-11-14,QQQ,0.5,0,1,1
2020-11-21,QQQ,-0.5,0,1,1
2020-12-05,QQQ,2.0,0,4,1
2020-12-12,QQQ,0.5,0,1,1
2020-12-19,QQQ,1.0,0,4,1
2020-12-26,QQQ,-0.25,0,6,4
2021-01-23,QQQ,-1.0,2,2,1
2021-01-30,QQQ,0.0,0,2,2
2021-02-20,QQQ,-0.5,1,1,1
2021-02-27,QQQ,-1.5,1,3,1
2021-03-06,QQQ,1.5,0,2,1
2021-03-13,QQQ,0.0,0,1,1
2021-03-20,QQQ,-0.5,0,1,1
2021-03-27,QQQ,0.0,0,1,1
2021-04-10,QQQ,0.0,0,3,3
2021-05-01,QQQ,0.5,0,4,1
2021-05-08,QQQ,0.5,0,1,1
2021-05-22,QQQ,-0.5,0,1,1
2021-06-12,QQQ,-0.5,0,1,1
2021-06-19,QQQ,-0.5,0,9,4
2021-06-26,QQQ,0.25,0,1,1
2021-07-10,QQQ,-0.5,0,1,1
2021-07-24,QQQ,-0.5,0,1,1
2021-07-31,QQQ,-1.5,0,3,2
2021-08-28,QQQ,0.5,0,1,1
2021-10-02,QQQ,-0.5,0,1,1
2021-10-09,QQQ,0.75,1,5,2
2021-11-06,QQQ,-0.5,0,1,1
2021-11-13,QQQ,0.0,0,1,1
2021-11-20,QQQ,-0.5,0,1,1
2021-11-27,QQQ,0.0,0,1,1
2021-12-11,QQQ,-2.5,1,5,2
2022-01-01,QQQ,1.0,0,2,1
2022-01-08,QQQ,-0.75,0,4,4
2022-01-15,QQQ,-2.0,0,3,1
2022-01-22,QQQ,0.0,0,5,2
2022-02-12,QQQ,-0.5,1,1,1
2022-03-12,QQQ,-1.0,1,5,2
2022-04-09,QQQ,0.0,0,2,2
2022-04-30,QQQ,-0.5,0,1,1
2022-05-07,QQQ,-1.0,0,4,1
2022-05-14,QQQ,1.0,0,3,3
2022-06-04,QQQ,-0.25,0,2,1
2022-06-18,QQQ,-1.0,0,2,1
2022-06-25,QQQ,-0.5,0,1,1
2022-07-23,QQQ,0.5,0,1,1
2022-07-30,QQQ,0.0,0,1,1
2022-09-17,QQQ,-0.5,0,1,1
2022-10-08,QQQ,-0.5,0,1,1
2022-11-12,QQQ,-0.5,0,1,1
2022-12-03,QQQ,-0.5,0,1,1
2023-01-14,QQQ,-0.5,0,1,1
2023-01-21,QQQ,0.5,0,1,1
2023-01-28,QQQ,0.25,0,1,1
2023-02-25,QQQ,0.75,0,4,2
2023-04-08,QQQ,-0.5,0,1,1
2023-05-06,QQQ,0.5,0,1,1
2023-05-13,QQQ,0.0,0,1,1
2023-05-27,QQQ,3.5,0,5,1
2023-06-24,QQQ,0.75,0,1,1
2023-07-01,QQQ,0.0,0,1,1
2023-07-08,QQQ,0.0,0,1,1
2023-07-15,QQQ,0.0,0,2,1
2023-07-29,QQQ,-1.5,0,3,2
2023-08-12,QQQ,-0.5,1,2,1
2023-09-30,QQQ,-0.75,2,3,1
2023-10-21,QQQ,0.5,0,1,1
2023-11-25,QQQ,0.5,0,1,1
2023-12-09,QQQ,0.5,0,1,1
2024-02-10,QQQ,-0.5,0,1,1
2024-02-17,QQQ,0.0,0,2,2
2024-02-24,QQQ,-0.5,0,1,1
2024-03-02,QQQ,-0.5,0,2,2
2024-03-09,QQQ,-2.0,0,3,1
2024-03-16,QQQ,0.25,0,1,1
2024-03-30,QQQ,0.5,0,1,1
2024-04-06,QQQ,-1.0,0,2,2
2024-04-13,QQQ,-0.5,0,1,1
2024-05-11,QQQ,-0.5,0,1,1
2024-06-15,QQQ,-0.75,1,1,1
2024-06-22,QQQ,-0.5,0,2,1
2024-07-13,QQQ,-1.0,1,2,1
2024-07-20,QQQ,-1.0,0,2,1
2024-07-27,QQQ,0.5,0,1,1
2024-08-03,QQQ,-0.5,0,3,1
2024-08-31,QQQ,-1.5,1,5,1
2024-09-14,QQQ,1.5,0,3,1
2024-09-21,QQQ,0.5,0,2,2
2024-10-12,QQQ,0.0,0,2,2
2024-11-02,QQQ,-1.0,0,2,1
2024-11-23,QQQ,-1.25,0,2,1
2024-12-14,QQQ,2.0,0,9,3
2024-12-28,QQQ,-1.0,0,2,2
2025-01-18,QQQ,-1.25,0,2,1
2025-02-01,QQQ,0.0,0,1,1
2025-02-08,QQQ,-1.75,0,3,1
2025-02-22,QQQ,0.5,0,1,1
2025-03-29,QQQ,-5.0,0,12,7
2025-04-26,QQQ,0.5,1,3,2
2025-05-03,QQQ,0.5,0,1,1
2025-06-14,QQQ,0.5,0,1,1
2025-06-28,QQQ,0.5,0,1,1
2025-07-19,QQQ,0.5,0,1,1
2025-07-26,QQQ,-0.5,0,9,5
2025-08-09,QQQ,0.5,0,3,2
2025-08-30,QQQ,-0.5,1,2,2
2025-09-06,QQQ,-0.63,2,2,1
2025-09-13,QQQ,1.0,0,3,3
2025-10-11,QQQ,-1.75,3,3,1
2025-10-18,QQQ,0.5,0,1,1
2025-10-25,QQQ,-0.5,0,1,1
2025-11-01,QQQ,1.5,0,3,1
2025-11-15,QQQ,0.5,0,1,1
2025-11-29,QQQ,-1.0,0,2,1
2025-12-06,QQQ,-0.5,0,1,1
2025-12-20,QQQ,1.0,0,2,1
2025-12-27,QQQ,-0.5,1,3,3
2026-01-31,QQQ,-1.0,0,2,1
2026-02-07,QQQ,0.5,0,1,1
2026-03-14,QQQ,-0.5,0,3,3
2026-03-28,QQQ,-1.0,0,3,3
2026-04-04,QQQ,-0.5,0,1,1
2026-05-16,QQQ,-0.5,0,2,2
2026-05-23,QQQ,-0.5,0,3,3
2026-05-30,QQQ,-2.25,0,3,1
2026-06-06,QQQ,0.5,0,1,1
2026-06-13,QQQ,-1.5,1,8,6
2026-06-20,QQQ,0.0,0,2,2
2026-06-27,QQQ,-0.5,0,1,1
2026-07-11,QQQ,-1.0,0,2,2
2018-12-01,RIVN,0.75,0,2,1
2019-02-09,RIVN,2.0,0,3,1
2019-04-13,RIVN,0.75,0,1,1
2019-04-20,RIVN,2.5,0,6,4
2019-05-11,RIVN,0.5,1,3,1
2019-05-25,RIVN,0.5,0,1,1
2019-06-29,RIVN,-1.25,1,2,1
2019-08-10,RIVN,1.0,0,2,1
2019-08-17,RIVN,1.0,0,2,1
2019-11-23,RIVN,0.5,0,3,2
2020-01-11,RIVN,-0.5,0,1,1
2020-02-08,RIVN,-3.25,0,8,4
2020-02-15,RIVN,-0.5,0,1,1
2020-04-11,RIVN,-0.75,0,4,2
2020-04-25,RIVN,-0.25,1,1,1
2020-05-16,RIVN,-0.5,0,1,1
2020-06-06,RIVN,-0.5,0,4,2
2020-06-13,RIVN,0.5,0,1,1
2020-07-04,RIVN,0.0,0,2,2
2020-07-18,RIVN,-0.25,0,3,3
2020-08-01,RIVN,-1.5,0,5,4
2020-08-22,RIVN,0.5,0,3,1
2020-09-05,RIVN,-1.25,0,2,2
2020-09-12,RIVN,-0.5,0,1,1
2020-09-19,RIVN,-0.5,0,1,1
2020-11-14,RIVN,-2.5,0,4,1
2020-11-28,RIVN,0.25,0,1,1
2021-01-02,RIVN,-2.0,1,6,3
2021-01-16,RIVN,-0.75,0,3,1
2021-01-30,RIVN,1.25,0,6,4
2021-02-06,RIVN,-2.0,0,4,1
2021-02-20,RIVN,1.0,0,2,1
2021-02-27,RIVN,-0.5,0,1,1
2021-03-13,RIVN,2.0,0,9,6
2021-03-27,RIVN,1.0,0,3,3
2021-05-01,RIVN,-2.5,0,7,2
2021-06-05,RIVN,-0.25,0,2,2
2021-06-19,RIVN,0.25,0,4,1
2021-07-17,RIVN,-0.5,0,1,1
2021-07-31,RIVN,-2.0,1,4,2
2021-08-21,RIVN,-1.5,0,3,2
2021-08-28,RIVN,-0.5,0,1,1
2021-09-18,RIVN,-0.5,0,1,1
2021-09-25,RIVN,1.25,0,3,3
2021-10-02,RIVN,-1.75,1,7,5
2021-10-30,RIVN,1.25,0,23,14
2021-11-06,RIVN,-4.0,1,38,24
2021-11-13,RIVN,-0.5,5,22,12
2021-11-20,RIVN,-2.5,1,7,4
2021-11-27,RIVN,-1.0,0,2,2
2021-12-04,RIVN,-9.25,0,17,8
2021-12-11,RIVN,-0.5,0,3,2
2021-12-18,RIVN,0.5,0,1,1
2022-01-01,RIVN,-1.0,0,2,1
2022-01-08,RIVN,-5.25,0,12,8
2022-01-15,RIVN,-3.0,0,9,6
2022-01-22,RIVN,-1.25,0,5,2
2022-01-29,RIVN,0.0,0,1,1
2022-02-05,RIVN,-1.25,1,2,2
2022-02-12,RIVN,1.0,0,2,1
2022-02-19,RIVN,0.0,0,1,1
2022-03-05,RIVN,0.0,0,3,2
2022-03-19,RIVN,-1.0,0,2,2
2022-03-26,RIVN,-2.25,0,4,4
2022-04-09,RIVN,-0.25,0,6,4
2022-04-23,RIVN,-2.0,0,4,4
2022-04-30,RIVN,-1.0,0,2,2
2022-05-07,RIVN,-4.5,1,34,19
2022-06-04,RIVN,-0.75,0,3,1
2022-07-02,RIVN,-2.0,0,4,2
2022-09-03,RIVN,-3.5,0,7,4
2022-10-01,RIVN,-2.5,0,9,6
2022-10-15,RIVN,-1.5,0,3,2
2022-11-05,RIVN,2.75,0,4,1
2022-12-03,RIVN,-1.0,2,2,1
2022-12-10,RIVN,-1.5,0,3,2
2022-12-17,RIVN,-3.5,2,7,2
2022-12-24,RIVN,2.5,0,5,3
2023-02-04,RIVN,-2.25,0,10,7
2023-02-25,RIVN,-1.0,0,6,6
2023-03-04,RIVN,0.0,0,2,1
2023-03-11,RIVN,0.0,0,1,1
2023-03-18,RIVN,-2.5,0,4,2
2023-04-01,RIVN,0.0,1,3,1
2023-04-08,RIVN,1.0,0,2,2
2023-06-17,RIVN,-0.5,0,1,1
2023-07-01,RIVN,-0.25,1,3,2
2023-07-08,RIVN,0.0,0,2,2
2023-08-12,RIVN,-0.5,0,1,1
2023-09-02,RIVN,-0.5,0,1,1
2023-09-09,RIVN,-0.5,1,5,2
2023-09-30,RIVN,-0.5,0,1,1
2023-10-28,RIVN,-2.0,1,4,2
2023-11-04,RIVN,0.5,0,1,1
2023-11-11,RIVN,-2.0,2,7,5
2023-11-18,RIVN,-0.5,0,1,1
2023-12-02,RIVN,-7.25,1,26,18
2023-12-09,RIVN,-1.25,0,7,5
2023-12-30,RIVN,-0.5,0,1,1
2024-01-06,RIVN,-3.25,3,14,7
2024-01-13,RIVN,2.0,1,12,8
2024-01-20,RIVN,1.5,0,6,3
2024-01-27,RIVN,0.0,0,4,1
2024-02-03,RIVN,-1.0,0,2,1
2024-02-10,RIVN,-4.25,0,8,4
2024-02-17,RIVN,-4.0,1,9,4
2024-02-24,RIVN,-0.5,0,3,1
2024-03-02,RIVN,-1.75,2,26,10
2024-03-09,RIVN,-2.5,0,7,3
2024-03-16,RIVN,0.0,0,2,1
2024-03-23,RIVN,0.0,0,3,3
2024-04-13,RIVN,1.0,0,2,1
2024-04-20,RIVN,-1.25,0,9,8
2024-06-15,RIVN,1.0,0,2,1
2024-06-22,RIVN,2.25,0,11,5
2024-06-29,RIVN,-0.5,0,6,4
2024-07-06,RIVN,-2.5,2,7,3
2024-07-13,RIVN,0.0,0,2,1
2024-07-20,RIVN,-5.0,0,11,7
2024-08-03,RIVN,0.75,0,5,2
2024-08-10,RIVN,-0.5,2,15,10
2024-08-17,RIVN,-1.25,0,8,3
2024-09-07,RIVN,0.5,0,1,1
2024-09-14,RIVN,1.0,0,2,1
2024-09-21,RIVN,2.0,0,3,2
2024-09-28,RIVN,0.5,0,1,1
2024-11-02,RIVN,-1.0,0,2,2
2024-11-09,RIVN,-2.25,0,3,1
2024-11-16,RIVN,0.0,0,3,2
2024-11-30,RIVN,0.0,0,1,1
2024-12-07,RIVN,-1.25,0,26,13
2024-12-14,RIVN,-0.25,0,1,1
2024-12-21,RIVN,0.5,0,3,2
2024-12-28,RIVN,-0.25,2,4,3
2025-01-11,RIVN,-3.25,0,9,6
2025-01-18,RIVN,-1.25,0,3,2
2025-01-25,RIVN,0.0,0,3,2
2025-02-01,RIVN,-1.0,0,2,1
2025-02-08,RIVN,-7.25,2,17,6
2025-02-15,RIVN,2.5,0,5,3
2025-03-15,RIVN,-0.5,0,1,1
2025-03-22,RIVN,-0.5,0,1,1
2025-03-29,RIVN,-0.5,0,3,3
2025-04-05,RIVN,-1.0,0,2,1
2025-04-12,RIVN,2.0,0,4,1
2025-05-03,RIVN,-1.0,0,4,2
2025-05-17,RIVN,-0.5,0,4,3
2025-05-31,RIVN,0.38,0,1,1
2025-07-05,RIVN,1.25,0,3,2
2025-07-12,RIVN,1.5,0,3,1
2025-07-26,RIVN,-1.5,2,3,3
2025-08-16,RIVN,1.5,0,3,2
2025-09-06,RIVN,0.0,0,4,3
2025-09-27,RIVN,-0.5,0,1,1
2025-10-04,RIVN,-0.5,0,1,1
2025-11-01,RIVN,-1.0,1,6,4
2025-12-06,RIVN,-1.5,0,7,4
2025-12-27,RIVN,0.0,0,3,3
2026-01-03,RIVN,-0.75,0,1,1
2026-01-10,RIVN,-0.5,0,1,1
2026-01-17,RIVN,1.0,0,2,1
2026-02-14,RIVN,-1.75,1,3,1
2026-04-11,RIVN,-0.5,1,1,1
2026-05-09,RIVN,-0.5,0,1,1
2026-05-23,RIVN,-0.5,0,8,5
2026-05-30,RIVN,-3.5,0,7,4
2026-06-13,RIVN,-2.0,1,10,5
2026-06-20,RIVN,-0.25,0,1,1
2026-07-11,RIVN,-0.5,0,1,1
2017-12-30,ROKU,1.0,0,2,1
2018-01-06,ROKU,-0.75,0,4,4
2018-01-20,ROKU,0.5,0,1,1
2018-02-17,ROKU,0.0,0,1,1
2018-03-03,ROKU,0.5,0,3,3
2018-05-05,ROKU,1.0,0,2,1
2018-05-26,ROKU,0.25,0,2,2
2018-06-09,ROKU,-0.25,0,1,1
2018-08-04,ROKU,0.5,0,3,3
2018-08-18,ROKU,-2.0,0,9,8
2018-09-01,ROKU,-0.5,0,6,4
2018-09-08,ROKU,0.0,0,1,1
2018-09-22,ROKU,-0.5,0,2,2
2018-10-06,ROKU,-0.25,0,9,5
2018-10-20,ROKU,-0.5,0,2,2
2018-11-03,ROKU,-0.25,1,10,5
2018-11-10,ROKU,-0.75,0,4,3
2018-12-01,ROKU,0.0,0,2,2
2018-12-08,ROKU,-4.0,1,9,4
2018-12-15,ROKU,-1.0,2,2,1
2018-12-29,ROKU,0.5,0,1,1
2019-01-05,ROKU,-1.25,0,2,2
2019-02-02,ROKU,1.5,0,4,3
2019-02-16,ROKU,-1.5,0,3,3
2019-03-02,ROKU,-0.5,0,1,1
2019-03-09,ROKU,-1.0,0,2,1
2019-03-23,ROKU,-0.5,1,2,2
2019-04-13,ROKU,-4.0,1,9,6
2019-05-04,ROKU,0.0,0,9,7
2019-05-11,ROKU,-0.5,0,1,1
2019-05-25,ROKU,0.0,0,1,1
2019-06-08,ROKU,-1.75,2,7,5
2019-06-15,ROKU,-2.75,0,7,4
2019-07-13,ROKU,-0.5,0,1,1
2019-07-27,ROKU,-0.38,0,1,1
2019-08-03,ROKU,-1.0,0,4,4
2019-08-10,ROKU,0.75,0,3,3
2019-08-24,ROKU,-0.5,1,9,6
2019-08-31,ROKU,-0.5,0,2,2
2019-09-07,ROKU,0.5,0,3,2
2019-09-14,ROKU,-4.0,0,11,7
2019-09-21,ROKU,-2.75,1,8,6
2019-10-12,ROKU,-2.0,0,6,5
2019-10-26,ROKU,0.0,0,1,1
2019-11-02,ROKU,1.0,0,3,3
2019-11-09,ROKU,-1.0,2,4,2
2019-11-16,ROKU,-0.75,1,10,6
2019-11-23,ROKU,0.5,0,1,1
2019-12-07,ROKU,-0.25,1,2,2
2019-12-14,ROKU,-2.0,3,4,2
2019-12-21,ROKU,-0.75,1,5,2
2019-12-28,ROKU,0.5,0,3,3
2020-01-04,ROKU,-2.0,0,4,2
2020-01-11,ROKU,0.5,0,1,1
2020-01-18,ROKU,0.5,0,1,1
2020-01-25,ROKU,1.0,0,2,1
2020-02-08,ROKU,0.0,0,5,4
2020-02-15,ROKU,-1.0,0,2,2
2020-02-22,ROKU,1.0,0,2,1
2020-03-07,ROKU,-0.5,0,3,1
2020-03-21,ROKU,3.0,1,8,2
2020-03-28,ROKU,0.25,0,1,1
2020-04-04,ROKU,0.0,0,1,1
2020-04-11,ROKU,0.5,0,1,1
2020-04-18,ROKU,-1.0,0,2,1
2020-04-25,ROKU,-0.25,0,8,6
2020-05-09,ROKU,2.25,0,14,9
2020-05-16,ROKU,1.38,0,3,3
2020-05-23,ROKU,0.75,0,2,2
2020-05-30,ROKU,-1.5,0,5,5
2020-06-06,ROKU,0.0,0,2,1
2020-06-27,ROKU,-0.5,0,1,1
2020-07-04,ROKU,-0.5,0,1,1
2020-07-11,ROKU,-0.25,0,15,12
2020-07-25,ROKU,0.5,0,1,1
2020-08-01,ROKU,1.25,1,7,6
2020-08-08,ROKU,1.0,0,2,1
2020-08-15,ROKU,0.25,0,1,1
2020-08-29,ROKU,0.0,0,2,2
2020-09-05,ROKU,-0.5,0,3,2
2020-09-19,ROKU,-1.5,0,3,1
2020-09-26,ROKU,1.5,0,7,4
2020-10-03,ROKU,0.0,0,4,4
2020-10-10,ROKU,-1.25,0,3,3
2020-10-24,ROKU,-1.0,0,3,2
2020-10-31,ROKU,-1.0,0,2,1
2020-11-14,ROKU,1.0,0,4,2
2020-11-28,ROKU,0.0,0,3,3
2020-12-05,ROKU,-1.5,1,8,7
2020-12-12,ROKU,0.0,0,11,8
2020-12-19,ROKU,2.25,0,6,4
2020-12-26,ROKU,-1.88,2,6,4
2021-01-02,ROKU,0.87,0,3,1
2021-01-09,ROKU,2.0,0,16,9
2021-01-16,ROKU,-0.75,0,3,2
2021-01-23,ROKU,0.75,1,8,5
2021-01-30,ROKU,1.0,1,5,2
2021-02-06,ROKU,-3.0,0,7,4
2021-02-13,ROKU,0.0,0,2,2
2021-02-20,ROKU,4.5,1,13,6
2021-02-27,ROKU,-2.25,2,9,3
2021-03-06,ROKU,-5.75,2,32,20
2021-03-13,ROKU,-1.0,0,4,2
2021-04-03,ROKU,-0.5,0,3,2
2021-04-10,ROKU,-0.5,0,2,2
2021-04-17,ROKU,0.25,1,2,1
2021-04-24,ROKU,-0.75,1,2,2
2021-05-01,ROKU,-5.25,5,13,7
2021-05-08,ROKU,0.5,0,1,1
2021-05-22,ROKU,-1.0,0,4,3
2021-05-29,ROKU,-1.0,0,4,2
2021-07-03,ROKU,1.5,0,3,2
2021-07-17,ROKU,-2.25,0,3,1
2021-07-31,ROKU,0.5,0,18,14
2021-08-07,ROKU,-2.63,2,9,3
2021-09-11,ROKU,0.5,0,3,1
2021-10-30,ROKU,-3.25,0,7,4
2021-11-13,ROKU,-0.5,0,1,1
2021-12-04,ROKU,4.25,0,10,3
2021-12-18,ROKU,-0.5,0,1,1
2022-01-01,ROKU,0.0,0,3,1
2022-02-05,ROKU,-0.5,0,2,2
2022-02-12,ROKU,-0.75,0,2,2
2022-02-19,ROKU,1.5,0,7,3
2022-03-05,ROKU,-1.5,0,3,1
2022-04-16,ROKU,-0.5,0,1,1
2022-04-30,ROKU,-0.5,0,2,2
2022-05-28,ROKU,-4.5,1,9,7
2022-07-23,ROKU,0.0,0,2,2
2022-07-30,ROKU,-0.75,0,2,2
2022-10-08,ROKU,-0.5,0,1,1
2022-10-29,ROKU,-0.5,0,1,1
2022-12-03,ROKU,0.25,0,2,1
2022-12-17,ROKU,-1.5,0,4,1
2023-02-18,ROKU,-0.5,0,1,1
2023-03-04,ROKU,0.0,0,1,1
2023-03-11,ROKU,-10.25,2,20,13
2023-04-08,ROKU,0.5,0,1,1
2023-04-22,ROKU,-0.5,0,1,1
2023-06-03,ROKU,-2.0,0,4,2
2023-07-29,ROKU,-0.5,0,1,1
2023-08-12,ROKU,-2.25,0,4,2
2023-08-19,ROKU,-0.25,0,4,2
2023-09-02,ROKU,0.5,0,1,1
2023-09-16,ROKU,-0.5,0,1,1
2023-09-23,ROKU,0.5,0,1,1
2023-10-07,ROKU,-1.5,0,3,1
2024-02-03,ROKU,-0.5,0,3,2
2024-02-10,ROKU,-0.5,0,1,1
2024-03-30,ROKU,-1.0,0,7,4
2024-04-06,ROKU,0.5,0,7,4
2024-05-25,ROKU,0.0,0,1,1
2024-08-31,ROKU,-1.0,0,2,1
2024-11-09,ROKU,-0.75,0,4,2
2025-02-01,ROKU,-0.25,0,3,2
2025-02-15,ROKU,-1.25,0,3,2
2025-05-31,ROKU,0.25,0,1,1
2025-06-14,ROKU,-0.25,1,1,1
2025-06-28,ROKU,-0.25,0,1,1
2025-07-12,ROKU,-1.5,1,3,2
2025-08-09,ROKU,0.0,1,2,1
2025-08-16,ROKU,-0.5,0,3,2
2025-09-13,ROKU,0.5,0,1,1
2025-11-29,ROKU,1.0,0,3,1
2026-06-13,ROKU,-0.5,0,1,1
2026-06-27,ROKU,-0.5,0,1,1
2018-01-06,SBUX,-1.0,0,2,2
2018-01-13,SBUX,-4.75,0,8,4
2018-01-20,SBUX,-1.0,1,4,3
2018-01-27,SBUX,-3.25,3,9,6
2018-02-03,SBUX,-2.25,0,4,2
2018-02-17,SBUX,-0.75,0,2,2
2018-02-24,SBUX,0.0,0,5,4
2018-03-03,SBUX,-1.25,0,3,3
2018-03-10,SBUX,0.0,0,1,1
2018-03-24,SBUX,0.0,0,1,1
2018-04-14,SBUX,-4.5,0,11,4
2018-05-05,SBUX,-2.0,0,5,2
2018-05-12,SBUX,0.0,0,1,1
2018-05-19,SBUX,0.0,0,5,2
2018-06-02,SBUX,-4.63,3,16,10
2018-06-16,SBUX,-15.0,6,39,21
2018-06-23,SBUX,3.12,1,16,9
2018-06-30,SBUX,-2.75,1,7,4
2018-07-07,SBUX,-2.0,0,4,2
2018-07-21,SBUX,-1.0,0,2,2
2018-08-04,SBUX,1.0,0,2,1
2018-08-11,SBUX,-4.0,0,7,2
2018-08-18,SBUX,0.25,0,5,2
2018-09-01,SBUX,-0.5,0,3,3
2018-09-08,SBUX,-0.75,2,11,6
2018-09-15,SBUX,-1.0,0,2,2
2018-10-06,SBUX,-4.62,0,21,21
2018-10-13,SBUX,1.5,0,4,2
2018-10-20,SBUX,-1.25,0,4,4
2018-10-27,SBUX,0.0,0,5,4
2018-11-03,SBUX,0.5,0,5,3
2018-11-10,SBUX,-8.25,0,24,17
2018-11-17,SBUX,-0.5,0,2,1
2018-11-24,SBUX,-1.75,0,4,2
2018-12-01,SBUX,-2.0,0,4,3
2018-12-08,SBUX,0.0,0,3,3
2018-12-15,SBUX,-2.0,0,4,4
2018-12-29,SBUX,-1.0,0,2,1
2019-01-05,SBUX,-3.0,1,8,4
2019-01-12,SBUX,0.0,0,1,1
2019-01-19,SBUX,-1.38,1,3,1
2019-01-26,SBUX,-0.5,0,1,1
2019-02-02,SBUX,0.0,0,1,1
2019-02-09,SBUX,-1.5,0,6,6
2019-02-16,SBUX,-1.0,0,3,2
2019-02-23,SBUX,-1.25,0,2,1
2019-03-02,SBUX,-0.5,0,1,1
2019-03-09,SBUX,-1.25,0,2,2
2019-03-16,SBUX,-0.5,0,1,1
2019-03-23,SBUX,-3.5,0,7,6
2019-03-30,SBUX,-2.5,0,5,2
2019-04-06,SBUX,-0.5,0,1,1
2019-04-13,SBUX,-2.0,0,5,4
2019-04-20,SBUX,-0.75,0,1,1
2019-04-27,SBUX,-0.5,0,1,1
2019-05-11,SBUX,-2.75,0,7,4
2019-05-18,SBUX,-4.25,0,9,7
2019-06-15,SBUX,-2.5,0,5,3
2019-06-22,SBUX,-1.5,0,11,5
2019-06-29,SBUX,-0.5,0,1,1
2019-07-13,SBUX,0.75,0,7,4
2019-07-20,SBUX,-2.5,0,11,8
2019-07-27,SBUX,-0.5,0,2,2
2019-08-03,SBUX,-0.5,0,1,1
2019-08-10,SBUX,-1.0,0,2,2
2019-08-17,SBUX,-0.25,0,1,1
2019-08-24,SBUX,0.5,0,5,4
2019-08-31,SBUX,-0.5,0,1,1
2019-09-07,SBUX,-0.5,0,1,1
2019-09-21,SBUX,-2.5,2,20,11
2019-09-28,SBUX,-9.0,0,13,6
2019-10-12,SBUX,-1.5,0,5,4
2019-10-19,SBUX,-1.0,0,6,5
2019-10-26,SBUX,-5.25,0,12,8
2019-11-02,SBUX,-1.0,1,6,6
2019-11-09,SBUX,-1.0,0,6,3
2019-11-16,SBUX,-3.0,0,8,2
2019-11-23,SBUX,-0.5,0,1,1
2019-12-07,SBUX,-1.5,0,3,2
2019-12-14,SBUX,-0.5,0,1,1
2019-12-21,SBUX,-0.5,0,2,2
2019-12-28,SBUX,-0.5,0,1,1
2020-01-04,SBUX,0.5,0,1,1
2020-01-11,SBUX,-2.0,0,6,5
2020-01-25,SBUX,-1.0,2,4,3
2020-02-01,SBUX,-0.75,0,1,1
2020-02-08,SBUX,1.25,1,11,6
2020-02-15,SBUX,-2.5,0,7,4
2020-02-22,SBUX,-0.25,0,6,6
2020-02-29,SBUX,0.5,0,3,3
2020-03-07,SBUX,-4.0,6,13,7
2020-03-14,SBUX,-5.75,0,15,10
2020-03-21,SBUX,-8.75,0,19,9
2020-03-28,SBUX,-0.75,0,19,11
2020-04-04,SBUX,-11.879999999999999,2,36,24
2020-04-11,SBUX,-1.5,0,7,4
2020-04-18,SBUX,-2.0,0,7,4
2020-04-25,SBUX,-1.0,1,13,7
2020-05-02,SBUX,-2.75,0,6,4
2020-05-09,SBUX,-2.75,0,9,8
2020-05-16,SBUX,-8.0,1,22,9
2020-05-23,SBUX,-2.25,1,8,6
2020-05-30,SBUX,-6.0,3,16,5
2020-06-06,SBUX,2.0,0,11,6
2020-06-13,SBUX,0.5,0,4,1
2020-06-20,SBUX,-2.5,0,13,7
2020-06-27,SBUX,-1.0,0,8,5
2020-07-04,SBUX,-0.25,0,3,2
2020-07-11,SBUX,-2.75,0,6,4
2020-07-18,SBUX,2.0,0,5,2
2020-07-25,SBUX,0.25,0,3,3
2020-08-01,SBUX,-0.5,0,7,3
2020-08-08,SBUX,-0.5,0,1,1
2020-08-22,SBUX,-0.5,0,1,1
2020-08-29,SBUX,2.0,0,3,1
2020-09-05,SBUX,-1.0,0,2,2
2020-09-12,SBUX,-1.0,1,6,3
2020-09-26,SBUX,-0.75,0,6,3
2020-10-03,SBUX,0.5,0,1,1
2020-10-17,SBUX,-0.5,0,1,1
2020-10-24,SBUX,-0.5,0,1,1
2020-10-31,SBUX,0.0,0,1,1
2020-11-07,SBUX,-4.38,0,10,4
2020-11-14,SBUX,-0.5,1,1,1
2020-11-28,SBUX,-1.75,0,5,3
2020-12-05,SBUX,-0.5,0,3,2
2020-12-12,SBUX,-0.5,0,1,1
2020-12-19,SBUX,0.5,0,1,1
2020-12-26,SBUX,-2.25,0,5,4
2021-01-02,SBUX,1.5,1,9,4
2021-01-09,SBUX,-2.0,0,4,1
2021-01-16,SBUX,0.0,1,7,4
2021-01-23,SBUX,-0.5,0,3,2
2021-01-30,SBUX,-2.0,1,8,4
2021-02-06,SBUX,-1.5,0,5,3
2021-02-13,SBUX,0.5,0,3,2
2021-02-20,SBUX,-0.75,0,8,5
2021-02-27,SBUX,1.5,0,10,4
2021-03-06,SBUX,0.0,0,2,1
2021-03-13,SBUX,-0.5,0,1,1
2021-03-20,SBUX,-0.5,0,1,1
2021-03-27,SBUX,-1.0,0,2,1
2021-04-03,SBUX,-2.0,0,4,3
2021-04-17,SBUX,-0.5,0,1,1
2021-04-24,SBUX,-1.0,0,2,2
2021-05-08,SBUX,-0.75,0,5,3
2021-05-15,SBUX,-2.0,0,5,4
2021-06-05,SBUX,-3.25,0,9,4
2021-06-12,SBUX,1.0,0,2,1
2021-06-19,SBUX,0.0,0,1,1
2021-06-26,SBUX,-0.5,0,1,1
2021-07-03,SBUX,-1.0,0,4,4
2021-07-10,SBUX,0.0,0,2,1
2021-07-24,SBUX,-4.0,0,7,3
2021-08-21,SBUX,-1.25,0,2,2
2021-09-18,SBUX,-0.5,0,1,1
2021-09-25,SBUX,-0.5,0,1,1
2021-10-02,SBUX,-2.0,2,4,2
2021-10-09,SBUX,-2.75,0,5,1
2021-10-23,SBUX,-1.0,0,2,1
2021-11-06,SBUX,0.0,0,1,1
2021-11-13,SBUX,-3.75,0,9,6
2021-11-20,SBUX,-1.5,0,3,2
2021-11-27,SBUX,-0.25,0,1,1
2021-12-25,SBUX,-1.0,0,2,1
2022-01-08,SBUX,-2.5,0,6,2
2022-01-15,SBUX,0.75,0,5,4
2022-01-22,SBUX,0.5,0,4,1
2022-01-29,SBUX,-24.25,0,70,51
2022-02-05,SBUX,-2.5,1,5,3
2022-02-19,SBUX,0.5,0,1,1
2022-03-05,SBUX,-2.75,1,5,4
2022-03-12,SBUX,0.0,0,1,1
2022-03-19,SBUX,-1.5,0,3,1
2022-03-26,SBUX,0.0,0,1,1
2022-04-02,SBUX,-0.5,0,1,1
2022-04-09,SBUX,-1.0,0,2,2
2022-04-23,SBUX,-0.5,0,1,1
2022-04-30,SBUX,-1.25,0,4,4
2022-05-14,SBUX,-3.25,0,5,4
2022-05-21,SBUX,-0.5,0,1,1
2022-05-28,SBUX,-1.0,0,2,1
2022-06-04,SBUX,-11.25,0,21,13
2022-06-11,SBUX,-0.5,0,2,2
2022-06-25,SBUX,-1.5,0,7,3
2022-08-20,SBUX,-0.75,0,2,2
2022-08-27,SBUX,0.5,0,1,1
2022-09-03,SBUX,-1.0,0,2,1
2022-09-10,SBUX,-0.5,0,2,2
2022-09-17,SBUX,-0.5,0,2,1
2022-10-01,SBUX,0.5,0,1,1
2022-10-15,SBUX,0.0,0,3,1
2022-10-22,SBUX,-2.0,0,4,1
2022-11-05,SBUX,-0.5,0,1,1
2022-11-12,SBUX,-4.0,0,7,2
2022-11-26,SBUX,-3.0,0,4,1
2022-12-03,SBUX,-0.5,0,1,1
2022-12-17,SBUX,-1.0,0,4,2
2023-01-21,SBUX,-0.5,0,1,1
2023-02-11,SBUX,-0.25,0,1,1
2023-02-25,SBUX,-0.75,0,1,1
2023-03-04,SBUX,-4.25,2,8,2
2023-05-27,SBUX,-1.0,0,2,1
2023-06-17,SBUX,0.0,0,6,5
2023-06-24,SBUX,0.0,0,6,3
2023-07-15,SBUX,0.5,0,1,1
2023-07-29,SBUX,-3.0,0,10,2
2023-08-12,SBUX,-3.75,0,7,1
2023-08-26,SBUX,-0.5,0,1,1
2023-09-09,SBUX,-1.75,1,4,4
2023-09-16,SBUX,-2.0,0,3,2
2023-09-23,SBUX,1.0,0,4,2
2023-10-14,SBUX,-0.5,0,1,1
2023-10-21,SBUX,2.75,0,5,3
2023-10-28,SBUX,-1.5,1,3,2
2023-11-11,SBUX,-1.5,0,3,2
2023-12-02,SBUX,-0.5,0,1,1
2023-12-23,SBUX,0.25,0,1,1
2024-01-20,SBUX,-4.0,0,7,3
2024-01-27,SBUX,1.5,2,6,2
2024-02-03,SBUX,-0.25,0,4,4
2024-02-10,SBUX,-6.25,0,19,11
2024-02-17,SBUX,0.75,0,4,3
2024-02-24,SBUX,-1.5,0,4,2
2024-03-02,SBUX,1.0,0,3,2
2024-03-09,SBUX,-0.75,0,1,1
2024-03-16,SBUX,1.0,0,4,2
2024-03-30,SBUX,0.0,1,2,1
2024-04-06,SBUX,0.5,0,1,1
2024-04-13,SBUX,-1.5,0,4,2
2024-04-27,SBUX,-7.25,0,16,7
2024-05-04,SBUX,-1.0,0,6,4
2024-05-11,SBUX,0.0,0,3,2
2024-06-15,SBUX,-2.0,0,6,2
2024-06-22,SBUX,-0.5,0,1,1
2024-06-29,SBUX,-1.75,0,7,3
2024-07-06,SBUX,-0.5,0,1,1
2024-07-27,SBUX,0.0,0,2,2
2024-08-10,SBUX,-2.25,0,13,8
2024-08-17,SBUX,-0.5,0,1,1
2024-11-23,SBUX,-0.5,0,1,1
2024-11-30,SBUX,-0.5,0,1,1
2024-12-07,SBUX,-1.5,0,2,1
2024-12-14,SBUX,0.5,0,1,1
2025-01-04,SBUX,-1.0,0,2,2
2025-01-25,SBUX,-0.5,0,1,1
2025-02-08,SBUX,-0.5,0,1,1
2025-02-15,SBUX,-0.5,0,1,1
2025-02-22,SBUX,-2.5,0,4,2
2025-03-01,SBUX,-0.5,0,5,3
2025-03-08,SBUX,0.5,0,1,1
2025-03-29,SBUX,-2.25,0,3,1
2025-04-05,SBUX,-0.5,0,1,1
2025-04-12,SBUX,-0.5,0,1,1
2025-04-19,SBUX,-1.0,0,4,4
2025-05-10,SBUX,0.5,0,1,1
2025-06-07,SBUX,-0.5,0,1,1
2025-06-14,SBUX,-2.0,0,4,2
2025-06-21,SBUX,-1.5,0,3,2
2025-06-28,SBUX,-0.5,0,1,1
2025-07-05,SBUX,-0.5,0,1,1
2025-07-12,SBUX,-1.5,0,2,1
2025-07-26,SBUX,-1.0,0,2,2
2025-08-02,SBUX,-1.0,0,2,1
2025-08-09,SBUX,-0.5,0,3,2
2025-08-16,SBUX,-0.5,0,4,1
2025-08-30,SBUX,-0.5,0,1,1
2025-09-13,SBUX,-0.5,0,2,1
2025-09-20,SBUX,0.0,0,1,1
2025-09-27,SBUX,-1.5,0,3,2
2025-10-04,SBUX,-1.5,0,3,2
2025-10-18,SBUX,0.5,0,1,1
2025-10-25,SBUX,-0.5,0,1,1
2025-11-01,SBUX,-0.5,0,1,1
2025-11-08,SBUX,-0.5,0,1,1
2025-12-06,SBUX,0.0,0,2,2
2025-12-13,SBUX,-11.0,0,18,7
2026-01-31,SBUX,-0.5,0,1,1
2026-02-07,SBUX,-2.0,0,4,2
2026-02-14,SBUX,-0.75,0,1,1
2026-02-28,SBUX,-0.5,0,1,1
2026-03-28,SBUX,-2.0,0,3,1
2026-04-25,SBUX,1.0,2,5,1
2026-05-02,SBUX,-12.25,1,26,13
2026-05-23,SBUX,-0.5,0,1,1
2026-05-30,SBUX,2.5,0,5,1
2026-06-06,SBUX,-1.0,0,2,1
2026-06-20,SBUX,-1.0,0,2,2
2017-12-30,SHOP,0.5,0,4,1
2018-01-06,SHOP,-1.25,0,2,2
2018-01-20,SHOP,0.0,0,1,1
2018-01-27,SHOP,-0.75,0,1,1
2018-02-03,SHOP,-0.5,0,1,1
2018-02-10,SHOP,-1.0,0,2,1
2018-02-24,SHOP,0.25,0,1,1
2018-03-03,SHOP,0.25,0,2,2
2018-03-10,SHOP,-1.0,2,2,1
2018-03-24,SHOP,0.25,0,1,1
2018-04-14,SHOP,0.0,0,2,1
2018-05-12,SHOP,1.0,0,2,1
2018-05-19,SHOP,0.5,0,1,1
2018-05-26,SHOP,0.5,0,1,1
2018-06-16,SHOP,-3.5,0,8,3
2018-06-23,SHOP,1.0,0,5,5
2018-06-30,SHOP,-1.13,2,3,1
2018-07-07,SHOP,1.0,0,2,1
2018-07-14,SHOP,-1.0,0,4,2
2018-07-21,SHOP,-1.0,1,3,3
2018-07-28,SHOP,-0.25,0,6,5
2018-08-04,SHOP,-1.5,3,5,2
2018-09-22,SHOP,1.5,0,3,2
2018-09-29,SHOP,0.0,0,1,1
2018-10-20,SHOP,-0.5,0,1,1
2018-10-27,SHOP,-0.5,0,1,1
2018-11-10,SHOP,-0.75,0,4,2
2018-11-17,SHOP,0.25,0,1,1
2018-12-15,SHOP,-0.5,0,1,1
2018-12-22,SHOP,-0.5,0,1,1
2019-01-12,SHOP,0.0,0,1,1
2019-02-23,SHOP,-1.0,2,2,1
2019-03-16,SHOP,1.0,0,4,2
2019-03-23,SHOP,-0.5,0,1,1
2019-04-27,SHOP,1.63,1,8,6
2019-05-04,SHOP,0.0,0,5,2
2019-05-18,SHOP,0.5,0,1,1
2019-06-15,SHOP,-0.5,1,5,4
2019-06-22,SHOP,0.5,0,1,1
2019-07-20,SHOP,1.0,0,4,2
2019-07-27,SHOP,-2.75,3,7,3
2019-08-03,SHOP,-2.25,0,5,3
2019-08-10,SHOP,-0.5,0,7,3
2019-08-17,SHOP,-0.25,0,3,2
2019-08-31,SHOP,1.0,0,2,1
2019-09-07,SHOP,-1.75,1,10,4
2019-09-14,SHOP,1.0,0,2,2
2019-09-21,SHOP,-0.5,0,2,1
2019-10-05,SHOP,-0.5,0,1,1
2019-10-12,SHOP,-0.25,0,1,1
2019-10-19,SHOP,-0.25,0,2,2
2019-10-26,SHOP,-3.0,2,5,2
2019-11-02,SHOP,-1.75,0,4,2
2019-11-09,SHOP,0.25,0,1,1
2019-11-16,SHOP,0.0,0,2,2
2019-11-23,SHOP,-1.5,0,3,1
2019-11-30,SHOP,-3.5,0,7,3
2019-12-21,SHOP,1.0,0,2,1
2020-01-04,SHOP,-0.5,0,1,1
2020-01-11,SHOP,-0.5,0,1,1
2020-01-18,SHOP,-0.5,0,2,2
2020-01-25,SHOP,-0.5,0,1,1
2020-02-01,SHOP,-0.25,1,4,2
2020-02-08,SHOP,-4.25,0,15,12
2020-02-15,SHOP,2.0,0,8,6
2020-02-22,SHOP,-0.5,0,4,2
2020-02-29,SHOP,-1.0,0,2,1
2020-03-21,SHOP,-1.25,0,5,4
2020-03-28,SHOP,0.5,0,1,1
2020-04-11,SHOP,-2.25,0,21,14
2020-04-18,SHOP,5.0,0,16,7
2020-04-25,SHOP,-0.25,0,9,6
2020-05-02,SHOP,-1.0,0,19,11
2020-05-09,SHOP,-2.38,0,11,7
2020-05-16,SHOP,-1.5,0,12,10
2020-05-23,SHOP,2.0,2,31,16
2020-05-30,SHOP,1.0,1,10,7
2020-06-06,SHOP,1.0,0,2,1
2020-06-13,SHOP,8.0,0,20,10
2020-06-20,SHOP,0.0,0,2,2
2020-06-27,SHOP,-1.5,1,3,3
2020-07-04,SHOP,2.0,0,12,8
2020-07-11,SHOP,-1.75,1,19,13
2020-07-18,SHOP,-1.5,0,3,3
2020-07-25,SHOP,3.0,0,19,11
2020-08-01,SHOP,-1.5,0,4,4
2020-08-08,SHOP,-0.5,0,2,2
2020-08-15,SHOP,2.0,0,10,5
2020-08-22,SHOP,0.5,1,9,7
2020-08-29,SHOP,-0.5,2,19,10
2020-09-05,SHOP,-4.75,0,12,8
2020-09-12,SHOP,1.0,0,3,2
2020-09-19,SHOP,0.5,0,3,2
2020-10-03,SHOP,0.75,0,8,4
2020-10-17,SHOP,-0.5,1,3,2
2020-10-24,SHOP,1.0,0,4,3
2020-10-31,SHOP,0.5,0,6,4
2020-11-07,SHOP,-0.5,0,1,1
2020-11-21,SHOP,-1.5,0,4,2
2020-11-28,SHOP,-0.25,0,8,6
2020-12-12,SHOP,-1.5,1,8,4
2020-12-19,SHOP,-1.5,1,3,3
2020-12-26,SHOP,-0.5,1,1,1
2021-01-02,SHOP,-0.5,0,1,1
2021-01-09,SHOP,0.0,0,8,6
2021-01-16,SHOP,0.25,0,7,4
2021-01-23,SHOP,-2.0,0,4,2
2021-02-06,SHOP,-1.0,2,7,4
2021-02-13,SHOP,1.0,2,14,8
2021-02-20,SHOP,2.0,1,12,6
2021-02-27,SHOP,4.25,0,17,6
2021-03-06,SHOP,-2.0,0,12,6
2021-03-13,SHOP,0.5,0,2,2
2021-03-20,SHOP,0.0,0,1,1
2021-03-27,SHOP,-2.0,0,4,1
2021-04-24,SHOP,0.75,0,9,7
2021-05-01,SHOP,-1.5,0,3,2
2021-05-08,SHOP,-0.25,1,4,3
2021-05-29,SHOP,-0.5,0,1,1
2021-06-05,SHOP,-2.0,0,5,2
2021-06-19,SHOP,0.0,0,4,2
2021-07-03,SHOP,2.25,0,8,4
2021-07-10,SHOP,0.5,0,5,4
2021-07-17,SHOP,0.25,0,3,1
2021-07-24,SHOP,0.5,0,1,1
2021-07-31,SHOP,0.5,1,6,3
2021-08-21,SHOP,-0.5,0,1,1
2021-08-28,SHOP,0.5,0,1,1
2021-09-25,SHOP,-0.5,1,1,1
2021-10-02,SHOP,-0.25,0,5,2
2021-10-09,SHOP,-0.5,0,1,1
2021-10-23,SHOP,2.0,0,4,2
2021-10-30,SHOP,1.0,0,2,2
2021-11-20,SHOP,-0.75,1,3,2
2021-11-27,SHOP,-1.0,2,7,3
2022-01-01,SHOP,-1.5,0,3,1
2022-01-08,SHOP,-2.0,2,6,3
2022-01-15,SHOP,-0.5,0,2,2
2022-01-22,SHOP,-1.5,0,4,4
2022-01-29,SHOP,-0.5,0,1,1
2022-02-05,SHOP,-0.25,0,2,1
2022-02-12,SHOP,0.0,0,2,1
2022-02-19,SHOP,-0.5,0,4,4
2022-03-05,SHOP,-0.75,0,1,1
2022-04-23,SHOP,-4.0,0,8,3
2022-04-30,SHOP,-1.5,0,3,2
2022-05-14,SHOP,-3.75,1,12,9
2022-05-21,SHOP,-2.0,0,3,1
2022-05-28,SHOP,-0.5,0,2,1
2022-06-04,SHOP,-1.5,0,7,2
2022-06-11,SHOP,1.0,0,2,1
2022-07-23,SHOP,-9.75,0,25,9
2022-09-10,SHOP,-0.5,0,2,1
2022-10-01,SHOP,0.5,0,1,1
2022-10-08,SHOP,-1.25,0,4,2
2022-11-26,SHOP,0.5,0,12,3
2022-12-03,SHOP,-0.5,0,1,1
2023-03-18,SHOP,-0.5,0,1,1
2023-04-08,SHOP,-0.5,0,1,1
2023-05-13,SHOP,0.0,0,1,1
2023-05-20,SHOP,0.0,0,2,1
2023-06-10,SHOP,-2.75,0,6,5
2023-08-19,SHOP,-0.75,0,2,2
2023-08-26,SHOP,1.0,0,2,1
2023-09-16,SHOP,-0.75,0,1,1
2023-12-16,SHOP,-0.5,0,1,1
2024-03-16,SHOP,-2.0,2,4,2
2024-06-01,SHOP,-0.5,0,1,1
2024-07-06,SHOP,-0.5,0,1,1
2024-08-10,SHOP,0.5,0,1,1
2024-08-17,SHOP,0.5,0,1,1
2024-09-28,SHOP,0.5,0,1,1
2024-10-19,SHOP,-0.5,1,1,1
2024-11-09,SHOP,-0.75,0,3,1
2024-11-23,SHOP,0.5,0,1,1
2025-02-01,SHOP,-3.75,5,9,3
2025-03-08,SHOP,-0.5,0,1,1
2025-03-29,SHOP,-1.0,0,2,1
2025-04-05,SHOP,0.0,0,4,1
2025-05-24,SHOP,-2.0,0,4,3
2025-08-02,SHOP,0.0,0,3,2
2025-09-13,SHOP,1.5,0,2,1
2025-10-25,SHOP,0.0,0,1,1
2025-11-22,SHOP,0.62,0,1,1
2026-01-31,SHOP,0.5,0,5,2
2026-02-14,SHOP,0.25,0,2,1
2026-04-04,SHOP,0.5,0,1,1
2026-05-23,SHOP,0.0,0,2,2
2017-12-30,SNOW,0.25,0,2,2
2018-01-27,SNOW,-1.0,0,2,1
2018-02-03,SNOW,-0.5,0,1,1
2018-02-10,SNOW,-0.5,0,1,1
2018-02-24,SNOW,-3.5,0,6,3
2018-03-03,SNOW,-5.0,1,8,3
2018-03-17,SNOW,-1.0,0,2,2
2018-03-24,SNOW,-1.5,0,3,3
2018-03-31,SNOW,-0.5,0,1,1
2018-04-07,SNOW,-1.0,0,6,3
2018-04-14,SNOW,-0.5,0,1,1
2018-06-02,SNOW,-0.5,0,1,1
2018-06-16,SNOW,-0.5,0,1,1
2018-06-30,SNOW,1.0,0,2,1
2018-08-04,SNOW,-2.25,0,3,1
2018-08-18,SNOW,-0.75,0,1,1
2018-09-15,SNOW,-0.5,0,1,1
2018-09-29,SNOW,-1.0,0,2,2
2018-10-06,SNOW,-0.5,0,1,1
2018-10-13,SNOW,0.25,0,1,1
2018-12-01,SNOW,-0.75,0,1,1
2018-12-08,SNOW,-1.5,0,3,1
2018-12-15,SNOW,-0.5,0,1,1
2018-12-22,SNOW,-1.5,0,3,1
2018-12-29,SNOW,-0.5,0,1,1
2019-01-05,SNOW,0.5,0,1,1
2019-01-12,SNOW,0.0,0,1,1
2019-02-16,SNOW,-1.0,0,2,1
2019-03-02,SNOW,-2.0,0,3,1
2019-03-16,SNOW,-1.0,0,2,1
2019-04-06,SNOW,-0.5,0,1,1
2019-04-13,SNOW,-0.75,0,1,1
2019-04-27,SNOW,-0.75,0,1,1
2019-06-08,SNOW,-0.5,0,1,1
2019-08-10,SNOW,-0.5,0,1,1
2019-08-17,SNOW,-0.75,0,1,1
2019-09-07,SNOW,-1.5,0,2,1
2019-09-28,SNOW,-1.5,0,2,1
2019-11-02,SNOW,-1.0,0,2,2
2019-11-09,SNOW,-0.5,0,1,1
2019-11-16,SNOW,-1.0,0,2,2
2019-11-30,SNOW,-1.0,0,2,1
2019-12-21,SNOW,-0.5,0,1,1
2020-01-04,SNOW,0.0,0,2,1
2020-01-11,SNOW,-1.0,0,2,1
2020-01-18,SNOW,-0.5,0,1,1
2020-02-08,SNOW,-1.0,0,2,1
2020-02-22,SNOW,-0.75,0,1,1
2020-02-29,SNOW,-1.5,0,3,2
2020-03-07,SNOW,-4.0,0,6,4
2020-03-14,SNOW,-2.5,0,4,4
2020-03-21,SNOW,-3.0,0,5,3
2020-04-04,SNOW,-1.5,0,2,1
2020-04-11,SNOW,-4.5,0,6,2
2020-04-18,SNOW,-1.75,0,3,1
2020-04-25,SNOW,-0.75,0,1,1
2020-05-09,SNOW,-3.5,0,6,2
2020-05-16,SNOW,-0.75,0,1,1
2020-05-30,SNOW,-0.5,1,1,1
2020-06-06,SNOW,1.5,1,8,6
2020-06-13,SNOW,-0.5,0,1,1
2020-06-20,SNOW,-2.25,0,3,1
2020-06-27,SNOW,1.25,0,7,5
2020-07-04,SNOW,-1.75,0,8,6
2020-07-11,SNOW,-1.0,0,2,1
2020-07-25,SNOW,-0.5,0,9,5
2020-08-08,SNOW,-1.5,0,5,2
2020-08-22,SNOW,0.5,1,11,8
2020-09-05,SNOW,1.25,1,14,11
2020-09-12,SNOW,-10.379999999999999,4,79,58
2020-09-19,SNOW,-4.0,0,13,8
2020-09-26,SNOW,-0.5,0,2,2
2020-10-03,SNOW,-2.25,0,4,3
2020-10-24,SNOW,-0.5,0,2,2
2020-11-07,SNOW,-1.5,0,3,3
2020-11-14,SNOW,-1.75,0,9,5
2020-11-21,SNOW,-3.25,1,12,8
2020-11-28,SNOW,0.0,0,2,2
2020-12-05,SNOW,-6.0,0,28,19
2020-12-12,SNOW,-1.5,0,3,2
2020-12-19,SNOW,0.0,0,6,4
2021-01-02,SNOW,0.25,0,1,1
2021-01-09,SNOW,-3.0,0,6,3
2021-01-16,SNOW,-1.0,0,4,3
2021-01-23,SNOW,-2.75,0,5,4
2021-01-30,SNOW,-0.5,0,5,2
2021-02-06,SNOW,-0.5,0,3,3
2021-02-13,SNOW,0.0,0,3,3
2021-02-20,SNOW,-6.0,0,12,4
2021-02-27,SNOW,-1.0,0,5,5
2021-03-06,SNOW,-3.5,0,5,2
2021-03-27,SNOW,-1.0,0,2,1
2021-04-10,SNOW,-1.0,0,2,1
2021-05-08,SNOW,-0.5,0,1,1
2021-05-15,SNOW,-4.0,0,7,5
2021-05-22,SNOW,-1.75,0,8,4
2021-05-29,SNOW,-1.0,0,2,1
2021-06-12,SNOW,-0.5,0,1,1
2021-08-21,SNOW,1.0,0,2,1
2021-09-04,SNOW,-0.5,0,1,1
2021-09-25,SNOW,1.0,0,5,2
2021-10-02,SNOW,0.0,0,2,2
2021-10-16,SNOW,-0.5,0,1,1
2021-10-30,SNOW,-4.5,1,9,4
2021-11-06,SNOW,0.0,0,2,2
2021-11-13,SNOW,1.0,0,2,1
2021-12-11,SNOW,-1.0,1,2,2
2022-01-08,SNOW,0.5,0,3,2
2022-01-15,SNOW,-1.5,0,3,2
2022-02-05,SNOW,-0.5,0,1,1
2022-02-19,SNOW,-1.0,1,2,1
2022-04-09,SNOW,-3.5,0,6,3
2022-04-16,SNOW,-1.0,0,2,1
2022-04-23,SNOW,-1.5,0,3,2
2022-04-30,SNOW,0.5,0,1,1
2022-05-07,SNOW,0.5,0,1,1
2022-06-11,SNOW,-1.0,0,2,2
2022-09-03,SNOW,0.25,0,2,2
2022-09-10,SNOW,-2.25,0,3,1
2022-09-17,SNOW,-0.5,0,1,1
2022-10-08,SNOW,-9.75,1,15,6
2022-10-22,SNOW,-1.5,0,2,1
2022-10-29,SNOW,0.0,0,1,1
2022-12-10,SNOW,-1.0,0,2,2
2022-12-24,SNOW,-0.5,0,1,1
2022-12-31,SNOW,-0.75,0,1,1
2023-03-11,SNOW,-0.5,0,1,1
2023-03-18,SNOW,-2.25,0,4,2
2023-04-22,SNOW,0.25,0,13,9
2023-04-29,SNOW,-0.5,0,2,2
2023-05-13,SNOW,-0.5,0,1,1
2023-09-16,SNOW,-0.75,0,1,1
2023-10-21,SNOW,-0.5,0,1,1
2023-12-23,SNOW,-0.5,0,1,1
2024-01-13,SNOW,-0.5,0,1,1
2024-02-10,SNOW,-1.0,0,4,3
2024-02-24,SNOW,-0.5,0,1,1
2024-03-09,SNOW,-0.5,0,1,1
2024-03-16,SNOW,0.0,0,7,5
2024-03-23,SNOW,0.25,0,5,3
2024-04-13,SNOW,-0.5,0,1,1
2024-05-25,SNOW,-0.38,0,1,1
2024-07-13,SNOW,-2.75,0,4,1
2024-10-19,SNOW,-2.25,0,3,1
2024-10-26,SNOW,-1.0,0,2,2
2024-11-16,SNOW,-0.5,0,1,1
2025-01-04,SNOW,-1.75,0,4,4
2025-01-25,SNOW,-1.25,0,3,3
2025-02-01,SNOW,-2.5,0,4,2
2025-02-15,SNOW,0.5,0,1,1
2025-03-08,SNOW,-3.0,0,4,3
2025-03-15,SNOW,-0.5,0,3,1
2025-03-29,SNOW,-1.0,0,2,2
2025-04-05,SNOW,-0.5,0,1,1
2025-04-12,SNOW,0.5,0,3,2
2025-05-03,SNOW,-1.0,0,2,2
2025-05-17,SNOW,-0.5,0,1,1
2025-05-24,SNOW,-2.75,0,4,2
2025-05-31,SNOW,-0.5,0,1,1
2025-06-14,SNOW,0.0,0,2,2
2025-07-26,SNOW,-1.0,0,2,2
2025-08-09,SNOW,-0.5,0,1,1
2025-08-16,SNOW,-1.5,0,2,1
2025-11-01,SNOW,-0.5,0,1,1
2026-01-03,SNOW,-1.25,0,2,2
2026-01-10,SNOW,0.5,0,1,1
2026-01-17,SNOW,-1.5,0,3,2
2026-01-31,SNOW,-0.5,0,1,1
2026-02-14,SNOW,-0.5,0,1,1
2026-02-21,SNOW,-3.25,0,8,2
2026-03-07,SNOW,-1.5,0,2,1
2026-03-21,SNOW,-2.0,0,3,1
2026-05-02,SNOW,-0.5,0,1,1
2026-05-23,SNOW,-0.5,0,1,1
2026-06-06,SNOW,-0.75,0,1,1
2017-12-30,SPY,-7.25,3,36,22
2018-01-06,SPY,-6.75,0,49,33
2018-01-13,SPY,-1.75,6,87,52
2018-01-20,SPY,-22.0,16,103,67
2018-01-27,SPY,-12.76,6,72,51
2018-02-03,SPY,-39.879999999999995,11,123,76
2018-02-10,SPY,-20.759999999999998,9,92,53
2018-02-17,SPY,-24.63,6,78,49
2018-02-24,SPY,-8.25,5,38,25
2018-03-03,SPY,-8.37,2,42,28
2018-03-10,SPY,-4.25,3,25,19
2018-03-17,SPY,-7.0,3,38,28
2018-03-24,SPY,-4.0,2,35,26
2018-03-31,SPY,-12.88,8,39,23
2018-04-07,SPY,-11.13,0,28,17
2018-04-14,SPY,-10.629999999999999,5,35,27
2018-04-21,SPY,-6.25,2,56,37
2018-04-28,SPY,-7.13,7,23,16
2018-05-05,SPY,-2.75,1,19,16
2018-05-12,SPY,-7.0,0,28,18
2018-05-19,SPY,-5.5,3,29,20
2018-05-26,SPY,-9.5,1,31,25
2018-06-02,SPY,-4.25,1,22,19
2018-06-09,SPY,-13.870000000000001,2,55,32
2018-06-16,SPY,-15.0,4,45,26
2018-06-23,SPY,-7.5,2,32,21
2018-06-30,SPY,0.25,2,30,20
2018-07-07,SPY,-2.62,1,55,35
2018-07-14,SPY,-5.75,1,27,19
2018-07-21,SPY,-5.75,5,41,26
2018-07-28,SPY,-13.25,1,46,30
2018-08-04,SPY,-9.5,1,31,25
2018-08-11,SPY,-4.0,2,32,24
2018-08-18,SPY,-3.0,1,42,28
2018-08-25,SPY,-12.879999999999999,6,64,40
2018-09-01,SPY,-11.25,0,35,22
2018-09-08,SPY,-5.0,0,29,22
2018-09-15,SPY,-5.75,1,26,15
2018-09-22,SPY,-1.5,2,24,19
2018-09-29,SPY,-3.75,0,29,22
2018-10-06,SPY,-12.25,5,86,60
2018-10-13,SPY,-17.5,5,47,31
2018-10-20,SPY,-11.75,7,80,52
2018-10-27,SPY,-15.25,2,74,43
2018-11-03,SPY,-4.25,2,36,22
2018-11-10,SPY,-3.0,1,22,14
2018-11-17,SPY,-21.75,7,66,40
2018-11-24,SPY,-7.879999999999999,2,48,34
2018-12-01,SPY,-1.25,3,44,27
2018-12-08,SPY,-12.5,1,45,27
2018-12-15,SPY,-14.75,7,95,57
2018-12-22,SPY,-25.13,9,142,78
2018-12-29,SPY,-9.75,3,53,36
2019-01-05,SPY,-2.0,1,37,34
2019-01-12,SPY,-10.0,5,40,19
2019-01-19,SPY,-16.75,7,63,33
2019-01-26,SPY,-5.0,1,33,24
2019-02-02,SPY,-6.88,2,45,38
2019-02-09,SPY,-16.25,7,49,34
2019-02-16,SPY,-18.5,4,54,34
2019-02-23,SPY,-15.75,8,69,47
2019-03-02,SPY,-17.75,5,73,41
2019-03-09,SPY,-19.5,3,68,48
2019-03-16,SPY,-18.75,8,68,41
2019-03-23,SPY,-12.25,6,64,37
2019-03-30,SPY,-8.629999999999999,1,47,31
2019-04-06,SPY,-10.75,5,51,32
2019-04-13,SPY,-4.75,4,28,18
2019-04-20,SPY,-5.75,0,20,16
2019-04-27,SPY,-25.5,2,72,40
2019-05-04,SPY,-7.0,1,32,24
2019-05-11,SPY,-7.25,1,37,27
2019-05-18,SPY,-8.75,0,36,27
2019-05-25,SPY,-9.75,0,47,36
2019-06-01,SPY,-12.25,11,69,35
2019-06-08,SPY,-8.88,1,42,27
2019-06-15,SPY,-6.75,5,64,45
2019-06-22,SPY,-9.0,1,33,24
2019-06-29,SPY,-20.63,3,48,28
2019-07-06,SPY,-4.13,8,56,43
2019-07-13,SPY,-6.25,4,35,24
2019-07-20,SPY,-6.25,0,31,24
2019-07-27,SPY,-12.5,3,72,49
2019-08-03,SPY,-22.0,8,77,54
2019-08-10,SPY,-17.75,6,83,53
2019-08-17,SPY,-19.119999999999997,9,90,51
2019-08-24,SPY,-11.879999999999999,1,47,36
2019-08-31,SPY,-24.75,12,78,45
2019-09-07,SPY,-13.25,7,63,41
2019-09-14,SPY,-3.25,2,25,18
2019-09-21,SPY,-8.25,1,47,27
2019-09-28,SPY,-24.75,8,84,50
2019-10-05,SPY,-7.5,1,31,23
2019-10-12,SPY,-16.25,1,56,28
2019-10-19,SPY,-10.75,5,40,30
2019-10-26,SPY,-11.629999999999999,5,40,26
2019-11-02,SPY,-6.25,3,40,26
2019-11-09,SPY,-8.5,4,51,31
2019-11-16,SPY,-18.75,3,68,39
2019-11-23,SPY,-5.0,2,28,15
2019-11-30,SPY,-16.130000000000003,3,83,52
2019-12-07,SPY,-20.75,7,75,44
2019-12-14,SPY,-7.62,5,77,45
2019-12-21,SPY,-6.13,2,71,46
2019-12-28,SPY,-21.25,7,68,42
2020-01-04,SPY,-10.75,6,80,48
2020-01-11,SPY,-13.75,6,77,53
2020-01-18,SPY,-3.88,0,46,31
2020-01-25,SPY,-22.13,2,77,55
2020-02-01,SPY,-10.25,3,59,37
2020-02-08,SPY,-8.0,6,81,53
2020-02-15,SPY,-21.5,14,91,57
2020-02-22,SPY,-45.13,31,202,117
2020-02-29,SPY,-32.38,13,159,91
2020-03-07,SPY,-46.0,51,301,175
2020-03-14,SPY,-54.38,31,254,142
2020-03-21,SPY,-71.01,41,312,169
2020-03-28,SPY,-54.629999999999995,26,243,137
2020-04-04,SPY,-52.879999999999995,15,252,138
2020-04-11,SPY,-37.25,11,159,85
2020-04-18,SPY,-39.5,10,190,98
2020-04-25,SPY,-50.63,23,246,140
2020-05-02,SPY,-28.389999999999997,7,142,90
2020-05-09,SPY,-49.75,23,172,88
2020-05-16,SPY,-32.5,6,163,91
2020-05-23,SPY,-32.129999999999995,13,189,94
2020-05-30,SPY,-32.5,18,159,84
2020-06-06,SPY,-52.0,14,221,124
2020-06-13,SPY,-11.5,6,75,49
2020-06-20,SPY,-11.5,6,55,38
2020-06-27,SPY,-15.75,9,95,59
2020-07-04,SPY,-17.75,4,77,42
2020-07-11,SPY,-23.5,8,119,74
2020-07-18,SPY,-22.13,10,102,68
2020-07-25,SPY,-17.0,3,65,40
2020-08-01,SPY,-26.999999999999996,6,82,46
2020-08-08,SPY,-4.75,3,77,44
2020-08-15,SPY,-38.0,12,121,67
2020-08-22,SPY,-15.629999999999999,5,115,78
2020-08-29,SPY,-30.75,14,121,73
2020-09-05,SPY,-16.25,1,96,72
2020-09-12,SPY,-9.25,2,46,24
2020-09-19,SPY,-24.75,6,76,47
2020-09-26,SPY,-11.38,2,64,33
2020-10-03,SPY,-7.25,6,41,25
2020-10-10,SPY,-13.5,9,49,28
2020-10-17,SPY,-1.5,5,44,27
2020-10-24,SPY,-7.25,3,37,25
2020-10-31,SPY,-12.5,10,55,33
2020-11-07,SPY,-11.25,5,71,49
2020-11-14,SPY,-13.0,5,57,39
2020-11-21,SPY,-10.75,9,83,54
2020-11-28,SPY,-21.0,6,103,66
2020-12-05,SPY,-8.5,5,63,42
2020-12-12,SPY,-29.37,8,120,72
2020-12-19,SPY,-21.38,10,74,45
2020-12-26,SPY,-7.5,4,54,38
2021-01-02,SPY,-7.75,7,126,73
2021-01-09,SPY,-22.5,4,84,52
2021-01-16,SPY,-21.38,9,134,80
2021-01-23,SPY,1.87,4,68,45
2021-01-30,SPY,-8.129999999999999,9,120,62
2021-02-06,SPY,-12.129999999999999,14,136,79
2021-02-13,SPY,-23.75,17,123,72
2021-02-20,SPY,-29.0,19,128,79
2021-02-27,SPY,-34.379999999999995,24,150,87
2021-03-06,SPY,-11.0,9,85,61
2021-03-13,SPY,-13.75,6,76,45
2021-03-20,SPY,4.5,0,44,28
2021-03-27,SPY,-10.88,9,48,32
2021-04-03,SPY,-20.25,16,60,32
2021-04-10,SPY,-10.629999999999999,5,53,36
2021-04-17,SPY,-2.75,4,36,21
2021-04-24,SPY,-13.88,10,57,41
2021-05-01,SPY,-20.25,10,124,70
2021-05-08,SPY,-14.0,11,99,59
2021-05-15,SPY,-7.0,7,85,45
2021-05-22,SPY,-11.5,1,44,28
2021-05-29,SPY,-25.75,10,94,57
2021-06-05,SPY,-12.5,11,80,46
2021-06-12,SPY,-19.130000000000003,9,90,60
2021-06-19,SPY,-19.0,7,100,59
2021-06-26,SPY,-18.75,7,82,46
2021-07-03,SPY,-19.75,5,113,75
2021-07-10,SPY,-11.25,8,72,40
2021-07-17,SPY,-11.25,3,77,50
2021-07-24,SPY,1.25,2,35,24
2021-07-31,SPY,-7.0,3,35,23
2021-08-07,SPY,-4.5,6,55,31
2021-08-14,SPY,-7.0,2,35,25
2021-08-21,SPY,-9.0,1,30,22
2021-08-28,SPY,-5.25,9,80,43
2021-09-04,SPY,-6.0,4,27,15
2021-09-11,SPY,-17.25,12,49,30
2021-09-18,SPY,-11.13,7,45,30
2021-09-25,SPY,-11.5,7,67,34
2021-10-02,SPY,-35.5,4,98,54
2021-10-09,SPY,-10.370000000000001,8,42,30
2021-10-16,SPY,-14.25,3,51,28
2021-10-23,SPY,-5.5,5,60,36
2021-10-30,SPY,-10.379999999999999,4,85,56
2021-11-06,SPY,-11.0,3,61,35
2021-11-13,SPY,-26.5,7,94,55
2021-11-20,SPY,-4.75,6,36,27
2021-11-27,SPY,-12.510000000000002,15,59,38
2021-12-04,SPY,-15.5,2,59,39
2021-12-11,SPY,-7.0,5,53,33
2021-12-18,SPY,-5.13,6,55,36
2021-12-25,SPY,-9.25,4,45,35
2022-01-01,SPY,-15.620000000000001,12,92,63
2022-01-08,SPY,-17.5,5,96,56
2022-01-15,SPY,-13.5,6,104,63
2022-01-22,SPY,-19.130000000000003,18,118,75
2022-01-29,SPY,-14.0,14,54,29
2022-02-05,SPY,-18.5,1,99,55
2022-02-12,SPY,-8.75,4,28,19
2022-02-19,SPY,-17.75,10,85,50
2022-02-26,SPY,-2.0,0,12,9
2022-03-05,SPY,-2.5,1,47,26
2022-03-12,SPY,-19.0,5,92,49
2022-03-19,SPY,-6.75,8,43,24
2022-03-26,SPY,-16.5,13,60,35
2022-04-02,SPY,-14.0,14,71,41
2022-04-09,SPY,-5.5,2,35,24
2022-04-16,SPY,-3.0,0,38,26
2022-04-23,SPY,-36.88,8,113,61
2022-04-30,SPY,-24.63,10,96,55
2022-05-07,SPY,-21.25,8,129,82
2022-05-14,SPY,-9.0,10,73,45
2022-05-21,SPY,-10.75,4,62,35
2022-05-28,SPY,-16.25,2,56,35
2022-06-04,SPY,-11.25,1,56,38
2022-06-11,SPY,-18.75,10,74,43
2022-06-18,SPY,-0.5,2,65,30
2022-06-25,SPY,-9.75,3,37,23
2022-07-02,SPY,-9.0,3,33,19
2022-07-09,SPY,-4.87,1,32,21
2022-07-16,SPY,0.5,2,30,21
2022-07-23,SPY,-4.75,4,36,24
2022-07-30,SPY,-10.25,0,30,20
2022-08-06,SPY,-2.0,0,26,21
2022-08-13,SPY,-8.25,6,60,43
2022-08-20,SPY,-6.0,1,45,34
2022-08-27,SPY,-5.5,0,46,30
2022-09-03,SPY,-7.25,5,60,35
2022-09-10,SPY,-2.5,6,40,27
2022-09-17,SPY,-9.5,14,91,53
2022-09-24,SPY,-9.64,18,132,63
2022-10-01,SPY,-8.75,4,88,50
2022-10-08,SPY,-13.25,13,68,36
2022-10-15,SPY,-10.75,4,50,33
2022-10-22,SPY,-3.75,2,27,18
2022-10-29,SPY,-4.5,2,60,43
2022-11-05,SPY,-6.75,7,56,34
2022-11-12,SPY,-7.75,0,24,17
2022-11-19,SPY,2.5,1,23,16
2022-11-26,SPY,-10.370000000000001,6,35,23
2022-12-03,SPY,-7.5,2,31,19
2022-12-10,SPY,-8.25,6,52,31
2022-12-17,SPY,-10.5,0,35,30
2022-12-24,SPY,-15.0,6,66,39
2022-12-31,SPY,-17.63,12,103,63
2023-01-07,SPY,-15.38,5,56,36
2023-01-14,SPY,-13.12,1,45,36
2023-01-21,SPY,-14.25,4,83,55
2023-01-28,SPY,-4.13,1,22,20
2023-02-04,SPY,-17.869999999999997,4,66,42
2023-02-11,SPY,-6.75,1,42,29
2023-02-18,SPY,-16.88,4,59,38
2023-02-25,SPY,-7.25,5,27,15
2023-03-04,SPY,-1.0,0,2,1
2023-03-11,SPY,-3.5,0,24,14
2023-03-18,SPY,-0.5,0,4,3
2023-03-25,SPY,0.0,0,15,12
2023-04-01,SPY,-10.0,4,40,21
2023-04-08,SPY,-6.0,0,28,22
2023-04-15,SPY,-10.0,3,49,30
2023-04-22,SPY,-30.25,3,96,43
2023-04-29,SPY,-14.5,6,47,27
2023-05-06,SPY,-16.88,7,57,32
2023-05-13,SPY,-17.5,3,49,32
2023-05-20,SPY,-11.129999999999999,2,35,17
2023-05-27,SPY,-10.75,2,48,28
2023-06-03,SPY,-4.75,5,31,22
2023-06-10,SPY,6.0,12,63,43
2023-06-17,SPY,-6.0,8,79,52
2023-06-24,SPY,-6.75,1,42,30
2023-07-01,SPY,-11.0,7,75,43
2023-07-08,SPY,-14.0,4,50,32
2023-07-15,SPY,-4.75,2,62,48
2023-07-22,SPY,-8.129999999999999,3,48,31
2023-07-29,SPY,-10.75,4,57,39
2023-08-05,SPY,-19.25,10,77,51
2023-08-12,SPY,1.12,9,62,41
2023-08-19,SPY,-7.12,2,75,52
2023-08-26,SPY,-8.379999999999999,4,67,47
2023-09-02,SPY,-19.63,9,94,74
2023-09-09,SPY,-18.5,7,85,52
2023-09-16,SPY,-9.25,3,61,37
2023-09-23,SPY,-6.5,1,41,32
2023-09-30,SPY,-17.75,5,80,53
2023-10-07,SPY,-15.75,4,70,43
2023-10-14,SPY,-9.25,4,55,38
2023-10-21,SPY,-16.119999999999997,7,80,55
2023-10-28,SPY,-24.75,8,108,68
2023-11-04,SPY,-23.75,3,65,35
2023-11-11,SPY,-9.5,4,80,54
2023-11-18,SPY,-14.5,5,74,51
2023-11-25,SPY,-11.75,3,67,43
2023-12-02,SPY,-20.75,8,61,36
2023-12-09,SPY,-9.75,3,67,44
2023-12-16,SPY,-26.5,6,100,69
2023-12-23,SPY,-1.13,15,138,88
2023-12-30,SPY,-16.75,1,108,69
2024-01-06,SPY,-8.75,2,79,46
2024-01-13,SPY,-15.75,5,76,57
2024-01-20,SPY,-13.25,13,118,66
2024-01-27,SPY,-29.0,6,120,72
2024-02-03,SPY,-28.5,4,101,69
2024-02-10,SPY,-16.380000000000003,7,68,50
2024-02-17,SPY,-28.38,9,158,107
2024-02-24,SPY,-13.379999999999999,4,131,93
2024-03-02,SPY,-6.88,8,81,59
2024-03-09,SPY,-8.75,12,83,56
2024-03-16,SPY,-26.75,9,133,84
2024-03-23,SPY,-19.38,6,101,73
2024-03-30,SPY,-27.380000000000003,12,108,72
2024-04-06,SPY,-15.5,12,90,59
2024-04-13,SPY,-15.5,6,104,72
2024-04-20,SPY,-17.88,5,78,55
2024-04-27,SPY,-13.5,8,60,46
2024-05-04,SPY,-5.75,2,51,34
2024-05-11,SPY,-15.25,11,72,42
2024-05-18,SPY,-9.870000000000001,1,60,36
2024-05-25,SPY,-7.38,8,80,53
2024-06-01,SPY,-7.75,4,63,46
2024-06-08,SPY,-5.0,7,69,43
2024-06-15,SPY,-8.75,6,84,59
2024-06-22,SPY,-5.0,2,70,51
2024-06-29,SPY,-10.75,8,68,44
2024-07-06,SPY,-28.25,17,142,94
2024-07-13,SPY,-32.25,8,113,73
2024-07-20,SPY,-3.13,7,63,48
2024-07-27,SPY,-19.75,8,81,48
2024-08-03,SPY,-0.25,7,122,81
2024-08-10,SPY,-6.75,7,94,60
2024-08-17,SPY,-5.5,11,140,92
2024-08-24,SPY,-17.88,6,87,54
2024-08-31,SPY,-10.25,4,108,84
2024-09-07,SPY,-24.25,4,81,53
2024-09-14,SPY,-6.0,14,102,65
2024-09-21,SPY,-12.129999999999999,9,97,69
2024-09-28,SPY,-13.5,1,83,57
2024-10-05,SPY,-6.25,4,47,30
2024-10-12,SPY,-18.0,7,99,66
2024-10-19,SPY,-11.25,10,78,54
2024-10-26,SPY,-34.25,13,111,65
2024-11-02,SPY,-14.76,14,95,54
2024-11-09,SPY,-21.38,14,160,101
2024-11-16,SPY,-13.75,5,66,53
2024-11-23,SPY,-5.879999999999999,5,94,65
2024-11-30,SPY,-18.0,20,153,90
2024-12-07,SPY,-29.0,18,153,95
2024-12-14,SPY,-20.5,11,125,78
2024-12-21,SPY,-20.5,16,172,108
2024-12-28,SPY,-14.630000000000003,17,135,88
2025-01-04,SPY,-52.379999999999995,29,340,197
2025-01-11,SPY,-23.75,23,213,132
2025-01-18,SPY,-11.25,11,142,80
2025-01-25,SPY,-23.63,11,108,62
2025-02-01,SPY,-34.010000000000005,23,162,99
2025-02-08,SPY,-23.75,20,173,107
2025-02-15,SPY,-8.0,18,167,107
2025-02-22,SPY,-28.75,29,164,96
2025-03-01,SPY,-18.130000000000003,33,272,163
2025-03-08,SPY,-67.12,20,298,172
2025-03-15,SPY,-38.379999999999995,19,194,112
2025-03-22,SPY,-13.25,10,89,54
2025-03-29,SPY,-74.5,28,327,187
2025-04-05,SPY,-98.87,50,443,225
2025-04-12,SPY,-27.25,8,142,83
2025-04-19,SPY,-44.5,18,145,77
2025-04-26,SPY,-44.0,23,175,89
2025-05-03,SPY,-22.13,1,98,61
2025-05-10,SPY,-28.75,13,156,97
2025-05-17,SPY,-18.630000000000003,6,114,64
2025-05-24,SPY,-22.5,8,102,56
2025-05-31,SPY,-17.0,3,115,64
2025-06-07,SPY,-13.0,18,143,80
2025-06-14,SPY,-27.75,16,129,63
2025-06-21,SPY,-3.0,13,191,117
2025-06-28,SPY,-7.0,3,93,56
2025-07-05,SPY,-26.75,14,108,66
2025-07-12,SPY,-12.75,15,101,64
2025-07-19,SPY,-38.879999999999995,16,220,137
2025-07-26,SPY,-25.009999999999998,16,135,84
2025-08-02,SPY,-27.630000000000003,22,128,78
2025-08-09,SPY,-5.5,3,89,60
2025-08-16,SPY,-20.63,13,100,59
2025-08-23,SPY,-13.76,12,83,51
2025-08-30,SPY,-21.75,10,129,68
2025-09-06,SPY,-10.75,8,88,55
2025-09-13,SPY,-18.38,7,111,65
2025-09-20,SPY,-21.25,12,106,67
2025-09-27,SPY,-20.5,12,115,72
2025-10-04,SPY,-21.0,15,152,93
2025-10-11,SPY,-40.129999999999995,13,141,71
2025-10-18,SPY,-18.13,11,109,64
2025-10-25,SPY,-24.38,17,113,67
2025-11-01,SPY,-35.0,13,118,83
2025-11-08,SPY,-39.63,14,146,92
2025-11-15,SPY,-25.75,9,85,54
2025-11-22,SPY,-12.25,2,86,55
2025-11-29,SPY,-8.5,5,55,41
2025-12-06,SPY,-30.87,8,128,83
2025-12-13,SPY,-16.25,5,87,57
2025-12-20,SPY,-2.75,2,40,31
2025-12-27,SPY,-19.5,5,92,57
2026-01-03,SPY,-8.370000000000001,8,99,62
2026-01-10,SPY,-1.25,6,67,45
2026-01-17,SPY,-13.25,8,83,58
2026-01-24,SPY,-35.379999999999995,12,154,91
2026-01-31,SPY,-16.25,10,79,49
2026-02-07,SPY,-21.5,4,94,51
2026-02-14,SPY,0.8700000000000001,3,54,41
2026-02-21,SPY,-30.75,3,116,83
2026-02-28,SPY,-12.63,6,80,55
2026-03-07,SPY,-10.75,4,62,42
2026-03-14,SPY,-17.0,9,66,45
2026-03-21,SPY,-21.25,12,125,71
2026-03-28,SPY,-8.629999999999999,17,130,69
2026-04-04,SPY,-15.0,9,91,50
2026-04-11,SPY,-17.619999999999997,5,102,58
2026-04-18,SPY,-26.0,4,93,49
2026-04-25,SPY,-23.13,15,78,46
2026-05-02,SPY,-7.38,4,89,52
2026-05-09,SPY,-16.380000000000003,17,120,68
2026-05-16,SPY,-18.0,11,77,43
2026-05-23,SPY,-14.25,10,94,62
2026-05-30,SPY,-35.879999999999995,15,158,104
2026-06-06,SPY,-23.25,7,113,76
2026-06-13,SPY,-1.13,2,71,55
2026-06-20,SPY,-10.75,4,61,41
2026-06-27,SPY,-4.0,3,54,36
2026-07-04,SPY,-16.5,4,69,49
2026-07-11,SPY,-15.0,10,45,29
2017-12-30,TSLA,-18.25,5,59,29
2018-01-06,TSLA,-7.63,2,31,19
2018-01-13,TSLA,-5.25,0,19,12
2018-01-20,TSLA,-34.5,6,79,47
2018-01-27,TSLA,-9.0,2,29,21
2018-02-03,TSLA,-14.75,5,55,31
2018-02-10,TSLA,-9.75,0,33,21
2018-02-17,TSLA,-13.75,8,43,25
2018-02-24,TSLA,-11.75,3,50,37
2018-03-03,TSLA,-5.0,3,28,14
2018-03-10,TSLA,-21.0,2,95,54
2018-03-17,TSLA,-10.870000000000001,6,37,18
2018-03-24,TSLA,-80.87,20,226,137
2018-03-31,TSLA,-110.13,8,305,199
2018-04-07,TSLA,-27.63,6,92,51
2018-04-14,TSLA,-44.63,3,115,75
2018-04-21,TSLA,-7.25,1,27,18
2018-04-28,TSLA,-55.75,4,184,120
2018-05-05,TSLA,-130.75,16,345,202
2018-05-12,TSLA,-15.0,0,43,23
2018-05-19,TSLA,-30.130000000000003,6,66,40
2018-05-26,TSLA,-28.25,2,67,52
2018-06-02,TSLA,-60.879999999999995,12,225,128
2018-06-09,TSLA,-79.75,15,247,151
2018-06-16,TSLA,-20.38,3,81,50
2018-06-23,TSLA,-14.75,1,50,27
2018-06-30,TSLA,-71.74000000000001,2,196,109
2018-07-07,TSLA,-32.5,3,94,65
2018-07-14,TSLA,-21.0,3,60,41
2018-07-21,TSLA,-61.75,9,159,89
2018-07-28,TSLA,-73.0,7,250,160
2018-08-04,TSLA,-119.38,12,357,209
2018-08-11,TSLA,-159.87,17,412,260
2018-08-18,TSLA,-85.25,22,287,176
2018-08-25,TSLA,-67.62,11,173,114
2018-09-01,TSLA,-80.38,15,245,153
2018-09-08,TSLA,-82.12,13,243,145
2018-09-15,TSLA,-24.12,2,119,82
2018-09-22,TSLA,-32.25,9,145,98
2018-09-29,TSLA,-98.87,12,298,176
2018-10-06,TSLA,-12.75,5,47,30
2018-10-13,TSLA,-55.63,3,191,140
2018-10-20,TSLA,-64.0,10,324,204
2018-10-27,TSLA,-13.5,4,75,43
2018-11-03,TSLA,-7.25,0,40,30
2018-11-10,TSLA,-11.0,1,46,33
2018-11-17,TSLA,-5.25,1,28,15
2018-11-24,TSLA,-15.75,3,46,28
2018-12-01,TSLA,-22.25,5,82,39
2018-12-08,TSLA,-10.620000000000001,0,44,31
2018-12-15,TSLA,-9.0,3,37,24
2018-12-22,TSLA,-0.75,1,28,17
2018-12-29,TSLA,-47.01,16,146,87
2019-01-05,TSLA,-9.25,0,42,28
2019-01-12,TSLA,-15.25,0,57,38
2019-01-19,TSLA,-25.25,1,76,46
2019-01-26,TSLA,-6.38,2,36,26
2019-02-02,TSLA,-1.5,0,7,5
2019-02-09,TSLA,-37.0,8,81,53
2019-02-16,TSLA,-17.5,4,53,39
2019-02-23,TSLA,-130.13,19,344,212
2019-03-02,TSLA,-44.0,4,135,90
2019-03-09,TSLA,-25.0,3,85,59
2019-03-16,TSLA,-37.26,8,110,65
2019-03-23,TSLA,-5.0,0,22,13
2019-03-30,TSLA,-15.75,4,43,27
2019-04-06,TSLA,-6.5,1,20,13
2019-04-13,TSLA,-8.75,0,27,24
2019-04-20,TSLA,-81.75,19,341,198
2019-04-27,TSLA,-44.25,6,159,96
2019-05-04,TSLA,-9.75,2,39,30
2019-05-11,TSLA,-40.75,3,117,58
2019-05-18,TSLA,-85.88,7,326,205
2019-05-25,TSLA,-36.0,8,126,70
2019-06-01,TSLA,-11.5,2,65,33
2019-06-08,TSLA,-7.0,1,27,21
2019-06-15,TSLA,-2.75,3,44,27
2019-06-22,TSLA,-32.24,2,92,62
2019-06-29,TSLA,-19.75,2,77,37
2019-07-06,TSLA,-0.25,3,31,19
2019-07-13,TSLA,-6.0,0,23,16
2019-07-20,TSLA,-50.129999999999995,8,146,95
2019-07-27,TSLA,-10.5,1,40,24
2019-08-03,TSLA,-6.0,0,13,9
2019-08-10,TSLA,-8.13,4,54,33
2019-08-17,TSLA,-34.129999999999995,2,103,63
2019-08-24,TSLA,-72.25,1,154,73
2019-08-31,TSLA,-6.0,5,12,5
2019-09-07,TSLA,-9.5,2,28,16
2019-09-14,TSLA,-2.63,2,32,23
2019-09-21,TSLA,-13.75,2,33,17
2019-09-28,TSLA,-6.75,1,27,19
2019-10-05,TSLA,-7.75,0,26,17
2019-10-12,TSLA,-5.75,0,10,6
2019-10-19,TSLA,-9.0,2,145,94
2019-10-26,TSLA,-6.0,1,33,23
2019-11-02,TSLA,-2.87,0,30,19
2019-11-09,TSLA,-7.0,1,19,16
2019-11-16,TSLA,-3.5,1,43,30
2019-11-23,TSLA,-7.75,0,67,48
2019-11-30,TSLA,-5.0,0,16,9
2019-12-07,TSLA,-6.75,3,21,16
2019-12-14,TSLA,-13.75,0,55,31
2019-12-21,TSLA,-16.88,7,113,73
2019-12-28,TSLA,-16.25,2,97,61
2020-01-04,TSLA,-21.25,6,129,84
2020-01-11,TSLA,-38.38,17,299,194
2020-01-18,TSLA,-4.0,4,34,22
2020-01-25,TSLA,-18.0,6,245,148
2020-02-01,TSLA,-73.14,45,736,467
2020-02-08,TSLA,-49.879999999999995,12,274,173
2020-02-15,TSLA,-10.629999999999999,11,155,100
2020-02-22,TSLA,-30.75,9,107,67
2020-02-29,TSLA,-19.13,9,224,134
2020-03-07,TSLA,-13.75,5,92,51
2020-03-14,TSLA,-37.5,2,159,101
2020-03-21,TSLA,-18.5,6,69,45
2020-03-28,TSLA,-19.25,5,132,80
2020-04-04,TSLA,-35.88,3,136,84
2020-04-11,TSLA,-48.5,6,224,136
2020-04-18,TSLA,-27.75,4,143,91
2020-04-25,TSLA,-73.63,21,280,159
2020-05-02,TSLA,-37.870000000000005,4,138,84
2020-05-09,TSLA,-67.25,7,229,126
2020-05-16,TSLA,-32.25,3,119,62
2020-05-23,TSLA,-18.630000000000003,6,90,58
2020-05-30,TSLA,-14.75,4,63,39
2020-06-06,TSLA,-81.38,10,388,225
2020-06-13,TSLA,-19.38,16,125,74
2020-06-20,TSLA,-11.25,3,130,70
2020-06-27,TSLA,-36.0,20,241,145
2020-07-04,TSLA,-116.75,32,693,423
2020-07-11,TSLA,-135.88,31,544,347
2020-07-18,TSLA,-116.5,14,469,300
2020-07-25,TSLA,-22.75,2,111,78
2020-08-01,TSLA,-61.5,2,170,112
2020-08-08,TSLA,-27.13,5,156,105
2020-08-15,TSLA,-169.38,53,930,566
2020-08-22,TSLA,-34.010000000000005,27,471,281
2020-08-29,TSLA,-158.76,50,811,485
2020-09-05,TSLA,-156.62,27,654,416
2020-09-12,TSLA,-98.87,10,374,217
2020-09-19,TSLA,-116.88,18,646,393
2020-09-26,TSLA,-101.88,7,419,249
2020-10-03,TSLA,-48.629999999999995,8,245,155
2020-10-10,TSLA,-28.0,15,194,120
2020-10-17,TSLA,-25.25,10,190,111
2020-10-24,TSLA,-21.5,7,152,87
2020-10-31,TSLA,-13.260000000000002,5,99,63
2020-11-07,TSLA,-12.25,2,61,35
2020-11-14,TSLA,-39.75,5,152,108
2020-11-21,TSLA,-51.63,30,430,272
2020-11-28,TSLA,-114.38,29,780,474
2020-12-05,TSLA,-53.0,28,541,337
2020-12-12,TSLA,-83.50999999999999,25,391,251
2020-12-19,TSLA,-83.63,13,498,325
2020-12-26,TSLA,-122.63,24,638,376
2021-01-02,TSLA,-227.89,73,1410,838
2021-01-09,TSLA,-127.0,50,573,329
2021-01-16,TSLA,-64.25,25,289,185
2021-01-23,TSLA,-43.75,14,233,140
2021-01-30,TSLA,-37.76,28,431,218
2021-02-06,TSLA,-103.13,39,525,321
2021-02-13,TSLA,-96.5,43,473,259
2021-02-20,TSLA,-62.12,20,375,226
2021-02-27,TSLA,-43.0,8,234,134
2021-03-06,TSLA,-44.5,7,277,162
2021-03-13,TSLA,-39.75,6,259,143
2021-03-20,TSLA,-104.12,10,432,267
2021-03-27,TSLA,-42.629999999999995,16,251,152
2021-04-03,TSLA,-30.75,4,131,80
2021-04-10,TSLA,-28.75,3,105,66
2021-04-17,TSLA,-8.75,0,51,34
2021-04-24,TSLA,-38.760000000000005,13,183,109
2021-05-01,TSLA,-123.37,14,462,288
2021-05-08,TSLA,-178.38,26,532,311
2021-05-15,TSLA,-167.5,26,496,279
2021-05-22,TSLA,-26.25,10,131,76
2021-05-29,TSLA,0.25,1,24,19
2021-06-05,TSLA,-23.25,4,87,63
2021-06-12,TSLA,-17.0,0,57,35
2021-06-19,TSLA,-15.75,0,118,76
2021-06-26,TSLA,-21.75,1,70,34
2021-07-03,TSLA,-6.75,3,133,74
2021-07-10,TSLA,-3.0,0,21,14
2021-07-17,TSLA,-7.379999999999999,2,45,29
2021-07-24,TSLA,-83.5,11,343,199
2021-07-31,TSLA,-35.75,2,80,50
2021-08-07,TSLA,-11.75,1,46,27
2021-08-14,TSLA,-73.0,10,197,122
2021-08-21,TSLA,-37.620000000000005,0,128,69
2021-08-28,TSLA,-6.75,0,24,15
2021-09-04,TSLA,0.5,0,14,5
2021-09-11,TSLA,1.25,1,6,3
2021-09-18,TSLA,-5.0,1,20,15
2021-09-25,TSLA,-34.120000000000005,6,152,100
2021-10-02,TSLA,-7.620000000000001,1,43,26
2021-10-09,TSLA,-2.0,1,25,16
2021-10-16,TSLA,-8.5,0,15,7
2021-10-23,TSLA,-38.260000000000005,14,259,161
2021-10-30,TSLA,-49.0,10,173,103
2021-11-06,TSLA,-106.63,15,296,191
2021-11-13,TSLA,-65.75,3,204,117
2021-11-20,TSLA,-12.25,1,42,25
2021-11-27,TSLA,-6.25,2,36,21
2021-12-04,TSLA,-26.75,0,84,62
2021-12-11,TSLA,-24.5,4,111,62
2021-12-18,TSLA,-7.75,0,27,20
2021-12-25,TSLA,-7.5,2,60,42
2022-01-01,TSLA,-63.75,4,198,119
2022-01-08,TSLA,-51.87,7,259,180
2022-01-15,TSLA,-27.13,15,121,82
2022-01-22,TSLA,-7.0,0,45,32
2022-01-29,TSLA,-40.76,4,270,155
2022-02-05,TSLA,-9.5,0,26,18
2022-02-12,TSLA,-5.25,1,33,19
2022-02-19,TSLA,-50.62,7,175,113
2022-02-26,TSLA,-4.0,1,12,8
2022-03-05,TSLA,-3.75,0,15,11
2022-03-12,TSLA,-2.5,0,12,6
2022-03-19,TSLA,-10.0,2,49,32
2022-03-26,TSLA,-33.75,4,183,107
2022-04-02,TSLA,-38.0,7,116,67
2022-04-09,TSLA,-35.629999999999995,3,125,73
2022-04-16,TSLA,-14.89,9,212,144
2022-04-23,TSLA,-55.75,8,150,87
2022-04-30,TSLA,-16.5,4,55,39
2022-05-07,TSLA,-45.5,4,126,82
2022-05-14,TSLA,-30.25,2,80,47
2022-05-21,TSLA,-36.63,3,93,60
2022-05-28,TSLA,-72.62,3,155,83
2022-06-04,TSLA,-38.5,3,88,53
2022-06-11,TSLA,-2.25,0,27,18
2022-06-18,TSLA,-25.0,2,81,51
2022-06-25,TSLA,-74.25,6,214,141
2022-07-02,TSLA,-79.63,6,251,153
2022-07-09,TSLA,-26.5,4,64,42
2022-07-16,TSLA,-21.37,4,80,50
2022-07-23,TSLA,-7.5,0,23,17
2022-07-30,TSLA,0.5,1,15,8
2022-08-06,TSLA,-3.5,1,6,4
2022-08-13,TSLA,-7.0,2,22,14
2022-08-20,TSLA,-4.75,2,15,14
2022-08-27,TSLA,-4.5,2,48,29
2022-09-03,TSLA,-8.0,3,30,17
2022-09-10,TSLA,-28.5,2,96,62
2022-09-17,TSLA,-0.25,0,11,8
2022-09-24,TSLA,-22.75,4,59,27
2022-10-01,TSLA,-17.380000000000003,1,47,26
2022-10-08,TSLA,-0.5,0,9,7
2022-10-15,TSLA,-32.0,3,145,88
2022-10-22,TSLA,-31.25,4,78,47
2022-10-29,TSLA,-7.5,0,21,13
2022-11-05,TSLA,-14.5,1,52,31
2022-11-12,TSLA,-4.25,0,7,4
2022-11-19,TSLA,-5.0,0,12,8
2022-11-26,TSLA,-24.25,1,56,39
2022-12-03,TSLA,-8.5,0,14,7
2022-12-10,TSLA,-150.38,29,385,204
2022-12-17,TSLA,-30.250000000000004,5,83,53
2022-12-24,TSLA,-233.12,19,738,410
2022-12-31,TSLA,-139.38,12,439,267
2023-01-07,TSLA,-5.25,3,26,16
2023-01-14,TSLA,-8.0,1,40,27
2023-01-21,TSLA,-12.75,2,36,24
2023-01-28,TSLA,-17.25,2,57,32
2023-02-04,TSLA,-10.0,0,23,14
2023-02-11,TSLA,-2.25,0,18,10
2023-02-18,TSLA,-1.0,3,12,5
2023-02-25,TSLA,-37.5,1,98,69
2023-03-04,TSLA,-3.5,0,9,5
2023-03-11,TSLA,-1.75,0,8,5
2023-03-18,TSLA,-1.25,1,10,7
2023-03-25,TSLA,1.0,0,2,1
2023-04-01,TSLA,-15.25,1,40,23
2023-04-08,TSLA,-2.75,1,15,11
2023-04-15,TSLA,-42.75,5,136,69
2023-04-22,TSLA,0.25,0,4,3
2023-04-29,TSLA,-3.0,0,12,6
2023-05-06,TSLA,-1.0,0,2,1
2023-05-13,TSLA,0.5,0,6,5
2023-05-20,TSLA,-2.5,0,11,4
2023-05-27,TSLA,-3.5,0,15,11
2023-06-03,TSLA,-0.5,0,2,2
2023-06-10,TSLA,-2.0,0,17,13
2023-06-17,TSLA,-7.0,2,16,6
2023-06-24,TSLA,-0.75,0,4,3
2023-07-01,TSLA,-1.0,0,30,21
2023-07-08,TSLA,-3.0,0,18,12
2023-07-15,TSLA,-0.5,0,1,1
2023-07-22,TSLA,-1.75,1,21,16
2023-07-29,TSLA,-3.0,5,19,10
2023-08-05,TSLA,0.5,0,23,17
2023-08-12,TSLA,-4.0,0,8,3
2023-08-19,TSLA,0.0,0,6,3
2023-08-26,TSLA,-7.75,3,28,16
2023-09-02,TSLA,-4.25,1,16,11
2023-09-09,TSLA,0.75,2,17,8
2023-09-16,TSLA,3.5,1,31,19
2023-09-23,TSLA,-16.0,1,49,23
2023-09-30,TSLA,-28.0,1,97,70
2023-10-07,TSLA,-27.75,3,73,41
2023-10-14,TSLA,-1.0,0,27,17
2023-10-21,TSLA,-10.25,4,28,10
2023-10-28,TSLA,-0.5,1,5,4
2023-11-04,TSLA,-1.75,1,19,11
2023-11-11,TSLA,2.75,2,27,13
2023-11-18,TSLA,-23.5,4,62,38
2023-11-25,TSLA,-3.25,0,16,12
2023-12-02,TSLA,-19.25,1,68,46
2023-12-09,TSLA,-4.25,0,16,9
2023-12-16,TSLA,4.75,0,14,6
2023-12-23,TSLA,-0.75,0,7,4
2023-12-30,TSLA,-11.0,0,29,17
2024-01-06,TSLA,-5.13,0,15,11
2024-01-13,TSLA,-96.25,8,215,123
2024-01-20,TSLA,-25.25,4,75,33
2024-01-27,TSLA,-14.75,1,37,21
2024-02-03,TSLA,-18.759999999999998,2,64,34
2024-02-10,TSLA,-6.25,0,38,23
2024-02-17,TSLA,-27.37,7,125,79
2024-02-24,TSLA,-13.63,5,76,45
2024-03-02,TSLA,-12.0,5,72,39
2024-03-09,TSLA,0.5,0,4,4
2024-03-16,TSLA,5.0,3,50,22
2024-03-23,TSLA,-17.75,6,39,26
2024-03-30,TSLA,-0.5,0,3,3
2024-04-06,TSLA,-4.0,0,30,19
2024-04-13,TSLA,-6.25,3,33,21
2024-04-20,TSLA,-3.25,3,35,23
2024-04-27,TSLA,-7.25,1,24,13
2024-05-04,TSLA,-5.5,2,13,9
2024-05-11,TSLA,-6.38,0,15,10
2024-05-18,TSLA,-1.0,0,3,2
2024-05-25,TSLA,-4.25,2,17,10
2024-06-01,TSLA,-3.25,0,16,9
2024-06-08,TSLA,-85.0,11,195,113
2024-06-15,TSLA,-12.0,5,35,17
2024-06-22,TSLA,-0.37,0,5,5
2024-06-29,TSLA,-5.25,1,13,7
2024-07-06,TSLA,-6.75,2,22,10
2024-07-13,TSLA,-2.0,0,3,2
2024-07-20,TSLA,-27.0,3,84,48
2024-07-27,TSLA,-10.0,0,36,19
2024-08-03,TSLA,-1.5,0,5,2
2024-08-10,TSLA,-61.88,4,138,80
2024-08-17,TSLA,-1.25,1,17,9
2024-08-24,TSLA,-3.25,0,8,4
2024-08-31,TSLA,1.25,0,6,4
2024-09-07,TSLA,-1.0,0,2,2
2024-09-14,TSLA,-5.0,2,9,6
2024-09-21,TSLA,-0.5,0,7,4
2024-09-28,TSLA,1.25,0,5,3
2024-10-05,TSLA,-1.0,0,2,1
2024-10-12,TSLA,-2.5,0,5,3
2024-10-19,TSLA,-1.25,1,5,4
2024-10-26,TSLA,-3.75,1,16,11
2024-11-02,TSLA,-3.75,2,26,16
2024-11-09,TSLA,-9.0,2,36,22
2024-11-16,TSLA,-4.75,1,22,17
2024-11-23,TSLA,-19.25,3,68,43
2024-11-30,TSLA,-3.25,3,43,27
2024-12-07,TSLA,-53.25,2,128,61
2024-12-14,TSLA,-58.5,6,207,116
2024-12-21,TSLA,-12.25,2,38,21
2024-12-28,TSLA,-36.129999999999995,2,93,50
2025-01-04,TSLA,-23.630000000000003,7,116,66
2025-01-11,TSLA,1.0,0,10,7
2025-01-18,TSLA,-13.5,3,40,23
2025-01-25,TSLA,-8.13,1,32,15
2025-02-01,TSLA,-73.0,18,199,115
2025-02-08,TSLA,-144.01,15,346,196
2025-02-15,TSLA,-12.5,5,26,14
2025-02-22,TSLA,-48.5,8,162,94
2025-03-01,TSLA,-74.75,18,173,88
2025-03-08,TSLA,-71.25,7,200,104
2025-03-15,TSLA,-69.38,6,175,102
2025-03-22,TSLA,-76.75,6,201,114
2025-03-29,TSLA,-33.75,4,104,65
2025-04-05,TSLA,-65.5,16,181,99
2025-04-12,TSLA,-8.25,0,32,16
2025-04-19,TSLA,-70.62,5,179,106
2025-04-26,TSLA,-91.50999999999999,7,252,139
2025-05-03,TSLA,-64.5,4,183,104
2025-05-10,TSLA,-10.25,1,40,24
2025-05-17,TSLA,-7.75,1,49,29
2025-05-24,TSLA,-21.25,3,57,29
2025-05-31,TSLA,-14.25,4,40,19
2025-06-07,TSLA,-10.5,2,40,22
2025-06-14,TSLA,-6.5,0,24,16
2025-06-21,TSLA,-22.25,4,63,41
2025-06-28,TSLA,-23.25,4,92,50
2025-07-05,TSLA,-9.25,4,43,25
2025-07-12,TSLA,0.0,0,4,4
2025-07-19,TSLA,-20.25,1,98,58
2025-07-26,TSLA,-15.5,3,45,29
2025-08-02,TSLA,-12.5,4,48,30
2025-08-09,TSLA,-5.5,3,19,14
2025-08-16,TSLA,-27.25,4,65,41
2025-08-23,TSLA,-0.75,0,22,11
2025-08-30,TSLA,-13.75,0,41,23
2025-09-06,TSLA,-9.75,2,23,11
2025-09-13,TSLA,-4.25,0,10,10
2025-09-20,TSLA,-8.75,0,25,17
2025-09-27,TSLA,-11.25,3,37,21
2025-10-04,TSLA,-27.5,2,82,48
2025-10-11,TSLA,-3.63,2,25,15
2025-10-18,TSLA,-11.0,3,54,25
2025-10-25,TSLA,-33.0,4,123,79
2025-11-01,TSLA,-78.25,11,181,94
2025-11-08,TSLA,-37.0,6,100,57
2025-11-15,TSLA,-31.25,3,88,48
2025-11-22,TSLA,-9.75,0,33,24
2025-11-29,TSLA,-60.5,3,177,98
2025-12-06,TSLA,-31.880000000000003,5,82,63
2025-12-13,TSLA,-1.75,1,72,38
2025-12-20,TSLA,-13.0,1,40,28
2025-12-27,TSLA,-44.75,8,119,75
2026-01-03,TSLA,-14.25,3,44,27
2026-01-10,TSLA,-36.25,1,77,54
2026-01-17,TSLA,-29.75,3,77,52
2026-01-24,TSLA,-65.25,2,159,88
2026-01-31,TSLA,-43.0,8,100,50
2026-02-07,TSLA,-17.0,1,57,35
2026-02-14,TSLA,-9.75,0,22,11
2026-02-21,TSLA,-68.0,3,143,79
2026-02-28,TSLA,-3.0,0,13,7
2026-03-07,TSLA,-7.25,0,15,8
2026-03-14,TSLA,-11.0,8,22,11
2026-03-21,TSLA,-3.5,0,20,15
2026-03-28,TSLA,-11.0,2,23,14
2026-04-04,TSLA,-1.25,0,14,11
2026-04-11,TSLA,-6.0,4,51,29
2026-04-18,TSLA,-10.0,0,23,14
2026-04-25,TSLA,-7.5,2,27,10
2026-05-02,TSLA,-3.0,0,22,13
2026-05-09,TSLA,-17.25,1,37,26
2026-05-16,TSLA,1.25,0,28,16
2026-05-23,TSLA,-45.0,7,110,65
2026-05-30,TSLA,-41.25,6,127,79
2026-06-06,TSLA,-66.88,7,184,110
2026-06-13,TSLA,-113.25,8,352,197
2026-06-20,TSLA,-12.5,1,29,16
2026-06-27,TSLA,-2.5,0,8,4
2026-07-04,TSLA,-1.25,2,9,5
2026-07-11,TSLA,-17.75,3,49,29
2018-01-20,UBER,-1.25,1,3,3
2018-02-03,UBER,-0.5,0,3,3
2018-02-10,UBER,-2.5,0,5,3
2018-02-24,UBER,-0.5,0,3,2
2018-03-10,UBER,1.0,0,4,2
2018-03-17,UBER,-4.5,0,16,12
2018-03-24,UBER,-15.25,0,32,18
2018-03-31,UBER,-8.0,0,15,10
2018-04-21,UBER,-0.5,0,3,3
2018-04-28,UBER,-0.5,0,1,1
2018-05-05,UBER,-2.0,0,4,3
2018-05-12,UBER,-7.5,2,22,15
2018-05-19,UBER,-0.75,0,1,1
2018-05-26,UBER,-8.75,3,25,13
2018-06-02,UBER,-5.25,0,11,4
2018-06-09,UBER,-1.5,2,5,2
2018-06-16,UBER,-2.5,0,5,3
2018-06-23,UBER,-4.5,0,8,5
2018-07-07,UBER,-1.5,0,5,2
2018-07-14,UBER,-9.5,0,20,12
2018-07-21,UBER,0.75,0,7,4
2018-08-04,UBER,-1.0,0,2,2
2018-08-11,UBER,-1.5,0,3,1
2018-08-18,UBER,1.75,0,8,3
2018-08-25,UBER,-6.75,0,22,11
2018-09-01,UBER,-2.5,2,6,4
2018-09-08,UBER,-5.5,1,18,14
2018-09-15,UBER,-5.75,0,11,6
2018-09-22,UBER,-1.0,0,2,1
2018-09-29,UBER,-1.5,1,5,4
2018-10-06,UBER,-0.25,0,1,1
2018-10-13,UBER,-10.5,2,33,20
2018-10-20,UBER,-15.5,4,31,19
2018-10-27,UBER,-2.75,0,6,4
2018-11-03,UBER,-1.5,0,2,1
2018-11-10,UBER,-13.25,0,26,19
2018-11-17,UBER,-1.0,2,4,1
2018-11-24,UBER,-1.0,0,6,4
2018-12-01,UBER,-1.0,0,10,8
2018-12-08,UBER,-21.63,1,52,37
2018-12-15,UBER,-12.5,0,31,18
2018-12-22,UBER,-3.5,0,9,7
2018-12-29,UBER,-0.75,0,2,2
2019-01-05,UBER,-1.75,0,7,4
2019-01-12,UBER,-0.5,1,3,2
2019-01-19,UBER,-3.88,0,8,5
2019-01-26,UBER,-3.75,2,8,4
2019-02-02,UBER,-1.25,0,8,5
2019-02-09,UBER,-3.25,0,13,7
2019-02-16,UBER,-12.129999999999999,4,44,29
2019-02-23,UBER,-4.0,0,21,16
2019-03-02,UBER,-7.5,0,31,23
2019-03-09,UBER,-6.37,2,17,10
2019-03-16,UBER,-5.0,1,25,20
2019-03-23,UBER,-19.0,2,53,34
2019-03-30,UBER,-18.0,2,61,42
2019-04-06,UBER,-23.5,4,63,45
2019-04-13,UBER,-15.0,2,57,44
2019-04-20,UBER,-9.25,2,24,15
2019-04-27,UBER,-24.38,5,61,45
2019-05-04,UBER,-26.75,5,114,80
2019-05-11,UBER,-46.75,1,137,100
2019-05-18,UBER,-14.25,0,44,39
2019-05-25,UBER,-31.75,2,86,61
2019-06-01,UBER,-7.25,0,24,19
2019-06-08,UBER,-23.25,0,92,64
2019-06-15,UBER,-4.75,2,10,6
2019-06-22,UBER,-2.75,0,9,5
2019-06-29,UBER,-5.0,0,11,5
2019-07-06,UBER,-7.5,1,15,9
2019-07-13,UBER,-6.75,4,17,6
2019-07-20,UBER,-1.0,0,7,5
2019-07-27,UBER,-1.0,1,5,4
2019-08-03,UBER,-25.0,0,87,56
2019-08-10,UBER,-27.87,1,75,55
2019-08-17,UBER,-1.25,1,30,17
2019-08-24,UBER,-6.25,3,22,13
2019-08-31,UBER,-9.5,2,28,16
2019-09-07,UBER,-90.5,6,220,143
2019-09-14,UBER,-7.25,0,19,13
2019-09-21,UBER,-2.62,0,7,6
2019-09-28,UBER,-13.25,0,31,21
2019-10-05,UBER,-39.5,5,102,59
2019-10-12,UBER,-3.75,2,16,9
2019-10-19,UBER,-13.25,0,27,17
2019-10-26,UBER,-10.5,4,25,13
2019-11-02,UBER,-26.88,0,141,81
2019-11-09,UBER,-107.87,5,243,178
2019-11-16,UBER,-45.25,5,116,74
2019-11-23,UBER,-51.5,3,125,81
2019-11-30,UBER,-4.0,0,14,9
2019-12-07,UBER,-0.25,0,2,2
2019-12-14,UBER,-4.5,0,11,9
2019-12-21,UBER,-4.25,3,7,5
2019-12-28,UBER,-4.0,2,14,9
2020-01-04,UBER,-2.0,0,6,3
2020-01-11,UBER,-8.0,0,49,23
2020-01-18,UBER,2.75,0,10,8
2020-01-25,UBER,0.0,0,7,6
2020-02-01,UBER,0.25,3,17,9
2020-02-08,UBER,-7.0,1,32,17
2020-02-15,UBER,-6.75,0,34,19
2020-02-22,UBER,-0.63,1,19,12
2020-02-29,UBER,-0.75,0,25,13
2020-03-07,UBER,-10.5,4,36,26
2020-03-14,UBER,-14.25,8,57,29
2020-03-21,UBER,-15.25,1,65,37
2020-03-28,UBER,-5.5,3,35,18
2020-04-04,UBER,-8.0,5,23,13
2020-04-11,UBER,-19.75,0,47,22
2020-04-18,UBER,-6.5,0,34,24
2020-04-25,UBER,-37.25,1,94,67
2020-05-02,UBER,-33.51,6,96,58
2020-05-09,UBER,-28.0,2,83,56
2020-05-16,UBER,-42.25,6,142,93
2020-05-23,UBER,-21.380000000000003,6,56,29
2020-05-30,UBER,-29.25,11,152,90
2020-06-06,UBER,-58.25,5,140,86
2020-06-13,UBER,-7.0,0,21,14
2020-06-20,UBER,-11.75,0,35,17
2020-06-27,UBER,-16.88,4,52,35
2020-07-04,UBER,-29.75,4,85,53
2020-07-11,UBER,-21.75,2,46,20
2020-07-18,UBER,-22.75,0,48,30
2020-07-25,UBER,-79.25,3,188,119
2020-08-01,UBER,-24.62,4,97,63
2020-08-08,UBER,-109.75,4,257,170
2020-08-15,UBER,-4.5,0,31,25
2020-08-22,UBER,-9.25,0,25,14
2020-08-29,UBER,-2.25,0,8,6
2020-09-05,UBER,-1.0,2,10,5
2020-09-12,UBER,-10.129999999999999,1,28,22
2020-09-19,UBER,-8.25,3,26,12
2020-09-26,UBER,-7.25,0,19,9
2020-10-03,UBER,0.0,0,3,2
2020-10-10,UBER,-3.0,1,13,7
2020-10-17,UBER,0.0,0,5,3
2020-10-24,UBER,0.0,0,4,2
2020-10-31,UBER,-0.25,0,14,7
2020-11-07,UBER,2.5,0,4,2
2020-11-14,UBER,-4.0,1,16,11
2020-11-21,UBER,-4.75,1,35,25
2020-11-28,UBER,-5.5,0,21,12
2020-12-05,UBER,-32.75,0,80,44
2020-12-12,UBER,-3.25,1,9,7
2020-12-19,UBER,-1.5,3,9,6
2020-12-26,UBER,-4.5,0,23,12
2021-01-02,UBER,-11.25,6,29,16
2021-01-09,UBER,-10.5,4,37,21
2021-01-16,UBER,-4.75,4,14,4
2021-01-23,UBER,-2.0,1,16,10
2021-01-30,UBER,-9.0,3,62,33
2021-02-06,UBER,0.0,1,13,8
2021-02-13,UBER,-6.25,1,41,20
2021-02-20,UBER,-9.5,2,23,9
2021-02-27,UBER,-7.0,9,21,11
2021-03-06,UBER,0.5,0,2,2
2021-03-13,UBER,-6.25,1,21,14
2021-03-20,UBER,-23.25,4,49,28
2021-03-27,UBER,-7.75,1,19,8
2021-04-03,UBER,-3.25,0,11,8
2021-04-10,UBER,-2.0,0,6,3
2021-05-01,UBER,-19.5,0,45,30
2021-05-08,UBER,-31.63,3,77,47
2021-05-15,UBER,-4.5,0,10,6
2021-05-22,UBER,-3.0,0,6,3
2021-06-05,UBER,-0.88,2,6,3
2021-06-12,UBER,0.0,1,8,5
2021-06-19,UBER,-4.5,3,10,3
2021-06-26,UBER,-12.0,5,29,13
2021-07-03,UBER,-1.75,0,11,8
2021-07-10,UBER,-6.5,0,12,5
2021-07-17,UBER,-3.0,0,6,4
2021-07-24,UBER,-4.75,0,31,19
2021-07-31,UBER,-8.5,0,32,22
2021-08-07,UBER,-0.75,1,13,9
2021-08-14,UBER,-32.0,1,69,48
2021-08-21,UBER,-43.25,0,102,64
2021-08-28,UBER,-1.0,0,2,1
2021-09-04,UBER,0.0,0,3,2
2021-09-11,UBER,-1.75,0,3,1
2021-09-18,UBER,-0.75,0,3,2
2021-09-25,UBER,-0.75,0,7,3
2021-10-02,UBER,-1.5,0,3,2
2021-10-09,UBER,-5.0,0,9,4
2021-10-23,UBER,0.0,0,2,2
2021-10-30,UBER,-1.0,0,4,4
2021-11-06,UBER,-2.0,0,3,1
2021-11-13,UBER,-0.5,1,10,5
2021-11-20,UBER,-1.88,0,6,4
2021-11-27,UBER,-2.5,0,6,3
2021-12-04,UBER,0.0,0,1,1
2021-12-11,UBER,-5.0,1,14,6
2021-12-25,UBER,0.5,1,7,4
2022-01-01,UBER,-0.5,0,1,1
2022-01-08,UBER,-1.5,0,3,1
2022-01-15,UBER,-1.5,0,5,4
2022-01-22,UBER,-0.5,0,1,1
2022-01-29,UBER,-45.5,6,131,78
2022-02-05,UBER,-8.75,0,19,9
2022-02-12,UBER,-3.25,0,8,5
2022-02-19,UBER,0.5,0,2,2
2022-02-26,UBER,-23.0,1,59,40
2022-03-05,UBER,-3.0,0,9,5
2022-03-12,UBER,0.0,0,2,2
2022-03-19,UBER,-1.5,0,4,2
2022-03-26,UBER,-2.0,0,3,2
2022-04-02,UBER,-0.5,0,1,1
2022-04-09,UBER,0.5,0,1,1
2022-04-16,UBER,-1.0,0,5,4
2022-04-30,UBER,-2.25,0,9,6
2022-05-07,UBER,-2.25,0,9,4
2022-05-14,UBER,-2.5,0,6,4
2022-05-21,UBER,-2.0,0,3,2
2022-06-04,UBER,1.0,0,11,5
2022-06-11,UBER,-0.5,0,1,1
2022-06-18,UBER,-1.0,0,7,5
2022-07-02,UBER,-1.0,0,2,2
2022-07-09,UBER,-5.5,0,8,2
2022-07-16,UBER,-1.25,0,2,2
2022-07-23,UBER,-2.5,1,7,7
2022-07-30,UBER,-32.0,0,67,36
2022-08-06,UBER,-0.25,0,3,1
2022-08-13,UBER,-2.75,0,6,3
2022-08-20,UBER,-5.25,0,7,1
2022-09-03,UBER,-0.5,0,1,1
2022-09-10,UBER,-0.5,0,1,1
2022-09-17,UBER,-0.5,0,2,2
2022-09-24,UBER,-1.0,0,4,2
2022-10-08,UBER,-2.0,1,6,4
2022-10-15,UBER,0.0,0,1,1
2022-10-22,UBER,-2.5,0,5,3
2022-11-12,UBER,0.0,0,2,2
2022-11-19,UBER,-1.0,0,2,2
2022-12-10,UBER,-1.5,0,3,1
2023-01-07,UBER,-2.75,0,4,2
2023-01-14,UBER,0.5,0,2,2
2023-01-21,UBER,-1.0,0,2,1
2023-01-28,UBER,-0.75,0,1,1
2023-02-04,UBER,0.0,0,2,1
2023-02-11,UBER,-3.0,0,4,1
2023-02-18,UBER,-0.5,0,1,1
2023-03-04,UBER,-1.0,0,2,1
2023-03-11,UBER,-2.75,0,4,2
2023-03-25,UBER,-0.5,0,1,1
2023-04-01,UBER,-0.75,0,1,1
2023-04-15,UBER,-4.5,0,9,3
2023-04-22,UBER,0.0,0,4,1
2023-04-29,UBER,-5.5,0,10,3
2023-05-06,UBER,-2.0,0,4,2
2023-05-13,UBER,0.5,0,1,1
2023-05-20,UBER,-1.0,0,2,1
2023-05-27,UBER,-2.75,0,4,2
2023-06-10,UBER,-1.0,0,2,1
2023-06-17,UBER,-2.75,0,4,1
2023-06-24,UBER,-2.75,0,4,1
2023-07-08,UBER,-0.25,0,2,1
2023-07-22,UBER,0.0,1,2,1
2023-07-29,UBER,-0.5,0,6,5
2023-08-05,UBER,-0.5,0,1,1
2023-08-12,UBER,0.0,0,1,1
2023-08-19,UBER,-0.5,0,1,1
2023-08-26,UBER,-1.0,0,2,2
2023-09-09,UBER,-1.0,0,2,1
2023-09-16,UBER,-2.0,0,4,3
2023-09-23,UBER,-0.75,0,1,1
2023-09-30,UBER,-1.0,0,3,3
2023-10-14,UBER,-0.5,0,1,1
2023-10-28,UBER,-1.0,1,2,2
2023-11-04,UBER,-0.5,0,1,1
2023-11-11,UBER,-3.0,0,5,2
2023-11-18,UBER,-0.5,0,1,1
2023-12-02,UBER,-2.0,0,4,3
2023-12-09,UBER,-6.5,0,22,15
2023-12-16,UBER,-2.0,0,5,3
2023-12-23,UBER,0.0,0,2,2
2023-12-30,UBER,-3.25,0,7,4
2024-01-06,UBER,-1.0,0,7,4
2024-02-03,UBER,-0.5,0,1,1
2024-02-10,UBER,1.0,0,5,3
2024-02-17,UBER,-0.5,0,1,1
2024-03-02,UBER,-0.5,0,2,1
2024-03-09,UBER,0.0,0,2,1
2024-03-16,UBER,-4.5,0,8,4
2024-03-23,UBER,-1.0,0,2,2
2024-03-30,UBER,-1.0,0,2,2
2024-04-06,UBER,-1.25,0,6,5
2024-04-13,UBER,-0.75,1,2,2
2024-04-20,UBER,0.0,0,4,2
2024-04-27,UBER,0.0,0,2,2
2024-05-11,UBER,-2.0,1,4,3
2024-05-25,UBER,-0.5,0,1,1
2024-06-01,UBER,-0.5,0,1,1
2024-06-08,UBER,-0.5,0,1,1
2024-06-29,UBER,-2.88,0,10,7
2024-07-06,UBER,0.0,0,2,2
2024-07-20,UBER,-0.5,0,4,2
2024-07-27,UBER,-3.5,0,5,3
2024-08-03,UBER,0.5,0,1,1
2024-08-17,UBER,2.0,0,11,3
2024-08-24,UBER,1.0,0,4,3
2024-08-31,UBER,0.5,0,1,1
2024-09-07,UBER,-1.5,2,5,3
2024-09-28,UBER,-1.0,0,2,2
2024-10-19,UBER,-0.75,0,1,1
2024-10-26,UBER,-6.75,0,11,3
2024-11-02,UBER,-2.5,1,10,4
2024-11-09,UBER,-1.25,0,4,3
2024-11-16,UBER,-1.5,0,3,2
2024-11-23,UBER,-2.0,2,4,1
2024-11-30,UBER,-4.25,2,9,7
2024-12-07,UBER,0.0,0,9,6
2024-12-14,UBER,1.0,0,3,3
2024-12-21,UBER,-2.88,3,6,3
2024-12-28,UBER,-1.75,0,6,4
2025-01-04,UBER,-2.5,2,6,5
2025-01-11,UBER,-3.75,2,21,10
2025-01-18,UBER,0.0,0,3,2
2025-01-25,UBER,-0.5,0,1,1
2025-02-01,UBER,-2.0,0,4,1
2025-02-08,UBER,-0.5,1,5,2
2025-02-15,UBER,-0.25,1,1,1
2025-02-22,UBER,-1.0,2,2,1
2025-03-01,UBER,0.5,0,1,1
2025-03-08,UBER,-4.5,1,10,6
2025-03-15,UBER,-1.5,0,2,1
2025-03-22,UBER,-0.5,0,1,1
2025-03-29,UBER,-4.25,0,7,3
2025-04-05,UBER,-2.5,0,6,4
2025-04-12,UBER,-1.5,0,3,2
2025-04-19,UBER,-2.25,0,4,2
2025-04-26,UBER,-0.5,0,1,1
2025-05-03,UBER,-1.5,0,6,4
2025-05-10,UBER,-6.0,0,13,4
2025-05-17,UBER,-0.5,0,7,3
2025-05-24,UBER,0.5,0,2,1
2025-05-31,UBER,0.0,0,2,2
2025-06-07,UBER,-4.25,3,9,3
2025-06-14,UBER,0.5,0,1,1
2025-06-21,UBER,-0.5,0,1,1
2025-06-28,UBER,-1.0,0,2,1
2025-07-05,UBER,0.0,1,3,3
2025-07-12,UBER,-0.5,0,6,3
2025-07-19,UBER,0.5,0,3,3
2025-07-26,UBER,-3.5,0,6,4
2025-08-02,UBER,0.0,0,2,2
2025-08-09,UBER,-1.0,1,10,4
2025-08-16,UBER,-4.0,0,12,4
2025-08-23,UBER,-1.0,1,2,1
2025-09-06,UBER,-4.0,1,9,5
2025-09-13,UBER,1.0,0,7,3
2025-09-27,UBER,0.5,1,12,9
2025-10-04,UBER,1.5,1,7,4
2025-10-11,UBER,-6.5,0,14,8
2025-10-18,UBER,-2.0,0,4,2
2025-10-25,UBER,0.0,1,10,7
2025-11-01,UBER,-2.25,1,8,4
2025-11-08,UBER,-2.75,0,5,3
2025-11-15,UBER,0.0,0,4,4
2025-11-22,UBER,-5.5,1,24,16
2025-11-29,UBER,-0.5,0,3,3
2025-12-06,UBER,-1.0,0,2,2
2025-12-13,UBER,1.0,0,5,3
2025-12-27,UBER,0.75,0,8,5
2026-01-03,UBER,-4.5,0,11,7
2026-01-17,UBER,-5.0,0,9,6
2026-01-31,UBER,-4.5,0,10,3
2026-02-07,UBER,-7.5,1,22,10
2026-02-14,UBER,-4.75,1,11,5
2026-02-21,UBER,-1.5,0,3,3
2026-02-28,UBER,-3.12,0,9,8
2026-03-07,UBER,-0.5,0,1,1
2026-03-14,UBER,-2.75,0,5,5
2026-03-21,UBER,1.0,0,2,1
2026-03-28,UBER,0.5,0,1,1
2026-04-04,UBER,-3.25,0,5,2
2026-04-18,UBER,-0.5,1,1,1
2026-04-25,UBER,-1.0,0,2,1
2026-05-09,UBER,-5.75,0,14,9
2026-05-16,UBER,-4.75,0,12,2
2026-05-23,UBER,-3.5,0,7,5
2026-05-30,UBER,-1.5,0,3,3
2026-06-06,UBER,-0.25,0,1,1
2026-06-13,UBER,1.5,0,5,3
2026-06-20,UBER,-1.0,0,2,1
2026-06-27,UBER,0.5,0,3,2
2026-07-04,UBER,-0.5,1,1,1
2018-01-06,VTI,-0.5,0,1,1
2018-01-13,VTI,-2.0,0,4,3
2018-01-20,VTI,-0.75,0,2,1
2018-01-27,VTI,1.5,0,7,2
2018-02-10,VTI,-0.5,0,3,3
2018-02-17,VTI,-0.25,1,3,1
2018-02-24,VTI,0.5,0,2,1
2018-03-03,VTI,-0.5,1,1,1
2018-03-10,VTI,-2.0,0,5,3
2018-03-17,VTI,-1.5,1,4,2
2018-03-31,VTI,1.5,0,3,1
2018-04-14,VTI,-0.5,1,3,1
2018-04-21,VTI,0.5,0,3,2
2018-04-28,VTI,-0.5,0,1,1
2018-05-12,VTI,0.0,1,2,2
2018-05-19,VTI,0.0,0,2,1
2018-06-02,VTI,1.25,0,4,3
2018-06-09,VTI,-0.75,0,3,2
2018-06-16,VTI,0.0,0,1,1
2018-06-23,VTI,-0.25,0,1,1
2018-06-30,VTI,-0.75,0,2,2
2018-07-07,VTI,0.25,0,1,1
2018-07-14,VTI,0.0,0,2,1
2018-07-28,VTI,1.0,0,2,2
2018-08-04,VTI,1.0,0,4,3
2018-08-11,VTI,-0.5,1,1,1
2018-08-25,VTI,-1.0,1,3,3
2018-09-01,VTI,-2.0,0,4,3
2018-09-08,VTI,0.0,1,3,3
2018-09-15,VTI,-0.5,0,4,2
2018-10-06,VTI,-0.25,1,8,4
2018-10-13,VTI,0.5,0,3,2
2018-10-20,VTI,0.0,0,1,1
2018-10-27,VTI,0.0,0,1,1
2018-11-03,VTI,-0.5,0,1,1
2018-11-10,VTI,0.75,0,1,1
2018-11-17,VTI,1.0,0,2,2
2018-12-01,VTI,0.5,0,2,2
2018-12-08,VTI,0.5,0,1,1
2018-12-15,VTI,-0.25,1,2,1
2018-12-29,VTI,2.75,0,7,4
2019-01-12,VTI,0.5,0,1,1
2019-01-19,VTI,-3.0,0,4,2
2019-01-26,VTI,-0.25,0,2,2
2019-02-02,VTI,0.25,0,1,1
2019-02-09,VTI,0.5,0,3,3
2019-03-02,VTI,-0.25,0,2,2
2019-03-09,VTI,-1.5,2,3,2
2019-03-23,VTI,-0.5,0,3,2
2019-03-30,VTI,-1.5,0,5,4
2019-04-13,VTI,-1.0,0,2,1
2019-04-20,VTI,0.0,0,1,1
2019-04-27,VTI,1.25,0,3,2
2019-05-04,VTI,0.5,0,1,1
2019-05-11,VTI,0.0,0,2,1
2019-05-18,VTI,-0.5,0,1,1
2019-05-25,VTI,0.0,0,1,1
2019-06-15,VTI,-0.5,0,1,1
2019-06-22,VTI,0.75,0,1,1
2019-06-29,VTI,0.5,0,1,1
2019-07-13,VTI,-0.5,0,3,2
2019-07-20,VTI,-0.5,0,1,1
2019-08-03,VTI,1.0,1,4,3
2019-08-17,VTI,-1.0,1,2,1
2019-08-24,VTI,-1.0,0,2,1
2019-08-31,VTI,-1.0,1,2,2
2019-09-07,VTI,-0.5,0,2,2
2019-09-14,VTI,-1.0,0,2,1
2019-09-28,VTI,-0.75,0,2,2
2019-10-12,VTI,-0.5,0,1,1
2019-10-19,VTI,-1.0,0,2,2
2019-10-26,VTI,0.0,0,1,1
2019-11-02,VTI,0.0,0,1,1
2019-11-16,VTI,-0.75,0,1,1
2019-11-23,VTI,0.5,1,7,2
2019-11-30,VTI,-0.5,0,1,1
2019-12-14,VTI,-1.0,0,2,1
2019-12-21,VTI,-0.5,0,1,1
2019-12-28,VTI,0.25,0,1,1
2020-01-11,VTI,-1.75,2,10,5
2020-01-18,VTI,-0.5,0,1,1
2020-02-08,VTI,0.5,0,1,1
2020-02-15,VTI,-0.25,0,6,2
2020-02-29,VTI,-0.5,0,2,2
2020-03-07,VTI,-1.0,2,3,1
2020-03-14,VTI,0.5,0,1,1
2020-03-21,VTI,-0.5,2,7,4
2020-03-28,VTI,0.75,1,4,2
2020-04-04,VTI,-0.5,0,2,1
2020-04-11,VTI,-2.0,3,5,2
2020-04-18,VTI,-2.25,2,4,1
2020-04-25,VTI,1.5,0,3,2
2020-05-02,VTI,-0.75,0,2,2
2020-05-09,VTI,-2.5,1,4,1
2020-05-30,VTI,-0.75,1,4,2
2020-06-06,VTI,1.5,0,6,5
2020-06-20,VTI,0.0,0,2,1
2020-06-27,VTI,1.5,0,3,1
2020-07-04,VTI,-0.5,2,2,1
2020-07-11,VTI,0.25,0,1,1
2020-07-18,VTI,-0.5,0,2,2
2020-08-01,VTI,1.5,0,3,1
2020-08-15,VTI,0.0,1,3,1
2020-08-29,VTI,-1.25,0,4,3
2020-09-19,VTI,-0.25,0,2,2
2020-10-03,VTI,0.0,0,1,1
2020-10-24,VTI,-0.5,1,1,1
2020-11-14,VTI,0.0,0,2,2
2020-12-19,VTI,-0.5,0,1,1
2021-01-02,VTI,-1.5,1,8,5
2021-01-09,VTI,-0.5,0,1,1
2021-01-16,VTI,0.5,0,3,3
2021-01-23,VTI,-1.5,0,4,2
2021-01-30,VTI,0.75,0,3,2
2021-02-06,VTI,-1.25,0,2,2
2021-02-13,VTI,-1.75,0,4,3
2021-02-27,VTI,1.0,0,2,2
2021-03-13,VTI,-0.5,0,1,1
2021-03-20,VTI,0.0,2,5,4
2021-04-03,VTI,-1.5,3,3,2
2021-04-24,VTI,0.25,0,1,1
2021-05-01,VTI,-0.25,1,1,1
2021-05-08,VTI,0.5,0,2,2
2021-05-15,VTI,0.0,0,2,1
2021-05-22,VTI,-1.25,0,2,1
2021-05-29,VTI,-0.25,0,3,2
2021-06-12,VTI,-0.5,0,2,1
2021-06-19,VTI,0.25,0,2,1
2021-06-26,VTI,-0.5,0,2,2
2021-07-03,VTI,0.5,0,7,5
2021-07-10,VTI,-1.5,0,3,2
2021-07-17,VTI,-1.0,2,2,1
2021-08-14,VTI,-0.88,2,2,1
2021-08-21,VTI,0.0,0,1,1
2021-08-28,VTI,-0.25,0,4,3
2021-09-04,VTI,-1.5,0,3,1
2021-09-11,VTI,-0.5,0,1,1
2021-09-18,VTI,0.0,0,1,1
2021-10-02,VTI,0.5,0,2,2
2021-10-16,VTI,-0.5,0,1,1
2021-10-23,VTI,3.25,0,13,6
2021-11-13,VTI,0.5,0,1,1
2021-12-11,VTI,-2.5,0,7,4
2021-12-18,VTI,2.0,0,6,4
2021-12-25,VTI,-1.0,0,2,1
2022-01-01,VTI,-1.0,0,2,1
2022-01-08,VTI,0.0,0,1,1
2022-01-22,VTI,-2.0,2,4,1
2022-01-29,VTI,-1.0,0,4,2
2022-02-05,VTI,-0.5,0,1,1
2022-02-12,VTI,1.0,0,4,2
2022-02-19,VTI,-3.5,0,6,2
2022-02-26,VTI,-2.25,0,3,1
2022-03-05,VTI,-1.0,1,4,3
2022-03-12,VTI,0.5,0,5,2
2022-03-19,VTI,1.0,0,2,1
2022-04-02,VTI,-0.5,0,3,2
2022-04-09,VTI,0.25,0,3,2
2022-04-16,VTI,0.0,0,1,1
2022-04-30,VTI,0.5,0,1,1
2022-05-07,VTI,0.75,0,5,4
2022-05-14,VTI,0.0,0,1,1
2022-05-21,VTI,-0.5,0,1,1
2022-06-11,VTI,1.0,0,2,1
2022-06-18,VTI,-0.5,0,1,1
2022-06-25,VTI,-0.25,0,2,2
2022-07-16,VTI,0.0,0,1,1
2022-08-27,VTI,-0.88,1,2,2
2022-09-17,VTI,-1.0,0,2,2
2022-10-01,VTI,3.75,0,6,1
2022-10-22,VTI,0.0,0,1,1
2022-10-29,VTI,0.5,0,1,1
2022-11-12,VTI,0.5,0,1,1
2022-11-26,VTI,-3.0,0,4,1
2022-12-03,VTI,0.0,0,1,1
2022-12-10,VTI,1.0,0,3,2
2022-12-24,VTI,0.0,0,1,1
2022-12-31,VTI,0.5,0,1,1
2023-01-07,VTI,-2.0,2,4,2
2023-02-11,VTI,1.0,0,2,2
2023-02-18,VTI,-0.75,0,1,1
2023-02-25,VTI,-1.0,0,2,2
2023-03-04,VTI,-0.5,0,2,2
2023-03-18,VTI,-0.5,0,1,1
2023-03-25,VTI,-2.75,1,4,1
2023-04-15,VTI,-0.5,1,1,1
2023-04-29,VTI,-0.5,0,1,1
2023-05-20,VTI,0.5,0,1,1
2023-05-27,VTI,1.0,0,2,1
2023-06-17,VTI,-1.0,0,5,4
2023-07-01,VTI,0.0,0,1,1
2023-07-08,VTI,-4.75,0,9,3
2023-07-22,VTI,0.0,0,2,1
2023-07-29,VTI,0.5,0,1,1
2023-08-05,VTI,0.5,0,1,1
2023-08-19,VTI,0.0,0,2,2
2023-08-26,VTI,-1.25,0,4,3
2023-09-02,VTI,1.75,0,3,1
2023-09-09,VTI,-2.5,0,6,3
2023-09-16,VTI,-0.5,0,3,2
2023-09-23,VTI,-1.5,0,3,2
2023-10-07,VTI,-0.5,0,2,2
2023-10-14,VTI,-1.0,1,2,1
2023-11-04,VTI,0.0,0,2,2
2023-11-11,VTI,-0.5,0,2,1
2023-11-18,VTI,-0.5,1,1,1
2023-12-02,VTI,0.0,0,1,1
2023-12-16,VTI,0.0,0,1,1
2023-12-23,VTI,1.0,0,2,2
2023-12-30,VTI,0.5,0,1,1
2024-01-06,VTI,-0.5,0,2,1
2024-01-13,VTI,0.25,0,3,3
2024-01-20,VTI,-0.25,0,1,1
2024-02-03,VTI,-1.5,0,3,2
2024-02-10,VTI,-0.25,0,1,1
2024-02-17,VTI,0.0,0,8,5
2024-02-24,VTI,-0.5,1,3,2
2024-03-02,VTI,-0.5,0,1,1
2024-03-16,VTI,-1.5,0,3,1
2024-03-23,VTI,0.0,0,2,1
2024-03-30,VTI,-1.75,1,5,4
2024-04-06,VTI,-1.0,0,2,1
2024-04-13,VTI,-0.5,0,1,1
2024-04-27,VTI,-0.5,0,1,1
2024-05-11,VTI,-0.5,0,1,1
2024-06-01,VTI,0.5,0,3,3
2024-06-08,VTI,0.0,0,4,2
2024-06-15,VTI,-0.5,0,1,1
2024-06-22,VTI,-1.5,0,6,5
2024-06-29,VTI,-4.5,0,7,2
2024-07-06,VTI,0.0,0,2,2
2024-07-13,VTI,0.25,0,4,3
2024-07-27,VTI,-0.5,0,1,1
2024-08-03,VTI,0.5,0,3,1
2024-08-10,VTI,0.5,0,1,1
2024-08-24,VTI,-0.5,0,1,1
2024-08-31,VTI,0.5,0,1,1
2024-09-07,VTI,-1.0,2,2,1
2024-10-05,VTI,-0.75,0,3,2
2024-10-19,VTI,0.0,0,6,3
2024-10-26,VTI,0.0,0,1,1
2024-11-09,VTI,-0.5,0,2,1
2024-11-16,VTI,0.25,0,1,1
2024-11-30,VTI,-1.0,0,2,1
2024-12-07,VTI,0.0,0,2,2
2024-12-28,VTI,-0.5,0,1,1
2025-01-04,VTI,-0.5,1,1,1
2025-01-11,VTI,-0.25,1,1,1
2025-01-18,VTI,-0.5,0,1,1
2025-01-25,VTI,0.25,0,1,1
2025-03-01,VTI,-0.5,0,1,1
2025-03-15,VTI,-3.75,3,9,4
2025-04-05,VTI,-2.75,0,5,2
2025-04-19,VTI,-0.5,0,1,1
2025-04-26,VTI,-0.75,0,3,1
2025-05-10,VTI,1.0,0,2,2
2025-05-17,VTI,1.5,0,3,1
2025-06-07,VTI,0.5,0,1,1
2025-06-21,VTI,-1.5,2,3,2
2025-07-12,VTI,0.0,0,1,1
2025-07-19,VTI,0.0,0,1,1
2025-07-26,VTI,0.0,0,1,1
2025-08-09,VTI,1.0,0,2,2
2025-10-04,VTI,-0.5,0,1,1
2025-10-25,VTI,-0.75,0,1,1
2025-11-08,VTI,1.0,0,2,1
2026-01-03,VTI,-1.0,0,3,2
2026-02-07,VTI,0.0,0,1,1
2026-03-21,VTI,0.5,0,2,2
2026-03-28,VTI,-0.5,0,1,1
2026-04-18,VTI,1.5,0,3,1
2026-04-25,VTI,0.5,0,1,1
2026-05-23,VTI,-0.25,1,2,2
2026-05-30,VTI,-0.5,0,1,1
2026-06-06,VTI,0.0,0,3,2
2026-06-13,VTI,0.25,0,2,2
2026-06-20,VTI,0.0,0,1,1
2026-06-27,VTI,0.5,0,1,1
2017-12-30,WMT,0.5,0,2,2
2018-01-06,WMT,-0.5,0,3,2
2018-01-13,WMT,-11.5,0,17,7
2018-01-20,WMT,-1.0,0,6,4
2018-01-27,WMT,-13.75,0,25,10
2018-02-03,WMT,-12.0,1,24,14
2018-02-10,WMT,-2.0,0,7,3
2018-02-17,WMT,0.0,0,9,9
2018-02-24,WMT,-3.0,0,5,1
2018-03-03,WMT,-3.25,5,9,4
2018-03-10,WMT,-5.5,1,18,13
2018-03-17,WMT,-6.25,0,10,6
2018-03-24,WMT,-34.75,0,65,51
2018-03-31,WMT,-12.5,0,24,17
2018-04-07,WMT,-3.5,2,7,4
2018-04-14,WMT,-6.0,0,10,5
2018-04-21,WMT,-2.0,0,8,6
2018-04-28,WMT,-2.5,0,11,5
2018-05-05,WMT,-7.75,0,20,17
2018-05-12,WMT,-6.0,0,11,5
2018-05-19,WMT,-1.0,1,5,4
2018-05-26,WMT,-14.0,0,26,15
2018-06-02,WMT,-0.5,0,1,1
2018-06-09,WMT,-3.75,2,9,7
2018-06-16,WMT,-1.5,0,11,6
2018-06-23,WMT,-1.5,0,5,2
2018-06-30,WMT,-0.5,0,1,1
2018-07-07,WMT,-1.5,0,7,5
2018-07-14,WMT,-3.0,0,6,3
2018-07-21,WMT,-0.5,0,1,1
2018-07-28,WMT,-3.25,0,6,5
2018-08-04,WMT,-0.5,0,1,1
2018-08-11,WMT,-3.38,1,21,17
2018-08-18,WMT,0.0,0,10,8
2018-08-25,WMT,-0.5,0,1,1
2018-09-01,WMT,0.0,0,1,1
2018-09-08,WMT,-3.0,2,6,3
2018-09-15,WMT,-0.5,0,1,1
2018-09-22,WMT,-1.25,0,2,2
2018-09-29,WMT,-5.88,0,10,4
2018-10-06,WMT,-1.5,0,4,4
2018-10-13,WMT,-5.0,2,15,8
2018-10-20,WMT,-0.75,0,5,4
2018-10-27,WMT,-1.0,0,2,2
2018-11-03,WMT,-0.5,0,1,1
2018-11-10,WMT,-4.0,0,15,12
2018-11-17,WMT,-1.5,0,3,2
2018-11-24,WMT,-1.5,0,3,2
2018-12-01,WMT,-0.5,0,3,2
2018-12-08,WMT,-0.25,0,1,1
2018-12-15,WMT,0.12,2,6,3
2018-12-22,WMT,-1.0,0,2,1
2018-12-29,WMT,-8.5,2,31,25
2019-01-05,WMT,-7.0,1,15,11
2019-01-12,WMT,-1.5,0,3,3
2019-01-19,WMT,-2.75,1,4,2
2019-01-26,WMT,-1.0,0,2,1
2019-02-02,WMT,-8.75,1,22,14
2019-02-09,WMT,-3.5,0,13,7
2019-02-16,WMT,-25.0,0,53,36
2019-02-23,WMT,-1.0,0,2,2
2019-03-02,WMT,-22.75,0,53,40
2019-03-09,WMT,-12.75,1,37,22
2019-03-30,WMT,-0.5,0,3,2
2019-04-06,WMT,-5.5,1,11,5
2019-04-13,WMT,-1.5,0,3,3
2019-04-20,WMT,-0.5,0,1,1
2019-04-27,WMT,-3.25,0,8,7
2019-05-04,WMT,-6.0,1,23,15
2019-05-11,WMT,-7.25,0,21,13
2019-05-18,WMT,-4.25,0,8,5
2019-05-25,WMT,-2.5,1,8,5
2019-06-01,WMT,1.75,0,7,4
2019-06-08,WMT,-1.0,0,5,4
2019-06-15,WMT,-1.5,0,3,2
2019-06-22,WMT,-5.5,0,14,7
2019-06-29,WMT,-1.75,0,3,2
2019-07-06,WMT,-2.25,0,6,4
2019-07-13,WMT,-8.879999999999999,0,30,20
2019-07-20,WMT,-1.0,0,2,1
2019-07-27,WMT,-1.75,0,3,2
2019-08-03,WMT,-5.5,1,18,5
2019-08-10,WMT,-8.75,1,32,20
2019-08-17,WMT,-10.0,1,36,26
2019-08-24,WMT,-6.75,0,13,5
2019-08-31,WMT,-4.5,0,8,5
2019-09-07,WMT,-9.0,0,16,7
2019-09-14,WMT,-1.0,0,2,1
2019-09-21,WMT,-4.25,0,9,8
2019-09-28,WMT,-0.75,0,3,2
2019-10-12,WMT,-1.0,0,4,3
2019-10-19,WMT,-0.25,0,7,3
2019-10-26,WMT,-3.75,0,7,4
2019-11-02,WMT,-2.25,0,6,3
2019-11-09,WMT,-4.5,3,18,11
2019-11-16,WMT,-8.5,0,19,11
2019-11-23,WMT,-3.0,0,8,5
2019-11-30,WMT,-6.5,2,13,6
2019-12-07,WMT,-1.25,0,4,3
2019-12-14,WMT,-9.75,0,19,8
2019-12-21,WMT,-3.0,0,5,3
2019-12-28,WMT,-1.5,0,5,5
2020-01-04,WMT,0.5,0,3,2
2020-01-11,WMT,-12.5,0,25,17
2020-01-18,WMT,0.0,0,2,2
2020-01-25,WMT,-6.25,0,10,6
2020-02-01,WMT,-4.25,0,8,2
2020-02-08,WMT,-1.12,1,2,1
2020-02-15,WMT,-3.75,0,10,8
2020-02-22,WMT,-4.5,2,11,4
2020-02-29,WMT,-7.25,0,14,5
2020-03-07,WMT,-4.5,0,10,7
2020-03-14,WMT,-16.0,6,33,15
2020-03-21,WMT,-5.0,0,15,10
2020-03-28,WMT,-1.75,1,15,8
2020-04-04,WMT,-10.75,5,30,14
2020-04-11,WMT,0.5,0,4,3
2020-04-18,WMT,-4.0,0,12,6
2020-04-25,WMT,-0.25,1,15,10
2020-05-02,WMT,-7.25,0,14,10
2020-05-09,WMT,-4.75,0,11,7
2020-05-16,WMT,-2.75,0,19,14
2020-05-23,WMT,-0.5,0,6,3
2020-05-30,WMT,-5.5,0,11,7
2020-06-06,WMT,-0.5,1,9,7
2020-06-13,WMT,0.0,1,10,5
2020-06-20,WMT,-14.0,2,32,19
2020-06-27,WMT,-0.75,0,1,1
2020-07-04,WMT,-3.0,1,11,9
2020-07-11,WMT,-0.75,1,7,4
2020-07-18,WMT,1.75,0,28,20
2020-07-25,WMT,-1.5,0,6,6
2020-08-01,WMT,-0.5,0,4,3
2020-08-08,WMT,-1.0,0,4,3
2020-08-15,WMT,-3.75,0,23,18
2020-08-22,WMT,-0.5,0,8,6
2020-08-29,WMT,-4.25,1,27,19
2020-09-05,WMT,-8.75,0,22,11
2020-09-12,WMT,-1.5,0,4,3
2020-09-19,WMT,-7.0,0,20,8
2020-09-26,WMT,-6.25,0,16,8
2020-10-03,WMT,0.0,0,4,4
2020-10-10,WMT,0.5,0,1,1
2020-10-17,WMT,-0.75,0,4,4
2020-10-24,WMT,-9.5,1,20,12
2020-10-31,WMT,1.0,2,6,2
2020-11-07,WMT,-2.0,0,9,8
2020-11-14,WMT,-7.5,0,36,23
2020-11-21,WMT,-3.0,2,6,2
2020-11-28,WMT,2.0,0,6,5
2020-12-05,WMT,-0.25,0,1,1
2020-12-12,WMT,-1.25,0,11,7
2020-12-19,WMT,-4.5,0,11,8
2020-12-26,WMT,-6.25,2,18,9
2021-01-02,WMT,-5.75,1,13,4
2021-01-09,WMT,-1.5,0,43,25
2021-01-16,WMT,-7.25,0,22,11
2021-01-23,WMT,-4.75,1,12,8
2021-01-30,WMT,-2.5,1,27,16
2021-02-06,WMT,-4.75,0,9,7
2021-02-13,WMT,-1.5,4,14,6
2021-02-20,WMT,-0.6200000000000001,0,8,5
2021-02-27,WMT,-3.75,3,15,8
2021-03-06,WMT,-2.63,1,41,26
2021-03-13,WMT,-6.5,3,36,22
2021-03-20,WMT,-2.75,0,6,4
2021-03-27,WMT,0.0,0,2,2
2021-04-03,WMT,-1.5,0,4,3
2021-04-10,WMT,0.5,1,6,3
2021-04-17,WMT,-2.0,0,4,2
2021-04-24,WMT,0.0,0,1,1
2021-05-01,WMT,0.0,0,4,3
2021-05-08,WMT,-2.25,1,5,4
2021-05-15,WMT,-2.38,2,10,5
2021-05-22,WMT,0.5,2,6,4
2021-05-29,WMT,1.0,0,3,2
2021-06-05,WMT,-7.25,0,11,4
2021-06-12,WMT,-0.5,0,1,1
2021-06-19,WMT,-0.5,0,1,1
2021-06-26,WMT,-0.5,0,1,1
2021-07-03,WMT,-3.25,0,7,4
2021-07-10,WMT,0.5,0,4,3
2021-07-17,WMT,-1.25,0,3,2
2021-07-24,WMT,1.25,0,8,4
2021-07-31,WMT,-0.75,0,2,1
2021-08-14,WMT,-0.5,0,1,1
2021-08-21,WMT,-1.5,0,5,4
2021-08-28,WMT,-0.5,0,1,1
2021-09-04,WMT,-2.0,1,5,5
2021-09-11,WMT,-4.0,0,11,7
2021-10-09,WMT,-3.0,4,7,2
2021-10-16,WMT,-3.12,0,8,6
2021-10-23,WMT,0.5,0,1,1
2021-11-06,WMT,-0.5,0,1,1
2021-11-13,WMT,-1.0,2,8,5
2021-11-20,WMT,-1.25,0,2,1
2021-12-04,WMT,0.0,1,2,1
2021-12-11,WMT,0.5,0,1,1
2021-12-18,WMT,-1.0,0,2,2
2021-12-25,WMT,3.75,0,5,1
2022-01-01,WMT,-1.0,0,5,4
2022-01-08,WMT,0.0,0,1,1
2022-01-15,WMT,1.25,0,3,2
2022-01-22,WMT,-0.25,0,4,1
2022-01-29,WMT,-2.5,0,5,4
2022-02-05,WMT,1.0,0,2,1
2022-02-12,WMT,-4.75,0,9,6
2022-02-19,WMT,-3.5,0,8,5
2022-03-05,WMT,-2.0,0,4,2
2022-03-12,WMT,-1.0,0,2,2
2022-03-19,WMT,-3.0,0,6,4
2022-04-16,WMT,-1.0,0,8,5
2022-04-23,WMT,-4.75,0,9,4
2022-04-30,WMT,1.0,0,4,2
2022-05-07,WMT,-2.75,0,5,3
2022-05-14,WMT,-11.5,4,27,11
2022-05-21,WMT,-4.25,0,11,7
2022-05-28,WMT,-1.38,0,11,7
2022-06-04,WMT,-9.75,0,25,10
2022-06-11,WMT,-2.75,0,9,7
2022-06-25,WMT,-0.5,0,1,1
2022-07-02,WMT,0.0,0,3,3
2022-07-09,WMT,-0.5,0,1,1
2022-07-16,WMT,-1.0,0,2,1
2022-07-23,WMT,-2.25,0,8,4
2022-07-30,WMT,-1.0,0,2,2
2022-08-06,WMT,-1.25,0,4,2
2022-08-13,WMT,-5.5,1,12,5
2022-08-27,WMT,-1.0,0,2,1
2022-09-03,WMT,0.0,0,1,1
2022-09-10,WMT,-1.0,1,5,3
2022-09-17,WMT,-1.0,0,2,1
2022-09-24,WMT,-0.5,0,5,5
2022-10-01,WMT,0.0,0,1,1
2022-10-08,WMT,-1.5,0,11,6
2022-10-15,WMT,-13.75,1,32,18
2022-10-22,WMT,-1.0,0,2,1
2022-10-29,WMT,-0.5,0,5,4
2022-11-05,WMT,-2.5,0,5,3
2022-11-12,WMT,-2.0,0,5,3
2022-11-26,WMT,-2.0,0,3,1
2022-12-03,WMT,0.75,0,5,4
2022-12-17,WMT,-1.0,0,2,1
2022-12-24,WMT,0.5,0,8,4
2022-12-31,WMT,-3.5,0,9,7
2023-01-07,WMT,0.0,0,3,2
2023-01-21,WMT,-1.0,0,2,2
2023-01-28,WMT,0.0,0,5,3
2023-02-04,WMT,0.5,0,1,1
2023-02-11,WMT,-1.0,0,5,4
2023-02-18,WMT,-5.5,0,13,3
2023-02-25,WMT,1.0,0,4,3
2023-03-04,WMT,1.0,0,6,4
2023-03-18,WMT,-1.0,0,4,4
2023-03-25,WMT,-0.5,0,1,1
2023-04-01,WMT,-0.75,0,1,1
2023-04-15,WMT,0.25,0,1,1
2023-04-22,WMT,-2.75,1,7,3
2023-04-29,WMT,-4.25,0,6,2
2023-05-06,WMT,-1.0,0,4,3
2023-05-13,WMT,-1.0,0,2,1
2023-05-20,WMT,-0.5,0,2,2
2023-06-03,WMT,-1.38,1,5,4
2023-06-10,WMT,-13.75,0,24,11
2023-06-24,WMT,0.0,0,3,1
2023-07-01,WMT,-0.5,0,2,2
2023-07-08,WMT,-0.75,0,1,1
2023-07-22,WMT,-2.5,1,5,2
2023-07-29,WMT,-1.0,0,2,2
2023-08-05,WMT,-2.5,2,4,1
2023-08-12,WMT,-0.5,0,1,1
2023-08-19,WMT,-0.5,0,1,1
2023-09-02,WMT,-1.0,0,4,3
2023-09-09,WMT,-1.0,0,2,2
2023-09-23,WMT,-2.0,0,6,4
2023-09-30,WMT,-0.5,0,1,1
2023-10-07,WMT,-1.0,0,2,1
2023-10-21,WMT,-0.75,0,1,1
2023-10-28,WMT,-2.0,3,7,4
2023-11-04,WMT,-0.25,0,4,2
2023-11-11,WMT,-0.75,0,2,2
2023-11-18,WMT,-1.25,0,5,2
2023-11-25,WMT,-2.5,0,4,1
2023-12-02,WMT,0.0,0,1,1
2023-12-09,WMT,-0.5,0,1,1
2023-12-23,WMT,0.5,0,8,5
2024-01-06,WMT,-1.5,0,3,2
2024-01-20,WMT,-0.5,0,1,1
2024-02-03,WMT,1.0,0,2,1
2024-02-10,WMT,0.0,0,2,1
2024-02-17,WMT,-1.5,0,3,1
2024-03-02,WMT,-1.75,0,4,3
2024-03-09,WMT,-1.0,0,4,3
2024-03-16,WMT,0.25,0,4,4
2024-03-30,WMT,-0.75,2,6,4
2024-04-13,WMT,1.0,0,4,3
2024-04-20,WMT,2.25,0,11,10
2024-04-27,WMT,-0.5,0,1,1
2024-06-08,WMT,-1.0,0,4,1
2024-06-15,WMT,1.5,0,4,1
2024-06-29,WMT,-0.25,0,2,2
2024-07-13,WMT,-0.5,0,4,4
2024-07-20,WMT,-0.5,0,3,1
2024-08-03,WMT,-1.5,0,3,2
2024-08-10,WMT,0.0,0,2,1
2024-08-17,WMT,-8.25,0,13,4
2024-08-31,WMT,-3.75,1,7,2
2024-09-07,WMT,-0.5,1,1,1
2024-09-14,WMT,-0.5,0,2,2
2024-09-21,WMT,-0.5,0,4,1
2024-09-28,WMT,-1.25,0,4,4
2024-10-19,WMT,0.25,0,1,1
2024-10-26,WMT,-1.0,0,3,3
2024-11-09,WMT,-3.25,0,5,2
2024-11-16,WMT,-2.5,0,7,5
2024-11-23,WMT,-1.5,0,25,15
2024-11-30,WMT,0.5,0,1,1
2024-12-21,WMT,-1.0,1,2,2
2024-12-28,WMT,-1.75,2,4,2
2025-01-04,WMT,-0.5,0,1,1
2025-01-25,WMT,-1.0,0,2,2
2025-02-01,WMT,-2.75,2,12,9
2025-02-08,WMT,0.0,0,2,2
2025-02-15,WMT,-0.8700000000000001,0,24,15
2025-02-22,WMT,5.0,4,34,21
2025-03-01,WMT,-2.0,0,6,4
2025-03-08,WMT,-1.0,0,8,5
2025-03-15,WMT,-4.5,0,8,5
2025-03-22,WMT,-29.5,1,57,28
2025-03-29,WMT,-16.0,3,29,14
2025-04-05,WMT,-10.75,1,17,7
2025-04-12,WMT,-10.25,5,23,12
2025-04-19,WMT,-13.5,3,30,16
2025-04-26,WMT,-10.5,5,26,16
2025-05-03,WMT,-1.75,0,7,4
2025-05-10,WMT,-2.5,0,7,6
2025-05-17,WMT,-9.0,2,16,8
2025-05-24,WMT,-3.0,0,12,9
2025-05-31,WMT,-0.5,0,1,1
2025-06-07,WMT,0.0,0,6,5
2025-06-14,WMT,0.25,0,2,1
2025-06-21,WMT,-5.75,0,27,19
2025-06-28,WMT,0.0,1,2,2
2025-07-05,WMT,-4.25,0,7,3
2025-07-12,WMT,-3.13,1,7,3
2025-07-19,WMT,-0.75,0,4,3
2025-07-26,WMT,-2.0,1,10,8
2025-08-02,WMT,-3.5,1,8,3
2025-08-09,WMT,-3.0,1,6,4
2025-08-16,WMT,-7.5,0,15,9
2025-08-23,WMT,-2.5,2,5,2
2025-08-30,WMT,-4.5,0,7,4
2025-09-06,WMT,0.0,0,2,2
2025-09-13,WMT,-1.0,0,2,1
2025-09-20,WMT,-4.0,0,10,6
2025-09-27,WMT,0.5,0,3,1
2025-10-04,WMT,-2.0,0,5,4
2025-10-11,WMT,-3.0,0,5,4
2025-10-18,WMT,1.0,0,17,8
2025-10-25,WMT,-3.0,1,9,5
2025-11-01,WMT,-1.75,0,4,4
2025-11-08,WMT,1.0,0,3,1
2025-11-15,WMT,2.0,0,8,7
2025-11-29,WMT,0.25,0,2,2
2025-12-06,WMT,-1.5,0,3,2
2025-12-20,WMT,0.5,0,3,2
2026-01-03,WMT,-1.0,1,2,2
2026-01-10,WMT,-0.5,0,1,1
2026-01-17,WMT,-0.5,0,1,1
2026-01-24,WMT,-2.0,0,5,3
2026-01-31,WMT,-1.25,0,6,4
2026-02-07,WMT,-0.5,0,1,1
2026-02-14,WMT,-1.25,2,8,3
2026-02-21,WMT,-5.0,3,8,4
2026-02-28,WMT,-0.5,0,4,2
2026-04-04,WMT,-1.5,0,5,3
2026-04-11,WMT,-1.0,0,2,1
2026-04-18,WMT,-0.5,0,3,2
2026-04-25,WMT,-1.0,0,4,3
2026-05-02,WMT,-0.25,0,3,2
2026-05-09,WMT,-2.5,0,6,2
2026-05-16,WMT,-0.5,0,1,1
2026-05-23,WMT,0.5,0,2,1
2026-05-30,WMT,0.5,1,10,5
2026-06-06,WMT,-3.5,1,7,3
2026-06-13,WMT,-2.0,0,6,6
2026-06-20,WMT,-1.0,0,2,1
2026-07-04,WMT,-0.5,0,1,1
2018-01-13,XOM,-1.5,0,3,1
2018-02-03,XOM,-0.5,0,2,1
2018-03-10,XOM,0.5,0,1,1
2018-03-31,XOM,-1.5,2,6,4
2018-04-21,XOM,-3.0,0,7,3
2018-05-05,XOM,-0.75,0,2,1
2018-06-09,XOM,1.0,0,2,1
2018-07-07,XOM,0.5,0,1,1
2018-07-14,XOM,0.5,0,1,1
2018-08-18,XOM,0.0,0,1,1
2018-08-25,XOM,0.25,0,2,1
2018-09-15,XOM,0.0,0,2,1
2018-10-06,XOM,-0.5,0,2,1
2018-11-17,XOM,-0.5,0,1,1
2018-12-01,XOM,-0.25,0,1,1
2018-12-08,XOM,-0.5,0,3,3
2018-12-15,XOM,-0.5,0,1,1
2018-12-22,XOM,0.5,0,3,1
2018-12-29,XOM,-4.5,0,6,1
2019-01-19,XOM,-1.0,2,2,1
2019-01-26,XOM,-3.75,0,7,5
2019-02-09,XOM,-0.75,0,2,2
2019-03-16,XOM,0.5,0,1,1
2019-03-23,XOM,0.5,0,1,1
2019-04-06,XOM,-4.25,0,7,4
2019-04-20,XOM,-2.25,0,6,3
2019-05-18,XOM,0.5,0,1,1
2019-06-01,XOM,-2.0,0,3,1
2019-06-08,XOM,0.5,0,1,1
2019-06-22,XOM,-2.25,0,3,1
2019-06-29,XOM,0.5,0,1,1
2019-07-27,XOM,0.0,0,1,1
2019-08-03,XOM,-4.0,0,9,6
2019-08-31,XOM,-0.5,0,3,3
2019-09-14,XOM,0.25,1,5,2
2019-09-21,XOM,-1.0,0,3,3
2019-10-12,XOM,-0.75,0,1,1
2019-10-19,XOM,-1.0,0,3,1
2019-10-26,XOM,-1.5,0,3,2
2019-11-02,XOM,-1.75,0,4,2
2019-11-09,XOM,-0.5,0,1,1
2019-11-16,XOM,-0.75,0,1,1
2019-11-23,XOM,-3.75,0,9,4
2019-11-30,XOM,-8.25,0,13,4
2019-12-07,XOM,2.5,0,5,1
2020-01-04,XOM,-0.5,0,1,1
2020-01-25,XOM,0.12,1,2,1
2020-02-01,XOM,-1.0,1,8,4
2020-02-08,XOM,-1.0,0,2,2
2020-02-15,XOM,-0.5,0,1,1
2020-02-22,XOM,0.5,0,3,3
2020-02-29,XOM,0.25,0,16,10
2020-03-07,XOM,-1.5,1,37,24
2020-03-14,XOM,-0.75,0,6,4
2020-03-21,XOM,0.1200000000000001,3,10,9
2020-03-28,XOM,-6.5,2,16,10
2020-04-04,XOM,-0.25,2,5,3
2020-04-11,XOM,0.5,1,4,3
2020-04-18,XOM,0.0,4,31,17
2020-04-25,XOM,-3.25,0,18,9
2020-05-02,XOM,-2.25,0,9,5
2020-05-09,XOM,-0.5,0,3,2
2020-05-16,XOM,0.5,0,7,4
2020-05-23,XOM,-0.5,0,1,1
2020-05-30,XOM,0.5,0,5,3
2020-06-06,XOM,-3.25,6,19,7
2020-06-13,XOM,-2.75,0,8,6
2020-06-20,XOM,-0.5,0,1,1
2020-07-04,XOM,-1.5,0,9,6
2020-07-11,XOM,-3.0,1,12,6
2020-07-18,XOM,-2.0,0,5,3
2020-07-25,XOM,0.25,0,1,1
2020-08-08,XOM,-1.5,0,3,1
2020-08-15,XOM,-0.5,0,2,2
2020-08-22,XOM,-3.75,0,23,10
2020-08-29,XOM,-7.75,2,30,15
2020-09-05,XOM,-9.0,0,29,16
2020-09-12,XOM,-4.63,1,14,12
2020-09-19,XOM,-3.25,5,15,6
2020-09-26,XOM,-2.5,0,6,3
2020-10-03,XOM,0.0,0,11,5
2020-10-10,XOM,-0.5,0,1,1
2020-10-17,XOM,-0.25,0,18,12
2020-10-24,XOM,0.5,1,5,2
2020-10-31,XOM,-4.25,0,18,13
2020-11-14,XOM,-0.25,0,3,2
2020-11-21,XOM,0.0,1,6,3
2020-11-28,XOM,-1.63,2,6,5
2020-12-05,XOM,0.0,0,3,1
2020-12-19,XOM,0.0,0,1,1
2020-12-26,XOM,0.5,0,4,3
2021-01-02,XOM,-1.0,1,2,2
2021-01-09,XOM,4.5,0,9,3
2021-01-16,XOM,-2.5,0,4,2
2021-01-30,XOM,2.5,0,5,3
2021-02-06,XOM,0.5,0,5,3
2021-02-13,XOM,-2.25,1,4,4
2021-02-20,XOM,2.0,0,3,1
2021-02-27,XOM,0.75,0,4,3
2021-03-06,XOM,-5.0,0,11,4
2021-03-13,XOM,-2.5,2,5,3
2021-03-20,XOM,0.5,0,1,1
2021-03-27,XOM,-0.25,0,1,1
2021-04-03,XOM,-2.0,1,11,7
2021-04-10,XOM,-0.5,0,2,1
2021-05-01,XOM,1.0,0,6,3
2021-05-08,XOM,-3.88,4,20,11
2021-05-15,XOM,-0.5,0,2,2
2021-05-22,XOM,-20.0,0,47,29
2021-05-29,XOM,-0.5,0,1,1
2021-06-05,XOM,-5.5,0,8,3
2021-06-12,XOM,1.0,0,8,5
2021-07-03,XOM,-0.5,0,1,1
2021-07-10,XOM,2.5,0,8,6
2021-07-17,XOM,-3.5,1,7,6
2021-07-24,XOM,0.5,0,1,1
2021-08-14,XOM,-1.0,0,2,2
2021-08-28,XOM,-0.5,0,1,1
2021-09-25,XOM,-0.5,0,1,1
2021-10-02,XOM,2.0,0,6,3
2021-10-16,XOM,-0.5,0,3,2
2021-10-23,XOM,-1.5,0,2,1
2021-10-30,XOM,1.5,0,3,1
2021-11-13,XOM,0.75,0,2,2
2021-11-20,XOM,-0.5,0,2,1
2021-12-04,XOM,-2.5,2,4,1
2022-01-01,XOM,-3.5,0,6,3
2022-01-08,XOM,-1.0,0,2,2
2022-01-15,XOM,0.5,0,1,1
2022-01-29,XOM,1.5,0,6,3
2022-02-05,XOM,-0.5,0,1,1
2022-02-26,XOM,-1.0,0,2,1
2022-03-05,XOM,-0.5,0,2,1
2022-03-19,XOM,-0.5,0,1,1
2022-03-26,XOM,0.75,0,1,1
2022-04-02,XOM,-1.75,0,10,6
2022-04-16,XOM,-1.25,0,4,2
2022-04-23,XOM,-3.0,0,7,5
2022-04-30,XOM,0.5,0,5,2
2022-05-07,XOM,-0.5,0,1,1
2022-05-14,XOM,-2.25,0,3,1
2022-05-21,XOM,-0.75,0,3,2
2022-05-28,XOM,-0.75,0,3,3
2022-06-04,XOM,-1.75,0,4,3
2022-06-11,XOM,-3.0,0,7,4
2022-06-18,XOM,-2.5,0,7,4
2022-07-02,XOM,-0.5,0,1,1
2022-07-16,XOM,1.0,0,4,2
2022-07-23,XOM,-4.75,1,9,3
2022-08-13,XOM,-0.5,0,1,1
2022-08-20,XOM,0.5,0,1,1
2022-09-17,XOM,-0.5,0,2,1
2022-10-01,XOM,-0.5,0,1,1
2022-10-08,XOM,-1.25,0,2,1
2022-10-22,XOM,-5.0,0,9,2
2022-11-05,XOM,-0.5,0,1,1
2022-12-10,XOM,-0.5,0,1,1
2022-12-17,XOM,-1.75,0,3,1
2022-12-24,XOM,-0.75,0,1,1
2023-01-21,XOM,-0.25,0,2,2
2023-01-28,XOM,-2.75,0,7,6
2023-02-04,XOM,-1.5,0,2,1
2023-03-04,XOM,0.5,0,1,1
2023-04-01,XOM,-2.25,0,3,1
2023-04-15,XOM,-1.5,1,3,2
2023-06-10,XOM,-2.75,2,5,2
2023-07-22,XOM,0.5,0,1,1
2023-07-29,XOM,-1.5,0,3,1
2023-08-12,XOM,0.5,0,1,1
2023-08-26,XOM,-0.75,1,3,1
2023-09-16,XOM,-0.5,0,1,1
2023-10-14,XOM,0.75,0,1,1
2023-11-04,XOM,0.0,0,4,4
2023-12-09,XOM,0.25,0,1,1
2024-01-13,XOM,0.75,0,2,2
2024-02-10,XOM,0.5,0,2,2
2024-02-17,XOM,-1.5,0,3,1
2024-02-24,XOM,-3.5,0,7,1
2024-03-09,XOM,-0.5,0,1,1
2024-03-16,XOM,0.0,0,2,1
2024-04-06,XOM,-1.0,0,3,3
2024-04-27,XOM,-0.5,0,1,1
2024-05-04,XOM,-0.5,0,5,3
2024-07-06,XOM,2.0,0,4,1
2024-07-13,XOM,-1.5,0,3,1
2024-07-20,XOM,-0.5,0,1,1
2024-08-10,XOM,0.0,0,2,1
2024-09-21,XOM,0.0,0,1,1
2024-10-26,XOM,0.5,0,1,1
2024-11-09,XOM,0.0,0,1,1
2024-11-23,XOM,0.5,0,1,1
2024-11-30,XOM,-1.5,0,3,2
2024-12-07,XOM,0.0,0,2,2
2025-01-04,XOM,-0.75,1,4,1
2025-01-11,XOM,-2.5,0,4,1
2025-01-18,XOM,2.25,0,5,2
2025-02-15,XOM,-0.5,0,3,3
2025-03-01,XOM,-0.5,0,1,1
2025-04-12,XOM,-0.5,0,2,1
2025-04-26,XOM,-0.5,0,1,1
2025-06-07,XOM,-1.0,0,2,1
2025-06-21,XOM,-2.0,0,5,3
2025-07-05,XOM,-3.0,0,8,4
2025-07-26,XOM,-1.25,0,2,2
2025-08-02,XOM,-2.5,0,5,4
2025-08-16,XOM,-0.5,0,1,1
2025-09-06,XOM,-0.25,0,1,1
2025-09-13,XOM,0.5,0,2,1
2025-11-01,XOM,-5.25,0,9,7
2025-11-22,XOM,-1.0,0,2,1
2026-01-17,XOM,-1.5,1,3,2
2026-02-07,XOM,-0.5,0,1,1
2026-02-28,XOM,0.5,0,1,1
2026-03-07,XOM,-3.25,0,6,2
2026-03-14,XOM,0.5,0,1,1
2026-04-04,XOM,-1.0,0,2,1
2026-04-11,XOM,0.0,0,7,3
2026-05-30,XOM,-10.0,4,18,7
2026-07-11,XOM,-0.5,0,1,1
